date,first_timestamp,last_timestamp,n_price_observations,n_intraday_returns,rv,session_return,is_regular_close,is_model_eligible,quality_flag
2010-01-04,2010-01-04,2010-01-04,390,389,1.9002659716013662e-05,0.009613667877201072,True,True,eligible_regular_session
2010-01-05,2010-01-05,2010-01-05,390,389,1.7296408172434035e-05,0.002722816491124642,True,True,eligible_regular_session
2010-01-06,2010-01-06,2010-01-06,390,389,2.1134412157536952e-05,0.0017870116333710351,True,True,eligible_regular_session
2010-01-07,2010-01-07,2010-01-07,390,389,2.823398245508616e-05,0.005878054240017417,True,True,eligible_regular_session
2010-01-08,2010-01-08,2010-01-08,390,389,2.4941518474158616e-05,0.005106051197488218,True,True,eligible_regular_session
2010-01-11,2010-01-11,2010-01-11,390,389,2.3473748696971584e-05,-0.0015508066429763435,True,True,eligible_regular_session
2010-01-12,2010-01-12,2010-01-12,390,389,3.787054330797436e-05,-0.005004268452348776,True,True,eligible_regular_session
2010-01-13,2010-01-13,2010-01-13,390,389,3.425256072504483e-05,0.006611319326057279,True,True,eligible_regular_session
2010-01-14,2010-01-14,2010-01-14,390,389,2.0935769416056748e-05,0.0030175932754162842,True,True,eligible_regular_session
2010-01-15,2010-01-15,2010-01-15,390,389,4.0708322766906725e-05,-0.010219584799169035,True,True,eligible_regular_session
2010-01-19,2010-01-19,2010-01-19,390,389,2.0762257624951793e-05,0.012737354104940047,True,True,eligible_regular_session
2010-01-20,2010-01-20,2010-01-20,390,389,4.5079194734049917e-05,-0.0048829548982749155,True,True,eligible_regular_session
2010-01-21,2010-01-21,2010-01-21,390,389,0.0001194927572738247,-0.020837227492347274,True,True,eligible_regular_session
2010-01-22,2010-01-22,2010-01-22,390,389,0.00013021910589955849,-0.02008066820878125,True,True,eligible_regular_session
2010-01-25,2010-01-25,2010-01-25,390,389,7.487129698593314e-05,-0.0013662199735131597,True,True,eligible_regular_session
2010-01-26,2010-01-26,2010-01-26,390,389,7.475883901096082e-05,-0.0007779501863590296,True,True,eligible_regular_session
2010-01-27,2010-01-27,2010-01-27,389,388,0.00014988173701401585,0.005868175224828714,True,True,eligible_regular_session
2010-01-28,2010-01-28,2010-01-28,390,389,0.00011942204809139593,-0.013134101593136023,True,True,eligible_regular_session
2010-01-29,2010-01-29,2010-01-29,390,389,0.00013644184233239015,-0.014740145927081703,True,True,eligible_regular_session
2010-02-01,2010-02-01,2010-02-01,390,389,6.0788765886983196e-05,0.009289777554279696,True,True,eligible_regular_session
2010-02-02,2010-02-02,2010-02-02,390,389,5.335001757023609e-05,0.010993328827846264,True,True,eligible_regular_session
2010-02-03,2010-02-03,2010-02-03,390,389,5.966668078981853e-05,-0.0018213945985766195,True,True,eligible_regular_session
2010-02-04,2010-02-04,2010-02-04,390,389,0.00011770079801487075,-0.025750184300895155,True,True,eligible_regular_session
2010-02-05,2010-02-05,2010-02-05,390,389,0.00023419870422190244,0.0015393427044014323,True,True,eligible_regular_session
2010-02-08,2010-02-08,2010-02-08,390,389,0.0001026589347101798,-0.00824702245819535,True,True,eligible_regular_session
2010-02-09,2010-02-09,2010-02-09,390,389,0.00015589638067257093,0.004193506220279727,True,True,eligible_regular_session
2010-02-10,2010-02-10,2010-02-10,390,389,0.00010759864000075523,0.0002621698313722375,True,True,eligible_regular_session
2010-02-11,2010-02-11,2010-02-11,390,389,9.568405188907506e-05,0.01120945786808238,True,True,eligible_regular_session
2010-02-12,2010-02-12,2010-02-12,390,389,0.00011869077926342351,0.005393258940620753,True,True,eligible_regular_session
2010-02-16,2010-02-16,2010-02-16,390,389,3.347639244270507e-05,0.01075432245228077,True,True,eligible_regular_session
2010-02-17,2010-02-17,2010-02-17,390,389,4.5108213475778595e-05,0.0012376802358963143,True,True,eligible_regular_session
2010-02-18,2010-02-18,2010-02-18,390,389,3.604019471742242e-05,0.007083769219428646,True,True,eligible_regular_session
2010-02-19,2010-02-19,2010-02-19,390,389,3.7045851909184704e-05,0.004528964589665348,True,True,eligible_regular_session
2010-02-22,2010-02-22,2010-02-22,390,389,3.3616301883818255e-05,-0.003199800827400769,True,True,eligible_regular_session
2010-02-23,2010-02-23,2010-02-23,390,389,6.911585001375718e-05,-0.01020783397965411,True,True,eligible_regular_session
2010-02-24,2010-02-24,2010-02-24,390,389,5.592672164866707e-05,0.006918557817999655,True,True,eligible_regular_session
2010-02-25,2010-02-25,2010-02-25,390,389,8.40733633276653e-05,0.007899280272798058,True,True,eligible_regular_session
2010-02-26,2010-02-26,2010-02-26,390,389,4.694031564428339e-05,0.0012137462767932285,True,True,eligible_regular_session
2010-03-01,2010-03-01,2010-03-01,390,389,2.4232437682528927e-05,0.006628467214715238,True,True,eligible_regular_session
2010-03-02,2010-03-02,2010-03-02,390,389,2.761277511942057e-05,-0.0005186582962986532,True,True,eligible_regular_session
2010-03-03,2010-03-03,2010-03-03,390,389,2.655239694218821e-05,-0.00126869555819743,True,True,eligible_regular_session
2010-03-04,2010-03-04,2010-03-04,390,389,2.648630029565211e-05,0.0022025163949311484,True,True,eligible_regular_session
2010-03-05,2010-03-05,2010-03-05,390,389,2.013806839099903e-05,0.009761513660582267,True,True,eligible_regular_session
2010-03-08,2010-03-08,2010-03-08,390,389,1.5066677065155204e-05,-0.0007201068176853212,True,True,eligible_regular_session
2010-03-09,2010-03-09,2010-03-09,390,389,2.4914389620815312e-05,0.003716349607469583,True,True,eligible_regular_session
2010-03-10,2010-03-10,2010-03-10,390,389,3.3664560631581396e-05,0.0038577493596389394,True,True,eligible_regular_session
2010-03-11,2010-03-11,2010-03-11,390,389,2.615370648106605e-05,0.005878316929470386,True,True,eligible_regular_session
2010-03-12,2010-03-12,2010-03-12,390,389,2.5629971604647413e-05,-0.002605434670562348,True,True,eligible_regular_session
2010-03-15,2010-03-15,2010-03-15,390,389,2.6518744542255552e-05,0.0020102608359731868,True,True,eligible_regular_session
2010-03-16,2010-03-16,2010-03-16,390,389,3.2069392485650175e-05,0.005717538789519547,True,True,eligible_regular_session
2010-03-17,2010-03-17,2010-03-17,390,389,2.1338468770901143e-05,0.0034616823281484097,True,True,eligible_regular_session
2010-03-18,2010-03-18,2010-03-18,390,389,2.007115251239279e-05,-0.00013727895964095566,True,True,eligible_regular_session
2010-03-19,2010-03-19,2010-03-19,390,389,3.2911224847923426e-05,-0.005908195326016587,True,True,eligible_regular_session
2010-03-22,2010-03-22,2010-03-22,390,389,3.2510213560129046e-05,0.009938580343253824,True,True,eligible_regular_session
2010-03-23,2010-03-23,2010-03-23,390,389,3.306144870968479e-05,0.005919780155366698,True,True,eligible_regular_session
2010-03-24,2010-03-24,2010-03-24,390,389,3.6269917141391825e-05,-0.003035215072929218,True,True,eligible_regular_session
2010-03-25,2010-03-25,2010-03-25,390,389,4.5357452309316e-05,-0.007153846091500149,True,True,eligible_regular_session
2010-03-26,2010-03-26,2010-03-26,390,389,4.4643021997296657e-05,-0.0014130041529724494,True,True,eligible_regular_session
2010-03-29,2010-03-29,2010-03-29,390,389,2.386750480416942e-05,0.0027226461463227716,True,True,eligible_regular_session
2010-03-30,2010-03-30,2010-03-30,390,389,2.5908183488261182e-05,-0.0007753028116082811,True,True,eligible_regular_session
2010-03-31,2010-03-31,2010-03-31,390,389,3.403763637999724e-05,-0.0005727156708795798,True,True,eligible_regular_session
2010-04-01,2010-04-01,2010-04-01,390,389,3.044612037763195e-05,0.0024395335336738324,True,True,eligible_regular_session
2010-04-05,2010-04-05,2010-04-05,390,389,1.4976291287509597e-05,0.00532857191261124,True,True,eligible_regular_session
2010-04-06,2010-04-06,2010-04-06,390,389,1.4322876736664328e-05,0.0042545189388765526,True,True,eligible_regular_session
2010-04-07,2010-04-07,2010-04-07,390,389,3.548613962154001e-05,-0.004345613346103031,True,True,eligible_regular_session
2010-04-08,2010-04-08,2010-04-08,390,389,2.54920216215275e-05,0.006120518552809233,True,True,eligible_regular_session
2010-04-09,2010-04-09,2010-04-09,390,389,2.3330996214018964e-05,0.0044726659187922305,True,True,eligible_regular_session
2010-04-12,2010-04-12,2010-04-12,390,389,1.9041625591099285e-05,0.0007942978198174188,True,True,eligible_regular_session
2010-04-13,2010-04-13,2010-04-13,390,389,1.6771300282417623e-05,0.0013373232129669634,True,True,eligible_regular_session
2010-04-14,2010-04-14,2010-04-14,390,389,1.264293017480578e-05,0.007320695119007926,True,True,eligible_regular_session
2010-04-15,2010-04-15,2010-04-15,390,389,1.7502086515927597e-05,0.0019000575733453412,True,True,eligible_regular_session
2010-04-16,2010-04-16,2010-04-16,390,389,0.00010528262981988803,-0.013908777565374559,True,True,eligible_regular_session
2010-04-19,2010-04-19,2010-04-19,390,389,6.186180425525156e-05,0.005695682502667341,True,True,eligible_regular_session
2010-04-20,2010-04-20,2010-04-20,390,389,2.9244383507508126e-05,0.003974993512271754,True,True,eligible_regular_session
2010-04-21,2010-04-21,2010-04-21,390,389,4.04270897873574e-05,-0.0020708571634459345,True,True,eligible_regular_session
2010-04-22,2010-04-22,2010-04-22,390,389,6.076474680744026e-05,0.008023232215355065,True,True,eligible_regular_session
2010-04-23,2010-04-23,2010-04-23,390,389,4.0105261799010194e-05,0.007679496632065282,True,True,eligible_regular_session
2010-04-26,2010-04-26,2010-04-26,390,389,2.822189831430521e-05,-0.003927951524815407,True,True,eligible_regular_session
2010-04-27,2010-04-27,2010-04-27,390,389,0.00010272566787413649,-0.019537182403515516,True,True,eligible_regular_session
2010-04-28,2010-04-28,2010-04-28,390,389,0.00010868608353211361,0.003017582425875912,True,True,eligible_regular_session
2010-04-29,2010-04-29,2010-04-29,390,389,3.95193740746279e-05,0.008355157371058653,True,True,eligible_regular_session
2010-04-30,2010-04-30,2010-04-30,390,389,7.692423893965585e-05,-0.01670174490452445,True,True,eligible_regular_session
2010-05-03,2010-05-03,2010-05-03,390,389,3.930410220592615e-05,0.008429562398411345,True,True,eligible_regular_session
2010-05-04,2010-05-04,2010-05-04,390,389,0.0001232232493737922,-0.01580866791301628,True,True,eligible_regular_session
2010-05-05,2010-05-05,2010-05-05,390,389,0.00011615035268068642,-0.0010374645641837096,True,True,eligible_regular_session
2010-05-06,2010-05-06,2010-05-06,390,389,0.0015824084873483594,-0.030492456623836078,True,True,eligible_regular_session
2010-05-07,2010-05-07,2010-05-07,390,389,0.0008111595894892962,-0.01372720496183075,True,True,eligible_regular_session
2010-05-10,2010-05-10,2010-05-10,390,389,0.00026189848018850885,0.02249167145678094,True,True,eligible_regular_session
2010-05-11,2010-05-11,2010-05-11,390,389,0.0001392139473551586,0.0036061065430425514,True,True,eligible_regular_session
2010-05-12,2010-05-12,2010-05-12,390,389,7.986180147328571e-05,0.010062924043038012,True,True,eligible_regular_session
2010-05-13,2010-05-13,2010-05-13,390,389,8.147276374138004e-05,-0.011130564642222287,True,True,eligible_regular_session
2010-05-14,2010-05-14,2010-05-14,390,389,0.00018399337579030846,-0.013688120693199012,True,True,eligible_regular_session
2010-05-17,2010-05-17,2010-05-17,389,388,0.00019364775787186606,-0.0015732740082146242,True,True,eligible_regular_session
2010-05-18,2010-05-18,2010-05-18,390,389,0.00018673353116628865,-0.019992450083619252,True,True,eligible_regular_session
2010-05-19,2010-05-19,2010-05-19,390,389,0.0002762119422071077,-0.001980757727022532,True,True,eligible_regular_session
2010-05-20,2010-05-20,2010-05-20,390,389,0.0004085765128168956,-0.02527464809731551,True,True,eligible_regular_session
2010-05-21,2010-05-21,2010-05-21,389,388,0.0003538721138189821,0.023742858722089005,True,True,eligible_regular_session
2010-05-24,2010-05-24,2010-05-24,390,389,0.0001438848316491882,-0.009900061392708022,True,True,eligible_regular_session
2010-05-25,2010-05-25,2010-05-25,390,389,0.000344452677323783,0.014548815131957627,True,True,eligible_regular_session
2010-05-26,2010-05-26,2010-05-26,390,389,0.00021112893982143377,-0.009588265724313079,True,True,eligible_regular_session
2010-05-27,2010-05-27,2010-05-27,390,389,0.00014295786105454644,0.020748620102874045,True,True,eligible_regular_session
2010-05-28,2010-05-28,2010-05-28,390,389,0.00020887798705819134,-0.011629736362971736,True,True,eligible_regular_session
2010-06-01,2010-06-01,2010-06-01,390,389,0.0001833463170450819,-0.013386509103407338,True,True,eligible_regular_session
2010-06-02,2010-06-02,2010-06-02,390,389,0.00010090201294182948,0.020898479489131174,True,True,eligible_regular_session
2010-06-03,2010-06-03,2010-06-03,390,389,0.00011495852621400365,0.0016693585920260353,True,True,eligible_regular_session
2010-06-04,2010-06-04,2010-06-04,390,389,0.00019767395814990955,-0.023472379127236563,True,True,eligible_regular_session
2010-06-07,2010-06-07,2010-06-07,390,389,0.00012254099342919836,-0.016020140667476233,True,True,eligible_regular_session
2010-06-08,2010-06-08,2010-06-08,390,389,0.00021483756805119484,0.009841853988766266,True,True,eligible_regular_session
2010-06-09,2010-06-09,2010-06-09,390,389,0.00014125761438393318,-0.009801782463257136,True,True,eligible_regular_session
2010-06-10,2010-06-10,2010-06-10,390,389,0.00013264316491955414,0.01893762044569621,True,True,eligible_regular_session
2010-06-11,2010-06-11,2010-06-11,390,389,9.475555322740978e-05,0.010914675386756697,True,True,eligible_regular_session
2010-06-14,2010-06-14,2010-06-14,390,389,9.512647861668316e-05,-0.0077797215601492055,True,True,eligible_regular_session
2010-06-15,2010-06-15,2010-06-15,390,389,5.362420027742873e-05,0.01841822699133417,True,True,eligible_regular_session
2010-06-16,2010-06-16,2010-06-16,390,389,6.851118054111417e-05,0.0034510063726918756,True,True,eligible_regular_session
2010-06-17,2010-06-17,2010-06-17,390,389,8.088881748796419e-05,-0.0017193058957510401,True,True,eligible_regular_session
2010-06-18,2010-06-18,2010-06-18,390,389,4.2728096378779864e-05,0.0006087462700856743,True,True,eligible_regular_session
2010-06-21,2010-06-21,2010-06-21,390,389,6.893450345172892e-05,-0.012889122863235505,True,True,eligible_regular_session
2010-06-22,2010-06-22,2010-06-22,390,389,9.39710617267245e-05,-0.017151371433898648,True,True,eligible_regular_session
2010-06-23,2010-06-23,2010-06-23,390,389,0.00016323139941297482,-0.0030272982781762853,True,True,eligible_regular_session
2010-06-24,2010-06-24,2010-06-24,390,389,0.00011925279852479626,-0.01327733569887314,True,True,eligible_regular_session
2010-06-25,2010-06-25,2010-06-25,390,389,0.00012022351941616818,0.001466289530030149,True,True,eligible_regular_session
2010-06-28,2010-06-28,2010-06-28,390,389,7.406963519815578e-05,-0.004373733043307648,True,True,eligible_regular_session
2010-06-29,2010-06-29,2010-06-29,390,389,0.0002153903676779641,-0.02198203870211929,True,True,eligible_regular_session
2010-06-30,2010-06-30,2010-06-30,390,389,0.00010884284566332725,-0.008790713396939608,True,True,eligible_regular_session
2010-07-01,2010-07-01,2010-07-01,390,389,0.00021616604771491666,-0.0031303798542454916,True,True,eligible_regular_session
2010-07-02,2010-07-02,2010-07-02,390,389,0.00011772820961529663,-0.00633703325686381,True,True,eligible_regular_session
2010-07-06,2010-07-06,2010-07-06,390,389,0.0001415072300621634,-0.004406832858319026,True,True,eligible_regular_session
2010-07-07,2010-07-07,2010-07-07,390,389,8.166463433149487e-05,0.029487953689539874,True,True,eligible_regular_session
2010-07-08,2010-07-08,2010-07-08,390,389,8.907392733902403e-05,0.0044863914902077365,True,True,eligible_regular_session
2010-07-09,2010-07-09,2010-07-09,390,389,5.038889801635865e-05,0.006757788767725656,True,True,eligible_regular_session
2010-07-12,2010-07-12,2010-07-12,390,389,5.879260312876237e-05,0.0031564510591752764,True,True,eligible_regular_session
2010-07-13,2010-07-13,2010-07-13,390,389,5.4240877766198575e-05,0.007939314516732394,True,True,eligible_regular_session
2010-07-14,2010-07-14,2010-07-14,390,389,6.901228592417475e-05,0.0024405304497171067,True,True,eligible_regular_session
2010-07-15,2010-07-15,2010-07-15,389,388,9.711394278496632e-05,0.001442382554411908,True,True,eligible_regular_session
2010-07-16,2010-07-16,2010-07-16,390,389,0.00010173870556728657,-0.024156570628817244,True,True,eligible_regular_session
2010-07-19,2010-07-19,2010-07-19,390,389,7.167725416278823e-05,0.002420686357451397,True,True,eligible_regular_session
2010-07-20,2010-07-20,2010-07-20,389,388,8.423478506665605e-05,0.021345487790852387,True,True,eligible_regular_session
2010-07-21,2010-07-21,2010-07-21,390,389,0.00011628062233414322,-0.0169383224447936,True,True,eligible_regular_session
2010-07-22,2010-07-22,2010-07-22,390,389,9.4639723811561e-05,0.01441458102097856,True,True,eligible_regular_session
2010-07-23,2010-07-23,2010-07-23,390,389,0.00012357381397412365,0.010292499184092556,True,True,eligible_regular_session
2010-07-26,2010-07-26,2010-07-26,390,389,4.643338796521725e-05,0.009490533454558898,True,True,eligible_regular_session
2010-07-27,2010-07-27,2010-07-27,390,389,7.382482833819319e-05,-0.004783540872863083,True,True,eligible_regular_session
2010-07-28,2010-07-28,2010-07-28,390,389,5.659271900522134e-05,-0.005328489303327723,True,True,eligible_regular_session
2010-07-29,2010-07-29,2010-07-29,390,389,9.114168026210314e-05,-0.008766753542975802,True,True,eligible_regular_session
2010-07-30,2010-07-30,2010-07-30,390,389,0.00010651272827784862,0.00709561984770423,True,True,eligible_regular_session
2010-08-02,2010-08-02,2010-08-02,390,389,4.886659216333273e-05,0.011813729281863103,True,True,eligible_regular_session
2010-08-03,2010-08-03,2010-08-03,390,389,4.632038473827971e-05,-0.003343157892938386,True,True,eligible_regular_session
2010-08-04,2010-08-04,2010-08-04,390,389,5.359410986553462e-05,0.005113917858416724,True,True,eligible_regular_session
2010-08-05,2010-08-05,2010-08-05,390,389,3.2980065115743444e-05,0.0019833776385617193,True,True,eligible_regular_session
2010-08-06,2010-08-06,2010-08-06,390,389,7.900531827076792e-05,0.0032958670760075254,True,True,eligible_regular_session
2010-08-09,2010-08-09,2010-08-09,390,389,2.592518609307084e-05,0.002361401958419714,True,True,eligible_regular_session
2010-08-10,2010-08-10,2010-08-10,390,389,0.00010676273898271361,-3.568497306155292e-05,True,True,eligible_regular_session
2010-08-11,2010-08-11,2010-08-11,390,389,7.889760323100103e-05,-0.01765417820490457,True,True,eligible_regular_session
2010-08-12,2010-08-12,2010-08-12,390,389,6.548964303296461e-05,0.005191067495571564,True,True,eligible_regular_session
2010-08-13,2010-08-13,2010-08-13,390,389,5.965397652503604e-05,-0.0016939664609550824,True,True,eligible_regular_session
2010-08-16,2010-08-16,2010-08-16,390,389,6.451083567785033e-05,0.00449455653264982,True,True,eligible_regular_session
2010-08-17,2010-08-17,2010-08-17,390,389,4.026157171731032e-05,0.006805777634444911,True,True,eligible_regular_session
2010-08-18,2010-08-18,2010-08-18,390,389,5.228964707226735e-05,0.002589809682735801,True,True,eligible_regular_session
2010-08-19,2010-08-19,2010-08-19,390,389,0.00010000690694083357,-0.014329088428795017,True,True,eligible_regular_session
2010-08-20,2010-08-20,2010-08-20,390,389,5.854272833583153e-05,-0.0017341044807973036,True,True,eligible_regular_session
2010-08-23,2010-08-23,2010-08-23,390,389,5.3536026068114664e-05,-0.007263253701816241,True,True,eligible_regular_session
2010-08-24,2010-08-24,2010-08-24,390,389,0.00011698028215487459,-0.007798363307653405,True,True,eligible_regular_session
2010-08-25,2010-08-25,2010-08-25,390,389,9.275311349153867e-05,0.0068359594780746,True,True,eligible_regular_session
2010-08-26,2010-08-26,2010-08-26,390,389,8.13865436236909e-05,-0.010467917956123615,True,True,eligible_regular_session
2010-08-27,2010-08-27,2010-08-27,390,389,0.00013847124513312618,0.011973248437221083,True,True,eligible_regular_session
2010-08-30,2010-08-30,2010-08-30,390,389,5.402554678575483e-05,-0.012149159602961809,True,True,eligible_regular_session
2010-08-31,2010-08-31,2010-08-31,390,389,0.00012397312985785205,0.0025885098054508424,True,True,eligible_regular_session
2010-09-01,2010-09-01,2010-09-01,390,389,9.450881485017983e-05,0.019924460625003873,True,True,eligible_regular_session
2010-09-02,2010-09-02,2010-09-02,390,389,3.5203323165319003e-05,0.008005238297197603,True,True,eligible_regular_session
2010-09-03,2010-09-03,2010-09-03,390,389,4.645957742428786e-05,0.0054024001773696146,True,True,eligible_regular_session
2010-09-07,2010-09-07,2010-09-07,390,389,4.337297498207858e-05,-0.0076267999742017185,True,True,eligible_regular_session
2010-09-08,2010-09-08,2010-09-08,390,389,3.674101124967583e-05,0.004872005695592639,True,True,eligible_regular_session
2010-09-09,2010-09-09,2010-09-09,390,389,3.920594307480302e-05,-0.0019090104731295686,True,True,eligible_regular_session
2010-09-10,2010-09-10,2010-09-10,390,389,2.800701414357927e-05,0.003023836435471904,True,True,eligible_regular_session
2010-09-13,2010-09-13,2010-09-13,390,389,3.1967414172518155e-05,0.003652360455094127,True,True,eligible_regular_session
2010-09-14,2010-09-14,2010-09-14,390,389,3.86641512524513e-05,0.0006067853058590789,True,True,eligible_regular_session
2010-09-15,2010-09-15,2010-09-15,390,389,3.551286648397497e-05,0.007376552569923497,True,True,eligible_regular_session
2010-09-16,2010-09-16,2010-09-16,390,389,3.418342587602779e-05,0.0018508142635057221,True,True,eligible_regular_session
2010-09-17,2010-09-17,2010-09-17,390,389,3.801829982305218e-05,-0.002351324257160852,True,True,eligible_regular_session
2010-09-20,2010-09-20,2010-09-20,390,389,3.064277160540249e-05,0.012940232626435327,True,True,eligible_regular_session
2010-09-21,2010-09-21,2010-09-21,390,389,7.30062338393548e-05,-0.0022434305839950904,True,True,eligible_regular_session
2010-09-22,2010-09-22,2010-09-22,390,389,5.094373001265385e-05,-0.0038281348314056253,True,True,eligible_regular_session
2010-09-23,2010-09-23,2010-09-23,390,389,5.445348485781316e-05,-0.002060080467863006,True,True,eligible_regular_session
2010-09-24,2010-09-24,2010-09-24,390,389,3.734733813034065e-05,0.012831813414565388,True,True,eligible_regular_session
2010-09-27,2010-09-27,2010-09-27,390,389,3.057437874015056e-05,-0.00478578455222235,True,True,eligible_regular_session
2010-09-28,2010-09-28,2010-09-28,390,389,6.932759889782114e-05,0.0037974231916668316,True,True,eligible_regular_session
2010-09-29,2010-09-29,2010-09-29,390,389,4.258688294107329e-05,0.00022725286349013348,True,True,eligible_regular_session
2010-09-30,2010-09-30,2010-09-30,390,389,8.61588802578207e-05,-0.007150589459979864,True,True,eligible_regular_session
2010-10-01,2010-10-01,2010-10-01,390,389,6.373393882979375e-05,-0.0020135024736716283,True,True,eligible_regular_session
2010-10-04,2010-10-04,2010-10-04,390,389,5.6517433452694406e-05,-0.006329856401297214,True,True,eligible_regular_session
2010-10-05,2010-10-05,2010-10-05,390,389,4.3003811831830115e-05,0.012847102238647433,True,True,eligible_regular_session
2010-10-06,2010-10-06,2010-10-06,390,389,2.8755235130264812e-05,3.4499413513427956e-05,True,True,eligible_regular_session
2010-10-07,2010-10-07,2010-10-07,390,389,4.0431990272058635e-05,-0.004506899381448963,True,True,eligible_regular_session
2010-10-08,2010-10-08,2010-10-08,390,389,3.707727188553709e-05,0.005587881378108737,True,True,eligible_regular_session
2010-10-11,2010-10-11,2010-10-11,390,389,1.8702207795853703e-05,-0.0013297475010585033,True,True,eligible_regular_session
2010-10-12,2010-10-12,2010-10-12,390,389,4.529667492136177e-05,0.006251655090728759,True,True,eligible_regular_session
2010-10-13,2010-10-13,2010-10-13,390,389,2.926721470304613e-05,0.003221956277212128,True,True,eligible_regular_session
2010-10-14,2010-10-14,2010-10-14,390,389,3.7234855464440784e-05,-0.0032753582191341005,True,True,eligible_regular_session
2010-10-15,2010-10-15,2010-10-15,390,389,6.899647254759723e-05,-0.003251152013367617,True,True,eligible_regular_session
2010-10-18,2010-10-18,2010-10-18,390,389,2.6040664720842004e-05,0.006675501730346887,True,True,eligible_regular_session
2010-10-19,2010-10-19,2010-10-19,390,389,9.454886903674281e-05,-0.006609488506644378,True,True,eligible_regular_session
2010-10-20,2010-10-20,2010-10-20,390,389,5.779993119673208e-05,0.008850067994948222,True,True,eligible_regular_session
2010-10-21,2010-10-21,2010-10-21,390,389,6.59885785830813e-05,-0.0009062766627305232,True,True,eligible_regular_session
2010-10-22,2010-10-22,2010-10-22,390,389,2.729834769130052e-05,0.0014639990090433057,True,True,eligible_regular_session
2010-10-25,2010-10-25,2010-10-25,390,389,4.75399897959225e-05,-0.0024517973162879593,True,True,eligible_regular_session
2010-10-26,2010-10-26,2010-10-26,390,389,3.3857233073683174e-05,0.003625596088178545,True,True,eligible_regular_session
2010-10-27,2010-10-27,2010-10-27,390,389,4.4842726102510565e-05,0.0019383705985790765,True,True,eligible_regular_session
2010-10-28,2010-10-28,2010-10-28,390,389,4.094833226745632e-05,-0.003028681971113654,True,True,eligible_regular_session
2010-10-29,2010-10-29,2010-10-29,390,389,2.7823114676983663e-05,0.0017334031034678353,True,True,eligible_regular_session
2010-11-01,2010-11-01,2010-11-01,390,389,3.9600496608144486e-05,-0.003927887112434043,True,True,eligible_regular_session
2010-11-02,2010-11-02,2010-11-02,390,389,2.544968638819653e-05,0.001828414737463179,True,True,eligible_regular_session
2010-11-03,2010-11-03,2010-11-03,390,389,9.62059065382948e-05,0.0029932381904380794,True,True,eligible_regular_session
2010-11-04,2010-11-04,2010-11-04,390,389,2.4879952209238637e-05,0.012109469844536848,True,True,eligible_regular_session
2010-11-05,2010-11-05,2010-11-05,390,389,2.9518386446322887e-05,0.003883722294149454,True,True,eligible_regular_session
2010-11-08,2010-11-08,2010-11-08,390,389,2.222896255180167e-05,6.543003895422522e-05,True,True,eligible_regular_session
2010-11-09,2010-11-09,2010-11-09,390,389,3.328054991537251e-05,-0.009533336073275202,True,True,eligible_regular_session
2010-11-10,2010-11-10,2010-11-10,390,389,4.7770205466411746e-05,0.003535315694000384,True,True,eligible_regular_session
2010-11-11,2010-11-11,2010-11-11,390,389,4.433141158696171e-05,0.003259979860941708,True,True,eligible_regular_session
2010-11-12,2010-11-12,2010-11-12,390,389,6.716488866097018e-05,-0.006541376396129425,True,True,eligible_regular_session
2010-11-15,2010-11-15,2010-11-15,390,389,3.4342494021090235e-05,-0.004557676562798125,True,True,eligible_regular_session
2010-11-16,2010-11-16,2010-11-16,390,389,7.38983002274198e-05,-0.010172941828808403,True,True,eligible_regular_session
2010-11-17,2010-11-17,2010-11-17,390,389,3.83596211350822e-05,-0.00024604107313177696,True,True,eligible_regular_session
2010-11-18,2010-11-18,2010-11-18,390,389,3.740100898257952e-05,0.007163979367620161,True,True,eligible_regular_session
2010-11-19,2010-11-19,2010-11-19,390,389,2.4039970299547074e-05,0.0038919329203145865,True,True,eligible_regular_session
2010-11-22,2010-11-22,2010-11-22,390,389,3.9983751042109736e-05,0.0022315561194464683,True,True,eligible_regular_session
2010-11-23,2010-11-23,2010-11-23,390,389,6.31357928924538e-05,-0.006750909583017963,True,True,eligible_regular_session
2010-11-24,2010-11-24,2010-11-24,390,389,2.7948096102885833e-05,0.008985283448124801,True,True,eligible_regular_session
2010-11-26,2010-11-26,2010-11-26,272,271,2.1642637156007202e-05,-0.0006219689720327907,False,False,short_or_incomplete
2010-11-29,2010-11-29,2010-11-29,390,389,6.314561334555893e-05,0.0037353590965561716,True,True,eligible_regular_session
2010-11-30,2010-11-30,2010-11-30,390,389,6.367566907320731e-05,0.0018056131484990073,True,True,eligible_regular_session
2010-12-01,2010-12-01,2010-12-01,390,389,4.104409086329583e-05,0.01084877950497016,True,True,eligible_regular_session
2010-12-02,2010-12-02,2010-12-02,390,389,2.5404662426413205e-05,0.011725896446299067,True,True,eligible_regular_session
2010-12-03,2010-12-03,2010-12-03,390,389,2.740379470484758e-05,0.005510783693518629,True,True,eligible_regular_session
2010-12-06,2010-12-06,2010-12-06,390,389,1.9907101239902574e-05,0.0004088441216104139,True,True,eligible_regular_session
2010-12-07,2010-12-07,2010-12-07,390,389,3.8484401102858135e-05,-0.006670954066977035,True,True,eligible_regular_session
2010-12-08,2010-12-08,2010-12-08,390,389,2.8634503500460716e-05,0.0022007768655808316,True,True,eligible_regular_session
2010-12-09,2010-12-09,2010-12-09,390,389,2.5059182764033276e-05,-0.0007298619263100849,True,True,eligible_regular_session
2010-12-10,2010-12-10,2010-12-10,390,389,1.4687152264919567e-05,0.0034742456250562792,True,True,eligible_regular_session
2010-12-13,2010-12-13,2010-12-13,390,389,1.5671007098482005e-05,-0.002913905081946705,True,True,eligible_regular_session
2010-12-14,2010-12-14,2010-12-14,390,389,2.1059191975233185e-05,-0.00044285019102032527,True,True,eligible_regular_session
2010-12-15,2010-12-15,2010-12-15,390,389,2.3802864203456057e-05,-0.0035224958863034395,True,True,eligible_regular_session
2010-12-16,2010-12-16,2010-12-16,390,389,2.3776659280317494e-05,0.004402487335821537,True,True,eligible_regular_session
2010-12-17,2010-12-17,2010-12-17,390,389,9.902877508823198e-06,0.0011902082660866298,True,True,eligible_regular_session
2010-12-20,2010-12-20,2010-12-20,390,389,1.6101541362774745e-05,-1.6036434780108665e-05,True,True,eligible_regular_session
2010-12-21,2010-12-21,2010-12-21,390,389,8.500559455029161e-06,0.002985386605473491,True,True,eligible_regular_session
2010-12-22,2010-12-22,2010-12-22,390,389,5.698957642366414e-06,0.0025531014945994373,True,True,eligible_regular_session
2010-12-23,2010-12-23,2010-12-23,390,389,6.43841351256214e-06,-0.0003420992996461606,True,True,eligible_regular_session
2010-12-27,2010-12-27,2010-12-27,390,389,6.084369171995852e-06,0.0037277216473669563,True,True,eligible_regular_session
2010-12-28,2010-12-28,2010-12-28,390,389,5.424044206917316e-06,-0.0009053080253647343,True,True,eligible_regular_session
2010-12-29,2010-12-29,2010-12-29,390,389,3.6889886144552634e-06,-0.00038090099415430726,True,True,eligible_regular_session
2010-12-30,2010-12-30,2010-12-30,390,389,8.256858660477722e-06,-0.00039735520899193634,True,True,eligible_regular_session
2010-12-31,2010-12-31,2010-12-31,390,389,8.419522995249876e-06,0.0011055217557662993,True,True,eligible_regular_session
2011-01-03,2011-01-03,2011-01-03,390,389,1.8682990317918817e-05,0.005244098620286826,True,True,eligible_regular_session
2011-01-04,2011-01-04,2011-01-04,390,389,1.8003025689463947e-05,-0.002947547614658494,True,True,eligible_regular_session
2011-01-05,2011-01-05,2011-01-05,390,389,1.5961660172033852e-05,0.00734395500734338,True,True,eligible_regular_session
2011-01-06,2011-01-06,2011-01-06,390,389,1.9942492910091222e-05,-0.0020937653457708287,True,True,eligible_regular_session
2011-01-07,2011-01-07,2011-01-07,390,389,3.9432068164184446e-05,-0.003015267062462359,True,True,eligible_regular_session
2011-01-10,2011-01-10,2011-01-10,390,389,2.8139729665570697e-05,0.002057086835337984,True,True,eligible_regular_session
2011-01-11,2011-01-11,2011-01-11,390,389,1.978600048204032e-05,9.416786999256399e-05,True,True,eligible_regular_session
2011-01-12,2011-01-12,2011-01-12,390,389,1.0898091194690305e-05,0.003896483292737872,True,True,eligible_regular_session
2011-01-13,2011-01-13,2011-01-13,390,389,1.5992270206354462e-05,-0.0017825524793208699,True,True,eligible_regular_session
2011-01-14,2011-01-14,2011-01-14,390,389,1.9497745563527782e-05,0.00840341079637938,True,True,eligible_regular_session
2011-01-18,2011-01-18,2011-01-18,390,389,1.3228002415828413e-05,0.0027528628581927725,True,True,eligible_regular_session
2011-01-19,2011-01-19,2011-01-19,390,389,2.3872262718566917e-05,-0.009202268807721648,True,True,eligible_regular_session
2011-01-20,2011-01-20,2011-01-20,390,389,3.7157030293945985e-05,0.0008909522054273263,True,True,eligible_regular_session
2011-01-21,2011-01-21,2011-01-21,390,389,2.1260611737660554e-05,-0.0017050435257482438,True,True,eligible_regular_session
2011-01-24,2011-01-24,2011-01-24,390,389,2.1576979678153988e-05,0.00571094904576081,True,True,eligible_regular_session
2011-01-25,2011-01-25,2011-01-25,390,389,3.6073630713577575e-05,0.003397801681789598,True,True,eligible_regular_session
2011-01-26,2011-01-26,2011-01-26,390,389,2.861860792968273e-05,0.0025169482566790883,True,True,eligible_regular_session
2011-01-27,2011-01-27,2011-01-27,390,389,1.9174257009338317e-05,0.002504345382642766,True,True,eligible_regular_session
2011-01-28,2011-01-28,2011-01-28,390,389,6.602420789964066e-05,-0.018313241048204795,True,True,eligible_regular_session
2011-01-31,2011-01-31,2011-01-31,390,389,3.462990174783748e-05,0.004356456422578852,True,True,eligible_regular_session
2011-02-01,2011-02-01,2011-02-01,390,389,1.979811311982395e-05,0.011324243242098336,True,True,eligible_regular_session
2011-02-02,2011-02-02,2011-02-02,390,389,1.838303428884088e-05,-0.0004907222917060371,True,True,eligible_regular_session
2011-02-03,2011-02-03,2011-02-03,390,389,2.6990025780529998e-05,0.003724998558766495,True,True,eligible_regular_session
2011-02-04,2011-02-04,2011-02-04,390,389,2.5497316469026335e-05,0.002697097863232982,True,True,eligible_regular_session
2011-02-07,2011-02-07,2011-02-07,390,389,1.4965700471348548e-05,0.004133681666123269,True,True,eligible_regular_session
2011-02-08,2011-02-08,2011-02-08,390,389,1.2552465885041203e-05,0.004540440352183048,True,True,eligible_regular_session
2011-02-09,2011-02-09,2011-02-09,390,389,1.7770649193227497e-05,-0.0002649678458096107,True,True,eligible_regular_session
2011-02-10,2011-02-10,2011-02-10,390,389,3.6301107760502294e-05,0.0044748912341202,True,True,eligible_regular_session
2011-02-11,2011-02-11,2011-02-11,390,389,2.4979803464888815e-05,0.009114538184862733,True,True,eligible_regular_session
2011-02-14,2011-02-14,2011-02-14,390,389,9.296190185079913e-06,0.002525272846237181,True,True,eligible_regular_session
2011-02-15,2011-02-15,2011-02-15,390,389,1.723043033086305e-05,-0.0011213167991459866,True,True,eligible_regular_session
2011-02-16,2011-02-16,2011-02-16,390,389,2.142351564095449e-05,0.003553466866365799,True,True,eligible_regular_session
2011-02-17,2011-02-17,2011-02-17,390,389,1.2083750145542576e-05,0.005558749495600319,True,True,eligible_regular_session
2011-02-18,2011-02-18,2011-02-18,390,389,1.1504098842878212e-05,0.0024382163151521388,True,True,eligible_regular_session
2011-02-22,2011-02-22,2011-02-22,390,389,5.848658823846588e-05,-0.013007011583772614,True,True,eligible_regular_session
2011-02-23,2011-02-23,2011-02-23,390,389,6.799071941105145e-05,-0.00461496446307144,True,True,eligible_regular_session
2011-02-24,2011-02-24,2011-02-24,390,389,7.052570314479531e-05,-0.0001148285801940831,True,True,eligible_regular_session
2011-02-25,2011-02-25,2011-02-25,390,389,1.958945836578671e-05,0.007055829398780492,True,True,eligible_regular_session
2011-02-28,2011-02-28,2011-02-28,390,389,1.9046497954255768e-05,0.0032516428307628954,True,True,eligible_regular_session
2011-03-01,2011-03-01,2011-03-01,390,389,6.136984134829376e-05,-0.01850500248806619,True,True,eligible_regular_session
2011-03-02,2011-03-02,2011-03-02,390,389,5.632071445059859e-05,0.0028471513297746104,True,True,eligible_regular_session
2011-03-03,2011-03-03,2011-03-03,390,389,3.81526898018387e-05,0.010027796155457309,True,True,eligible_regular_session
2011-03-04,2011-03-04,2011-03-04,390,389,5.259985625353449e-05,-0.007278903422329528,True,True,eligible_regular_session
2011-03-07,2011-03-07,2011-03-07,390,389,6.528555243006474e-05,-0.010816742590231182,True,True,eligible_regular_session
2011-03-08,2011-03-08,2011-03-08,390,389,4.1763175311095176e-05,0.007638609654764851,True,True,eligible_regular_session
2011-03-09,2011-03-09,2011-03-09,390,389,6.133520324652465e-05,0.0004849844369592373,True,True,eligible_regular_session
2011-03-10,2011-03-10,2011-03-10,390,389,0.00010106775056067249,-0.010444761261463422,True,True,eligible_regular_session
2011-03-11,2011-03-11,2011-03-11,390,389,5.020820515446563e-05,0.009289852667343008,True,True,eligible_regular_session
2011-03-14,2011-03-14,2011-03-14,390,389,5.62774495091941e-05,-0.0006091848293172835,True,True,eligible_regular_session
2011-03-15,2011-03-15,2011-03-15,390,389,0.0001325309271086158,0.003313952885954903,True,True,eligible_regular_session
2011-03-16,2011-03-16,2011-03-16,390,389,0.0002689714465316602,-0.016061464342598416,True,True,eligible_regular_session
2011-03-17,2011-03-17,2011-03-17,390,389,8.602149923870846e-05,0.0027287935934142164,True,True,eligible_regular_session
2011-03-18,2011-03-18,2011-03-18,390,389,5.485373321639965e-05,-0.0030832060080398216,True,True,eligible_regular_session
2011-03-21,2011-03-21,2011-03-21,390,389,3.099855404059014e-05,0.00660828553443957,True,True,eligible_regular_session
2011-03-22,2011-03-22,2011-03-22,390,389,2.6113153732007968e-05,-0.003048771083474635,True,True,eligible_regular_session
2011-03-23,2011-03-23,2011-03-23,390,389,3.5252784015505153e-05,0.004828445392431044,True,True,eligible_regular_session
2011-03-24,2011-03-24,2011-03-24,390,389,2.8662648142873544e-05,0.005650770767433766,True,True,eligible_regular_session
2011-03-25,2011-03-25,2011-03-25,390,389,2.0809856400128706e-05,0.0010965581360742828,True,True,eligible_regular_session
2011-03-28,2011-03-28,2011-03-28,390,389,1.6458852436764416e-05,-0.004545860404068997,True,True,eligible_regular_session
2011-03-29,2011-03-29,2011-03-29,390,389,1.874092289146808e-05,0.0072958872676915296,True,True,eligible_regular_session
2011-03-30,2011-03-30,2011-03-30,390,389,1.7302376155017993e-05,0.002638504067437531,True,True,eligible_regular_session
2011-03-31,2011-03-31,2011-03-31,390,389,1.585198357343838e-05,-0.0011079498410621338,True,True,eligible_regular_session
2011-04-01,2011-04-01,2011-04-01,390,389,1.7763459299282732e-05,-0.000555426303956355,True,True,eligible_regular_session
2011-04-04,2011-04-04,2011-04-04,390,389,1.6632496832004058e-05,-0.0017844026987298043,True,True,eligible_regular_session
2011-04-05,2011-04-05,2011-04-05,390,389,2.2758476800526393e-05,0.0011937700144711077,True,True,eligible_regular_session
2011-04-06,2011-04-06,2011-04-06,390,389,1.9391072067146756e-05,-0.0012571464435170902,True,True,eligible_regular_session
2011-04-07,2011-04-07,2011-04-07,390,389,4.968792355152715e-05,-0.0006223312127494365,True,True,eligible_regular_session
2011-04-08,2011-04-08,2011-04-08,390,389,2.5270461520550015e-05,-0.007808232648235725,True,True,eligible_regular_session
2011-04-11,2011-04-11,2011-04-11,390,389,2.32323792392637e-05,-0.00474598612765725,True,True,eligible_regular_session
2011-04-12,2011-04-12,2011-04-12,390,389,3.1843002198953123e-05,-0.003388288586886178,True,True,eligible_regular_session
2011-04-13,2011-04-13,2011-04-13,390,389,2.854814082750879e-05,-0.0038420700261441315,True,True,eligible_regular_session
2011-04-14,2011-04-14,2011-04-14,390,389,2.9249863084393218e-05,0.004666207496780244,True,True,eligible_regular_session
2011-04-15,2011-04-15,2011-04-15,390,389,2.5107016699508267e-05,0.003073714591485275,True,True,eligible_regular_session
2011-04-18,2011-04-18,2011-04-18,390,389,5.6781649585491236e-05,-0.0009879493962594691,True,True,eligible_regular_session
2011-04-19,2011-04-19,2011-04-19,390,389,1.9787767542900567e-05,0.004283577414030106,True,True,eligible_regular_session
2011-04-20,2011-04-20,2011-04-20,390,389,2.6262316243858446e-05,0.005063988757233514,True,True,eligible_regular_session
2011-04-21,2011-04-21,2011-04-21,390,389,1.1218267667543254e-05,0.001055053692346136,True,True,eligible_regular_session
2011-04-25,2011-04-25,2011-04-25,390,389,1.1478726008141627e-05,-0.0011079089354246738,True,True,eligible_regular_session
2011-04-26,2011-04-26,2011-04-26,390,389,1.2988871586866609e-05,0.006501484426574668,True,True,eligible_regular_session
2011-04-27,2011-04-27,2011-04-27,390,389,1.968036911410256e-05,0.004924916225871765,True,True,eligible_regular_session
2011-04-28,2011-04-28,2011-04-28,390,389,1.4111074976567629e-05,0.004930202440842521,True,True,eligible_regular_session
2011-04-29,2011-04-29,2011-04-29,390,389,8.5103393811379e-06,0.0022910695065682814,True,True,eligible_regular_session
2011-05-02,2011-05-02,2011-05-02,390,389,1.7928600352474543e-05,-0.005334479313337327,True,True,eligible_regular_session
2011-05-03,2011-05-03,2011-05-03,390,389,2.6858509638295465e-05,-0.001804556071852998,True,True,eligible_regular_session
2011-05-04,2011-05-04,2011-05-04,390,389,5.2242355087833654e-05,-0.006400483571365152,True,True,eligible_regular_session
2011-05-05,2011-05-05,2011-05-05,390,389,7.275191903936522e-05,-0.005289752629230426,True,True,eligible_regular_session
2011-05-06,2011-05-06,2011-05-06,390,389,8.224589782444413e-05,-0.003441831291420732,True,True,eligible_regular_session
2011-05-09,2011-05-09,2011-05-09,390,389,3.3027857579896914e-05,0.004026516405080333,True,True,eligible_regular_session
2011-05-10,2011-05-10,2011-05-10,390,389,1.7363030732845992e-05,0.0059786823273426945,True,True,eligible_regular_session
2011-05-11,2011-05-11,2011-05-11,390,389,4.175568867686359e-05,-0.008510752817702269,True,True,eligible_regular_session
2011-05-12,2011-05-12,2011-05-12,390,389,4.714328153798372e-05,0.0069046865882969755,True,True,eligible_regular_session
2011-05-13,2011-05-13,2011-05-13,390,389,5.445604862199548e-05,-0.008492699061538588,True,True,eligible_regular_session
2011-05-16,2011-05-16,2011-05-16,390,389,3.941093502153744e-05,-0.002351289596888106,True,True,eligible_regular_session
2011-05-17,2011-05-17,2011-05-17,390,389,5.8442826185997275e-05,0.003346551806518631,True,True,eligible_regular_session
2011-05-18,2011-05-18,2011-05-18,390,389,2.473427390932275e-05,0.009119959497647283,True,True,eligible_regular_session
2011-05-19,2011-05-19,2011-05-19,390,389,3.6766360945538344e-05,-0.0008110572091086605,True,True,eligible_regular_session
2011-05-20,2011-05-20,2011-05-20,390,389,3.142101757636259e-05,-0.006221883340203273,True,True,eligible_regular_session
2011-05-23,2011-05-23,2011-05-23,390,389,5.201620844089164e-05,-0.0017897096499716097,True,True,eligible_regular_session
2011-05-24,2011-05-24,2011-05-24,390,389,3.2365213804790054e-05,-0.002700858936405517,True,True,eligible_regular_session
2011-05-25,2011-05-25,2011-05-25,390,389,2.862171919466629e-05,0.006237034352558297,True,True,eligible_regular_session
2011-05-26,2011-05-26,2011-05-26,390,389,3.362176440226005e-05,0.00595467293250482,True,True,eligible_regular_session
2011-05-27,2011-05-27,2011-05-27,390,389,1.8903558378669343e-05,0.0017443875759723306,True,True,eligible_regular_session
2011-05-31,2011-05-31,2011-05-31,390,389,2.4937482014551654e-05,0.0028819214870661244,True,True,eligible_regular_session
2011-06-01,2011-06-01,2011-06-01,390,389,4.735911641946288e-05,-0.020687277950431914,True,True,eligible_regular_session
2011-06-02,2011-06-02,2011-06-02,390,389,7.799935684464301e-05,-0.001552204593906572,True,True,eligible_regular_session
2011-06-03,2011-06-03,2011-06-03,390,389,5.858999797495571e-05,-0.000945510242361169,True,True,eligible_regular_session
2011-06-06,2011-06-06,2011-06-06,390,389,4.003441133277385e-05,-0.008531312389094537,True,True,eligible_regular_session
2011-06-07,2011-06-07,2011-06-07,390,389,3.9407479138048956e-05,-0.004814271939751456,True,True,eligible_regular_session
2011-06-08,2011-06-08,2011-06-08,390,389,5.724926030567558e-05,-0.003293173159742682,True,True,eligible_regular_session
2011-06-09,2011-06-09,2011-06-09,390,389,2.8587975796368877e-05,0.005834049964665018,True,True,eligible_regular_session
2011-06-10,2011-06-10,2011-06-10,390,389,6.32669196774572e-05,-0.010522501204275966,True,True,eligible_regular_session
2011-06-13,2011-06-13,2011-06-13,390,389,5.361235215919394e-05,-0.001147528224642942,True,True,eligible_regular_session
2011-06-14,2011-06-14,2011-06-14,390,389,2.8045199901923804e-05,0.005644476212533217,True,True,eligible_regular_session
2011-06-15,2011-06-15,2011-06-15,390,389,8.691250902056245e-05,-0.010364009353258858,True,True,eligible_regular_session
2011-06-16,2011-06-16,2011-06-16,390,389,8.64024497545426e-05,0.0014370881702596274,True,True,eligible_regular_session
2011-06-17,2011-06-17,2011-06-17,390,389,5.642881655954209e-05,-0.003172686170449513,True,True,eligible_regular_session
2011-06-20,2011-06-20,2011-06-20,390,389,3.7181285693318024e-05,0.007830856676083407,True,True,eligible_regular_session
2011-06-21,2011-06-21,2011-06-21,390,389,2.3039379714176837e-05,0.010032400151433302,True,True,eligible_regular_session
2011-06-22,2011-06-22,2011-06-22,390,389,3.8817493772974254e-05,-0.0032652267162637558,True,True,eligible_regular_session
2011-06-23,2011-06-23,2011-06-23,390,389,0.00011757337349463215,0.005741821983077,True,True,eligible_regular_session
2011-06-24,2011-06-24,2011-06-24,390,389,5.4516151990450354e-05,-0.010909712106396326,True,True,eligible_regular_session
2011-06-27,2011-06-27,2011-06-27,390,389,3.447241210635184e-05,0.008071043511225572,True,True,eligible_regular_session
2011-06-28,2011-06-28,2011-06-28,390,389,2.145285159175189e-05,0.010122704987217294,True,True,eligible_regular_session
2011-06-29,2011-06-29,2011-06-29,390,389,3.514583945358576e-05,0.004975687712728355,True,True,eligible_regular_session
2011-06-30,2011-06-30,2011-06-30,390,389,2.6124916477222992e-05,0.006678366556551613,True,True,eligible_regular_session
2011-07-01,2011-07-01,2011-07-01,390,389,3.388510171368572e-05,0.014279994961513467,True,True,eligible_regular_session
2011-07-05,2011-07-05,2011-07-05,390,389,2.5565753126138598e-05,0.00010462752610287887,True,True,eligible_regular_session
2011-07-06,2011-07-06,2011-07-06,390,389,2.6487527570726972e-05,0.002826677322946116,True,True,eligible_regular_session
2011-07-07,2011-07-07,2011-07-07,390,389,1.6851193651674217e-05,0.004577819682041483,True,True,eligible_regular_session
2011-07-08,2011-07-08,2011-07-08,390,389,3.6761084570794563e-05,-0.00013394152728247793,True,True,eligible_regular_session
2011-07-11,2011-07-11,2011-07-11,390,389,4.5072771872317715e-05,-0.010560731336979066,True,True,eligible_regular_session
2011-07-12,2011-07-12,2011-07-12,390,389,5.462102877942961e-05,-0.00298710750327413,True,True,eligible_regular_session
2011-07-13,2011-07-13,2011-07-13,390,389,5.07772199557907e-05,-0.001880170072382596,True,True,eligible_regular_session
2011-07-14,2011-07-14,2011-07-14,390,389,6.381039995438472e-05,-0.009443644446895556,True,True,eligible_regular_session
2011-07-15,2011-07-15,2011-07-15,390,389,5.738836225433086e-05,0.0019239915439083503,True,True,eligible_regular_session
2011-07-18,2011-07-18,2011-07-18,390,389,4.6596885051893724e-05,-0.004349112384062522,True,True,eligible_regular_session
2011-07-19,2011-07-19,2011-07-19,390,389,3.385635767683315e-05,0.01065645979564463,True,True,eligible_regular_session
2011-07-20,2011-07-20,2011-07-20,390,389,2.603166952466955e-05,-0.003410724112946271,True,True,eligible_regular_session
2011-07-21,2011-07-21,2011-07-21,390,389,4.957787491771387e-05,0.010029439192824724,True,True,eligible_regular_session
2011-07-22,2011-07-22,2011-07-22,390,389,2.7287554775307546e-05,0.0009522180703575553,True,True,eligible_regular_session
2011-07-25,2011-07-25,2011-07-25,390,389,3.3568403741631396e-05,0.0017809576978326184,True,True,eligible_regular_session
2011-07-26,2011-07-26,2011-07-26,390,389,3.0742088675553084e-05,-0.0033800653482442796,True,True,eligible_regular_session
2011-07-27,2011-07-27,2011-07-27,390,389,6.792542245029776e-05,-0.015851877572332477,True,True,eligible_regular_session
2011-07-28,2011-07-28,2011-07-28,390,389,5.288484697716184e-05,-0.0024411413321717354,True,True,eligible_regular_session
2011-07-29,2011-07-29,2011-07-29,390,389,0.00010516905313440674,0.00225350026637663,True,True,eligible_regular_session
2011-08-01,2011-08-01,2011-08-01,390,389,0.00014953587620406483,-0.01288756240176842,True,True,eligible_regular_session
2011-08-02,2011-08-02,2011-08-02,390,389,9.268054510975075e-05,-0.020817405083522467,True,True,eligible_regular_session
2011-08-03,2011-08-03,2011-08-03,390,389,0.00018138920246960332,0.005264383813041304,True,True,eligible_regular_session
2011-08-04,2011-08-04,2011-08-04,390,389,0.0002791337865835503,-0.039652663930427184,True,True,eligible_regular_session
2011-08-05,2011-08-05,2011-08-05,388,387,0.0008088919372075946,-0.007035526302339068,True,True,eligible_regular_session
2011-08-08,2011-08-08,2011-08-08,387,386,0.0008664084709711187,-0.052404293458344575,True,True,eligible_regular_session
2011-08-09,2011-08-09,2011-08-09,390,389,0.001211628548576451,0.03699505151921921,True,True,eligible_regular_session
2011-08-10,2011-08-10,2011-08-10,390,389,0.0009085643915159158,-0.0333639359793577,True,True,eligible_regular_session
2011-08-11,2011-08-11,2011-08-11,390,389,0.00046736398428097567,0.032720927026148185,True,True,eligible_regular_session
2011-08-12,2011-08-12,2011-08-12,390,389,0.00026756785007920323,8.482339773694654e-05,True,True,eligible_regular_session
2011-08-15,2011-08-15,2011-08-15,390,389,7.942919404343696e-05,0.013102687128997878,True,True,eligible_regular_session
2011-08-16,2011-08-16,2011-08-16,390,389,0.00018928146939399407,-0.000989028569669959,True,True,eligible_regular_session
2011-08-17,2011-08-17,2011-08-17,390,389,0.00012124683707006006,-0.0028449521322311392,True,True,eligible_regular_session
2011-08-18,2011-08-18,2011-08-18,390,389,0.0004527582076572316,-0.029709601589001815,True,True,eligible_regular_session
2011-08-19,2011-08-19,2011-08-19,390,389,0.0002780505251316542,-0.008662976073501966,True,True,eligible_regular_session
2011-08-22,2011-08-22,2011-08-22,390,389,0.0002458658427203362,-0.01168796177456075,True,True,eligible_regular_session
2011-08-23,2011-08-23,2011-08-23,390,389,0.0002046389905533379,0.028933863052088792,True,True,eligible_regular_session
2011-08-24,2011-08-24,2011-08-24,390,389,0.0001749774524051957,0.01711112323807493,True,True,eligible_regular_session
2011-08-25,2011-08-25,2011-08-25,390,389,0.0002579495774033017,-0.019924514821869452,True,True,eligible_regular_session
2011-08-26,2011-08-26,2011-08-26,390,389,0.00035548061588073755,0.019607377672995235,True,True,eligible_regular_session
2011-08-29,2011-08-29,2011-08-29,390,389,6.209118459643059e-05,0.017744889210930304,True,True,eligible_regular_session
2011-08-30,2011-08-30,2011-08-30,390,389,0.00013628842816170177,0.007297611443206144,True,True,eligible_regular_session
2011-08-31,2011-08-31,2011-08-31,390,389,0.00012959638818611538,-0.0006237484198159813,True,True,eligible_regular_session
2011-09-01,2011-09-01,2011-09-01,390,389,0.00021865840172143793,-0.012004470339739129,True,True,eligible_regular_session
2011-09-02,2011-09-02,2011-09-02,390,389,0.00013862948843071181,-0.014988044368629001,True,True,eligible_regular_session
2011-09-06,2011-09-06,2011-09-06,390,389,0.00020525245336935714,0.008384330096877293,True,True,eligible_regular_session
2011-09-07,2011-09-07,2011-09-07,390,389,8.060759415779014e-05,0.019922958626389268,True,True,eligible_regular_session
2011-09-08,2011-09-08,2011-09-08,390,389,0.00016024323847958706,-0.00432438563529176,True,True,eligible_regular_session
2011-09-09,2011-09-09,2011-09-09,390,389,0.00023458457202442357,-0.01984678812994333,True,True,eligible_regular_session
2011-09-12,2011-09-12,2011-09-12,390,389,0.00021525331181805623,0.014350830362371936,True,True,eligible_regular_session
2011-09-13,2011-09-13,2011-09-13,390,389,0.00018568876018458205,0.008088754573506678,True,True,eligible_regular_session
2011-09-14,2011-09-14,2011-09-14,390,389,0.00017799665300369797,0.010337123215212221,True,True,eligible_regular_session
2011-09-15,2011-09-15,2011-09-15,390,389,0.00012375096517893233,0.00981879430339722,True,True,eligible_regular_session
2011-09-16,2011-09-16,2011-09-16,390,389,9.610992141730435e-05,0.0038403580983449722,True,True,eligible_regular_session
2011-09-19,2011-09-19,2011-09-19,390,389,0.00013849586810346748,0.0009719182858528025,True,True,eligible_regular_session
2011-09-20,2011-09-20,2011-09-20,390,389,9.960830324380265e-05,-0.0057393726481652745,True,True,eligible_regular_session
2011-09-21,2011-09-21,2011-09-21,390,389,0.0002757459980789986,-0.029685793903289473,True,True,eligible_regular_session
2011-09-22,2011-09-22,2011-09-22,390,389,0.0004838501091528287,-0.017540691812147163,True,True,eligible_regular_session
2011-09-23,2011-09-23,2011-09-23,390,389,0.0002718456953626256,0.011779157852980728,True,True,eligible_regular_session
2011-09-26,2011-09-26,2011-09-26,390,389,0.0002448602044684656,0.016112954833772727,True,True,eligible_regular_session
2011-09-27,2011-09-27,2011-09-27,390,389,0.00019395927957029856,0.0005957700503893883,True,True,eligible_regular_session
2011-09-28,2011-09-28,2011-09-28,390,389,0.00017501632353165305,-0.022939938550695777,True,True,eligible_regular_session
2011-09-29,2011-09-29,2011-09-29,390,389,0.00027612542611803886,-0.0025407283591881583,True,True,eligible_regular_session
2011-09-30,2011-09-30,2011-09-30,390,389,0.000252266770092752,-0.016717434931802905,True,True,eligible_regular_session
2011-10-03,2011-10-03,2011-10-03,390,389,0.00039224672291323997,-0.02452292114557397,True,True,eligible_regular_session
2011-10-04,2011-10-04,2011-10-04,390,389,0.0005545200817456731,0.029361447444428406,True,True,eligible_regular_session
2011-10-05,2011-10-05,2011-10-05,390,389,0.0002560156451112665,0.018575675196885036,True,True,eligible_regular_session
2011-10-06,2011-10-06,2011-10-06,390,389,0.00017683028093934058,0.019278603253208012,True,True,eligible_regular_session
2011-10-07,2011-10-07,2011-10-07,390,389,0.0002172856318099596,-0.01000654205374438,True,True,eligible_regular_session
2011-10-10,2011-10-10,2011-10-10,390,389,0.00010062198821079379,0.022204605555802844,True,True,eligible_regular_session
2011-10-11,2011-10-11,2011-10-11,390,389,0.00010827855329217877,0.005613914390279475,True,True,eligible_regular_session
2011-10-12,2011-10-12,2011-10-12,390,389,0.00010810960638285005,0.0036094681829817853,True,True,eligible_regular_session
2011-10-13,2011-10-13,2011-10-13,390,389,0.00012884234173163734,0.0018962239233330392,True,True,eligible_regular_session
2011-10-14,2011-10-14,2011-10-14,390,389,6.967470981775612e-05,0.008031051552994835,True,True,eligible_regular_session
2011-10-17,2011-10-17,2011-10-17,390,389,9.352250240150972e-05,-0.016426540454541,True,True,eligible_regular_session
2011-10-18,2011-10-18,2011-10-18,390,389,0.0001898907097499768,0.019673144093178642,True,True,eligible_regular_session
2011-10-19,2011-10-19,2011-10-19,390,389,0.0001445498251896505,-0.011555687798906495,True,True,eligible_regular_session
2011-10-20,2011-10-20,2011-10-20,390,389,0.0002067297920631152,0.003855283541461441,True,True,eligible_regular_session
2011-10-21,2011-10-21,2011-10-21,390,389,7.264083167156019e-05,0.01200042025502741,True,True,eligible_regular_session
2011-10-24,2011-10-24,2011-10-24,390,389,5.012227893011199e-05,0.01213088490370471,True,True,eligible_regular_session
2011-10-25,2011-10-25,2011-10-25,390,389,0.00018498004611791635,-0.016191352619980275,True,True,eligible_regular_session
2011-10-26,2011-10-26,2011-10-26,390,389,0.00014892587199947344,0.00284630555688603,True,True,eligible_regular_session
2011-10-27,2011-10-27,2011-10-27,390,389,0.00011849590072027945,0.01872387098346395,True,True,eligible_regular_session
2011-10-28,2011-10-28,2011-10-28,390,389,6.8108914073995e-05,0.003734911690260225,True,True,eligible_regular_session
2011-10-31,2011-10-31,2011-10-31,390,389,8.084865524306877e-05,-0.017078754094343684,True,True,eligible_regular_session
2011-11-01,2011-11-01,2011-11-01,390,389,0.0003332238152420962,-0.01173297185533689,True,True,eligible_regular_session
2011-11-02,2011-11-02,2011-11-02,390,389,0.00013376717784128588,0.00658185078519317,True,True,eligible_regular_session
2011-11-03,2011-11-03,2011-11-03,390,389,0.00012711873608021518,0.011018472752927845,True,True,eligible_regular_session
2011-11-04,2011-11-04,2011-11-04,390,389,0.00010291818033902608,-0.0007180125721329076,True,True,eligible_regular_session
2011-11-07,2011-11-07,2011-11-07,390,389,0.00010366594063565875,0.007004557703876745,True,True,eligible_regular_session
2011-11-08,2011-11-08,2011-11-08,390,389,0.00010131010434678466,0.007309726744367426,True,True,eligible_regular_session
2011-11-09,2011-11-09,2011-11-09,390,389,0.0001959660692904274,-0.0249325737452061,True,True,eligible_regular_session
2011-11-10,2011-11-10,2011-11-10,390,389,0.00013059415600382514,0.000580968458457877,True,True,eligible_regular_session
2011-11-11,2011-11-11,2011-11-11,390,389,5.589695316472111e-05,0.01065709670327905,True,True,eligible_regular_session
2011-11-14,2011-11-14,2011-11-14,390,389,6.561651268615734e-05,-0.0066734338592341355,True,True,eligible_regular_session
2011-11-15,2011-11-15,2011-11-15,390,389,8.29136386803581e-05,0.007148415272105581,True,True,eligible_regular_session
2011-11-16,2011-11-16,2011-11-16,390,389,9.254483279264614e-05,-0.010970061359662582,True,True,eligible_regular_session
2011-11-17,2011-11-17,2011-11-17,390,389,0.00019344842664109104,-0.016376027550707776,True,True,eligible_regular_session
2011-11-18,2011-11-18,2011-11-18,390,389,9.231918307920794e-05,-0.002899183607344494,True,True,eligible_regular_session
2011-11-21,2011-11-21,2011-11-21,390,389,0.00011184625606801298,-0.009480482742856408,True,True,eligible_regular_session
2011-11-22,2011-11-22,2011-11-22,390,389,0.00010052595857369253,-0.0023286616521147182,True,True,eligible_regular_session
2011-11-23,2011-11-23,2011-11-23,390,389,0.00010800183632863042,-0.015282984483933953,True,True,eligible_regular_session
2011-11-25,2011-11-25,2011-11-25,231,230,5.4051104324437626e-05,-0.0008971782622007305,False,False,short_or_incomplete
2011-11-28,2011-11-28,2011-11-28,390,389,0.00013530195716234157,0.01382685554838794,True,True,eligible_regular_session
2011-11-29,2011-11-29,2011-11-29,390,389,8.955307342307405e-05,0.0014065641970691224,True,True,eligible_regular_session
2011-11-30,2011-11-30,2011-11-30,390,389,0.00011219343656274593,0.028106722997147435,True,True,eligible_regular_session
2011-12-01,2011-12-01,2011-12-01,390,389,5.7170232711222955e-05,1.6076136583244457e-05,True,True,eligible_regular_session
2011-12-02,2011-12-02,2011-12-02,390,389,7.253951439807179e-05,-0.005958309583630635,True,True,eligible_regular_session
2011-12-05,2011-12-05,2011-12-05,390,389,9.240218598193816e-05,0.0023733306245411387,True,True,eligible_regular_session
2011-12-06,2011-12-06,2011-12-06,390,389,5.1282211482322934e-05,0.0012321097261831623,True,True,eligible_regular_session
2011-12-07,2011-12-07,2011-12-07,390,389,7.389914355066683e-05,0.005352986943971687,True,True,eligible_regular_session
2011-12-08,2011-12-08,2011-12-08,390,389,0.00012747846838348064,-0.01721265423819244,True,True,eligible_regular_session
2011-12-09,2011-12-09,2011-12-09,390,389,6.741469759364721e-05,0.013232161500731619,True,True,eligible_regular_session
2011-12-12,2011-12-12,2011-12-12,390,389,6.512647604796094e-05,-0.007560879065201528,True,True,eligible_regular_session
2011-12-13,2011-12-13,2011-12-13,390,389,8.665937840720357e-05,-0.013995309489642624,True,True,eligible_regular_session
2011-12-14,2011-12-14,2011-12-14,390,389,0.00010690850454930529,-0.00738544860860852,True,True,eligible_regular_session
2011-12-15,2011-12-15,2011-12-15,390,389,6.816979587401206e-05,-0.0045961620950195625,True,True,eligible_regular_session
2011-12-16,2011-12-16,2011-12-16,390,389,5.175890847955759e-05,-0.0006720210054582418,True,True,eligible_regular_session
2011-12-19,2011-12-19,2011-12-19,390,389,6.587339876411232e-05,-0.013900270363526953,True,True,eligible_regular_session
2011-12-20,2011-12-20,2011-12-20,390,389,6.44505548025596e-05,0.01895737386882936,True,True,eligible_regular_session
2011-12-21,2011-12-21,2011-12-21,390,389,6.490738721629087e-05,0.001561758180567623,True,True,eligible_regular_session
2011-12-22,2011-12-22,2011-12-22,390,389,3.485009455575045e-05,0.0059747033424000584,True,True,eligible_regular_session
2011-12-23,2011-12-23,2011-12-23,390,389,1.2252097722637512e-05,0.006294364591994321,True,True,eligible_regular_session
2011-12-27,2011-12-27,2011-12-27,390,389,1.5665047655887303e-05,0.0019060505060784212,True,True,eligible_regular_session
2011-12-28,2011-12-28,2011-12-28,390,389,3.551054889351605e-05,-0.013072809206545593,True,True,eligible_regular_session
2011-12-29,2011-12-29,2011-12-29,390,389,2.3626139496239728e-05,0.007508784882024172,True,True,eligible_regular_session
2011-12-30,2011-12-30,2011-12-30,390,389,1.1730910955486345e-05,-0.0026833931630424464,True,True,eligible_regular_session
2012-01-03,2012-01-03,2012-01-03,390,389,3.926577811570911e-05,0.003988354283116754,True,True,eligible_regular_session
2012-01-04,2012-01-04,2012-01-04,390,389,2.5760707465651292e-05,0.0027440451874861213,True,True,eligible_regular_session
2012-01-05,2012-01-05,2012-01-05,390,389,4.664962299141938e-05,0.006696794521575758,True,True,eligible_regular_session
2012-01-06,2012-01-06,2012-01-06,390,389,3.308536005176977e-05,-0.0030560627181165415,True,True,eligible_regular_session
2012-01-09,2012-01-09,2012-01-09,390,389,2.4829499047808112e-05,0.0006405349466763584,True,True,eligible_regular_session
2012-01-10,2012-01-10,2012-01-10,390,389,2.4374924692890432e-05,0.0014794678164592938,True,True,eligible_regular_session
2012-01-11,2012-01-11,2012-01-11,390,389,2.3123853286373707e-05,0.003131227223732104,True,True,eligible_regular_session
2012-01-12,2012-01-12,2012-01-12,390,389,2.391744619716617e-05,0.0003706020008599583,True,True,eligible_regular_session
2012-01-13,2012-01-13,2012-01-13,390,389,4.28704403449965e-05,0.001001424590643635,True,True,eligible_regular_session
2012-01-17,2012-01-17,2012-01-17,390,389,2.8298102681966837e-05,-0.0028022791666214406,True,True,eligible_regular_session
2012-01-18,2012-01-18,2012-01-18,390,389,2.8508519612280258e-05,0.012055707765700628,True,True,eligible_regular_session
2012-01-19,2012-01-19,2012-01-19,390,389,1.727866942617896e-05,0.0023917078589677896,True,True,eligible_regular_session
2012-01-20,2012-01-20,2012-01-20,390,389,1.4019452945991585e-05,0.0019560466706705763,True,True,eligible_regular_session
2012-01-23,2012-01-23,2012-01-23,390,389,2.236747813489446e-05,0.000729699563394032,True,True,eligible_regular_session
2012-01-24,2012-01-24,2012-01-24,390,389,1.9401941587707004e-05,0.003406457266889274,True,True,eligible_regular_session
2012-01-25,2012-01-25,2012-01-25,390,389,5.223615651962808e-05,0.009252133696461112,True,True,eligible_regular_session
2012-01-26,2012-01-26,2012-01-26,390,389,3.317306032074245e-05,-0.0084124855183701,True,True,eligible_regular_session
2012-01-27,2012-01-27,2012-01-27,390,389,3.3780051504277695e-05,0.0016418991944433874,True,True,eligible_regular_session
2012-01-30,2012-01-30,2012-01-30,390,389,2.737395833826585e-05,0.005675345116630018,True,True,eligible_regular_session
2012-01-31,2012-01-31,2012-01-31,390,389,4.430681726679162e-05,-0.004203555262125744,True,True,eligible_regular_session
2012-02-01,2012-02-01,2012-02-01,390,389,3.279073325904396e-05,0.0029421240047774046,True,True,eligible_regular_session
2012-02-02,2012-02-02,2012-02-02,390,389,1.5848448194726793e-05,-0.0005958015026033594,True,True,eligible_regular_session
2012-02-03,2012-02-03,2012-02-03,390,389,1.6959655694599797e-05,0.007270207880268154,True,True,eligible_regular_session
2012-02-06,2012-02-06,2012-02-06,390,389,1.5110807925962618e-05,0.0034798194612424486,True,True,eligible_regular_session
2012-02-07,2012-02-07,2012-02-07,390,389,1.7882722438761512e-05,0.00375614533467164,True,True,eligible_regular_session
2012-02-08,2012-02-08,2012-02-08,390,389,1.6626995493008505e-05,0.0016680323684848475,True,True,eligible_regular_session
2012-02-09,2012-02-09,2012-02-09,390,389,2.9644566883541576e-05,-0.00010354187168585207,True,True,eligible_regular_session
2012-02-10,2012-02-10,2012-02-10,390,389,2.7978107287902807e-05,-0.0004691322257006993,True,True,eligible_regular_session
2012-02-13,2012-02-13,2012-02-13,390,389,1.700558585098752e-05,0.0006512729655897111,True,True,eligible_regular_session
2012-02-14,2012-02-14,2012-02-14,390,389,2.510388857737993e-05,0.0015934604802798878,True,True,eligible_regular_session
2012-02-15,2012-02-15,2012-02-15,390,389,4.808208020745822e-05,-0.007504836962381471,True,True,eligible_regular_session
2012-02-16,2012-02-16,2012-02-16,390,389,2.46029959985142e-05,0.011211610331330042,True,True,eligible_regular_session
2012-02-17,2012-02-17,2012-02-17,390,389,1.331193322541131e-05,0.0009333466296232446,True,True,eligible_regular_session
2012-02-21,2012-02-21,2012-02-21,390,389,1.9031374694001616e-05,-0.0017529002511791002,True,True,eligible_regular_session
2012-02-22,2012-02-22,2012-02-22,390,389,2.478047465535031e-05,-0.002530846020284972,True,True,eligible_regular_session
2012-02-23,2012-02-23,2012-02-23,390,389,1.8485138190013977e-05,0.005280317026093561,True,True,eligible_regular_session
2012-02-24,2012-02-24,2012-02-24,390,389,9.979444923944974e-06,0.00011715603733100794,True,True,eligible_regular_session
2012-02-27,2012-02-27,2012-02-27,390,389,2.7525754862346165e-05,0.005850799727382906,True,True,eligible_regular_session
2012-02-28,2012-02-28,2012-02-28,390,389,2.0990823445512844e-05,0.003182252156322452,True,True,eligible_regular_session
2012-02-29,2012-02-29,2012-02-29,390,389,3.618182216555968e-05,-0.0058391342999359564,True,True,eligible_regular_session
2012-03-01,2012-03-01,2012-03-01,390,389,3.5399317306926933e-05,0.0038920197230235894,True,True,eligible_regular_session
2012-03-02,2012-03-02,2012-03-02,390,389,1.8964848124657696e-05,-0.002246110361919863,True,True,eligible_regular_session
2012-03-05,2012-03-05,2012-03-05,390,389,2.280391736918927e-05,-0.002006474113018596,True,True,eligible_regular_session
2012-03-06,2012-03-06,2012-03-06,390,389,3.3511029520551556e-05,-0.007541217487271245,True,True,eligible_regular_session
2012-03-07,2012-03-07,2012-03-07,390,389,1.9767125631993323e-05,0.0046824265202854,True,True,eligible_regular_session
2012-03-08,2012-03-08,2012-03-08,390,389,1.6706458929655724e-05,0.003975565078625902,True,True,eligible_regular_session
2012-03-09,2012-03-09,2012-03-09,390,389,1.3887337640374751e-05,0.0013724533293681214,True,True,eligible_regular_session
2012-03-12,2012-03-12,2012-03-12,390,389,1.815185303277536e-05,0.0004230859073383781,True,True,eligible_regular_session
2012-03-13,2012-03-13,2012-03-13,390,389,2.5298475995933923e-05,0.013397564186810509,True,True,eligible_regular_session
2012-03-14,2012-03-14,2012-03-14,390,389,1.6627689479785665e-05,-0.001497891407031439,True,True,eligible_regular_session
2012-03-15,2012-03-15,2012-03-15,390,389,1.9800325542766653e-05,0.004573592662347426,True,True,eligible_regular_session
2012-03-16,2012-03-16,2012-03-16,390,389,9.822109847421481e-06,9.258896559797827e-05,True,True,eligible_regular_session
2012-03-19,2012-03-19,2012-03-19,390,389,1.489254405297012e-05,0.004350985834326354,True,True,eligible_regular_session
2012-03-20,2012-03-20,2012-03-20,390,389,1.7317852175003086e-05,0.0013953556860826968,True,True,eligible_regular_session
2012-03-21,2012-03-21,2012-03-21,390,389,1.7364146285743476e-05,-0.002256702542756863,True,True,eligible_regular_session
2012-03-22,2012-03-22,2012-03-22,390,389,2.242470416335791e-05,-0.0017358002306907536,True,True,eligible_regular_session
2012-03-23,2012-03-23,2012-03-23,390,389,1.9252931909207474e-05,0.0030601994018030067,True,True,eligible_regular_session
2012-03-26,2012-03-26,2012-03-26,390,389,1.2353320472089946e-05,0.008144966502992368,True,True,eligible_regular_session
2012-03-27,2012-03-27,2012-03-27,390,389,1.2630464209292973e-05,-0.0037518193679105154,True,True,eligible_regular_session
2012-03-28,2012-03-28,2012-03-28,390,389,3.091894845738734e-05,-0.004572183014040509,True,True,eligible_regular_session
2012-03-29,2012-03-29,2012-03-29,390,389,3.3231544563252314e-05,0.002891093525716128,True,True,eligible_regular_session
2012-03-30,2012-03-30,2012-03-30,390,389,1.9178154895165282e-05,0.00021300615668334977,True,True,eligible_regular_session
2012-04-02,2012-04-02,2012-04-02,390,389,2.006191936478901e-05,0.008231023394744708,True,True,eligible_regular_session
2012-04-03,2012-04-03,2012-04-03,390,389,4.094031307008579e-05,-0.0034125264945665504,True,True,eligible_regular_session
2012-04-04,2012-04-04,2012-04-04,390,389,2.818188813268645e-05,-0.003916468061895458,True,True,eligible_regular_session
2012-04-05,2012-04-05,2012-04-05,390,389,1.766403645484858e-05,0.0023852085471783475,True,True,eligible_regular_session
2012-04-09,2012-04-09,2012-04-09,390,389,2.0266564483209794e-05,-0.0017562820491516268,True,True,eligible_regular_session
2012-04-10,2012-04-10,2012-04-10,390,389,4.993933956929248e-05,-0.015083132038521319,True,True,eligible_regular_session
2012-04-11,2012-04-11,2012-04-11,390,389,2.766534292769758e-05,0.00040183089305128683,True,True,eligible_regular_session
2012-04-12,2012-04-12,2012-04-12,390,389,1.666783580008172e-05,0.011600048875128853,True,True,eligible_regular_session
2012-04-13,2012-04-13,2012-04-13,390,389,2.8923112692975995e-05,-0.009637421308572097,True,True,eligible_regular_session
2012-04-16,2012-04-16,2012-04-16,390,389,4.1879154549641e-05,-0.005169701113859738,True,True,eligible_regular_session
2012-04-17,2012-04-17,2012-04-17,390,389,2.268649244408239e-05,0.010523521856170372,True,True,eligible_regular_session
2012-04-18,2012-04-18,2012-04-18,390,389,2.6094578662390287e-05,-0.000786660019421749,True,True,eligible_regular_session
2012-04-19,2012-04-19,2012-04-19,390,389,6.224072282458708e-05,-0.006010982677721416,True,True,eligible_regular_session
2012-04-20,2012-04-20,2012-04-20,390,389,2.555277132598217e-05,-0.0024419328755877594,True,True,eligible_regular_session
2012-04-23,2012-04-23,2012-04-23,390,389,3.881761812352068e-05,-0.00015361825892943364,True,True,eligible_regular_session
2012-04-24,2012-04-24,2012-04-24,390,389,2.6161384990873697e-05,0.00263458610245462,True,True,eligible_regular_session
2012-04-25,2012-04-25,2012-04-25,390,389,2.9897832595628423e-05,0.005667821169426899,True,True,eligible_regular_session
2012-04-26,2012-04-26,2012-04-26,390,389,1.832140286674445e-05,0.008578079653782248,True,True,eligible_regular_session
2012-04-27,2012-04-27,2012-04-27,390,389,2.0790094807947753e-05,-0.0002920571170501914,True,True,eligible_regular_session
2012-04-30,2012-04-30,2012-04-30,390,389,1.5488511093911775e-05,-0.0027077344104498215,True,True,eligible_regular_session
2012-05-01,2012-05-01,2012-05-01,390,389,3.896158037949753e-05,0.0062579364723101966,True,True,eligible_regular_session
2012-05-02,2012-05-02,2012-05-02,389,388,1.8191723917108197e-05,0.0026564423599281205,True,True,eligible_regular_session
2012-05-03,2012-05-03,2012-05-03,389,388,2.7654113765160144e-05,-0.007896011788280963,True,True,eligible_regular_session
2012-05-04,2012-05-04,2012-05-04,390,389,3.100702964656865e-05,-0.011128659715754193,True,True,eligible_regular_session
2012-05-07,2012-05-07,2012-05-07,390,389,3.193179390262022e-05,0.0037748868833079275,True,True,eligible_regular_session
2012-05-08,2012-05-08,2012-05-08,390,389,5.0602760648759475e-05,0.0003960686570773196,True,True,eligible_regular_session
2012-05-09,2012-05-09,2012-05-09,390,389,8.449519869738234e-05,0.001063829887564874,True,True,eligible_regular_session
2012-05-10,2012-05-10,2012-05-10,390,389,4.2776905826325554e-05,-0.0025454666207307317,True,True,eligible_regular_session
2012-05-11,2012-05-11,2012-05-11,390,389,3.989362514248844e-05,0.0025372557264642603,True,True,eligible_regular_session
2012-05-14,2012-05-14,2012-05-14,390,389,3.555852544386278e-05,-0.003655192945865962,True,True,eligible_regular_session
2012-05-15,2012-05-15,2012-05-15,390,389,5.062313471019086e-05,-0.004940354822881246,True,True,eligible_regular_session
2012-05-16,2012-05-16,2012-05-16,390,389,6.803313644099608e-05,-0.007602426368358908,True,True,eligible_regular_session
2012-05-17,2012-05-17,2012-05-17,390,389,7.801230453947821e-05,-0.01482026798509493,True,True,eligible_regular_session
2012-05-18,2012-05-18,2012-05-18,390,389,7.63886477195868e-05,-0.009381876100065512,True,True,eligible_regular_session
2012-05-21,2012-05-21,2012-05-21,390,389,4.663869112230045e-05,0.014050785605534284,True,True,eligible_regular_session
2012-05-22,2012-05-22,2012-05-22,390,389,6.055873742935616e-05,-0.0014647124610952516,True,True,eligible_regular_session
2012-05-23,2012-05-23,2012-05-23,390,389,9.265684194322842e-05,0.006771588356458666,True,True,eligible_regular_session
2012-05-24,2012-05-24,2012-05-24,390,389,7.876064167504251e-05,-0.0006283190401905677,True,True,eligible_regular_session
2012-05-25,2012-05-25,2012-05-25,390,389,3.6327322429192306e-05,-0.002471233386699765,True,True,eligible_regular_session
2012-05-29,2012-05-29,2012-05-29,390,389,4.9823890099182064e-05,0.004831072681541818,True,True,eligible_regular_session
2012-05-30,2012-05-30,2012-05-30,390,389,5.200694735973542e-05,-0.006737762126089119,True,True,eligible_regular_session
2012-05-31,2012-05-31,2012-05-31,390,389,7.597012413046171e-05,-0.0023857173227927546,True,True,eligible_regular_session
2012-06-01,2012-06-01,2012-06-01,390,389,8.063571912959095e-05,-0.014996300994114217,True,True,eligible_regular_session
2012-06-04,2012-06-04,2012-06-04,390,389,7.196209778934608e-05,-0.000320719666384527,True,True,eligible_regular_session
2012-06-05,2012-06-05,2012-06-05,390,389,5.4637283411548514e-05,0.008860609762418285,True,True,eligible_regular_session
2012-06-06,2012-06-06,2012-06-06,390,389,3.206710988479632e-05,0.015625078303686164,True,True,eligible_regular_session
2012-06-07,2012-06-07,2012-06-07,390,389,6.164380734836784e-05,-0.007425289074880056,True,True,eligible_regular_session
2012-06-08,2012-06-08,2012-06-08,390,389,3.671170663246139e-05,0.010329620496368812,True,True,eligible_regular_session
2012-06-11,2012-06-11,2012-06-11,390,389,4.964873941755775e-05,-0.01954972233375929,True,True,eligible_regular_session
2012-06-12,2012-06-12,2012-06-12,390,389,6.677887844353695e-05,0.00831391140770767,True,True,eligible_regular_session
2012-06-13,2012-06-13,2012-06-13,390,389,4.81325370344317e-05,-0.0030830940388625883,True,True,eligible_regular_session
2012-06-14,2012-06-14,2012-06-14,390,389,8.843322128547645e-05,0.009566122171210016,True,True,eligible_regular_session
2012-06-15,2012-06-15,2012-06-15,390,389,2.1188379884337496e-05,0.007383692342964276,True,True,eligible_regular_session
2012-06-18,2012-06-18,2012-06-18,390,389,3.8961747875652014e-05,0.004905113229592493,True,True,eligible_regular_session
2012-06-19,2012-06-19,2012-06-19,390,389,2.554453554522154e-05,0.005605027431198328,True,True,eligible_regular_session
2012-06-20,2012-06-20,2012-06-20,390,389,9.642678701404743e-05,-0.002902716886918684,True,True,eligible_regular_session
2012-06-21,2012-06-21,2012-06-21,390,389,5.2675970729449277e-05,-0.023449612589870984,True,True,eligible_regular_session
2012-06-22,2012-06-22,2012-06-22,390,389,3.475957602915289e-05,0.002932234534734567,True,True,eligible_regular_session
2012-06-25,2012-06-25,2012-06-25,390,389,4.204591685103757e-05,-0.008261690983218745,True,True,eligible_regular_session
2012-06-26,2012-06-26,2012-06-26,390,389,4.633108312918847e-05,0.0026394044811237707,True,True,eligible_regular_session
2012-06-27,2012-06-27,2012-06-27,390,389,2.709478463919778e-05,0.005413293448590267,True,True,eligible_regular_session
2012-06-28,2012-06-28,2012-06-28,390,389,6.496238081073118e-05,0.0032398819790125074,True,True,eligible_regular_session
2012-06-29,2012-06-29,2012-06-29,390,389,4.4366396728269656e-05,0.01484939556043212,True,True,eligible_regular_session
2012-07-02,2012-07-02,2012-07-02,390,389,4.247712099719265e-05,0.0026768083512308683,True,True,eligible_regular_session
2012-07-03,2012-07-03,2012-07-03,231,230,9.327834381377903e-06,0.006220087803353774,False,False,short_or_incomplete
2012-07-05,2012-07-05,2012-07-05,390,389,2.847572200784481e-05,-0.0014173621906093826,True,True,eligible_regular_session
2012-07-06,2012-07-06,2012-07-06,390,389,3.270399006605256e-05,-0.003537192065416022,True,True,eligible_regular_session
2012-07-09,2012-07-09,2012-07-09,390,389,2.740529731375775e-05,-0.00017005356728334604,True,True,eligible_regular_session
2012-07-10,2012-07-10,2012-07-10,390,389,3.896990389278203e-05,-0.012262364923922206,True,True,eligible_regular_session
2012-07-11,2012-07-11,2012-07-11,390,389,5.301895636577458e-05,0.0007232464385951236,True,True,eligible_regular_session
2012-07-12,2012-07-12,2012-07-12,390,389,4.8608434105368256e-05,0.00021725857226717398,True,True,eligible_regular_session
2012-07-13,2012-07-13,2012-07-13,390,389,2.3595271875278638e-05,0.01321172128933978,True,True,eligible_regular_session
2012-07-16,2012-07-16,2012-07-16,390,389,2.5006560464587376e-05,-0.0001403513958033105,True,True,eligible_regular_session
2012-07-17,2012-07-17,2012-07-17,390,389,4.394322314349958e-05,0.0033136333675313576,True,True,eligible_regular_session
2012-07-18,2012-07-18,2012-07-18,390,389,2.303176657439007e-05,0.009170985212765374,True,True,eligible_regular_session
2012-07-19,2012-07-19,2012-07-19,390,389,3.258117338458255e-05,0.001141299533244138,True,True,eligible_regular_session
2012-07-20,2012-07-20,2012-07-20,390,389,2.6768080979432238e-05,-0.006042093461170001,True,True,eligible_regular_session
2012-07-23,2012-07-23,2012-07-23,390,389,4.094292445063313e-05,0.0019419352812171593,True,True,eligible_regular_session
2012-07-24,2012-07-24,2012-07-24,390,389,5.757712991986846e-05,-0.009454137116640756,True,True,eligible_regular_session
2012-07-25,2012-07-25,2012-07-25,390,389,4.4472930641593876e-05,-0.001172792837712873,True,True,eligible_regular_session
2012-07-26,2012-07-26,2012-07-26,390,389,5.083197467685238e-05,0.007737553738951527,True,True,eligible_regular_session
2012-07-27,2012-07-27,2012-07-27,390,389,4.7670086519923505e-05,0.014976325511102328,True,True,eligible_regular_session
2012-07-30,2012-07-30,2012-07-30,390,389,3.072456626733871e-05,7.219304419961449e-06,True,True,eligible_regular_session
2012-07-31,2012-07-31,2012-07-31,390,389,2.8101204562181546e-05,-0.0027432873659340965,True,True,eligible_regular_session
2012-08-01,2012-08-01,2012-08-01,390,389,4.530584631047361e-05,-0.006001975177660995,True,True,eligible_regular_session
2012-08-02,2012-08-02,2012-08-02,390,389,7.048166066151296e-05,-0.0017934335874755624,True,True,eligible_regular_session
2012-08-03,2012-08-03,2012-08-03,390,389,2.9615195578979383e-05,0.010241451754108781,True,True,eligible_regular_session
2012-08-06,2012-08-06,2012-08-06,390,389,1.3802275983165292e-05,-8.607148241915846e-05,True,True,eligible_regular_session
2012-08-07,2012-08-07,2012-08-07,390,389,1.0443409145504345e-05,0.0010212645284068693,True,True,eligible_regular_session
2012-08-08,2012-08-08,2012-08-08,390,389,1.3462987746495595e-05,0.003422275257135586,True,True,eligible_regular_session
2012-08-09,2012-08-09,2012-08-09,390,389,1.5171101743058229e-05,0.001269841440475937,True,True,eligible_regular_session
2012-08-10,2012-08-10,2012-08-10,390,389,1.543291243885607e-05,0.00477127022632737,True,True,eligible_regular_session
2012-08-13,2012-08-13,2012-08-13,390,389,1.612055758992071e-05,0.00017094382400227424,True,True,eligible_regular_session
2012-08-14,2012-08-14,2012-08-14,390,389,2.009553138065655e-05,-0.0032996054769080098,True,True,eligible_regular_session
2012-08-15,2012-08-15,2012-08-15,390,389,1.3031366401525425e-05,0.0023008739933495282,True,True,eligible_regular_session
2012-08-16,2012-08-16,2012-08-16,390,389,1.0245556063226172e-05,0.005760600916522592,True,True,eligible_regular_session
2012-08-17,2012-08-17,2012-08-17,390,389,7.722997155144124e-06,0.0012204457905097817,True,True,eligible_regular_session
2012-08-20,2012-08-20,2012-08-20,390,389,1.1279851682660996e-05,0.0014326599460225404,True,True,eligible_regular_session
2012-08-21,2012-08-21,2012-08-21,390,389,1.98623128636556e-05,-0.005405571148870382,True,True,eligible_regular_session
2012-08-22,2012-08-22,2012-08-22,390,389,3.0604370986465676e-05,0.0016282382523619796,True,True,eligible_regular_session
2012-08-23,2012-08-23,2012-08-23,390,389,2.512463129651425e-05,-0.005993469934958245,True,True,eligible_regular_session
2012-08-24,2012-08-24,2012-08-24,390,389,2.1350823567905737e-05,0.00803308611319127,True,True,eligible_regular_session
2012-08-27,2012-08-27,2012-08-27,390,389,1.5145045598323531e-05,-0.0019055383243071313,True,True,eligible_regular_session
2012-08-28,2012-08-28,2012-08-28,390,389,1.8420178799205086e-05,0.0011430073694036304,True,True,eligible_regular_session
2012-08-29,2012-08-29,2012-08-29,390,389,1.1034667344938306e-05,0.0003474179437315026,True,True,eligible_regular_session
2012-08-30,2012-08-30,2012-08-30,390,389,1.3363176238282886e-05,-0.002447352837471488,True,True,eligible_regular_session
2012-08-31,2012-08-31,2012-08-31,390,389,5.2856859902600226e-05,0.0004548749882977761,True,True,eligible_regular_session
2012-09-04,2012-09-04,2012-09-04,390,389,2.543314012868666e-05,-0.0007256326483144554,True,True,eligible_regular_session
2012-09-05,2012-09-05,2012-09-05,390,389,2.13723784194524e-05,-0.0012249841286831851,True,True,eligible_regular_session
2012-09-06,2012-09-06,2012-09-06,390,389,2.1824780897215238e-05,0.01428339525150684,True,True,eligible_regular_session
2012-09-07,2012-09-07,2012-09-07,390,389,1.2533747277069825e-05,0.0035324523847838243,True,True,eligible_regular_session
2012-09-10,2012-09-10,2012-09-10,390,389,1.1578363011267577e-05,-0.0051713243470747905,True,True,eligible_regular_session
2012-09-11,2012-09-11,2012-09-11,390,389,1.3181667306740313e-05,0.0025136869453039504,True,True,eligible_regular_session
2012-09-12,2012-09-12,2012-09-12,390,389,1.555026077850575e-05,-0.0005428541734731687,True,True,eligible_regular_session
2012-09-13,2012-09-13,2012-09-13,390,389,7.498693609806758e-05,0.015793163821245997,True,True,eligible_regular_session
2012-09-14,2012-09-14,2012-09-14,390,389,2.6526934000553568e-05,0.001222439772932509,True,True,eligible_regular_session
2012-09-17,2012-09-17,2012-09-17,390,389,1.5472239509956935e-05,-0.0019905949283614078,True,True,eligible_regular_session
2012-09-18,2012-09-18,2012-09-18,390,389,1.558666450454681e-05,0.0003426840418163899,True,True,eligible_regular_session
2012-09-19,2012-09-19,2012-09-19,390,389,1.584235422008643e-05,0.0008490185445399675,True,True,eligible_regular_session
2012-09-20,2012-09-20,2012-09-20,390,389,2.0265311665559154e-05,0.0033060602293865965,True,True,eligible_regular_session
2012-09-21,2012-09-21,2012-09-21,390,389,1.0625468407901514e-05,-0.0028181749776261316,True,True,eligible_regular_session
2012-09-24,2012-09-24,2012-09-24,390,389,1.570967922966273e-05,0.002700503604699662,True,True,eligible_regular_session
2012-09-25,2012-09-25,2012-09-25,390,389,3.0512781328974073e-05,-0.012995518075508599,True,True,eligible_regular_session
2012-09-26,2012-09-26,2012-09-26,390,389,3.188191832322779e-05,-0.005100010706405647,True,True,eligible_regular_session
2012-09-27,2012-09-27,2012-09-27,390,389,2.4400284673752043e-05,0.0061629097562305645,True,True,eligible_regular_session
2012-09-28,2012-09-28,2012-09-28,390,389,3.396826661154064e-05,-0.0009506000944811215,True,True,eligible_regular_session
2012-10-01,2012-10-01,2012-10-01,390,389,4.830819184103752e-05,-0.0006507036828218153,True,True,eligible_regular_session
2012-10-02,2012-10-02,2012-10-02,390,389,4.101205534463594e-05,-0.0019834900019955236,True,True,eligible_regular_session
2012-10-03,2012-10-03,2012-10-03,390,389,2.5331347287960737e-05,0.0021181405546500005,True,True,eligible_regular_session
2012-10-04,2012-10-04,2012-10-04,390,389,2.2393696842509325e-05,0.00456750192263169,True,True,eligible_regular_session
2012-10-05,2012-10-05,2012-10-05,390,389,2.029288137680346e-05,-0.004187808207448748,True,True,eligible_regular_session
2012-10-08,2012-10-08,2012-10-08,390,389,1.3240873582769284e-05,0.0006939124918171981,True,True,eligible_regular_session
2012-10-09,2012-10-09,2012-10-09,390,389,2.6727209501267832e-05,-0.008420098996387147,True,True,eligible_regular_session
2012-10-10,2012-10-10,2012-10-10,390,389,3.0634970550891206e-05,-0.005901816205031472,True,True,eligible_regular_session
2012-10-11,2012-10-11,2012-10-11,390,389,2.078727229541371e-05,-0.005331452813431765,True,True,eligible_regular_session
2012-10-12,2012-10-12,2012-10-12,390,389,2.858711361921586e-05,-0.002983898259776868,True,True,eligible_regular_session
2012-10-15,2012-10-15,2012-10-15,390,389,2.39890595378553e-05,0.006569918464714449,True,True,eligible_regular_session
2012-10-16,2012-10-16,2012-10-16,390,389,1.1173037016500506e-05,0.0061302715451264185,True,True,eligible_regular_session
2012-10-17,2012-10-17,2012-10-17,390,389,1.360915313340609e-05,0.004514277699175836,True,True,eligible_regular_session
2012-10-18,2012-10-18,2012-10-18,390,389,2.62210684536205e-05,-0.00036355530042193467,True,True,eligible_regular_session
2012-10-19,2012-10-19,2012-10-19,390,389,3.3398541186630985e-05,-0.014904561584254223,True,True,eligible_regular_session
2012-10-22,2012-10-22,2012-10-22,390,389,4.3263069373364254e-05,0.0014448700909288495,True,True,eligible_regular_session
2012-10-23,2012-10-23,2012-10-23,390,389,4.575718026422175e-05,-0.006185114134017471,True,True,eligible_regular_session
2012-10-24,2012-10-24,2012-10-24,390,389,3.904678518287345e-05,-0.006204454977946703,True,True,eligible_regular_session
2012-10-25,2012-10-25,2012-10-25,390,389,3.6919071222872086e-05,-0.0031729345145925718,True,True,eligible_regular_session
2012-10-26,2012-10-26,2012-10-26,390,389,4.9561908583472655e-05,-0.0005452775208132614,True,True,eligible_regular_session
2012-10-31,2012-10-31,2012-10-31,390,389,3.44753491263507e-05,-0.000813701359908594,True,True,eligible_regular_session
2012-11-01,2012-11-01,2012-11-01,390,389,2.2339237034795926e-05,0.008318016742539269,True,True,eligible_regular_session
2012-11-02,2012-11-02,2012-11-02,390,389,3.406032340598767e-05,-0.012538402376676963,True,True,eligible_regular_session
2012-11-05,2012-11-05,2012-11-05,390,389,2.3916504907542977e-05,0.00400941014769044,True,True,eligible_regular_session
2012-11-06,2012-11-06,2012-11-06,390,389,2.7027778705620335e-05,0.005603829191041402,True,True,eligible_regular_session
2012-11-07,2012-11-07,2012-11-07,390,389,7.802846932206337e-05,-0.015029316255774014,True,True,eligible_regular_session
2012-11-08,2012-11-08,2012-11-08,390,389,6.227320219428603e-05,-0.012702270132080222,True,True,eligible_regular_session
2012-11-09,2012-11-09,2012-11-09,390,389,7.574069671381558e-05,0.004023770336512521,True,True,eligible_regular_session
2012-11-12,2012-11-12,2012-11-12,390,389,1.614814605481181e-05,-0.0015495010666720847,True,True,eligible_regular_session
2012-11-13,2012-11-13,2012-11-13,390,389,4.599942046003656e-05,0.0012518925589824568,True,True,eligible_regular_session
2012-11-14,2012-11-14,2012-11-14,390,389,5.885115926818383e-05,-0.01599038809452351,True,True,eligible_regular_session
2012-11-15,2012-11-15,2012-11-15,390,389,6.198081248058308e-05,-0.0013143032024912134,True,True,eligible_regular_session
2012-11-16,2012-11-16,2012-11-16,390,389,8.492103855250647e-05,0.004399790424891787,True,True,eligible_regular_session
2012-11-19,2012-11-19,2012-11-19,390,389,2.7953156566522396e-05,0.011783365553493205,True,True,eligible_regular_session
2012-11-20,2012-11-20,2012-11-20,390,389,3.8687968913555715e-05,0.0028359396543734708,True,True,eligible_regular_session
2012-11-21,2012-11-21,2012-11-21,390,389,1.3920725356087244e-05,0.0021158545795467534,True,True,eligible_regular_session
2012-11-23,2012-11-23,2012-11-23,231,230,7.574228492612614e-06,0.008738348714257944,False,False,short_or_incomplete
2012-11-26,2012-11-26,2012-11-26,390,389,2.0678392306566458e-05,0.0017509773643626077,True,True,eligible_regular_session
2012-11-27,2012-11-27,2012-11-27,390,389,3.873654425126338e-05,-0.0036751235778911943,True,True,eligible_regular_session
2012-11-28,2012-11-28,2012-11-28,390,389,5.501904570901541e-05,0.01163011218086108,True,True,eligible_regular_session
2012-11-29,2012-11-29,2012-11-29,390,389,3.873566283938569e-05,0.0005723229046515134,True,True,eligible_regular_session
2012-11-30,2012-11-30,2012-11-30,390,389,2.572106470976051e-05,0.0004308655165878412,True,True,eligible_regular_session
2012-12-03,2012-12-03,2012-12-03,390,389,3.082959499903744e-05,-0.008928441537132304,True,True,eligible_regular_session
2012-12-04,2012-12-04,2012-12-04,390,389,3.747880830167232e-05,-0.0012784819060581009,True,True,eligible_regular_session
2012-12-05,2012-12-05,2012-12-05,390,389,4.72184658417031e-05,0.0020736581919036925,True,True,eligible_regular_session
2012-12-06,2012-12-06,2012-12-06,390,389,2.3773783667421765e-05,0.004856357358179553,True,True,eligible_regular_session
2012-12-07,2012-12-07,2012-12-07,390,389,2.9698226543092573e-05,0.0002820993854836336,True,True,eligible_regular_session
2012-12-10,2012-12-10,2012-12-10,390,389,1.4066732698637104e-05,0.0019687476589638157,True,True,eligible_regular_session
2012-12-11,2012-12-11,2012-12-11,390,389,2.159542438217306e-05,0.003619735699301118,True,True,eligible_regular_session
2012-12-12,2012-12-12,2012-12-12,390,389,2.669582511768613e-05,-0.002069800541740932,True,True,eligible_regular_session
2012-12-13,2012-12-13,2012-12-13,390,389,2.2557813689005217e-05,-0.005339266031745584,True,True,eligible_regular_session
2012-12-14,2012-12-14,2012-12-14,390,389,1.684960958193689e-05,-0.001717818722492811,True,True,eligible_regular_session
2012-12-17,2012-12-17,2012-12-17,390,389,1.88647749526652e-05,0.00904538661668379,True,True,eligible_regular_session
2012-12-18,2012-12-18,2012-12-18,390,389,1.9060784318008188e-05,0.010193003237308245,True,True,eligible_regular_session
2012-12-19,2012-12-19,2012-12-19,390,389,1.863627402856492e-05,-0.007892076802937095,True,True,eligible_regular_session
2012-12-20,2012-12-20,2012-12-20,390,389,2.4541099882978442e-05,0.0045482241411625305,True,True,eligible_regular_session
2012-12-21,2012-12-21,2012-12-21,390,389,4.736439067039014e-05,-0.004011992501215647,True,True,eligible_regular_session
2012-12-24,2012-12-24,2012-12-24,231,230,7.407780121023365e-06,-0.0004905361658546693,False,False,short_or_incomplete
2012-12-26,2012-12-26,2012-12-26,390,389,2.05406571918201e-05,-0.00518376076498123,True,True,eligible_regular_session
2012-12-27,2012-12-27,2012-12-27,390,389,6.357710401240672e-05,-0.0012546434018424319,True,True,eligible_regular_session
2012-12-28,2012-12-28,2012-12-28,390,389,4.465097065358827e-05,-0.0056860738151879135,True,True,eligible_regular_session
2012-12-31,2012-12-31,2012-12-31,390,389,8.8229881475298e-05,0.019370088234693897,True,True,eligible_regular_session
2013-01-02,2013-01-02,2013-01-02,390,389,4.3929584222428904e-05,0.012338355368385215,True,True,eligible_regular_session
2013-01-03,2013-01-03,2013-01-03,390,389,2.492456079065962e-05,-0.0013424199817414788,True,True,eligible_regular_session
2013-01-04,2013-01-04,2013-01-04,390,389,1.6334615398792275e-05,0.0037242718369393996,True,True,eligible_regular_session
2013-01-07,2013-01-07,2013-01-07,390,389,1.4519500176012795e-05,-0.00018469052419103378,True,True,eligible_regular_session
2013-01-08,2013-01-08,2013-01-08,390,389,1.701857256630911e-05,-0.0020362905423959693,True,True,eligible_regular_session
2013-01-09,2013-01-09,2013-01-09,390,389,1.4263302126417321e-05,0.00045183507419568506,True,True,eligible_regular_session
2013-01-10,2013-01-10,2013-01-10,390,389,1.839219309990348e-05,0.002264806368247801,True,True,eligible_regular_session
2013-01-11,2013-01-11,2013-01-11,390,389,9.568279944039152e-06,0.00011551855954419341,True,True,eligible_regular_session
2013-01-14,2013-01-14,2013-01-14,390,389,1.3589519654568584e-05,0.00013599058966082993,True,True,eligible_regular_session
2013-01-15,2013-01-15,2013-01-15,390,389,1.2151560543181532e-05,0.004642938424322553,True,True,eligible_regular_session
2013-01-16,2013-01-16,2013-01-16,390,389,8.668811862137758e-06,0.0014882825998285627,True,True,eligible_regular_session
2013-01-17,2013-01-17,2013-01-17,390,389,1.1536831720331608e-05,0.0032795450206608897,True,True,eligible_regular_session
2013-01-18,2013-01-18,2013-01-18,390,389,1.1766803349109014e-05,0.0036139824788478866,True,True,eligible_regular_session
2013-01-22,2013-01-22,2013-01-22,390,389,1.0261113468661393e-05,0.0041847669946544225,True,True,eligible_regular_session
2013-01-23,2013-01-23,2013-01-23,390,389,7.451793339658414e-06,0.0003814201589987787,True,True,eligible_regular_session
2013-01-24,2013-01-24,2013-01-24,390,389,1.562497858971537e-05,0.002544496558400352,True,True,eligible_regular_session
2013-01-25,2013-01-25,2013-01-25,390,389,1.6927367935698814e-05,0.003019146869057444,True,True,eligible_regular_session
2013-01-28,2013-01-28,2013-01-28,390,389,1.208014632884425e-05,-0.0016917660340121632,True,True,eligible_regular_session
2013-01-29,2013-01-29,2013-01-29,390,389,1.322244826306511e-05,0.005926485244678706,True,True,eligible_regular_session
2013-01-30,2013-01-30,2013-01-30,390,389,1.662592813708135e-05,-0.0037150675585274607,True,True,eligible_regular_session
2013-01-31,2013-01-31,2013-01-31,390,389,1.6632391515392425e-05,-0.0012139485496030654,True,True,eligible_regular_session
2013-02-01,2013-02-01,2013-02-01,390,389,1.7667663235592425e-05,0.00558012753962183,True,True,eligible_regular_session
2013-02-04,2013-02-04,2013-02-04,390,389,1.9591020023600768e-05,-0.006975866038715208,True,True,eligible_regular_session
2013-02-05,2013-02-05,2013-02-05,390,389,1.347400006912891e-05,0.0063594696610885185,True,True,eligible_regular_session
2013-02-06,2013-02-06,2013-02-06,390,389,1.4432252147017307e-05,0.003186287758923139,True,True,eligible_regular_session
2013-02-07,2013-02-07,2013-02-07,390,389,2.468224911587822e-05,-0.0014831198549987317,True,True,eligible_regular_session
2013-02-08,2013-02-08,2013-02-08,390,389,8.922079698192146e-06,0.0032936779994324505,True,True,eligible_regular_session
2013-02-11,2013-02-11,2013-02-11,390,389,8.888830880332485e-06,0.00023733864380059982,True,True,eligible_regular_session
2013-02-12,2013-02-12,2013-02-12,390,389,6.944545921870254e-06,0.001587213062529207,True,True,eligible_regular_session
2013-02-13,2013-02-13,2013-02-13,390,389,1.0656209304140726e-05,-0.00072993903975877,True,True,eligible_regular_session
2013-02-14,2013-02-14,2013-02-14,390,389,1.0281116241440686e-05,0.004123309754451877,True,True,eligible_regular_session
2013-02-15,2013-02-15,2013-02-15,390,389,1.2978575026229786e-05,-0.0021500364977917632,True,True,eligible_regular_session
2013-02-19,2013-02-19,2013-02-19,390,389,8.85910394001065e-06,0.005180900592538182,True,True,eligible_regular_session
2013-02-20,2013-02-20,2013-02-20,390,389,2.4012262075564477e-05,-0.011697347150123492,True,True,eligible_regular_session
2013-02-21,2013-02-21,2013-02-21,390,389,2.8269371046895523e-05,-0.0030898574344547284,True,True,eligible_regular_session
2013-02-22,2013-02-22,2013-02-22,390,389,1.663248463667035e-05,0.00448452007293351,True,True,eligible_regular_session
2013-02-25,2013-02-25,2013-02-25,390,389,4.8412783219279766e-05,-0.02271443424101565,True,True,eligible_regular_session
2013-02-26,2013-02-26,2013-02-26,390,389,4.934726853693225e-05,0.002199970796523709,True,True,eligible_regular_session
2013-02-27,2013-02-27,2013-02-27,390,389,2.7005501071642006e-05,0.013147250539164178,True,True,eligible_regular_session
2013-02-28,2013-02-28,2013-02-28,390,389,2.2958979116896002e-05,-0.0005212233692043334,True,True,eligible_regular_session
2013-03-01,2013-03-01,2013-03-01,390,389,4.326377895488292e-05,0.006031536767932262,True,True,eligible_regular_session
2013-03-04,2013-03-04,2013-03-04,390,389,2.2005745378569163e-05,0.006823045771039698,True,True,eligible_regular_session
2013-03-05,2013-03-05,2013-03-05,390,389,1.849435142454539e-05,0.0043877707774299095,True,True,eligible_regular_session
2013-03-06,2013-03-06,2013-03-06,390,389,1.3892303697115153e-05,-0.001782398802260686,True,True,eligible_regular_session
2013-03-07,2013-03-07,2013-03-07,390,389,1.2117171029561693e-05,0.0011465922529981458,True,True,eligible_regular_session
2013-03-08,2013-03-08,2013-03-08,390,389,1.3730569979446025e-05,0.00020638770002582486,True,True,eligible_regular_session
2013-03-11,2013-03-11,2013-03-11,390,389,6.7016580831912205e-06,0.0043665941733324765,True,True,eligible_regular_session
2013-03-12,2013-03-12,2013-03-12,390,389,1.344623684315663e-05,-0.0016281250881633664,True,True,eligible_regular_session
2013-03-13,2013-03-13,2013-03-13,390,389,1.1998781211142775e-05,0.001480814074355343,True,True,eligible_regular_session
2013-03-14,2013-03-14,2013-03-14,390,389,7.1130368039268015e-06,0.003268395629341013,True,True,eligible_regular_session
2013-03-15,2013-03-15,2013-03-15,390,389,9.256215616579046e-06,-0.0007879489073701726,True,True,eligible_regular_session
2013-03-18,2013-03-18,2013-03-18,390,389,2.2636168687266234e-05,0.0022120977828662663,True,True,eligible_regular_session
2013-03-19,2013-03-19,2013-03-19,390,389,4.537277609944598e-05,-0.004735391174569176,True,True,eligible_regular_session
2013-03-20,2013-03-20,2013-03-20,390,389,1.7905316584878042e-05,0.0011680894723951928,True,True,eligible_regular_session
2013-03-21,2013-03-21,2013-03-21,390,389,2.530995876722743e-05,-0.003370985620461334,True,True,eligible_regular_session
2013-03-22,2013-03-22,2013-03-22,390,389,1.5561531916617647e-05,0.00359101474782733,True,True,eligible_regular_session
2013-03-25,2013-03-25,2013-03-25,390,389,3.149317832276757e-05,-0.006249077036677177,True,True,eligible_regular_session
2013-03-26,2013-03-26,2013-03-26,390,389,1.5158868063118453e-05,0.0036708103219731613,True,True,eligible_regular_session
2013-03-27,2013-03-27,2013-03-27,390,389,1.6160037109933945e-05,0.0052079776501573714,True,True,eligible_regular_session
2013-03-28,2013-03-28,2013-03-28,390,389,1.033547913384212e-05,0.0034659424805856265,True,True,eligible_regular_session
2013-04-01,2013-04-01,2013-04-01,390,389,1.7971950609202874e-05,-0.0037123813030855665,True,True,eligible_regular_session
2013-04-02,2013-04-02,2013-04-02,390,389,1.314262915051901e-05,0.0022445124103407507,True,True,eligible_regular_session
2013-04-03,2013-04-03,2013-04-03,390,389,2.4856306598964293e-05,-0.010691317755194702,True,True,eligible_regular_session
2013-04-04,2013-04-04,2013-04-04,390,389,2.769247312117435e-05,0.003717918012973808,True,True,eligible_regular_session
2013-04-05,2013-04-05,2013-04-05,390,389,2.5788129542934794e-05,0.00481477630793551,True,True,eligible_regular_session
2013-04-08,2013-04-08,2013-04-08,390,389,1.732998101468267e-05,0.006026608403460479,True,True,eligible_regular_session
2013-04-09,2013-04-09,2013-04-09,390,389,1.81698609533302e-05,0.0017738873192484812,True,True,eligible_regular_session
2013-04-10,2013-04-10,2013-04-10,390,389,1.7349658795946546e-05,0.009716280979321654,True,True,eligible_regular_session
2013-04-11,2013-04-11,2013-04-11,390,389,1.6042118410504163e-05,0.003402101766184517,True,True,eligible_regular_session
2013-04-12,2013-04-12,2013-04-12,390,389,1.97095499272285e-05,-0.000604081342818124,True,True,eligible_regular_session
2013-04-15,2013-04-15,2013-04-15,390,389,6.030348612313889e-05,-0.01894246153237187,True,True,eligible_regular_session
2013-04-16,2013-04-16,2013-04-16,390,389,3.144194704227873e-05,0.008817262796878373,True,True,eligible_regular_session
2013-04-17,2013-04-17,2013-04-17,390,389,6.250190391015859e-05,-0.008443579251563277,True,True,eligible_regular_session
2013-04-18,2013-04-18,2013-04-18,390,389,5.933598888127618e-05,-0.008023402516854962,True,True,eligible_regular_session
2013-04-19,2013-04-19,2013-04-19,390,389,2.8351826751503253e-05,0.008807955639302234,True,True,eligible_regular_session
2013-04-22,2013-04-22,2013-04-22,390,389,3.628213934192015e-05,0.003108628138312515,True,True,eligible_regular_session
2013-04-23,2013-04-23,2013-04-23,390,389,8.507306218356037e-05,0.006443190244953143,True,True,eligible_regular_session
2013-04-24,2013-04-24,2013-04-24,390,389,1.974164874421648e-05,0.00044362199064598056,True,True,eligible_regular_session
2013-04-25,2013-04-25,2013-04-25,390,389,1.6946532164674523e-05,0.0020774471929181837,True,True,eligible_regular_session
2013-04-26,2013-04-26,2013-04-26,390,389,1.976353145372176e-05,-0.00041693515367270857,True,True,eligible_regular_session
2013-04-29,2013-04-29,2013-04-29,390,389,1.0998794897648577e-05,0.004031008335363589,True,True,eligible_regular_session
2013-04-30,2013-04-30,2013-04-30,390,389,1.7348127740879805e-05,0.0026834040139651336,True,True,eligible_regular_session
2013-05-01,2013-05-01,2013-05-01,390,389,3.0328437606833086e-05,-0.007340291062782069,True,True,eligible_regular_session
2013-05-02,2013-05-02,2013-05-02,390,389,1.4887131365508916e-05,0.007520651170181452,True,True,eligible_regular_session
2013-05-03,2013-05-03,2013-05-03,390,389,1.3643134396496727e-05,0.004308638830082088,True,True,eligible_regular_session
2013-05-06,2013-05-06,2013-05-06,390,389,6.483156472737012e-06,0.0017886379868730965,True,True,eligible_regular_session
2013-05-07,2013-05-07,2013-05-07,390,389,9.427025002832063e-06,0.0035245367403757546,True,True,eligible_regular_session
2013-05-08,2013-05-08,2013-05-08,390,389,7.02307511065999e-06,0.005022945354662874,True,True,eligible_regular_session
2013-05-09,2013-05-09,2013-05-09,390,389,2.1828818358332266e-05,-0.0029535044419472497,True,True,eligible_regular_session
2013-05-10,2013-05-10,2013-05-10,390,389,2.0452180110274354e-05,0.003201023135189798,True,True,eligible_regular_session
2013-05-13,2013-05-13,2013-05-13,390,389,1.3088496386804478e-05,0.0022118955028823644,True,True,eligible_regular_session
2013-05-14,2013-05-14,2013-05-14,390,389,1.1119758109669569e-05,0.008972273112438834,True,True,eligible_regular_session
2013-05-15,2013-05-15,2013-05-15,390,389,1.9922144406280794e-05,0.006672599748079785,True,True,eligible_regular_session
2013-05-16,2013-05-16,2013-05-16,390,389,1.85071673024308e-05,-0.0035434441100947356,True,True,eligible_regular_session
2013-05-17,2013-05-17,2013-05-17,390,389,1.3657981780308225e-05,0.007029694377343301,True,True,eligible_regular_session
2013-05-20,2013-05-20,2013-05-20,390,389,1.4584178847931447e-05,0.0003841721138299733,True,True,eligible_regular_session
2013-05-21,2013-05-21,2013-05-21,390,389,2.0181786686425213e-05,0.0009110198057657672,True,True,eligible_regular_session
2013-05-22,2013-05-22,2013-05-22,390,389,8.132983218802049e-05,-0.009439250499980373,True,True,eligible_regular_session
2013-05-23,2013-05-23,2013-05-23,390,389,5.710737273693248e-05,0.0038785970365307894,True,True,eligible_regular_session
2013-05-24,2013-05-24,2013-05-24,390,389,2.8579960766107163e-05,0.004563068996306473,True,True,eligible_regular_session
2013-05-28,2013-05-28,2013-05-28,390,389,3.5733437824778986e-05,-0.00037933183861811734,True,True,eligible_regular_session
2013-05-29,2013-05-29,2013-05-29,390,389,3.698694074729402e-05,-0.0012305679441143664,True,True,eligible_regular_session
2013-05-30,2013-05-30,2013-05-30,390,389,2.3223652846885138e-05,0.0024081525747863173,True,True,eligible_regular_session
2013-05-31,2013-05-31,2013-05-31,390,389,3.742280101806971e-05,-0.01076511462829947,True,True,eligible_regular_session
2013-06-03,2013-06-03,2013-06-03,390,389,7.512732374895757e-05,0.004294959269231186,True,True,eligible_regular_session
2013-06-04,2013-06-04,2013-06-04,390,389,5.218472408711861e-05,-0.005166516642100597,True,True,eligible_regular_session
2013-06-05,2013-06-05,2013-06-05,390,389,6.271663686710064e-05,-0.010498946387948536,True,True,eligible_regular_session
2013-06-06,2013-06-06,2013-06-06,390,389,6.342030749002667e-05,0.009109070747197733,True,True,eligible_regular_session
2013-06-07,2013-06-07,2013-06-07,390,389,3.876976539084179e-05,0.009085080157404347,True,True,eligible_regular_session
2013-06-10,2013-06-10,2013-06-10,390,389,3.179268152030293e-05,-0.003136799756223179,True,True,eligible_regular_session
2013-06-11,2013-06-11,2013-06-11,390,389,4.3613083561954235e-05,-0.0026656036420486125,True,True,eligible_regular_session
2013-06-12,2013-06-12,2013-06-12,390,389,5.170279493713686e-05,-0.013856351955571576,True,True,eligible_regular_session
2013-06-13,2013-06-13,2013-06-13,390,389,3.264156826625283e-05,0.015227235993542388,True,True,eligible_regular_session
2013-06-14,2013-06-14,2013-06-14,390,389,3.831491652542667e-05,-0.004814645795540451,True,True,eligible_regular_session
2013-06-17,2013-06-17,2013-06-17,390,389,3.3928282683879944e-05,0.0008789599540430027,True,True,eligible_regular_session
2013-06-18,2013-06-18,2013-06-18,390,389,1.9874066426908705e-05,0.006371401968850513,True,True,eligible_regular_session
2013-06-19,2013-06-19,2013-06-19,390,389,7.967549495862623e-05,-0.013358529315193228,True,True,eligible_regular_session
2013-06-20,2013-06-20,2013-06-20,390,389,8.717739901654742e-05,-0.01867371225620371,True,True,eligible_regular_session
2013-06-21,2013-06-21,2013-06-21,390,389,9.599388507029424e-05,-0.0002072298091795644,True,True,eligible_regular_session
2013-06-24,2013-06-24,2013-06-24,390,389,0.00012159530228941686,-0.005773860083264052,True,True,eligible_regular_session
2013-06-25,2013-06-25,2013-06-25,390,389,6.183957939124654e-05,0.003179091338737321,True,True,eligible_regular_session
2013-06-26,2013-06-26,2013-06-26,390,389,3.2810752467996576e-05,0.003542015903400734,True,True,eligible_regular_session
2013-06-27,2013-06-27,2013-06-27,390,389,2.3846702986873766e-05,0.0011599454203372352,True,True,eligible_regular_session
2013-06-28,2013-06-28,2013-06-28,390,389,3.6251329120926776e-05,-0.0022573864335966756,True,True,eligible_regular_session
2013-07-01,2013-07-01,2013-07-01,390,389,2.8042750604110754e-05,0.00020437296278770836,True,True,eligible_regular_session
2013-07-02,2013-07-02,2013-07-02,390,389,3.341023051349261e-05,0.000737296386261059,True,True,eligible_regular_session
2013-07-03,2013-07-03,2013-07-03,231,230,2.618609118217817e-05,0.004355115761344378,False,False,short_or_incomplete
2013-07-05,2013-07-05,2013-07-05,390,389,3.897804563790312e-05,0.0051970826627970555,True,True,eligible_regular_session
2013-07-08,2013-07-08,2013-07-08,390,389,2.1863100714570334e-05,0.0008659962852079325,True,True,eligible_regular_session
2013-07-09,2013-07-09,2013-07-09,390,389,1.7520377396986785e-05,0.0030849724606221694,True,True,eligible_regular_session
2013-07-10,2013-07-10,2013-07-10,390,389,3.684028987765353e-05,0.00010894696714532839,True,True,eligible_regular_session
2013-07-11,2013-07-11,2013-07-11,390,389,1.989095031963037e-05,0.007044391843243128,True,True,eligible_regular_session
2013-07-12,2013-07-12,2013-07-12,390,389,1.1484236685937483e-05,0.002802057469076395,True,True,eligible_regular_session
2013-07-15,2013-07-15,2013-07-15,390,389,6.058490675547368e-06,0.0009454072644302661,True,True,eligible_regular_session
2013-07-16,2013-07-16,2013-07-16,390,389,1.1414535768176006e-05,-0.003952974339269291,True,True,eligible_regular_session
2013-07-17,2013-07-17,2013-07-17,390,389,1.573966494879813e-05,0.0003153701311123022,True,True,eligible_regular_session
2013-07-18,2013-07-18,2013-07-18,390,389,9.533594215607432e-06,0.004045610519693722,True,True,eligible_regular_session
2013-07-19,2013-07-19,2013-07-19,390,389,1.0176674440381397e-05,0.0036832236056342687,True,True,eligible_regular_session
2013-07-22,2013-07-22,2013-07-22,390,389,7.4665509529956395e-06,0.0005310016585819111,True,True,eligible_regular_session
2013-07-23,2013-07-23,2013-07-23,390,389,7.376636937930562e-06,-0.003255948516274664,True,True,eligible_regular_session
2013-07-24,2013-07-24,2013-07-24,390,389,1.725681018712404e-05,-0.007027319511517474,True,True,eligible_regular_session
2013-07-25,2013-07-25,2013-07-25,390,389,1.5821101578877284e-05,0.004994168046147038,True,True,eligible_regular_session
2013-07-26,2013-07-26,2013-07-26,390,389,1.5704133430959655e-05,0.004336602450135008,True,True,eligible_regular_session
2013-07-29,2013-07-29,2013-07-29,390,389,1.3335003021519084e-05,-0.0015887039401562713,True,True,eligible_regular_session
2013-07-30,2013-07-30,2013-07-30,390,389,1.3407985488382167e-05,-0.0024105174145048805,True,True,eligible_regular_session
2013-07-31,2013-07-31,2013-07-31,390,389,3.5320266614568185e-05,-0.002007896027115469,True,True,eligible_regular_session
2013-08-01,2013-08-01,2013-08-01,390,389,1.5429012792182018e-05,0.006767727840687167,True,True,eligible_regular_session
2013-08-02,2013-08-02,2013-08-02,390,389,1.0673015983439435e-05,0.0024134932954708492,True,True,eligible_regular_session
2013-08-05,2013-08-05,2013-08-05,390,389,6.454401815636133e-06,0.0005038639439624287,True,True,eligible_regular_session
2013-08-06,2013-08-06,2013-08-06,390,389,1.0425858838445856e-05,-0.004139137162248207,True,True,eligible_regular_session
2013-08-07,2013-08-07,2013-08-07,390,389,1.3301723761001466e-05,-0.0005971720239785771,True,True,eligible_regular_session
2013-08-08,2013-08-08,2013-08-08,390,389,1.0295023160970736e-05,-0.00025917112507537073,True,True,eligible_regular_session
2013-08-09,2013-08-09,2013-08-09,390,389,1.8832717165802356e-05,-0.0022973378123768116,True,True,eligible_regular_session
2013-08-12,2013-08-12,2013-08-12,390,389,1.371796027244197e-05,0.002957871779094969,True,True,eligible_regular_session
2013-08-13,2013-08-13,2013-08-13,390,389,1.570248633650907e-05,0.0016896087200265275,True,True,eligible_regular_session
2013-08-14,2013-08-14,2013-08-14,390,389,2.190710486504173e-05,-0.00517861417920075,True,True,eligible_regular_session
2013-08-15,2013-08-15,2013-08-15,390,389,3.199654836027443e-05,-0.00716173886396805,True,True,eligible_regular_session
2013-08-16,2013-08-16,2013-08-16,390,389,2.2425273229205655e-05,-0.0021354897419878062,True,True,eligible_regular_session
2013-08-19,2013-08-19,2013-08-19,390,389,1.8744535328401198e-05,-0.004667099419135583,True,True,eligible_regular_session
2013-08-20,2013-08-20,2013-08-20,390,389,1.5168429703540094e-05,0.003278820623676679,True,True,eligible_regular_session
2013-08-21,2013-08-21,2013-08-21,390,389,4.106200144519983e-05,-0.0029471031882501875,True,True,eligible_regular_session
2013-08-22,2013-08-22,2013-08-22,390,389,1.1778225731663953e-05,0.006333005358137062,True,True,eligible_regular_session
2013-08-23,2013-08-23,2013-08-23,390,389,1.7496918119174623e-05,0.0014319237149771071,True,True,eligible_regular_session
2013-08-26,2013-08-26,2013-08-26,390,389,1.817543869017591e-05,-0.004786325690568894,True,True,eligible_regular_session
2013-08-27,2013-08-27,2013-08-27,390,389,3.5118572740973556e-05,-0.009021718049987833,True,True,eligible_regular_session
2013-08-28,2013-08-28,2013-08-28,390,389,2.0541106462149784e-05,0.0031544318324151616,True,True,eligible_regular_session
2013-08-29,2013-08-29,2013-08-29,390,389,1.6909803999244883e-05,0.004011943342980701,True,True,eligible_regular_session
2013-08-30,2013-08-30,2013-08-30,390,389,3.23522210678093e-05,-0.00428436315136995,True,True,eligible_regular_session
2013-09-03,2013-09-03,2013-09-03,390,389,3.879215501421222e-05,-0.0028997181520510245,True,True,eligible_regular_session
2013-09-04,2013-09-04,2013-09-04,390,389,1.8069945086801298e-05,0.008249247980181043,True,True,eligible_regular_session
2013-09-05,2013-09-05,2013-09-05,390,389,1.2429249670575009e-05,0.0011366179588024451,True,True,eligible_regular_session
2013-09-06,2013-09-06,2013-09-06,390,389,4.308703416606821e-05,-0.0026972003499094338,True,True,eligible_regular_session
2013-09-09,2013-09-09,2013-09-09,390,389,1.2114582842562224e-05,0.0065119831121142795,True,True,eligible_regular_session
2013-09-10,2013-09-10,2013-09-10,390,389,1.2813893929781612e-05,0.0036883069075539306,True,True,eligible_regular_session
2013-09-11,2013-09-11,2013-09-11,390,389,1.0764315754553255e-05,0.004070835691262278,True,True,eligible_regular_session
2013-09-12,2013-09-12,2013-09-12,390,389,1.0149671652719697e-05,-0.0034991821530628445,True,True,eligible_regular_session
2013-09-13,2013-09-13,2013-09-13,390,389,8.824475242948113e-06,0.0010550087216623324,True,True,eligible_regular_session
2013-09-16,2013-09-16,2013-09-16,387,386,1.833062087288952e-05,-0.0002591543337452186,True,True,eligible_regular_session
2013-09-17,2013-09-17,2013-09-17,390,389,4.786286271919815e-06,0.0029840773566635246,True,True,eligible_regular_session
2013-09-18,2013-09-18,2013-09-18,390,389,0.00010734972542196843,0.01146740718310301,True,True,eligible_regular_session
2013-09-19,2013-09-19,2013-09-19,390,389,1.1160829112562475e-05,-0.0036976332098121118,True,True,eligible_regular_session
2013-09-20,2013-09-20,2013-09-20,390,389,1.6516118692043128e-05,-0.007938837828967373,True,True,eligible_regular_session
2013-09-23,2013-09-23,2013-09-23,390,389,1.423517799194861e-05,-0.0046084111624942895,True,True,eligible_regular_session
2013-09-24,2013-09-24,2013-09-24,390,389,1.5142036295372427e-05,-0.0020184491868972614,True,True,eligible_regular_session
2013-09-25,2013-09-25,2013-09-25,390,389,3.535783637058988e-05,-0.0032495037867397154,True,True,eligible_regular_session
2013-09-26,2013-09-26,2013-09-26,390,389,1.8489035985259693e-05,0.0010542590978681746,True,True,eligible_regular_session
2013-09-27,2013-09-27,2013-09-27,390,389,2.0565498063638415e-05,-0.0004432689680878293,True,True,eligible_regular_session
2013-09-30,2013-09-30,2013-09-30,390,389,2.735903918211737e-05,0.0015886950161871215,True,True,eligible_regular_session
2013-10-01,2013-10-01,2013-10-01,390,389,2.4128172937188905e-05,0.006666494006401567,True,True,eligible_regular_session
2013-10-02,2013-10-02,2013-10-02,390,389,2.2287030881601037e-05,0.0037390962066209833,True,True,eligible_regular_session
2013-10-03,2013-10-03,2013-10-03,390,389,4.695547142474847e-05,-0.007010241300503184,True,True,eligible_regular_session
2013-10-04,2013-10-04,2013-10-04,390,389,1.7929271860446546e-05,0.006367312743116239,True,True,eligible_regular_session
2013-10-07,2013-10-07,2013-10-07,390,389,2.7884775661953605e-05,-0.0024849619037210263,True,True,eligible_regular_session
2013-10-08,2013-10-08,2013-10-08,390,389,4.1098701591147434e-05,-0.012358142531439055,True,True,eligible_regular_session
2013-10-09,2013-10-09,2013-10-09,390,389,5.122097934453759e-05,-0.0010016957251751677,True,True,eligible_regular_session
2013-10-10,2013-10-10,2013-10-10,390,389,3.120905191344006e-05,0.014687804047018313,True,True,eligible_regular_session
2013-10-11,2013-10-11,2013-10-11,390,389,1.4661332316793459e-05,0.008005749329847907,True,True,eligible_regular_session
2013-10-14,2013-10-14,2013-10-14,390,389,2.3486528900507482e-05,0.008656537316153876,True,True,eligible_regular_session
2013-10-15,2013-10-15,2013-10-15,390,389,5.293169469860968e-05,-0.005326173908602013,True,True,eligible_regular_session
2013-10-16,2013-10-16,2013-10-16,390,389,2.4486626735345525e-05,0.009533027440350556,True,True,eligible_regular_session
2013-10-17,2013-10-17,2013-10-17,390,389,1.1476717498277226e-05,0.009916919019334036,True,True,eligible_regular_session
2013-10-18,2013-10-18,2013-10-18,390,389,1.0994482956237848e-05,0.0037565956845406036,True,True,eligible_regular_session
2013-10-21,2013-10-21,2013-10-21,390,389,9.48305955018538e-06,-0.0006761751665851374,True,True,eligible_regular_session
2013-10-22,2013-10-22,2013-10-22,390,389,2.082404758261768e-05,0.003362595047383835,True,True,eligible_regular_session
2013-10-23,2013-10-23,2013-10-23,390,389,2.5787372345367235e-05,-0.0026020012907713,True,True,eligible_regular_session
2013-10-24,2013-10-24,2013-10-24,390,389,1.3934183224716997e-05,0.002022626675151532,True,True,eligible_regular_session
2013-10-25,2013-10-25,2013-10-25,390,389,1.258714597315e-05,0.002572114477207199,True,True,eligible_regular_session
2013-10-28,2013-10-28,2013-10-28,390,389,9.090436128942527e-06,0.0012946749789757215,True,True,eligible_regular_session
2013-10-29,2013-10-29,2013-10-29,390,389,1.0793000604432767e-05,0.0032164092724025943,True,True,eligible_regular_session
2013-10-30,2013-10-30,2013-10-30,390,389,3.86246189583056e-05,-0.0063594207658793775,True,True,eligible_regular_session
2013-10-31,2013-10-31,2013-10-31,390,389,2.3569231174342646e-05,-0.0032610330118264174,True,True,eligible_regular_session
2013-11-01,2013-11-01,2013-11-01,390,389,2.3228684254078157e-05,0.0014366553959207996,True,True,eligible_regular_session
2013-11-04,2013-11-04,2013-11-04,390,389,9.965022745945998e-06,0.0010695460542348328,True,True,eligible_regular_session
2013-11-05,2013-11-05,2013-11-05,390,389,1.5470520197409704e-05,-0.0003346293160832654,True,True,eligible_regular_session
2013-11-06,2013-11-06,2013-11-06,390,389,1.322217904391505e-05,0.0018369526455776614,True,True,eligible_regular_session
2013-11-07,2013-11-07,2013-11-07,390,389,3.376178209981629e-05,-0.01421454514580691,True,True,eligible_regular_session
2013-11-08,2013-11-08,2013-11-08,390,389,2.523713987098869e-05,0.012269674198315787,True,True,eligible_regular_session
2013-11-11,2013-11-11,2013-11-11,390,389,9.182680547976355e-06,0.0014459031504880468,True,True,eligible_regular_session
2013-11-12,2013-11-12,2013-11-12,390,389,1.7614978363984284e-05,0.00010183299397800363,True,True,eligible_regular_session
2013-11-13,2013-11-13,2013-11-13,390,389,1.1901079246493907e-05,0.011304657159392953,True,True,eligible_regular_session
2013-11-14,2013-11-14,2013-11-14,390,389,1.5434969710680086e-05,0.004662795988958722,True,True,eligible_regular_session
2013-11-15,2013-11-15,2013-11-15,390,389,6.272424438182695e-06,0.0034817715870581237,True,True,eligible_regular_session
2013-11-18,2013-11-18,2013-11-18,390,389,1.4145233260476746e-05,-0.005250378835202198,True,True,eligible_regular_session
2013-11-19,2013-11-19,2013-11-19,390,389,2.6002476118620918e-05,-0.0016595937525960627,True,True,eligible_regular_session
2013-11-20,2013-11-20,2013-11-20,390,389,3.545414190590577e-05,-0.004592276258988569,True,True,eligible_regular_session
2013-11-21,2013-11-21,2013-11-21,390,389,1.0939233625301533e-05,0.005679247535299919,True,True,eligible_regular_session
2013-11-22,2013-11-22,2013-11-22,390,389,6.8903483800587134e-06,0.004470205659705619,True,True,eligible_regular_session
2013-11-25,2013-11-25,2013-11-25,390,389,7.808442892482068e-06,-0.0024377688769072143,True,True,eligible_regular_session
2013-11-26,2013-11-26,2013-11-26,390,389,7.3320906404217915e-06,-0.00017746425805512402,True,True,eligible_regular_session
2013-11-27,2013-11-27,2013-11-27,390,389,5.9452401282111265e-06,0.0009024346970178164,True,True,eligible_regular_session
2013-11-29,2013-11-29,2013-11-29,231,230,8.453940612621912e-06,-0.001709681137726194,False,False,short_or_incomplete
2013-12-02,2013-12-02,2013-12-02,390,389,1.4153973753601252e-05,-0.0038908398306760927,True,True,eligible_regular_session
2013-12-03,2013-12-03,2013-12-03,390,389,1.94827684068607e-05,-0.0012637124203392321,True,True,eligible_regular_session
2013-12-04,2013-12-04,2013-12-04,390,389,3.296961245166672e-05,0.0024851809519703897,True,True,eligible_regular_session
2013-12-05,2013-12-05,2013-12-05,390,389,2.2528300788366252e-05,-0.0025010434045889484,True,True,eligible_regular_session
2013-12-06,2013-12-06,2013-12-06,390,389,2.0262498771523916e-05,0.005132232617180737,True,True,eligible_regular_session
2013-12-09,2013-12-09,2013-12-09,390,389,8.707411696902162e-06,0.00046460434798319513,True,True,eligible_regular_session
2013-12-10,2013-12-10,2013-12-10,390,389,1.0927749806543344e-05,-0.0014800076979061985,True,True,eligible_regular_session
2013-12-11,2013-12-11,2013-12-11,390,389,2.237277935762048e-05,-0.011320612439386625,True,True,eligible_regular_session
2013-12-12,2013-12-12,2013-12-12,390,389,2.1420183526558637e-05,-0.0033176291971391933,True,True,eligible_regular_session
2013-12-13,2013-12-13,2013-12-13,390,389,1.719252018320763e-05,-0.0023858302073188095,True,True,eligible_regular_session
2013-12-16,2013-12-16,2013-12-16,390,389,1.648344079710805e-05,0.002118241195510234,True,True,eligible_regular_session
2013-12-17,2013-12-17,2013-12-17,390,389,1.5484464472756595e-05,-0.003021785487829964,True,True,eligible_regular_session
2013-12-18,2013-12-18,2013-12-18,390,389,0.00011089139205751326,0.01591241289395338,True,True,eligible_regular_session
2013-12-19,2013-12-19,2013-12-19,390,389,1.6083353789570883e-05,0.0015928766399941844,True,True,eligible_regular_session
2013-12-20,2013-12-20,2013-12-20,390,389,9.81694982308214e-06,0.004748666133198404,True,True,eligible_regular_session
2013-12-23,2013-12-23,2013-12-23,390,389,6.9730771178752985e-06,0.0012808023732547365,True,True,eligible_regular_session
2013-12-24,2013-12-24,2013-12-24,231,230,2.8335022393271252e-06,0.00268726334114416,False,False,short_or_incomplete
2013-12-26,2013-12-26,2013-12-26,390,389,4.699133930287027e-06,0.0027836543628453362,True,True,eligible_regular_session
2013-12-27,2013-12-27,2013-12-27,390,389,3.939792649231354e-06,-0.0016279931529827212,True,True,eligible_regular_session
2013-12-30,2013-12-30,2013-12-30,390,389,4.1203676518306065e-06,-0.0001955278443309828,True,True,eligible_regular_session
2013-12-31,2013-12-31,2013-12-31,390,389,7.75866111291587e-06,0.0022213683005164013,True,True,eligible_regular_session
2014-01-02,2014-01-02,2014-01-02,390,389,1.9551352450406543e-05,-0.005763610609550117,True,True,eligible_regular_session
2014-01-03,2014-01-03,2014-01-03,390,389,9.762367445722685e-06,-0.0015930780867546717,True,True,eligible_regular_session
2014-01-06,2014-01-06,2014-01-06,390,389,1.9586526090245266e-05,-0.005220005082353754,True,True,eligible_regular_session
2014-01-07,2014-01-07,2014-01-07,390,389,9.33257743770564e-06,0.0031608861531937918,True,True,eligible_regular_session
2014-01-08,2014-01-08,2014-01-08,390,389,2.3927061811825674e-05,0.0005117651654067485,True,True,eligible_regular_session
2014-01-09,2014-01-09,2014-01-09,390,389,1.5947994631100624e-05,-0.0016036228998315449,True,True,eligible_regular_session
2014-01-10,2014-01-10,2014-01-10,390,389,1.8920135391791367e-05,0.0003582984121195024,True,True,eligible_regular_session
2014-01-13,2014-01-13,2014-01-13,390,389,2.345572070246053e-05,-0.011700769895405529,True,True,eligible_regular_session
2014-01-14,2014-01-14,2014-01-14,390,389,1.6639281548873287e-05,0.0076883132512743195,True,True,eligible_regular_session
2014-01-15,2014-01-15,2014-01-15,390,389,1.2696923954106845e-05,0.003349197264725547,True,True,eligible_regular_session
2014-01-16,2014-01-16,2014-01-16,390,389,1.0626702301144158e-05,-0.00018959862029007042,True,True,eligible_regular_session
2014-01-17,2014-01-17,2014-01-17,390,389,1.1667470605026169e-05,-0.0031064695978460146,True,True,eligible_regular_session
2014-01-21,2014-01-21,2014-01-21,390,389,1.946389957479608e-05,-0.001008452652952032,True,True,eligible_regular_session
2014-01-22,2014-01-22,2014-01-22,390,389,9.823012255170078e-06,-0.00021137008541621433,True,True,eligible_regular_session
2014-01-23,2014-01-23,2014-01-23,390,389,3.254464579724764e-05,-0.005481557830153208,True,True,eligible_regular_session
2014-01-24,2014-01-24,2014-01-24,390,389,4.408506464444491e-05,-0.0169105147112151,True,True,eligible_regular_session
2014-01-27,2014-01-27,2014-01-27,390,389,5.6310567577728585e-05,-0.005881662137548012,True,True,eligible_regular_session
2014-01-28,2014-01-28,2014-01-28,390,389,2.5924405690395402e-05,0.005869549834481692,True,True,eligible_regular_session
2014-01-29,2014-01-29,2014-01-29,390,389,8.983123670286735e-05,-0.00401032082849058,True,True,eligible_regular_session
2014-01-30,2014-01-30,2014-01-30,390,389,2.309395906406167e-05,0.005847087253775827,True,True,eligible_regular_session
2014-01-31,2014-01-31,2014-01-31,390,389,4.809791563903159e-05,0.0008867985471905595,True,True,eligible_regular_session
2014-02-03,2014-02-03,2014-02-03,390,389,7.406848957165256e-05,-0.023129503050989604,True,True,eligible_regular_session
2014-02-04,2014-02-04,2014-02-04,390,389,4.7990382411469915e-05,0.003973129552245755,True,True,eligible_regular_session
2014-02-05,2014-02-05,2014-02-05,390,389,6.214384336645473e-05,0.0008680605674643479,True,True,eligible_regular_session
2014-02-06,2014-02-06,2014-02-06,390,389,1.9934458889454385e-05,0.010306155247544834,True,True,eligible_regular_session
2014-02-07,2014-02-07,2014-02-07,390,389,2.8318104010789025e-05,0.008636573585120004,True,True,eligible_regular_session
2014-02-10,2014-02-10,2014-02-10,390,389,1.4254312428953307e-05,0.0021304475599352364,True,True,eligible_regular_session
2014-02-11,2014-02-11,2014-02-11,390,389,1.4553216930865675e-05,0.010153605331965734,True,True,eligible_regular_session
2014-02-12,2014-02-12,2014-02-12,390,389,1.5458466937647077e-05,-0.0009450602080321022,True,True,eligible_regular_session
2014-02-13,2014-02-13,2014-02-13,390,389,1.5807399917262578e-05,0.01091411519594126,True,True,eligible_regular_session
2014-02-14,2014-02-14,2014-02-14,390,389,1.2583493057054465e-05,0.006334919600762906,True,True,eligible_regular_session
2014-02-18,2014-02-18,2014-02-18,390,389,1.3311918065268654e-05,0.0007063643720979406,True,True,eligible_regular_session
2014-02-19,2014-02-19,2014-02-19,390,389,2.7518907425997532e-05,-0.004887664583218766,True,True,eligible_regular_session
2014-02-20,2014-02-20,2014-02-20,390,389,2.175904263825727e-05,0.005215199624332054,True,True,eligible_regular_session
2014-02-21,2014-02-21,2014-02-21,390,389,1.5932288965456526e-05,-0.0027189297647805966,True,True,eligible_regular_session
2014-02-24,2014-02-24,2014-02-24,390,389,1.5974398635241326e-05,0.00505616006905232,True,True,eligible_regular_session
2014-02-25,2014-02-25,2014-02-25,390,389,2.5691224915189356e-05,-0.0017218045295478697,True,True,eligible_regular_session
2014-02-26,2014-02-26,2014-02-26,390,389,2.5041992733969546e-05,-0.0013105381038166258,True,True,eligible_regular_session
2014-02-27,2014-02-27,2014-02-27,390,389,2.119883310152399e-05,0.005266983829494523,True,True,eligible_regular_session
2014-02-28,2014-02-28,2014-02-28,390,389,3.120912821719484e-05,0.002294159518562938,True,True,eligible_regular_session
2014-03-03,2014-03-03,2014-03-03,390,389,5.3344111634220256e-05,-0.0020191801845925086,True,True,eligible_regular_session
2014-03-04,2014-03-04,2014-03-04,390,389,2.3541918335548953e-05,0.008226749687491331,True,True,eligible_regular_session
2014-03-05,2014-03-05,2014-03-05,390,389,1.925681177759515e-05,-0.00034144077668059374,True,True,eligible_regular_session
2014-03-06,2014-03-06,2014-03-06,390,389,8.529866685729368e-06,-0.00019174944797638416,True,True,eligible_regular_session
2014-03-07,2014-03-07,2014-03-07,390,389,2.814642889142148e-05,-0.0027228410932030917,True,True,eligible_regular_session
2014-03-10,2014-03-10,2014-03-10,390,389,2.0524588654761165e-05,0.0005595687736106257,True,True,eligible_regular_session
2014-03-11,2014-03-11,2014-03-11,390,389,2.0300429429235822e-05,-0.0063402818945831625,True,True,eligible_regular_session
2014-03-12,2014-03-12,2014-03-12,390,389,2.4418729560164098e-05,0.0033457041096046926,True,True,eligible_regular_session
2014-03-13,2014-03-13,2014-03-13,390,389,3.925050078342258e-05,-0.01365717455289803,True,True,eligible_regular_session
2014-03-14,2014-03-14,2014-03-14,390,389,3.722351591163067e-05,-0.002322364645615838,True,True,eligible_regular_session
2014-03-17,2014-03-17,2014-03-17,390,389,2.4304364320263874e-05,0.005384420885707465,True,True,eligible_regular_session
2014-03-18,2014-03-18,2014-03-18,390,389,1.651203870920533e-05,0.005764600200779344,True,True,eligible_regular_session
2014-03-19,2014-03-19,2014-03-19,390,389,4.6761288009920365e-05,-0.005866879235582799,True,True,eligible_regular_session
2014-03-20,2014-03-20,2014-03-20,390,389,2.092869568369721e-05,0.007296152449772396,True,True,eligible_regular_session
2014-03-21,2014-03-21,2014-03-21,390,389,3.065870923818979e-05,-0.00606978893516755,True,True,eligible_regular_session
2014-03-24,2014-03-24,2014-03-24,390,389,3.8464878373475425e-05,-0.006556732043561281,True,True,eligible_regular_session
2014-03-25,2014-03-25,2014-03-25,390,389,3.195751858807825e-05,-7.503443548158108e-05,True,True,eligible_regular_session
2014-03-26,2014-03-26,2014-03-26,390,389,3.757045359972165e-05,-0.01024548510011931,True,True,eligible_regular_session
2014-03-27,2014-03-27,2014-03-27,390,389,4.5912029457444585e-05,-0.00023251601356019018,True,True,eligible_regular_session
2014-03-28,2014-03-28,2014-03-28,390,389,2.431687397382584e-05,0.0019454787242945977,True,True,eligible_regular_session
2014-03-31,2014-03-31,2014-03-31,390,389,1.834438335603848e-05,0.0029364198407814284,True,True,eligible_regular_session
2014-04-01,2014-04-01,2014-04-01,390,389,1.1620123823150047e-05,0.004459511742472478,True,True,eligible_regular_session
2014-04-02,2014-04-02,2014-04-02,390,389,1.4128102339622109e-05,0.0022553176267780767,True,True,eligible_regular_session
2014-04-03,2014-04-03,2014-04-03,390,389,1.3928906059463229e-05,-0.0020571514395199796,True,True,eligible_regular_session
2014-04-04,2014-04-04,2014-04-04,390,389,4.5833457504135426e-05,-0.016652430421687344,True,True,eligible_regular_session
2014-04-07,2014-04-07,2014-04-07,390,389,4.1107311287537466e-05,-0.008543670027188975,True,True,eligible_regular_session
2014-04-08,2014-04-08,2014-04-08,390,389,3.5752137542636114e-05,0.004800559090526373,True,True,eligible_regular_session
2014-04-09,2014-04-09,2014-04-09,390,389,2.5888399453982014e-05,0.008453806797165465,True,True,eligible_regular_session
2014-04-10,2014-04-10,2014-04-10,390,389,4.6294590232696297e-05,-0.020049430089169817,True,True,eligible_regular_session
2014-04-11,2014-04-11,2014-04-11,390,389,5.851126467196871e-05,-0.004138130230225538,True,True,eligible_regular_session
2014-04-14,2014-04-14,2014-04-14,390,389,3.6920281736494356e-05,0.002515752114389854,True,True,eligible_regular_session
2014-04-15,2014-04-15,2014-04-15,390,389,7.700344169055754e-05,0.005473622275795668,True,True,eligible_regular_session
2014-04-16,2014-04-16,2014-04-16,390,389,3.7159215707237575e-05,0.006011232571222923,True,True,eligible_regular_session
2014-04-17,2014-04-17,2014-04-17,390,389,2.043033794622176e-05,0.0016850198247085316,True,True,eligible_regular_session
2014-04-21,2014-04-21,2014-04-21,390,389,1.4698084416871043e-05,0.003034172867414852,True,True,eligible_regular_session
2014-04-22,2014-04-22,2014-04-22,390,389,8.636242569405375e-06,0.0032931225941029165,True,True,eligible_regular_session
2014-04-23,2014-04-23,2014-04-23,390,389,1.221480279032251e-05,-0.0016036615928862131,True,True,eligible_regular_session
2014-04-24,2014-04-24,2014-04-24,390,389,2.481399721580417e-05,-0.0019145581358909775,True,True,eligible_regular_session
2014-04-25,2014-04-25,2014-04-25,390,389,2.1423344183967915e-05,-0.005244916973047079,True,True,eligible_regular_session
2014-04-28,2014-04-28,2014-04-28,390,389,4.391331217859956e-05,4.814185801745261e-05,True,True,eligible_regular_session
2014-04-29,2014-04-29,2014-04-29,390,389,2.128698167709897e-05,0.0026227146254845877,True,True,eligible_regular_session
2014-04-30,2014-04-30,2014-04-30,390,389,2.5924761059019636e-05,0.004635514361125681,True,True,eligible_regular_session
2014-05-01,2014-05-01,2014-05-01,390,389,2.136306773666938e-05,-0.0005785854543660773,True,True,eligible_regular_session
2014-05-02,2014-05-02,2014-05-02,390,389,2.4843954489111154e-05,-0.0019650441022660173,True,True,eligible_regular_session
2014-05-05,2014-05-05,2014-05-05,390,389,1.877978816313682e-05,0.006045562219359058,True,True,eligible_regular_session
2014-05-06,2014-05-06,2014-05-06,390,389,1.754955024700372e-05,-0.006526570954206559,True,True,eligible_regular_session
2014-05-07,2014-05-07,2014-05-07,390,389,3.626299427893602e-05,0.0036376283544701056,True,True,eligible_regular_session
2014-05-08,2014-05-08,2014-05-08,390,389,2.775558258628391e-05,-0.0007249737781081867,True,True,eligible_regular_session
2014-05-09,2014-05-09,2014-05-09,390,389,2.6401660850678088e-05,0.001961328362338217,True,True,eligible_regular_session
2014-05-12,2014-05-12,2014-05-12,390,389,9.634340776728838e-06,0.005890550406274196,True,True,eligible_regular_session
2014-05-13,2014-05-13,2014-05-13,390,389,1.0748518864957633e-05,-0.00025824608887522934,True,True,eligible_regular_session
2014-05-14,2014-05-14,2014-05-14,390,389,1.2124556577386126e-05,-0.004000163860738192,True,True,eligible_regular_session
2014-05-15,2014-05-15,2014-05-15,390,389,3.2288343478409506e-05,-0.007736972202579675,True,True,eligible_regular_session
2014-05-16,2014-05-16,2014-05-16,390,389,2.3316635325556126e-05,0.0036329630969788706,True,True,eligible_regular_session
2014-05-19,2014-05-19,2014-05-19,390,389,1.2762203974101531e-05,0.005991291732465532,True,True,eligible_regular_session
2014-05-20,2014-05-20,2014-05-20,390,389,2.1068072744990077e-05,-0.005648394102875625,True,True,eligible_regular_session
2014-05-21,2014-05-21,2014-05-21,390,389,1.5821655273048228e-05,0.00556672459827698,True,True,eligible_regular_session
2014-05-22,2014-05-22,2014-05-22,390,389,9.968683457851859e-06,0.0025606989247866116,True,True,eligible_regular_session
2014-05-23,2014-05-23,2014-05-23,390,389,4.67942489686306e-06,0.0035737290167079617,True,True,eligible_regular_session
2014-05-27,2014-05-27,2014-05-27,390,389,5.764935933251009e-06,0.0031274335766483634,True,True,eligible_regular_session
2014-05-28,2014-05-28,2014-05-28,390,389,8.499678404741523e-06,-0.001323807001252119,True,True,eligible_regular_session
2014-05-29,2014-05-29,2014-05-29,390,389,7.558226777956834e-06,0.0031618517419593505,True,True,eligible_regular_session
2014-05-30,2014-05-30,2014-05-30,390,389,7.150091900142027e-06,0.0024361689256491926,True,True,eligible_regular_session
2014-06-02,2014-06-02,2014-06-02,390,389,9.683262899419952e-06,-6.75379056752558e-05,True,True,eligible_regular_session
2014-06-03,2014-06-03,2014-06-03,390,389,7.500031662685494e-06,0.0018257624767017814,True,True,eligible_regular_session
2014-06-04,2014-06-04,2014-06-04,390,389,6.390394834221177e-06,0.0035857046904777794,True,True,eligible_regular_session
2014-06-05,2014-06-05,2014-06-05,390,389,1.2077764876408185e-05,0.005359365984530585,True,True,eligible_regular_session
2014-06-06,2014-06-06,2014-06-06,390,389,4.485062026874946e-06,0.0027023988661903915,True,True,eligible_regular_session
2014-06-09,2014-06-09,2014-06-09,390,389,7.723775109039914e-06,0.001271905927354693,True,True,eligible_regular_session
2014-06-10,2014-06-10,2014-06-10,390,389,6.839730745756533e-06,0.0010565729043643705,True,True,eligible_regular_session
2014-06-11,2014-06-11,2014-06-11,390,389,8.929339095484697e-06,-0.0008073370401977936,True,True,eligible_regular_session
2014-06-12,2014-06-12,2014-06-12,390,389,1.2077472084341484e-05,-0.006110319490233845,True,True,eligible_regular_session
2014-06-13,2014-06-13,2014-06-13,390,389,1.1543046056956176e-05,0.0013439959015213907,True,True,eligible_regular_session
2014-06-16,2014-06-16,2014-06-16,390,389,1.033127048587134e-05,0.0026352246405624584,True,True,eligible_regular_session
2014-06-17,2014-06-17,2014-06-17,390,389,1.1382715608980612e-05,0.003982815209523701,True,True,eligible_regular_session
2014-06-18,2014-06-18,2014-06-18,390,389,1.4934075612626833e-05,0.007637912581105994,True,True,eligible_regular_session
2014-06-19,2014-06-19,2014-06-19,390,389,7.12769884559619e-06,0.0009089934800471533,True,True,eligible_regular_session
2014-06-20,2014-06-20,2014-06-20,390,389,4.660592018734054e-06,0.0014884823799015698,True,True,eligible_regular_session
2014-06-23,2014-06-23,2014-06-23,390,389,7.30164749626357e-06,-0.0001324773261899213,True,True,eligible_regular_session
2014-06-24,2014-06-24,2014-06-24,390,389,1.1883798381868864e-05,-0.004777893724292218,True,True,eligible_regular_session
2014-06-25,2014-06-25,2014-06-25,390,389,1.3778097064909298e-05,0.0057314665143624165,True,True,eligible_regular_session
2014-06-26,2014-06-26,2014-06-26,390,389,1.6815027315769215e-05,-0.00040865115042087075,True,True,eligible_regular_session
2014-06-27,2014-06-27,2014-06-27,390,389,8.47026677056184e-06,0.0033048594101975502,True,True,eligible_regular_session
2014-06-30,2014-06-30,2014-06-30,390,389,8.492697208954984e-06,-0.00018874517671818705,True,True,eligible_regular_session
2014-07-01,2014-07-01,2014-07-01,390,389,1.0048764962532648e-05,0.004449192163427444,True,True,eligible_regular_session
2014-07-02,2014-07-02,2014-07-02,390,389,5.951689513485351e-06,0.0008512406839544838,True,True,eligible_regular_session
2014-07-03,2014-07-03,2014-07-03,231,230,5.239923315116757e-06,0.0034965158795120786,False,False,short_or_incomplete
2014-07-07,2014-07-07,2014-07-07,390,389,7.472252062224535e-06,-0.0020460597766999676,True,True,eligible_regular_session
2014-07-08,2014-07-08,2014-07-08,390,389,1.4225351473297613e-05,-0.00500279116754838,True,True,eligible_regular_session
2014-07-09,2014-07-09,2014-07-09,390,389,1.4105348644675136e-05,0.0026547902040401894,True,True,eligible_regular_session
2014-07-10,2014-07-10,2014-07-10,390,389,1.931704429546111e-05,0.002231825315452219,True,True,eligible_regular_session
2014-07-11,2014-07-11,2014-07-11,390,389,1.0580705897538756e-05,0.001648234625892888,True,True,eligible_regular_session
2014-07-14,2014-07-14,2014-07-14,390,389,4.998564030082109e-06,0.0008399577479004125,True,True,eligible_regular_session
2014-07-15,2014-07-15,2014-07-15,390,389,2.0597864650420086e-05,-0.002873986849312353,True,True,eligible_regular_session
2014-07-16,2014-07-16,2014-07-16,390,389,7.647310034707203e-06,-0.00030276118429227856,True,True,eligible_regular_session
2014-07-17,2014-07-17,2014-07-17,390,389,2.742740274779706e-05,-0.0095565602135316,True,True,eligible_regular_session
2014-07-18,2014-07-18,2014-07-18,390,389,1.0303612027006175e-05,0.008239775515057517,True,True,eligible_regular_session
2014-07-21,2014-07-21,2014-07-21,390,389,9.673115158854422e-06,0.000567649086477348,True,True,eligible_regular_session
2014-07-22,2014-07-22,2014-07-22,390,389,7.476615045496228e-06,0.002518657812451275,True,True,eligible_regular_session
2014-07-23,2014-07-23,2014-07-23,390,389,7.167439028667925e-06,0.0006191093580078036,True,True,eligible_regular_session
2014-07-24,2014-07-24,2014-07-24,390,389,6.992883284966974e-06,-0.000734221808191302,True,True,eligible_regular_session
2014-07-25,2014-07-25,2014-07-25,390,389,9.480060266151584e-06,-0.0025344588716899,True,True,eligible_regular_session
2014-07-28,2014-07-28,2014-07-28,390,389,1.369076513626998e-05,0.00048023092447353337,True,True,eligible_regular_session
2014-07-29,2014-07-29,2014-07-29,390,389,1.5879049239003294e-05,-0.005567266788592744,True,True,eligible_regular_session
2014-07-30,2014-07-30,2014-07-30,390,389,3.20589824449473e-05,-0.003374683976150018,True,True,eligible_regular_session
2014-07-31,2014-07-31,2014-07-31,390,389,3.7194886631126614e-05,-0.014272956016987026,True,True,eligible_regular_session
2014-08-01,2014-08-01,2014-08-01,390,389,4.6148541868907023e-05,-0.0007373061660229477,True,True,eligible_regular_session
2014-08-04,2014-08-04,2014-08-04,390,389,2.1017661247830816e-05,0.005398067946741888,True,True,eligible_regular_session
2014-08-05,2014-08-05,2014-08-05,390,389,5.756057359226789e-05,-0.0064938832417059085,True,True,eligible_regular_session
2014-08-06,2014-08-06,2014-08-06,390,389,2.9050673803413958e-05,0.002492687499043281,True,True,eligible_regular_session
2014-08-07,2014-08-07,2014-08-07,390,389,3.533293832335582e-05,-0.008671245174328985,True,True,eligible_regular_session
2014-08-08,2014-08-08,2014-08-08,390,389,2.464831165086705e-05,0.009656632497903182,True,True,eligible_regular_session
2014-08-11,2014-08-11,2014-08-11,390,389,1.149678687591205e-05,-4.6467561777969495e-05,True,True,eligible_regular_session
2014-08-12,2014-08-12,2014-08-12,390,389,1.859886677511212e-05,8.273693795310963e-05,True,True,eligible_regular_session
2014-08-13,2014-08-13,2014-08-13,390,389,1.0219836689907331e-05,0.002963620664993772,True,True,eligible_regular_session
2014-08-14,2014-08-14,2014-08-14,390,389,6.395228194696463e-06,0.002725048555081867,True,True,eligible_regular_session
2014-08-15,2014-08-15,2014-08-15,390,389,4.4238910863940004e-05,-0.002773558494164612,True,True,eligible_regular_session
2014-08-18,2014-08-18,2014-08-18,390,389,5.775532416902834e-06,0.004412504490497486,True,True,eligible_regular_session
2014-08-19,2014-08-19,2014-08-19,390,389,3.957612611068928e-06,0.0035288384892338525,True,True,eligible_regular_session
2014-08-20,2014-08-20,2014-08-20,390,389,9.238543195869224e-06,0.003944400239497618,True,True,eligible_regular_session
2014-08-21,2014-08-21,2014-08-21,390,389,5.096917941960855e-06,0.0022763314176743803,True,True,eligible_regular_session
2014-08-22,2014-08-22,2014-08-22,390,389,1.4260060033934223e-05,-0.0015629125613746049,True,True,eligible_regular_session
2014-08-25,2014-08-25,2014-08-25,390,389,5.357457279619076e-06,0.0010264550900859351,True,True,eligible_regular_session
2014-08-26,2014-08-26,2014-08-26,390,389,4.4611626857630765e-06,0.000285022091141556,True,True,eligible_regular_session
2014-08-27,2014-08-27,2014-08-27,390,389,4.341273474194944e-06,-0.0009095998388133094,True,True,eligible_regular_session
2014-08-28,2014-08-28,2014-08-28,390,389,6.90194934938228e-06,0.0013429008672510166,True,True,eligible_regular_session
2014-08-29,2014-08-29,2014-08-29,390,389,6.0132295721407205e-06,0.0014486023522925263,True,True,eligible_regular_session
2014-09-02,2014-09-02,2014-09-02,390,389,8.756127801566322e-06,-0.0017666438370614952,True,True,eligible_regular_session
2014-09-03,2014-09-03,2014-09-03,390,389,8.001778563810905e-06,-0.003049277348916364,True,True,eligible_regular_session
2014-09-04,2014-09-04,2014-09-04,390,389,1.3058707807060134e-05,-0.0028791526394558145,True,True,eligible_regular_session
2014-09-05,2014-09-05,2014-09-05,390,389,1.634669669733911e-05,0.0051491027941930915,True,True,eligible_regular_session
2014-09-08,2014-09-08,2014-09-08,390,389,1.0915453535178088e-05,-0.0018967571149672419,True,True,eligible_regular_session
2014-09-09,2014-09-09,2014-09-09,390,389,1.9105544332063033e-05,-0.005331500254390465,True,True,eligible_regular_session
2014-09-10,2014-09-10,2014-09-10,390,389,1.7119895577804824e-05,0.0033176016235330263,True,True,eligible_regular_session
2014-09-11,2014-09-11,2014-09-11,390,389,1.4622056963090433e-05,0.0045563652054603845,True,True,eligible_regular_session
2014-09-12,2014-09-12,2014-09-12,390,389,1.798350610765876e-05,-0.004562363456000597,True,True,eligible_regular_session
2014-09-15,2014-09-15,2014-09-15,390,389,1.5874385280592184e-05,-0.0007003489434632013,True,True,eligible_regular_session
2014-09-16,2014-09-16,2014-09-16,390,389,1.3924954185502522e-05,0.009636073083737153,True,True,eligible_regular_session
2014-09-17,2014-09-17,2014-09-17,390,389,2.7073103200086148e-05,0.00044975264363131956,True,True,eligible_regular_session
2014-09-18,2014-09-18,2014-09-18,390,389,8.045870312499235e-06,0.002458972751789102,True,True,eligible_regular_session
2014-09-19,2014-09-19,2014-09-19,390,389,1.3292157653127824e-05,-0.0020619947036178317,True,True,eligible_regular_session
2014-09-22,2014-09-22,2014-09-22,390,389,1.5544767006844694e-05,-0.006462259882516995,True,True,eligible_regular_session
2014-09-23,2014-09-23,2014-09-23,390,389,1.647486233438803e-05,-0.0023171946131629226,True,True,eligible_regular_session
2014-09-24,2014-09-24,2014-09-24,390,389,1.3984772885236006e-05,0.00737302754939258,True,True,eligible_regular_session
2014-09-25,2014-09-25,2014-09-25,390,389,3.926593471394139e-05,-0.01379666570256679,True,True,eligible_regular_session
2014-09-26,2014-09-26,2014-09-26,390,389,2.479970539366809e-05,0.007081619738209502,True,True,eligible_regular_session
2014-09-29,2014-09-29,2014-09-29,390,389,3.002475171266072e-05,0.00361642064989394,True,True,eligible_regular_session
2014-09-30,2014-09-30,2014-09-30,390,389,3.3418100331271954e-05,-0.0037390408585165355,True,True,eligible_regular_session
2014-10-01,2014-10-01,2014-10-01,390,389,4.118807011794036e-05,-0.012106011609869885,True,True,eligible_regular_session
2014-10-02,2014-10-02,2014-10-02,390,389,4.309059806672938e-05,0.0007299683147778596,True,True,eligible_regular_session
2014-10-03,2014-10-03,2014-10-03,390,389,2.702077481530015e-05,0.00666988694441836,True,True,eligible_regular_session
2014-10-06,2014-10-06,2014-10-06,390,389,3.347624105352505e-05,-0.004579990132823102,True,True,eligible_regular_session
2014-10-07,2014-10-07,2014-10-07,390,389,4.4660779880864704e-05,-0.011417303229971297,True,True,eligible_regular_session
2014-10-08,2014-10-08,2014-10-08,390,389,5.9367171623979625e-05,0.016806085209969682,True,True,eligible_regular_session
2014-10-09,2014-10-09,2014-10-09,390,389,0.00010458281223313232,-0.018638642879412682,True,True,eligible_regular_session
2014-10-10,2014-10-10,2014-10-10,390,389,0.00011837136266819075,-0.009822831022107867,True,True,eligible_regular_session
2014-10-13,2014-10-13,2014-10-13,390,389,0.00011293764246304917,-0.015280886969232271,True,True,eligible_regular_session
2014-10-14,2014-10-14,2014-10-14,390,389,0.00011115974231767785,-0.0023464259710128765,True,True,eligible_regular_session
2014-10-15,2014-10-15,2014-10-15,390,389,0.0003065964109780809,-0.0007996672951660855,True,True,eligible_regular_session
2014-10-16,2014-10-16,2014-10-16,390,389,0.000265302808786971,0.009611229618535468,True,True,eligible_regular_session
2014-10-17,2014-10-17,2014-10-17,390,389,7.785858806920993e-05,0.006811772746221842,True,True,eligible_regular_session
2014-10-20,2014-10-20,2014-10-20,390,389,4.629922479153204e-05,0.009737843385111545,True,True,eligible_regular_session
2014-10-21,2014-10-21,2014-10-21,390,389,2.4957893611677658e-05,0.013930367033004052,True,True,eligible_regular_session
2014-10-22,2014-10-22,2014-10-22,390,389,4.4788035393010244e-05,-0.008406862803531081,True,True,eligible_regular_session
2014-10-23,2014-10-23,2014-10-23,390,389,5.519238380549807e-05,0.006414251602406963,True,True,eligible_regular_session
2014-10-24,2014-10-24,2014-10-24,390,389,4.135605167705027e-05,0.005983670025503285,True,True,eligible_regular_session
2014-10-27,2014-10-27,2014-10-27,390,389,3.2574082684303574e-05,0.0005559083251453798,True,True,eligible_regular_session
2014-10-28,2014-10-28,2014-10-28,390,389,1.5035964523033964e-05,0.008379937306750697,True,True,eligible_regular_session
2014-10-29,2014-10-29,2014-10-29,390,389,5.270057610040731e-05,-0.0013359786012316222,True,True,eligible_regular_session
2014-10-30,2014-10-30,2014-10-30,390,389,3.470598327661781e-05,0.008206465187318114,True,True,eligible_regular_session
2014-10-31,2014-10-31,2014-10-31,390,389,2.0394497029037788e-05,0.004132565684262675,True,True,eligible_regular_session
2014-11-03,2014-11-03,2014-11-03,390,389,2.0115549272710926e-05,-0.0008521855109107453,True,True,eligible_regular_session
2014-11-04,2014-11-04,2014-11-04,390,389,2.443047665868876e-05,-0.0009735599781497355,True,True,eligible_regular_session
2014-11-05,2014-11-05,2014-11-05,390,389,2.241563888944883e-05,0.0017958166761320366,True,True,eligible_regular_session
2014-11-06,2014-11-06,2014-11-06,390,389,1.8229368867229958e-05,0.003932108445632493,True,True,eligible_regular_session
2014-11-07,2014-11-07,2014-11-07,390,389,1.4991532531751815e-05,0.000265869715559326,True,True,eligible_regular_session
2014-11-10,2014-11-10,2014-11-10,390,389,7.866007009753504e-06,0.0030271037145167042,True,True,eligible_regular_session
2014-11-11,2014-11-11,2014-11-11,390,389,7.497371716070796e-06,0.0006915612638379568,True,True,eligible_regular_session
2014-11-12,2014-11-12,2014-11-12,390,389,1.0293276351638917e-05,0.002303791958507641,True,True,eligible_regular_session
2014-11-13,2014-11-13,2014-11-13,390,389,1.883435873676589e-05,-0.0005540207090501515,True,True,eligible_regular_session
2014-11-14,2014-11-14,2014-11-14,390,389,1.1305534411799587e-05,0.00014218578803451115,True,True,eligible_regular_session
2014-11-17,2014-11-17,2014-11-17,390,389,1.3386059882860579e-05,0.0023788805960483347,True,True,eligible_regular_session
2014-11-18,2014-11-18,2014-11-18,390,389,7.164355473147665e-06,0.0047237066524410815,True,True,eligible_regular_session
2014-11-19,2014-11-19,2014-11-19,390,389,1.5262800158897034e-05,-0.00024894382052298675,True,True,eligible_regular_session
2014-11-20,2014-11-20,2014-11-20,390,389,1.0468218487291873e-05,0.004913438784309912,True,True,eligible_regular_session
2014-11-21,2014-11-21,2014-11-21,390,389,1.5094378243680742e-05,0.0005964026913078042,True,True,eligible_regular_session
2014-11-24,2014-11-24,2014-11-24,390,389,5.545545942660114e-06,0.0012715912315239876,True,True,eligible_regular_session
2014-11-25,2014-11-25,2014-11-25,390,389,9.356226252289368e-06,-0.002222631156299576,True,True,eligible_regular_session
2014-11-26,2014-11-26,2014-11-26,390,389,4.377011481122743e-06,0.001970196594540033,True,True,eligible_regular_session
2014-11-28,2014-11-28,2014-11-28,231,230,7.026614834899618e-06,-0.003182263152803755,False,False,short_or_incomplete
2014-12-01,2014-12-01,2014-12-01,390,389,2.167009187290082e-05,-0.004198481304449041,True,True,eligible_regular_session
2014-12-02,2014-12-02,2014-12-02,390,389,1.221251513899858e-05,0.005483507453583763,True,True,eligible_regular_session
2014-12-03,2014-12-03,2014-12-03,390,389,7.638897573219607e-06,0.002752002972847925,True,True,eligible_regular_session
2014-12-04,2014-12-04,2014-12-04,390,389,1.9879655321430503e-05,4.8274080922156985e-06,True,True,eligible_regular_session
2014-12-05,2014-12-05,2014-12-05,390,389,9.509360075460645e-06,0.0006024575630388664,True,True,eligible_regular_session
2014-12-08,2014-12-08,2014-12-08,390,389,2.1132271309737806e-05,-0.005237159902789094,True,True,eligible_regular_session
2014-12-09,2014-12-09,2014-12-09,390,389,3.697846666275126e-05,0.005041643077897001,True,True,eligible_regular_session
2014-12-10,2014-12-10,2014-12-10,390,389,4.7128579889374746e-05,-0.01363405763653042,True,True,eligible_regular_session
2014-12-11,2014-12-11,2014-12-11,390,389,3.748262360709141e-05,0.0009733891916125756,True,True,eligible_regular_session
2014-12-12,2014-12-12,2014-12-12,390,389,5.6167229207087954e-05,-0.010782524950650301,True,True,eligible_regular_session
2014-12-15,2014-12-15,2014-12-15,390,389,0.00010658479686284949,-0.010544596838383316,True,True,eligible_regular_session
2014-12-16,2014-12-16,2014-12-16,390,389,0.00012170094707496552,-0.0032476430037854396,True,True,eligible_regular_session
2014-12-17,2014-12-17,2014-12-17,390,389,0.0001386601863639089,0.01857241020827031,True,True,eligible_regular_session
2014-12-18,2014-12-18,2014-12-18,390,389,3.7435797622562464e-05,0.015538994296461252,True,True,eligible_regular_session
2014-12-19,2014-12-19,2014-12-19,390,389,3.008285659702145e-05,0.003676510299341322,True,True,eligible_regular_session
2014-12-22,2014-12-22,2014-12-22,390,389,1.2402627000967175e-05,0.002760576126052843,True,True,eligible_regular_session
2014-12-23,2014-12-23,2014-12-23,390,389,1.0189221135238823e-05,-0.0007393609186098481,True,True,eligible_regular_session
2014-12-24,2014-12-24,2014-12-24,231,230,4.538426903694155e-06,-0.00131525279970781,False,False,short_or_incomplete
2014-12-26,2014-12-26,2014-12-26,390,389,3.6335306243289547e-06,0.0011158764498717328,True,True,eligible_regular_session
2014-12-29,2014-12-29,2014-12-29,390,389,5.285888885752736e-06,0.0013689256073415187,True,True,eligible_regular_session
2014-12-30,2014-12-30,2014-12-30,390,389,8.031400199513609e-06,-0.002702321655811318,True,True,eligible_regular_session
2014-12-31,2014-12-31,2014-12-31,390,389,2.4150091204075377e-05,-0.011789264669983842,True,True,eligible_regular_session
2015-01-02,2015-01-02,2015-01-02,390,389,4.57440683835313e-05,-0.003990782382787105,True,True,eligible_regular_session
2015-01-05,2015-01-05,2015-01-05,390,389,5.705628174350133e-05,-0.014190419968490957,True,True,eligible_regular_session
2015-01-06,2015-01-06,2015-01-06,390,389,8.491307039167944e-05,-0.010492942060249687,True,True,eligible_regular_session
2015-01-07,2015-01-07,2015-01-07,390,389,6.239560870804763e-05,0.0067957387125062935,True,True,eligible_regular_session
2015-01-08,2015-01-08,2015-01-08,390,389,2.4553013015872502e-05,0.012463500867165644,True,True,eligible_regular_session
2015-01-09,2015-01-09,2015-01-09,390,389,5.6829885519159655e-05,-0.008675006574188512,True,True,eligible_regular_session
2015-01-12,2015-01-12,2015-01-12,390,389,5.814211197683086e-05,-0.01013424414189016,True,True,eligible_regular_session
2015-01-13,2015-01-13,2015-01-13,390,389,7.69135710634971e-05,-0.008672637282272744,True,True,eligible_regular_session
2015-01-14,2015-01-14,2015-01-14,390,389,9.830609292084003e-05,0.0012538749857757612,True,True,eligible_regular_session
2015-01-15,2015-01-15,2015-01-15,390,389,0.00011059654582454544,-0.011251855743250343,True,True,eligible_regular_session
2015-01-16,2015-01-16,2015-01-16,390,389,7.329056235726257e-05,0.013618814768689844,True,True,eligible_regular_session
2015-01-20,2015-01-20,2015-01-20,390,389,6.169015832003562e-05,-0.0011366052311551228,True,True,eligible_regular_session
2015-01-21,2015-01-21,2015-01-21,390,389,6.566341555840614e-05,0.007037118203926264,True,True,eligible_regular_session
2015-01-22,2015-01-22,2015-01-22,390,389,5.5700234403145635e-05,0.010822242034271451,True,True,eligible_regular_session
2015-01-23,2015-01-23,2015-01-23,390,389,2.8237664784612573e-05,-0.0038621167045492046,True,True,eligible_regular_session
2015-01-26,2015-01-26,2015-01-26,390,389,2.4884573413136314e-05,0.0037310931633749832,True,True,eligible_regular_session
2015-01-27,2015-01-27,2015-01-27,390,389,6.276477020174038e-05,-0.005056459711485703,True,True,eligible_regular_session
2015-01-28,2015-01-28,2015-01-28,390,389,7.557010065851474e-05,-0.018900825561490274,True,True,eligible_regular_session
2015-01-29,2015-01-29,2015-01-29,390,389,8.313360553940051e-05,0.008690457240466883,True,True,eligible_regular_session
2015-01-30,2015-01-30,2015-01-30,390,389,8.667685811783574e-05,-0.009543194818194663,True,True,eligible_regular_session
2015-02-02,2015-02-02,2015-02-02,390,389,0.00010734978226788608,0.00953690444385863,True,True,eligible_regular_session
2015-02-03,2015-02-03,2015-02-03,390,389,5.3275743722903684e-05,0.010249106497402818,True,True,eligible_regular_session
2015-02-04,2015-02-04,2015-02-04,390,389,4.9500866876345084e-05,-0.0005289191562653653,True,True,eligible_regular_session
2015-02-05,2015-02-05,2015-02-05,390,389,2.4237720092364828e-05,0.007320334846727278,True,True,eligible_regular_session
2015-02-06,2015-02-06,2015-02-06,390,389,4.3955187634624304e-05,-0.004756274618405628,True,True,eligible_regular_session
2015-02-09,2015-02-09,2015-02-09,390,389,3.089697250882661e-05,-0.0016940426976013107,True,True,eligible_regular_session
2015-02-10,2015-02-10,2015-02-10,390,389,2.4700346139337432e-05,0.006976716070304968,True,True,eligible_regular_session
2015-02-11,2015-02-11,2015-02-11,390,389,2.9892538087234656e-05,0.001020771085192505,True,True,eligible_regular_session
2015-02-12,2015-02-12,2015-02-12,390,389,1.3377006407436833e-05,0.006476339399309883,True,True,eligible_regular_session
2015-02-13,2015-02-13,2015-02-13,390,389,1.2869565844855846e-05,0.0035402833367974445,True,True,eligible_regular_session
2015-02-17,2015-02-17,2015-02-17,390,389,1.249726357304745e-05,0.002842550478183724,True,True,eligible_regular_session
2015-02-18,2015-02-18,2015-02-18,390,389,1.5241528739386262e-05,0.001701771062542142,True,True,eligible_regular_session
2015-02-19,2015-02-19,2015-02-19,390,389,1.1131896613520956e-05,0.00045302274233596025,True,True,eligible_regular_session
2015-02-20,2015-02-20,2015-02-20,390,389,2.9303188186571493e-05,0.007473353702156505,True,True,eligible_regular_session
2015-02-23,2015-02-23,2015-02-23,390,389,8.590786081424065e-06,0.0008347087540970426,True,True,eligible_regular_session
2015-02-24,2015-02-24,2015-02-24,390,389,1.3541787457184e-05,0.00262212674909071,True,True,eligible_regular_session
2015-02-25,2015-02-25,2015-02-25,390,389,9.265005985915706e-06,-0.00013245722360654641,True,True,eligible_regular_session
2015-02-26,2015-02-26,2015-02-26,390,389,1.4834101715507813e-05,-0.0011127184857889025,True,True,eligible_regular_session
2015-02-27,2015-02-27,2015-02-27,390,389,1.323281408256071e-05,-0.0021216566367156684,True,True,eligible_regular_session
2015-03-02,2015-03-02,2015-03-02,390,389,7.076162415832058e-06,0.005337994046645476,True,True,eligible_regular_session
2015-03-03,2015-03-03,2015-03-03,390,389,1.8450893029256834e-05,-0.00209482720826817,True,True,eligible_regular_session
2015-03-04,2015-03-04,2015-03-04,390,389,2.0654367690467414e-05,-0.0016187858834597355,True,True,eligible_regular_session
2015-03-05,2015-03-05,2015-03-05,390,389,1.1360899742479595e-05,7.138930733997915e-05,True,True,eligible_regular_session
2015-03-06,2015-03-06,2015-03-06,390,389,3.1092053416230376e-05,-0.011152326706301648,True,True,eligible_regular_session
2015-03-09,2015-03-09,2015-03-09,390,389,1.6551260124641202e-05,0.0026003308402791454,True,True,eligible_regular_session
2015-03-10,2015-03-10,2015-03-10,390,389,3.5767376737823065e-05,-0.010969458056872041,True,True,eligible_regular_session
2015-03-11,2015-03-11,2015-03-11,390,389,2.3340539578441142e-05,-0.002970185361186323,True,True,eligible_regular_session
2015-03-12,2015-03-12,2015-03-12,390,389,1.4661963669037105e-05,0.009767707306415633,True,True,eligible_regular_session
2015-03-13,2015-03-13,2015-03-13,390,389,3.83705847859424e-05,-0.004393005480652586,True,True,eligible_regular_session
2015-03-16,2015-03-16,2015-03-16,390,389,1.9259402052131167e-05,0.009430319597522245,True,True,eligible_regular_session
2015-03-17,2015-03-17,2015-03-17,390,389,2.002763032278615e-05,0.00016875724792162302,True,True,eligible_regular_session
2015-03-18,2015-03-18,2015-03-18,390,389,7.506520503126139e-05,0.014674108546759256,True,True,eligible_regular_session
2015-03-19,2015-03-19,2015-03-19,390,389,2.21044033558655e-05,-0.0030199809833801393,True,True,eligible_regular_session
2015-03-20,2015-03-20,2015-03-20,390,389,1.5089502115161421e-05,0.0057983585569666325,True,True,eligible_regular_session
2015-03-23,2015-03-23,2015-03-23,390,389,1.0089446961610187e-05,-0.0019035915258904215,True,True,eligible_regular_session
2015-03-24,2015-03-24,2015-03-24,390,389,1.964437072928581e-05,-0.00577785529536538,True,True,eligible_regular_session
2015-03-25,2015-03-25,2015-03-25,390,389,3.543351895871621e-05,-0.016341506663747674,True,True,eligible_regular_session
2015-03-26,2015-03-26,2015-03-26,390,389,4.7279696381132005e-05,0.002400423782800835,True,True,eligible_regular_session
2015-03-27,2015-03-27,2015-03-27,390,389,2.9715992029655467e-05,0.001675705341757164,True,True,eligible_regular_session
2015-03-30,2015-03-30,2015-03-30,390,389,1.709113742707526e-05,0.006704526845742438,True,True,eligible_regular_session
2015-03-31,2015-03-31,2015-03-31,390,389,2.971218414672466e-05,-0.003831792115882625,True,True,eligible_regular_session
2015-04-01,2015-04-01,2015-04-01,390,389,4.333536533304674e-05,-0.002201704057133235,True,True,eligible_regular_session
2015-04-02,2015-04-02,2015-04-02,390,389,2.118917469081209e-05,0.0035042942822605515,True,True,eligible_regular_session
2015-04-06,2015-04-06,2015-04-06,390,389,1.913796044514913e-05,0.011096136002251095,True,True,eligible_regular_session
2015-04-07,2015-04-07,2015-04-07,390,389,1.3978567340039039e-05,-0.0031834602504545663,True,True,eligible_regular_session
2015-04-08,2015-04-08,2015-04-08,390,389,3.616474148035192e-05,0.0018799392993986866,True,True,eligible_regular_session
2015-04-09,2015-04-09,2015-04-09,390,389,2.6133321836277767e-05,0.004423905853547418,True,True,eligible_regular_session
2015-04-10,2015-04-10,2015-04-10,390,389,7.840374999361864e-06,0.00405651062843976,True,True,eligible_regular_session
2015-04-13,2015-04-13,2015-04-13,390,389,1.2237278317851074e-05,-0.004320011295992417,True,True,eligible_regular_session
2015-04-14,2015-04-14,2015-04-14,390,389,2.127693981598278e-05,0.0015899431113209528,True,True,eligible_regular_session
2015-04-15,2015-04-15,2015-04-15,390,389,1.1641267532900278e-05,0.0023385708307410787,True,True,eligible_regular_session
2015-04-16,2015-04-16,2015-04-16,390,389,1.506760375746386e-05,0.0009599848660445157,True,True,eligible_regular_session
2015-04-17,2015-04-17,2015-04-17,390,389,3.1902555635947e-05,-0.006484945520652931,True,True,eligible_regular_session
2015-04-20,2015-04-20,2015-04-20,390,389,1.5003816370062739e-05,0.0043134982782856825,True,True,eligible_regular_session
2015-04-21,2015-04-21,2015-04-21,390,389,2.0614319588334772e-05,-0.004784652610091692,True,True,eligible_regular_session
2015-04-22,2015-04-22,2015-04-22,390,389,2.0415981866660764e-05,0.003107437061435539,True,True,eligible_regular_session
2015-04-23,2015-04-23,2015-04-23,390,389,1.4217787655793236e-05,0.004515494083295966,True,True,eligible_regular_session
2015-04-24,2015-04-24,2015-04-24,390,389,1.2128744632099204e-05,-0.000448467546727962,True,True,eligible_regular_session
2015-04-27,2015-04-27,2015-04-27,390,389,1.5727042503098724e-05,-0.006898632045667037,True,True,eligible_regular_session
2015-04-28,2015-04-28,2015-04-28,390,389,2.383538563785225e-05,0.0024287082269071896,True,True,eligible_regular_session
2015-04-29,2015-04-29,2015-04-29,390,389,4.4798292400755505e-05,-0.0004840454907440479,True,True,eligible_regular_session
2015-04-30,2015-04-30,2015-04-30,390,389,4.3517350549736696e-05,-0.006571000950912314,True,True,eligible_regular_session
2015-05-01,2015-05-01,2015-05-01,390,389,2.0767778855566582e-05,0.0062772514920486615,True,True,eligible_regular_session
2015-05-04,2015-05-04,2015-05-04,390,389,1.3452659022129283e-05,0.0010410653877494544,True,True,eligible_regular_session
2015-05-05,2015-05-05,2015-05-05,390,389,2.7994256069957634e-05,-0.010137482092051392,True,True,eligible_regular_session
2015-05-06,2015-05-06,2015-05-06,390,389,4.4297972288359626e-05,-0.00675903195191182,True,True,eligible_regular_session
2015-05-07,2015-05-07,2015-05-07,390,389,3.453709242533489e-05,0.003920435165000113,True,True,eligible_regular_session
2015-05-08,2015-05-08,2015-05-08,390,389,1.1834141559700176e-05,0.0060967415407269,True,True,eligible_regular_session
2015-05-11,2015-05-11,2015-05-11,390,389,1.5154396683897137e-05,-0.0034897925896852384,True,True,eligible_regular_session
2015-05-12,2015-05-12,2015-05-12,390,389,3.527000455654956e-05,0.0012250785081811058,True,True,eligible_regular_session
2015-05-13,2015-05-13,2015-05-13,390,389,2.3967986289017108e-05,-0.00139054263084509,True,True,eligible_regular_session
2015-05-14,2015-05-14,2015-05-14,390,389,8.018490627937224e-06,0.004982707962249403,True,True,eligible_regular_session
2015-05-15,2015-05-15,2015-05-15,390,389,1.0268123394490967e-05,-7.537499061399396e-05,True,True,eligible_regular_session
2015-05-18,2015-05-18,2015-05-18,390,389,5.873822193350661e-06,0.0037742464553483434,True,True,eligible_regular_session
2015-05-19,2015-05-19,2015-05-19,390,389,1.1953585734742398e-05,-0.0005590489736251511,True,True,eligible_regular_session
2015-05-20,2015-05-20,2015-05-20,390,389,1.809685021647584e-05,-0.0011189259479429533,True,True,eligible_regular_session
2015-05-21,2015-05-21,2015-05-21,390,389,7.849241043727993e-06,0.0031111533062944652,True,True,eligible_regular_session
2015-05-22,2015-05-22,2015-05-22,390,389,7.817193574153864e-06,-0.0006064580918842558,True,True,eligible_regular_session
2015-05-26,2015-05-26,2015-05-26,390,389,2.125830234343417e-05,-0.007989289196374658,True,True,eligible_regular_session
2015-05-27,2015-05-27,2015-05-27,390,389,1.516586736493328e-05,0.007079525024460745,True,True,eligible_regular_session
2015-05-28,2015-05-28,2015-05-28,390,389,1.6134763381631005e-05,0.00041500234034410656,True,True,eligible_regular_session
2015-05-29,2015-05-29,2015-05-29,390,389,2.389768165299944e-05,-0.005729427521156453,True,True,eligible_regular_session
2015-06-01,2015-06-01,2015-06-01,390,389,2.55410536255075e-05,-0.0017315857794776939,True,True,eligible_regular_session
2015-06-02,2015-06-02,2015-06-02,390,389,2.16386951334752e-05,0.0015132722531653443,True,True,eligible_regular_session
2015-06-03,2015-06-03,2015-06-03,390,389,1.981464740881209e-05,-0.00023645022123679887,True,True,eligible_regular_session
2015-06-04,2015-06-04,2015-06-04,390,389,3.7699776898656904e-05,-0.0051334497492060835,True,True,eligible_regular_session
2015-06-05,2015-06-05,2015-06-05,390,389,2.5818990801237105e-05,-0.0008979190852278245,True,True,eligible_regular_session
2015-06-08,2015-06-08,2015-06-08,390,389,2.0375825136905485e-05,-0.005940739708319514,True,True,eligible_regular_session
2015-06-09,2015-06-09,2015-06-09,390,389,2.1994888269295286e-05,0.0005434403756037655,True,True,eligible_regular_session
2015-06-10,2015-06-10,2015-06-10,390,389,2.0094033936118206e-05,0.008062020711259492,True,True,eligible_regular_session
2015-06-11,2015-06-11,2015-06-11,390,389,1.304541424420209e-05,-0.000109027733445164,True,True,eligible_regular_session
2015-06-12,2015-06-12,2015-06-12,390,389,1.7625327109489846e-05,-0.003922255818880412,True,True,eligible_regular_session
2015-06-15,2015-06-15,2015-06-15,390,389,2.9607384389899315e-05,0.0022330388439367383,True,True,eligible_regular_session
2015-06-16,2015-06-16,2015-06-16,390,389,1.5462923228937414e-05,0.005865596485746742,True,True,eligible_regular_session
2015-06-17,2015-06-17,2015-06-17,390,389,3.09108792819402e-05,-0.000295136907584446,True,True,eligible_regular_session
2015-06-18,2015-06-18,2015-06-18,390,389,1.5158136935552076e-05,0.005422809362027055,True,True,eligible_regular_session
2015-06-19,2015-06-19,2015-06-19,386,385,8.639076590087823e-06,-0.005318369376298294,True,True,eligible_regular_session
2015-06-22,2015-06-22,2015-06-22,390,389,1.1224799700620909e-05,0.0011169367876950828,True,True,eligible_regular_session
2015-06-23,2015-06-23,2015-06-23,390,389,8.727160084113422e-06,-0.0007246615818290194,True,True,eligible_regular_session
2015-06-24,2015-06-24,2015-06-24,371,370,1.1857997598559003e-05,-0.005390950606347009,True,True,eligible_regular_session
2015-06-25,2015-06-25,2015-06-25,390,389,1.393953300989877e-05,-0.005496929829583691,True,True,eligible_regular_session
2015-06-26,2015-06-26,2015-06-26,390,389,1.9410441260179243e-05,-0.0013597100112833905,True,True,eligible_regular_session
2015-06-29,2015-06-29,2015-06-29,390,389,3.978680047410661e-05,-0.014147947359490013,True,True,eligible_regular_session
2015-06-30,2015-06-30,2015-06-30,390,389,5.076813957124223e-05,-0.003604461818608807,True,True,eligible_regular_session
2015-07-01,2015-07-01,2015-07-01,390,389,2.9308726492620624e-05,0.0015171915125149259,True,True,eligible_regular_session
2015-07-02,2015-07-02,2015-07-02,390,389,1.7488229072886107e-05,-0.002953004204349711,True,True,eligible_regular_session
2015-07-06,2015-07-06,2015-07-06,390,389,3.1539103665803776e-05,0.001451196524139705,True,True,eligible_regular_session
2015-07-07,2015-07-07,2015-07-07,390,389,6.302889742922606e-05,0.005511567015352314,True,True,eligible_regular_session
2015-07-08,2015-07-08,2015-07-08,390,389,7.126058052110714e-05,-0.01061748747612309,True,True,eligible_regular_session
2015-07-09,2015-07-09,2015-07-09,390,389,4.106458593441511e-05,-0.0062057216774719206,True,True,eligible_regular_session
2015-07-10,2015-07-10,2015-07-10,390,389,2.2449178556883466e-05,0.003956712988122891,True,True,eligible_regular_session
2015-07-13,2015-07-13,2015-07-13,390,389,1.1755130719619957e-05,0.005272319229378844,True,True,eligible_regular_session
2015-07-14,2015-07-14,2015-07-14,390,389,6.044836518797539e-06,0.004781446107197087,True,True,eligible_regular_session
2015-07-15,2015-07-15,2015-07-15,390,389,1.3669833304612736e-05,-9.488521261475938e-06,True,True,eligible_regular_session
2015-07-16,2015-07-16,2015-07-16,390,389,7.370743722502816e-06,0.0028852293546044335,True,True,eligible_regular_session
2015-07-17,2015-07-17,2015-07-17,390,389,7.2250602507076495e-06,-0.00018338831115490922,True,True,eligible_regular_session
2015-07-20,2015-07-20,2015-07-20,390,389,8.02184264024165e-06,-3.758921565838037e-05,True,True,eligible_regular_session
2015-07-21,2015-07-21,2015-07-21,390,389,9.197586098046035e-06,-0.0029917642851393254,True,True,eligible_regular_session
2015-07-22,2015-07-22,2015-07-22,390,389,1.0493896373500737e-05,0.0006104096321948763,True,True,eligible_regular_session
2015-07-23,2015-07-23,2015-07-23,390,389,1.4380873362334282e-05,-0.006184012461073157,True,True,eligible_regular_session
2015-07-24,2015-07-24,2015-07-24,390,389,2.0268540399913474e-05,-0.012166948971796385,True,True,eligible_regular_session
2015-07-27,2015-07-27,2015-07-27,390,389,2.9477615351528395e-05,-0.0018453844070213214,True,True,eligible_regular_session
2015-07-28,2015-07-28,2015-07-28,390,389,2.0427497973349784e-05,0.007533380629341587,True,True,eligible_regular_session
2015-07-29,2015-07-29,2015-07-29,390,389,2.6740093610337114e-05,0.006332914384132837,True,True,eligible_regular_session
2015-07-30,2015-07-30,2015-07-30,390,389,1.9522281118045096e-05,0.0019174369181370508,True,True,eligible_regular_session
2015-07-31,2015-07-31,2015-07-31,390,389,1.72241814739015e-05,-0.003666108763235413,True,True,eligible_regular_session
2015-08-03,2015-08-03,2015-08-03,390,389,2.6279306652780477e-05,-0.003174054434659301,True,True,eligible_regular_session
2015-08-04,2015-08-04,2015-08-04,390,389,2.3620043404504943e-05,-0.002233102362330527,True,True,eligible_regular_session
2015-08-05,2015-08-05,2015-08-05,390,389,1.810303800634008e-05,-0.0007188337114054727,True,True,eligible_regular_session
2015-08-06,2015-08-06,2015-08-06,390,389,2.36070732134621e-05,-0.008714985210096633,True,True,eligible_regular_session
2015-08-07,2015-08-07,2015-08-07,390,389,2.9206086343714603e-05,-0.0012552876425003974,True,True,eligible_regular_session
2015-08-10,2015-08-10,2015-08-10,390,389,9.576327309869327e-06,0.006198288143339149,True,True,eligible_regular_session
2015-08-11,2015-08-11,2015-08-11,390,389,2.8727899145793758e-05,-0.004413074052151729,True,True,eligible_regular_session
2015-08-12,2015-08-12,2015-08-12,390,389,4.391708410861071e-05,0.007317581057485595,True,True,eligible_regular_session
2015-08-13,2015-08-13,2015-08-13,390,389,2.962856123797205e-05,-0.0006477569842373084,True,True,eligible_regular_session
2015-08-14,2015-08-14,2015-08-14,390,389,1.5146274288253813e-05,0.004129426311944907,True,True,eligible_regular_session
2015-08-17,2015-08-17,2015-08-17,390,389,1.4033987248044341e-05,0.008785836832411392,True,True,eligible_regular_session
2015-08-18,2015-08-18,2015-08-18,390,389,1.4760318034094605e-05,-0.0010485428599309476,True,True,eligible_regular_session
2015-08-19,2015-08-19,2015-08-19,390,389,4.861092484705663e-05,-0.0037286885551790438,True,True,eligible_regular_session
2015-08-20,2015-08-20,2015-08-20,390,389,5.74702844761104e-05,-0.013941160892040273,True,True,eligible_regular_session
2015-08-21,2015-08-21,2015-08-21,390,389,0.00012595155792807368,-0.024346850690691816,True,True,eligible_regular_session
2015-08-24,2015-08-24,2015-08-24,390,389,0.0010069369951393333,-0.005618865051456399,True,True,eligible_regular_session
2015-08-25,2015-08-25,2015-08-25,390,389,0.0002869379953514338,-0.026892199356191738,True,True,eligible_regular_session
2015-08-26,2015-08-26,2015-08-26,390,389,0.0003981252981811532,0.023954646522636694,True,True,eligible_regular_session
2015-08-27,2015-08-27,2015-08-27,390,389,0.00019854657513633953,0.014662357891211336,True,True,eligible_regular_session
2015-08-28,2015-08-28,2015-08-28,390,389,0.00011180166838648435,0.0028962532680468487,True,True,eligible_regular_session
2015-08-31,2015-08-31,2015-08-31,390,389,7.332635338894145e-05,-0.0035986099930252723,True,True,eligible_regular_session
2015-09-01,2015-09-01,2015-09-01,390,389,0.0002044486567145941,-0.01664693779956096,True,True,eligible_regular_session
2015-09-02,2015-09-02,2015-09-02,390,389,0.00011822089356153365,0.008182660176695052,True,True,eligible_regular_session
2015-09-03,2015-09-03,2015-09-03,390,389,0.0001083002833726165,-0.0023958115493244603,True,True,eligible_regular_session
2015-09-04,2015-09-04,2015-09-04,390,389,9.683709229938971e-05,-0.006195825975836204,True,True,eligible_regular_session
2015-09-08,2015-09-08,2015-09-08,390,389,5.329091466432056e-05,0.01348780845441408,True,True,eligible_regular_session
2015-09-09,2015-09-09,2015-09-09,390,389,8.499435814194089e-05,-0.020426762620577226,True,True,eligible_regular_session
2015-09-10,2015-09-10,2015-09-10,390,389,0.0001126083687326895,0.006368155153925876,True,True,eligible_regular_session
2015-09-11,2015-09-11,2015-09-11,390,389,4.769762829350864e-05,0.007449901459476937,True,True,eligible_regular_session
2015-09-14,2015-09-14,2015-09-14,390,389,3.4912322857225404e-05,-0.004261370084967852,True,True,eligible_regular_session
2015-09-15,2015-09-15,2015-09-15,390,389,3.286461850823349e-05,0.00999845754203503,True,True,eligible_regular_session
2015-09-16,2015-09-16,2015-09-16,390,389,3.237281018861957e-05,0.007865398503126213,True,True,eligible_regular_session
2015-09-17,2015-09-17,2015-09-17,390,389,0.000140190191672282,-0.0013657157317242727,True,True,eligible_regular_session
2015-09-18,2015-09-18,2015-09-18,390,389,8.199260971849498e-05,-0.009524220336026738,True,True,eligible_regular_session
2015-09-21,2015-09-21,2015-09-21,390,389,5.563256588479433e-05,0.0007729547596101293,True,True,eligible_regular_session
2015-09-22,2015-09-22,2015-09-22,390,389,6.649536932596076e-05,-0.0032221373619518105,True,True,eligible_regular_session
2015-09-23,2015-09-23,2015-09-23,390,389,4.576813803795811e-05,-0.0029355135564947525,True,True,eligible_regular_session
2015-09-24,2015-09-24,2015-09-24,390,389,8.245226822593436e-05,0.0029174557489299595,True,True,eligible_regular_session
2015-09-25,2015-09-25,2015-09-25,390,389,7.39663373741711e-05,-0.008150727053799676,True,True,eligible_regular_session
2015-09-28,2015-09-28,2015-09-28,390,389,8.32919614059969e-05,-0.020483844571618993,True,True,eligible_regular_session
2015-09-29,2015-09-29,2015-09-29,390,389,0.00011324661468886339,-0.0011193011637496365,True,True,eligible_regular_session
2015-09-30,2015-09-30,2015-09-30,390,389,7.868008570143886e-05,0.01016646310151153,True,True,eligible_regular_session
2015-10-01,2015-10-01,2015-10-01,390,389,0.0001019617068767583,-9.876568887986895e-05,True,True,eligible_regular_session
2015-10-02,2015-10-02,2015-10-02,390,389,0.00011136194668408099,0.022358591762464453,True,True,eligible_regular_session
2015-10-05,2015-10-05,2015-10-05,390,389,3.564737457062023e-05,0.010967347396275591,True,True,eligible_regular_session
2015-10-06,2015-10-06,2015-10-06,390,389,5.246928629222386e-05,-0.0019274925865634415,True,True,eligible_regular_session
2015-10-07,2015-10-07,2015-10-07,390,389,6.57733011437243e-05,0.002825051994661419,True,True,eligible_regular_session
2015-10-08,2015-10-08,2015-10-08,390,389,5.3822392540118724e-05,0.011082009072973312,True,True,eligible_regular_session
2015-10-09,2015-10-09,2015-10-09,390,389,2.91770019679419e-05,-0.0001290271355781395,True,True,eligible_regular_session
2015-10-12,2015-10-12,2015-10-12,390,389,1.7078737628966752e-05,0.0009621155379907565,True,True,eligible_regular_session
2015-10-13,2015-10-13,2015-10-13,390,389,2.6140744784982138e-05,-0.0023426685222772176,True,True,eligible_regular_session
2015-10-14,2015-10-14,2015-10-14,390,389,3.9820772130379065e-05,-0.005002161355052553,True,True,eligible_regular_session
2015-10-15,2015-10-15,2015-10-15,390,389,3.128612820508682e-05,0.011549561348151308,True,True,eligible_regular_session
2015-10-16,2015-10-16,2015-10-16,390,389,1.9068861336399243e-05,0.002467513571071529,True,True,eligible_regular_session
2015-10-19,2015-10-19,2015-10-19,390,389,1.9637663955914244e-05,0.003782696723452806,True,True,eligible_regular_session
2015-10-20,2015-10-20,2015-10-20,390,389,2.2907722848476086e-05,-0.0003298193653555541,True,True,eligible_regular_session
2015-10-21,2015-10-21,2015-10-21,390,389,4.15422826462831e-05,-0.008807023600519845,True,True,eligible_regular_session
2015-10-22,2015-10-22,2015-10-22,390,389,3.3894785913871794e-05,0.010308183251450241,True,True,eligible_regular_session
2015-10-23,2015-10-23,2015-10-23,390,389,3.612276732556332e-05,0.0027115324217912764,True,True,eligible_regular_session
2015-10-26,2015-10-26,2015-10-26,390,389,1.6913567512800932e-05,-0.0013897201564966582,True,True,eligible_regular_session
2015-10-27,2015-10-27,2015-10-27,390,389,2.1788431397534647e-05,0.000847439210637307,True,True,eligible_regular_session
2015-10-28,2015-10-28,2015-10-28,390,389,5.128776938898808e-05,0.009745105450135494,True,True,eligible_regular_session
2015-10-29,2015-10-29,2015-10-29,390,389,2.055721682733329e-05,0.0023958764072219974,True,True,eligible_regular_session
2015-10-30,2015-10-30,2015-10-30,390,389,2.864952535000538e-05,-0.00558138307525073,True,True,eligible_regular_session
2015-11-02,2015-11-02,2015-11-02,390,389,1.4890637560587954e-05,0.01079515889257219,True,True,eligible_regular_session
2015-11-03,2015-11-03,2015-11-03,390,389,1.3725364470491468e-05,0.004879530186854383,True,True,eligible_regular_session
2015-11-04,2015-11-04,2015-11-04,390,389,3.0855481967832765e-05,-0.004721074448553934,True,True,eligible_regular_session
2015-11-05,2015-11-05,2015-11-05,390,389,2.7372701360102406e-05,-0.001864811276391661,True,True,eligible_regular_session
2015-11-06,2015-11-06,2015-11-06,390,389,3.707505183465257e-05,0.0010915184389673682,True,True,eligible_regular_session
2015-11-09,2015-11-09,2015-11-09,390,389,3.465512391115083e-05,-0.006133620478272499,True,True,eligible_regular_session
2015-11-10,2015-11-10,2015-11-10,390,389,2.7420937570179068e-05,0.0038207289494392844,True,True,eligible_regular_session
2015-11-11,2015-11-11,2015-11-11,390,389,1.972024342350791e-05,-0.005296892416487546,True,True,eligible_regular_session
2015-11-12,2015-11-12,2015-11-12,390,389,3.72501964817234e-05,-0.009664636636910282,True,True,eligible_regular_session
2015-11-13,2015-11-13,2015-11-13,390,389,4.257854093610416e-05,-0.00866100261249627,True,True,eligible_regular_session
2015-11-16,2015-11-16,2015-11-16,390,389,4.7216981115788035e-05,0.016154964241308703,True,True,eligible_regular_session
2015-11-17,2015-11-17,2015-11-17,390,389,4.63583958613114e-05,-0.0019683894800501564,True,True,eligible_regular_session
2015-11-18,2015-11-18,2015-11-18,390,389,3.527818098317332e-05,0.013170735908328013,True,True,eligible_regular_session
2015-11-19,2015-11-19,2015-11-19,390,389,2.0690392828281104e-05,-0.0011142222969408278,True,True,eligible_regular_session
2015-11-20,2015-11-20,2015-11-20,390,389,1.3354144663470025e-05,0.0007183013918260785,True,True,eligible_regular_session
2015-11-23,2015-11-23,2015-11-23,390,389,1.5536565521672726e-05,-0.0010297996153838308,True,True,eligible_regular_session
2015-11-24,2015-11-24,2015-11-24,390,389,2.6955733273991737e-05,0.005350904062621883,True,True,eligible_regular_session
2015-11-25,2015-11-25,2015-11-25,390,389,9.34316812911366e-06,-0.00038287404868861147,True,True,eligible_regular_session
2015-11-27,2015-11-27,2015-11-27,232,231,9.263433796231132e-06,1.4353414557985011e-05,False,False,short_or_incomplete
2015-11-30,2015-11-30,2015-11-30,390,389,1.84195922722999e-05,-0.005806505017264411,True,True,eligible_regular_session
2015-12-01,2015-12-01,2015-12-01,390,389,2.386573221065092e-05,0.007031508326378581,True,True,eligible_regular_session
2015-12-02,2015-12-02,2015-12-02,390,389,2.8065758075140882e-05,-0.010074471105918593,True,True,eligible_regular_session
2015-12-03,2015-12-03,2015-12-03,390,389,6.068609339421285e-05,-0.0169100408531175,True,True,eligible_regular_session
2015-12-04,2015-12-04,2015-12-04,390,389,4.327645128484709e-05,0.017467671973856118,True,True,eligible_regular_session
2015-12-07,2015-12-07,2015-12-07,390,389,4.655886949307305e-05,-0.004941625517682124,True,True,eligible_regular_session
2015-12-08,2015-12-08,2015-12-08,390,389,5.628528237759459e-05,0.0008289402401588008,True,True,eligible_regular_session
2015-12-09,2015-12-09,2015-12-09,390,389,9.189802161759322e-05,-0.0047303293959073955,True,True,eligible_regular_session
2015-12-10,2015-12-10,2015-12-10,390,389,6.0467053740824645e-05,0.002043579168275885,True,True,eligible_regular_session
2015-12-11,2015-12-11,2015-12-11,390,389,7.423923989609347e-05,-0.009810350787183276,True,True,eligible_regular_session
2015-12-14,2015-12-14,2015-12-14,390,389,0.00012669939382789486,0.004182634314604904,True,True,eligible_regular_session
2015-12-15,2015-12-15,2015-12-15,390,389,4.4818781754352025e-05,0.0040947387177622755,True,True,eligible_regular_session
2015-12-16,2015-12-16,2015-12-16,390,389,0.00012373745804590138,0.007845874448670985,True,True,eligible_regular_session
2015-12-17,2015-12-17,2015-12-17,390,389,7.231900202320761e-05,-0.016227822350484998,True,True,eligible_regular_session
2015-12-18,2015-12-18,2015-12-18,390,389,7.857036859974337e-05,-0.015186632577991145,True,True,eligible_regular_session
2015-12-21,2015-12-21,2015-12-21,390,389,4.307189136303363e-05,0.00178282297738152,True,True,eligible_regular_session
2015-12-22,2015-12-22,2015-12-22,390,389,3.3361583810710964e-05,0.004389691045699034,True,True,eligible_regular_session
2015-12-23,2015-12-23,2015-12-23,390,389,1.9308240759525887e-05,0.00790810150087585,True,True,eligible_regular_session
2015-12-24,2015-12-24,2015-12-24,232,231,7.181290002198592e-06,-0.00087298975416459,False,False,short_or_incomplete
2015-12-28,2015-12-28,2015-12-28,390,389,1.837461771500658e-05,0.0007783161523797642,True,True,eligible_regular_session
2015-12-29,2015-12-29,2015-12-29,390,389,1.3064302421662725e-05,0.005409213655371047,True,True,eligible_regular_session
2015-12-30,2015-12-30,2015-12-30,390,389,1.5659258982094014e-05,-0.006227900645449597,True,True,eligible_regular_session
2015-12-31,2015-12-31,2015-12-31,390,389,2.7228366301347518e-05,-0.004934401156456771,True,True,eligible_regular_session
2016-01-04,2016-01-04,2016-01-04,390,389,8.213573359501319e-05,-0.002470937980379672,True,True,eligible_regular_session
2016-01-05,2016-01-05,2016-01-05,390,389,5.895539351738981e-05,0.00048604843586295347,True,True,eligible_regular_session
2016-01-06,2016-01-06,2016-01-06,390,389,6.814445535889998e-05,-0.0033650900232985543,True,True,eligible_regular_session
2016-01-07,2016-01-07,2016-01-07,390,389,0.0001232621320492239,-0.011700228373939739,True,True,eligible_regular_session
2016-01-08,2016-01-08,2016-01-08,390,389,9.852345887432462e-05,-0.01598043721415675,True,True,eligible_regular_session
2016-01-11,2016-01-11,2016-01-11,390,389,0.00011400858096919473,-0.004869646993181298,True,True,eligible_regular_session
2016-01-12,2016-01-12,2016-01-12,390,389,0.00010927628218133359,0.001419322112080336,True,True,eligible_regular_session
2016-01-13,2016-01-13,2016-01-13,390,389,0.00014876789656846027,-0.02836351981780663,True,True,eligible_regular_session
2016-01-14,2016-01-14,2016-01-14,390,389,0.0001683564752775433,0.012289431791907812,True,True,eligible_regular_session
2016-01-15,2016-01-15,2016-01-15,390,389,0.00019003828254828716,-0.0076666892073737,True,True,eligible_regular_session
2016-01-19,2016-01-19,2016-01-19,390,389,0.0001469196170294749,-0.008237339917320462,True,True,eligible_regular_session
2016-01-20,2016-01-20,2016-01-20,390,389,0.00027694258360524846,-0.0008439658291639461,True,True,eligible_regular_session
2016-01-21,2016-01-21,2016-01-21,390,389,0.0002451137187570459,0.004623306008860225,True,True,eligible_regular_session
2016-01-22,2016-01-22,2016-01-22,390,389,8.765218047823848e-05,0.00897122128339211,True,True,eligible_regular_session
2016-01-25,2016-01-25,2016-01-25,390,389,8.022975519949614e-05,-0.013488582753858221,True,True,eligible_regular_session
2016-01-26,2016-01-26,2016-01-26,390,389,7.685313322952315e-05,0.010291052042636478,True,True,eligible_regular_session
2016-01-27,2016-01-27,2016-01-27,390,389,0.00018581681829134684,-0.007564572677946628,True,True,eligible_regular_session
2016-01-28,2016-01-28,2016-01-28,390,389,0.00014366948588321243,-0.001952507216598454,True,True,eligible_regular_session
2016-01-29,2016-01-29,2016-01-29,390,389,5.192509693515625e-05,0.02019049298804703,True,True,eligible_regular_session
2016-02-01,2016-02-01,2016-02-01,390,389,6.51213509024872e-05,0.004362350178576286,True,True,eligible_regular_session
2016-02-02,2016-02-02,2016-02-02,390,389,7.195164147575182e-05,-0.011757928064480115,True,True,eligible_regular_session
2016-02-03,2016-02-03,2016-02-03,390,389,0.00020799071681546738,-4.182875309098187e-05,True,True,eligible_regular_session
2016-02-04,2016-02-04,2016-02-04,390,389,0.00016024704867166172,0.0033682744872427983,True,True,eligible_regular_session
2016-02-05,2016-02-05,2016-02-05,390,389,0.00011956474459466827,-0.01596817144477561,True,True,eligible_regular_session
2016-02-08,2016-02-08,2016-02-08,390,389,0.00015441474492507723,-0.003823046289824461,True,True,eligible_regular_session
2016-02-09,2016-02-09,2016-02-09,390,389,0.00019573908905862197,0.007951067473002412,True,True,eligible_regular_session
2016-02-10,2016-02-10,2016-02-10,390,389,0.00012735888069654114,-0.0060791770089276735,True,True,eligible_regular_session
2016-02-11,2016-02-11,2016-02-11,390,389,0.00021641588585507768,-0.0038542004397973772,True,True,eligible_regular_session
2016-02-12,2016-02-12,2016-02-12,390,389,6.525165145538962e-05,0.011479683500245386,True,True,eligible_regular_session
2016-02-16,2016-02-16,2016-02-16,390,389,4.894646123177268e-05,0.007659463148478699,True,True,eligible_regular_session
2016-02-17,2016-02-17,2016-02-17,390,389,3.17444367403082e-05,0.009439838120080018,True,True,eligible_regular_session
2016-02-18,2016-02-18,2016-02-18,390,389,3.977542754902908e-05,-0.00597426455405738,True,True,eligible_regular_session
2016-02-19,2016-02-19,2016-02-19,390,389,4.318458108891017e-05,0.003133881889628416,True,True,eligible_regular_session
2016-02-22,2016-02-22,2016-02-22,390,389,2.4093005106141687e-05,0.006844907893952163,True,True,eligible_regular_session
2016-02-23,2016-02-23,2016-02-23,390,389,3.122559580935008e-05,-0.008437950125790296,True,True,eligible_regular_session
2016-02-24,2016-02-24,2016-02-24,390,389,7.519323441560484e-05,0.011986368993758366,True,True,eligible_regular_session
2016-02-25,2016-02-25,2016-02-25,390,389,3.922264615256578e-05,0.008681677740242732,True,True,eligible_regular_session
2016-02-26,2016-02-26,2016-02-26,390,389,4.0430514963539615e-05,-0.006187882014526973,True,True,eligible_regular_session
2016-02-29,2016-02-29,2016-02-29,390,389,4.96070078765907e-05,-0.007164163557264708,True,True,eligible_regular_session
2016-03-01,2016-03-01,2016-03-01,390,389,3.7090847609502895e-05,0.016444955509061488,True,True,eligible_regular_session
2016-03-02,2016-03-02,2016-03-02,390,389,3.6880579409044966e-05,0.006363882826123075,True,True,eligible_regular_session
2016-03-03,2016-03-03,2016-03-03,390,389,2.7422388801423612e-05,0.0047320405613148755,True,True,eligible_regular_session
2016-03-04,2016-03-04,2016-03-04,390,389,3.565188859483384e-05,0.0014264302379345384,True,True,eligible_regular_session
2016-03-07,2016-03-07,2016-03-07,390,389,3.5490802981667704e-05,0.00535049971883496,True,True,eligible_regular_session
2016-03-08,2016-03-08,2016-03-08,390,389,4.955353325141782e-05,-0.005827572217950673,True,True,eligible_regular_session
2016-03-09,2016-03-09,2016-03-09,390,389,4.5063108026992366e-05,0.0009255813210462213,True,True,eligible_regular_session
2016-03-10,2016-03-10,2016-03-10,390,389,8.803724101872157e-05,-0.0011804567979935762,True,True,eligible_regular_session
2016-03-11,2016-03-11,2016-03-11,390,389,1.8740236035666734e-05,0.009076947563271414,True,True,eligible_regular_session
2016-03-14,2016-03-14,2016-03-14,390,389,1.7629140000343187e-05,0.0010949240716258191,True,True,eligible_regular_session
2016-03-15,2016-03-15,2016-03-15,390,389,1.8201292111089634e-05,0.0017477487294184921,True,True,eligible_regular_session
2016-03-16,2016-03-16,2016-03-16,390,389,5.54431005665487e-05,0.007077555676211581,True,True,eligible_regular_session
2016-03-17,2016-03-17,2016-03-17,390,389,2.025042427537112e-05,0.007224580135089071,True,True,eligible_regular_session
2016-03-18,2016-03-18,2016-03-18,390,389,1.844779302165739e-05,0.0021445660101207017,True,True,eligible_regular_session
2016-03-21,2016-03-21,2016-03-21,390,389,1.9347555446478962e-05,0.0025915917156882243,True,True,eligible_regular_session
2016-03-22,2016-03-22,2016-03-22,390,389,1.89175048615576e-05,0.0027306338698145157,True,True,eligible_regular_session
2016-03-23,2016-03-23,2016-03-23,390,389,2.5714239345129644e-05,-0.004316401899259849,True,True,eligible_regular_session
2016-03-24,2016-03-24,2016-03-24,390,389,1.9403397373682838e-05,0.003759532420367546,True,True,eligible_regular_session
2016-03-28,2016-03-28,2016-03-28,390,389,1.8824000005733154e-05,-0.0015598331492760796,True,True,eligible_regular_session
2016-03-29,2016-03-29,2016-03-29,390,389,2.272474261493277e-05,0.011353248216958147,True,True,eligible_regular_session
2016-03-30,2016-03-30,2016-03-30,390,389,1.5988332286385707e-05,-0.00028583540435640417,True,True,eligible_regular_session
2016-03-31,2016-03-31,2016-03-31,390,389,1.4538137673073597e-05,-0.0015620379520439787,True,True,eligible_regular_session
2016-04-01,2016-04-01,2016-04-01,390,389,2.555960287597008e-05,0.01039705991652978,True,True,eligible_regular_session
2016-04-04,2016-04-04,2016-04-04,390,389,1.4366908085402461e-05,-0.0026345253879856007,True,True,eligible_regular_session
2016-04-05,2016-04-05,2016-04-05,390,389,3.2101430956648226e-05,-0.005286424670964649,True,True,eligible_regular_session
2016-04-06,2016-04-06,2016-04-06,390,389,2.9405324247390938e-05,0.00952381205923172,True,True,eligible_regular_session
2016-04-07,2016-04-07,2016-04-07,390,389,2.9761335417324214e-05,-0.0069684992833074005,True,True,eligible_regular_session
2016-04-08,2016-04-08,2016-04-08,390,389,2.4024539463964228e-05,-0.002190549318047137,True,True,eligible_regular_session
2016-04-11,2016-04-11,2016-04-11,390,389,3.081785280640877e-05,-0.006671816053704226,True,True,eligible_regular_session
2016-04-12,2016-04-12,2016-04-12,390,389,3.573606798139284e-05,0.007776759190011327,True,True,eligible_regular_session
2016-04-13,2016-04-13,2016-04-13,390,389,1.725855123011223e-05,0.004934430362213697,True,True,eligible_regular_session
2016-04-14,2016-04-14,2016-04-14,390,389,1.1931210828366068e-05,-0.00013443699726421385,True,True,eligible_regular_session
2016-04-15,2016-04-15,2016-04-15,390,389,8.123943006663088e-06,-0.0007783709378365612,True,True,eligible_regular_session
2016-04-18,2016-04-18,2016-04-18,390,389,1.5123396394549257e-05,0.009055999573423833,True,True,eligible_regular_session
2016-04-19,2016-04-19,2016-04-19,390,389,1.4974569908125035e-05,0.0013194844969596706,True,True,eligible_regular_session
2016-04-20,2016-04-20,2016-04-20,390,389,1.2227137304103275e-05,0.00019978784500137008,True,True,eligible_regular_session
2016-04-21,2016-04-21,2016-04-21,390,389,2.082368483443208e-05,-0.00507856154950704,True,True,eligible_regular_session
2016-04-22,2016-04-22,2016-04-22,390,389,2.2443636529063387e-05,0.0019237953502699969,True,True,eligible_regular_session
2016-04-25,2016-04-25,2016-04-25,390,389,1.7171665493971615e-05,0.0010063544942018813,True,True,eligible_regular_session
2016-04-26,2016-04-26,2016-04-26,390,389,1.595777512073253e-05,-0.00015300974988862804,True,True,eligible_regular_session
2016-04-27,2016-04-27,2016-04-27,390,389,2.7382193591012026e-05,0.0036239025732872853,True,True,eligible_regular_session
2016-04-28,2016-04-28,2016-04-28,390,389,2.539934316144731e-05,-0.006778059743898561,True,True,eligible_regular_session
2016-04-29,2016-04-29,2016-04-29,390,389,4.147828176792507e-05,-0.0030691253408058733,True,True,eligible_regular_session
2016-05-02,2016-05-02,2016-05-02,390,389,2.5657604505930978e-05,0.005709689433744422,True,True,eligible_regular_session
2016-05-03,2016-05-03,2016-05-03,390,389,3.253074294055038e-05,-0.004134965158628474,True,True,eligible_regular_session
2016-05-04,2016-05-04,2016-05-04,390,389,2.770131246636034e-05,-0.0012424389453530704,True,True,eligible_regular_session
2016-05-05,2016-05-05,2016-05-05,390,389,2.5865802978137098e-05,-0.0018369236459215073,True,True,eligible_regular_session
2016-05-06,2016-05-06,2016-05-06,390,389,2.8418154461440672e-05,0.00694619997378489,True,True,eligible_regular_session
2016-05-09,2016-05-09,2016-05-09,390,389,1.97764151285607e-05,0.0011323846165705834,True,True,eligible_regular_session
2016-05-10,2016-05-10,2016-05-10,390,389,8.956324424773413e-06,0.008740960582963982,True,True,eligible_regular_session
2016-05-11,2016-05-11,2016-05-11,390,389,1.7223060619327586e-05,-0.007445849567222472,True,True,eligible_regular_session
2016-05-12,2016-05-12,2016-05-12,390,389,2.6107229321132446e-05,-0.002979489210021115,True,True,eligible_regular_session
2016-05-13,2016-05-13,2016-05-13,390,389,3.262529376754922e-05,-0.007268652059666129,True,True,eligible_regular_session
2016-05-16,2016-05-16,2016-05-16,390,389,1.5949728299814377e-05,0.009309945195097221,True,True,eligible_regular_session
2016-05-17,2016-05-17,2016-05-17,390,389,2.7304987026059417e-05,-0.007892677755184886,True,True,eligible_regular_session
2016-05-18,2016-05-18,2016-05-18,390,389,6.378088738449302e-05,0.002254097812124853,True,True,eligible_regular_session
2016-05-19,2016-05-19,2016-05-19,390,389,4.216524326600309e-05,0.0005442870831867879,True,True,eligible_regular_session
2016-05-20,2016-05-20,2016-05-20,390,389,1.646658603728663e-05,0.003240876896480333,True,True,eligible_regular_session
2016-05-23,2016-05-23,2016-05-23,390,389,1.6272604697574893e-05,-0.001258770084536564,True,True,eligible_regular_session
2016-05-24,2016-05-24,2016-05-24,390,389,1.1705725259324297e-05,0.008708159371814721,True,True,eligible_regular_session
2016-05-25,2016-05-25,2016-05-25,390,389,1.3356062765002985e-05,0.0035031341160635947,True,True,eligible_regular_session
2016-05-26,2016-05-26,2016-05-26,390,389,1.2108794694584312e-05,-0.0011859107557563326,True,True,eligible_regular_session
2016-05-27,2016-05-27,2016-05-27,390,389,7.3299094373672076e-06,0.003403238983830243,True,True,eligible_regular_session
2016-05-31,2016-05-31,2016-05-31,390,389,1.3426232717468173e-05,-0.0023055424185932662,True,True,eligible_regular_session
2016-06-01,2016-06-01,2016-06-01,390,389,1.5821053007868043e-05,0.005163008873190254,True,True,eligible_regular_session
2016-06-02,2016-06-02,2016-06-02,390,389,1.3138690749443721e-05,0.00518736858086913,True,True,eligible_regular_session
2016-06-03,2016-06-03,2016-06-03,390,389,2.2300190066293975e-05,-0.0005191452794600821,True,True,eligible_regular_session
2016-06-06,2016-06-06,2016-06-06,390,389,1.2318875709219142e-05,0.0033477960764554874,True,True,eligible_regular_session
2016-06-07,2016-06-07,2016-06-07,390,389,6.599650408251643e-06,0.0005398238600642604,True,True,eligible_regular_session
2016-06-08,2016-06-08,2016-06-08,390,389,7.799863975600546e-06,0.0020832897991991165,True,True,eligible_regular_session
2016-06-09,2016-06-09,2016-06-09,390,389,1.2035424611714876e-05,0.0015989255601436014,True,True,eligible_regular_session
2016-06-10,2016-06-10,2016-06-10,390,389,1.6840229064304205e-05,-0.003048506926524582,True,True,eligible_regular_session
2016-06-13,2016-06-13,2016-06-13,390,389,2.5266471744491708e-05,-0.005118634184690864,True,True,eligible_regular_session
2016-06-14,2016-06-14,2016-06-14,390,389,3.437713395535044e-05,-7.709431529603123e-05,True,True,eligible_regular_session
2016-06-15,2016-06-15,2016-06-15,390,389,2.8255343973291524e-05,-0.0038871851476058247,True,True,eligible_regular_session
2016-06-16,2016-06-16,2016-06-16,390,389,4.1729329540848636e-05,0.0069730440352910265,True,True,eligible_regular_session
2016-06-17,2016-06-17,2016-06-17,390,389,2.6546635084158297e-05,-0.0017654469090817096,True,True,eligible_regular_session
2016-06-20,2016-06-20,2016-06-20,390,389,1.8829614381399785e-05,-0.0031149239507057215,True,True,eligible_regular_session
2016-06-21,2016-06-21,2016-06-21,390,389,1.8974034202812472e-05,0.0008189557575092924,True,True,eligible_regular_session
2016-06-22,2016-06-22,2016-06-22,390,389,1.963393126671452e-05,-0.0029063733192133214,True,True,eligible_regular_session
2016-06-23,2016-06-23,2016-06-23,390,389,1.5198461298525246e-05,0.0061192467142213115,True,True,eligible_regular_session
2016-06-24,2016-06-24,2016-06-24,390,389,0.00012784416110853656,-0.016546038681478227,True,True,eligible_regular_session
2016-06-27,2016-06-27,2016-06-27,390,389,8.712724562052836e-05,-0.009080816426765783,True,True,eligible_regular_session
2016-06-28,2016-06-28,2016-06-28,390,389,3.487864899794752e-05,0.009430610335608438,True,True,eligible_regular_session
2016-06-29,2016-06-29,2016-06-29,390,389,2.0406537242415683e-05,0.00847840866366275,True,True,eligible_regular_session
2016-06-30,2016-06-30,2016-06-30,390,389,3.4365561421245255e-05,0.010951689678544626,True,True,eligible_regular_session
2016-07-01,2016-07-01,2016-07-01,390,389,1.5531393767457806e-05,0.002070576431203858,True,True,eligible_regular_session
2016-07-05,2016-07-05,2016-07-05,390,389,2.551247751528434e-05,-0.0018133412303086615,True,True,eligible_regular_session
2016-07-06,2016-07-06,2016-07-06,390,389,4.0163368860435524e-05,0.009019394095224778,True,True,eligible_regular_session
2016-07-07,2016-07-07,2016-07-07,390,389,2.456508442095971e-05,-0.0024568867050146007,True,True,eligible_regular_session
2016-07-08,2016-07-08,2016-07-08,389,388,1.2130315769532572e-05,0.007991876249826292,True,True,eligible_regular_session
2016-07-11,2016-07-11,2016-07-11,390,389,9.15087797434425e-06,0.0007630639962976102,True,True,eligible_regular_session
2016-07-12,2016-07-12,2016-07-12,390,389,7.638167074987905e-06,0.0017999125832451393,True,True,eligible_regular_session
2016-07-13,2016-07-13,2016-07-13,390,389,1.1086867914161335e-05,-0.0017964618719851916,True,True,eligible_regular_session
2016-07-14,2016-07-14,2016-07-14,390,389,1.0497110245350083e-05,-0.0008546949836888576,True,True,eligible_regular_session
2016-07-15,2016-07-15,2016-07-15,390,389,9.373253899938138e-06,-0.0031319605420339386,True,True,eligible_regular_session
2016-07-18,2016-07-18,2016-07-18,390,389,5.5479269258599765e-06,0.0019402053464369893,True,True,eligible_regular_session
2016-07-19,2016-07-19,2016-07-19,390,389,7.965863993654579e-06,0.0011283499081499425,True,True,eligible_regular_session
2016-07-20,2016-07-20,2016-07-20,390,389,5.339192830206595e-06,0.0014874753199124325,True,True,eligible_regular_session
2016-07-21,2016-07-21,2016-07-21,390,389,8.63133333968557e-06,-0.003444248817739927,True,True,eligible_regular_session
2016-07-22,2016-07-22,2016-07-22,390,389,6.223903735599331e-06,0.004004013965617729,True,True,eligible_regular_session
2016-07-25,2016-07-25,2016-07-25,390,389,7.5521954933572395e-06,-0.0016863255009797473,True,True,eligible_regular_session
2016-07-26,2016-07-26,2016-07-26,390,389,1.4727216310780455e-05,0.00045652099521298215,True,True,eligible_regular_session
2016-07-27,2016-07-27,2016-07-27,390,389,2.2533150428680487e-05,-0.0035609275760445027,True,True,eligible_regular_session
2016-07-28,2016-07-28,2016-07-28,390,389,1.521012124703232e-05,0.0018819367356586222,True,True,eligible_regular_session
2016-07-29,2016-07-29,2016-07-29,390,389,1.2357324136943281e-05,0.0020080512997329523,True,True,eligible_regular_session
2016-08-01,2016-08-01,2016-08-01,390,389,1.7677257454100506e-05,-0.001505320694234541,True,True,eligible_regular_session
2016-08-02,2016-08-02,2016-08-02,390,389,2.1755277382593136e-05,-0.004911219638485286,True,True,eligible_regular_session
2016-08-03,2016-08-03,2016-08-03,390,389,1.0809509168925378e-05,0.003509766578147788,True,True,eligible_regular_session
2016-08-04,2016-08-04,2016-08-04,390,389,8.176374050173132e-06,-5.544466623723124e-05,True,True,eligible_regular_session
2016-08-05,2016-08-05,2016-08-05,390,389,5.826365470759419e-06,0.005094540027481796,True,True,eligible_regular_session
2016-08-08,2016-08-08,2016-08-08,390,389,4.648404524747379e-06,-0.0013564046364401153,True,True,eligible_regular_session
2016-08-09,2016-08-09,2016-08-09,390,389,5.774009321217757e-06,0.000132933311220762,True,True,eligible_regular_session
2016-08-10,2016-08-10,2016-08-10,390,389,8.99086422806691e-06,-0.003382234349500485,True,True,eligible_regular_session
2016-08-11,2016-08-11,2016-08-11,390,389,7.202637984429427e-06,0.0016712572886572665,True,True,eligible_regular_session
2016-08-12,2016-08-12,2016-08-12,390,389,6.079440011555403e-06,0.0011867207811093498,True,True,eligible_regular_session
2016-08-15,2016-08-15,2016-08-15,390,389,3.3519534667429426e-06,0.0009501405369570481,True,True,eligible_regular_session
2016-08-16,2016-08-16,2016-08-16,390,389,6.779625612142808e-06,-0.0028514602099980165,True,True,eligible_regular_session
2016-08-17,2016-08-17,2016-08-17,390,389,1.6019444929259882e-05,0.002092098963224638,True,True,eligible_regular_session
2016-08-18,2016-08-18,2016-08-18,390,389,5.068437893850637e-06,0.0019499607947382513,True,True,eligible_regular_session
2016-08-19,2016-08-19,2016-08-19,390,389,7.055620631656063e-06,0.0010721699637394877,True,True,eligible_regular_session
2016-08-22,2016-08-22,2016-08-22,390,389,1.3467601280230509e-05,0.0018572662260522427,True,True,eligible_regular_session
2016-08-23,2016-08-23,2016-08-23,390,389,5.355752042844769e-06,-0.002010014198639804,True,True,eligible_regular_session
2016-08-24,2016-08-24,2016-08-24,390,389,9.1579888657791e-06,-0.0041599744439355804,True,True,eligible_regular_session
2016-08-25,2016-08-25,2016-08-25,390,389,1.2412496177016255e-05,0.0002761960457077256,True,True,eligible_regular_session
2016-08-26,2016-08-26,2016-08-26,390,389,4.2311560397987274e-05,-0.003988678743706983,True,True,eligible_regular_session
2016-08-29,2016-08-29,2016-08-29,390,389,6.34365247881823e-06,0.003459424169395393,True,True,eligible_regular_session
2016-08-30,2016-08-30,2016-08-30,390,389,1.0844334351186006e-05,-0.002363812298710152,True,True,eligible_regular_session
2016-08-31,2016-08-31,2016-08-31,390,389,1.2718315288366117e-05,-0.0011049114432747954,True,True,eligible_regular_session
2016-09-01,2016-09-01,2016-09-01,390,389,2.1523991429940945e-05,-0.0002211125656224018,True,True,eligible_regular_session
2016-09-02,2016-09-02,2016-09-02,390,389,1.1061025102094233e-05,-0.00013302355683318445,True,True,eligible_regular_session
2016-09-06,2016-09-06,2016-09-06,390,389,1.1986576289420481e-05,0.0012586649288187839,True,True,eligible_regular_session
2016-09-07,2016-09-07,2016-09-07,390,389,7.544608256869093e-06,0.0010251904822923428,True,True,eligible_regular_session
2016-09-08,2016-09-08,2016-09-08,390,389,1.198643132644342e-05,8.252905715235674e-05,True,True,eligible_regular_session
2016-09-09,2016-09-09,2016-09-09,390,389,2.8506758199393383e-05,-0.017203773669816836,True,True,eligible_regular_session
2016-09-12,2016-09-12,2016-09-12,390,389,5.146447456762885e-05,0.018067262800019544,True,True,eligible_regular_session
2016-09-13,2016-09-13,2016-09-13,390,389,7.738000621345675e-05,-0.00801096128842821,True,True,eligible_regular_session
2016-09-14,2016-09-14,2016-09-14,390,389,4.5042161382605616e-05,-0.0011423441860341566,True,True,eligible_regular_session
2016-09-15,2016-09-15,2016-09-15,390,389,3.6144130535363915e-05,0.010697592437099461,True,True,eligible_regular_session
2016-09-16,2016-09-16,2016-09-16,390,389,2.7939741181185015e-05,-0.0019008881981670105,True,True,eligible_regular_session
2016-09-19,2016-09-19,2016-09-19,390,389,1.789308006221883e-05,-0.003462584715877811,True,True,eligible_regular_session
2016-09-20,2016-09-20,2016-09-20,390,389,1.4105272387172637e-05,-0.003857469817714001,True,True,eligible_regular_session
2016-09-21,2016-09-21,2016-09-21,390,389,3.143435513371358e-05,0.007094087492028426,True,True,eligible_regular_session
2016-09-22,2016-09-22,2016-09-22,390,389,1.1887246631332317e-05,0.0015584669497686612,True,True,eligible_regular_session
2016-09-23,2016-09-23,2016-09-23,390,389,1.0525991782120324e-05,-0.003278850222109779,True,True,eligible_regular_session
2016-09-26,2016-09-26,2016-09-26,390,389,1.556579473003344e-05,-0.00450393635027898,True,True,eligible_regular_session
2016-09-27,2016-09-27,2016-09-27,390,389,1.9110009579504987e-05,0.00796268782741633,True,True,eligible_regular_session
2016-09-28,2016-09-28,2016-09-28,390,389,2.080623467557748e-05,0.003858033037586321,True,True,eligible_regular_session
2016-09-29,2016-09-29,2016-09-29,390,389,4.593617469936777e-05,-0.008438946775964443,True,True,eligible_regular_session
2016-09-30,2016-09-30,2016-09-30,390,389,1.7673681077962615e-05,0.002614042491098289,True,True,eligible_regular_session
2016-10-03,2016-10-03,2016-10-03,390,389,2.130587005216115e-05,-0.0011608682377124524,True,True,eligible_regular_session
2016-10-04,2016-10-04,2016-10-04,390,389,3.745957701228921e-05,-0.006360235796498164,True,True,eligible_regular_session
2016-10-05,2016-10-05,2016-10-05,390,389,1.054331945124734e-05,0.0013344455691679815,True,True,eligible_regular_session
2016-10-06,2016-10-06,2016-10-06,390,389,1.3381618271258397e-05,0.0016302941845005366,True,True,eligible_regular_session
2016-10-07,2016-10-07,2016-10-07,390,389,2.5823325521195414e-05,-0.005459395802156612,True,True,eligible_regular_session
2016-10-10,2016-10-10,2016-10-10,390,389,6.114334164396723e-06,-0.00036044362682283816,True,True,eligible_regular_session
2016-10-11,2016-10-11,2016-10-11,390,389,2.6546344468478948e-05,-0.01046983743320559,True,True,eligible_regular_session
2016-10-12,2016-10-12,2016-10-12,390,389,1.833463483969838e-05,0.00043011356596052674,True,True,eligible_regular_session
2016-10-13,2016-10-13,2016-10-13,390,389,2.5589135403205607e-05,0.002817088432100335,True,True,eligible_regular_session
2016-10-14,2016-10-14,2016-10-14,390,389,2.0713414535274864e-05,-0.004517995450153378,True,True,eligible_regular_session
2016-10-17,2016-10-17,2016-10-17,390,389,1.5993274148095488e-05,-0.003459943031796438,True,True,eligible_regular_session
2016-10-18,2016-10-18,2016-10-18,390,389,9.632980880516511e-06,-0.0010511048078248666,True,True,eligible_regular_session
2016-10-19,2016-10-19,2016-10-19,390,389,5.718047749408516e-06,0.0014653795107718091,True,True,eligible_regular_session
2016-10-20,2016-10-20,2016-10-20,390,389,2.2610043284724894e-05,0.00018683120322271309,True,True,eligible_regular_session
2016-10-21,2016-10-21,2016-10-21,390,389,1.141618053344071e-05,0.0030828775150588627,True,True,eligible_regular_session
2016-10-24,2016-10-24,2016-10-24,390,389,7.417351631996711e-06,-1.8595742505231955e-05,True,True,eligible_regular_session
2016-10-25,2016-10-25,2016-10-25,390,389,9.009851544623782e-06,-0.0027026287850126247,True,True,eligible_regular_session
2016-10-26,2016-10-26,2016-10-26,390,389,2.1030729705184085e-05,0.002555188279221433,True,True,eligible_regular_session
2016-10-27,2016-10-27,2016-10-27,390,389,1.8951539439436834e-05,-0.00639188801902282,True,True,eligible_regular_session
2016-10-28,2016-10-28,2016-10-28,390,389,4.840611553238936e-05,-0.002892713417515803,True,True,eligible_regular_session
2016-10-31,2016-10-31,2016-10-31,390,389,1.4058955715156732e-05,-0.0017808941597926282,True,True,eligible_regular_session
2016-11-01,2016-11-01,2016-11-01,390,389,3.486815994926356e-05,-0.008910445919423622,True,True,eligible_regular_session
2016-11-02,2016-11-02,2016-11-02,390,389,3.9733124884469445e-05,-0.004517664588870238,True,True,eligible_regular_session
2016-11-03,2016-11-03,2016-11-03,390,389,2.2831959248348693e-05,-0.005133518270697881,True,True,eligible_regular_session
2016-11-04,2016-11-04,2016-11-04,390,389,2.480938259430745e-05,-0.0011502131558481987,True,True,eligible_regular_session
2016-11-07,2016-11-07,2016-11-07,390,389,1.2193890158058245e-05,0.010238071822963471,True,True,eligible_regular_session
2016-11-08,2016-11-08,2016-11-08,390,389,2.0078912081854667e-05,0.005413360988531242,True,True,eligible_regular_session
2016-11-09,2016-11-09,2016-11-09,390,389,0.00010284074688822131,0.01354586436792053,True,True,eligible_regular_session
2016-11-10,2016-11-10,2016-11-10,390,389,8.961682732264888e-05,-0.001935769934516614,True,True,eligible_regular_session
2016-11-11,2016-11-11,2016-11-11,390,389,3.818473141395059e-05,0.0009523502039677913,True,True,eligible_regular_session
2016-11-14,2016-11-14,2016-11-14,390,389,3.367616238899247e-05,-0.002053782102648621,True,True,eligible_regular_session
2016-11-15,2016-11-15,2016-11-15,390,389,1.3275905068325672e-05,0.005094544970086479,True,True,eligible_regular_session
2016-11-16,2016-11-16,2016-11-16,390,389,1.2070874607603783e-05,0.0013008834510181736,True,True,eligible_regular_session
2016-11-17,2016-11-17,2016-11-17,390,389,1.0720962295890866e-05,0.004706840011465923,True,True,eligible_regular_session
2016-11-18,2016-11-18,2016-11-18,390,389,8.48303977083226e-06,-0.00279191715900039,True,True,eligible_regular_session
2016-11-21,2016-11-21,2016-11-21,390,389,8.106562624069665e-06,0.004692093394142198,True,True,eligible_regular_session
2016-11-22,2016-11-22,2016-11-22,390,389,7.468923917215188e-06,8.625640402406301e-05,True,True,eligible_regular_session
2016-11-23,2016-11-23,2016-11-23,390,389,7.677543782229958e-06,0.0032486517145221025,True,True,eligible_regular_session
2016-11-25,2016-11-25,2016-11-25,232,231,1.8758170259131804e-06,0.002401960719577386,False,False,short_or_incomplete
2016-11-28,2016-11-28,2016-11-28,390,389,9.624072993452011e-06,-0.002951961387550413,True,True,eligible_regular_session
2016-11-29,2016-11-29,2016-11-29,390,389,8.00021192353407e-06,0.0011255129532916578,True,True,eligible_regular_session
2016-11-30,2016-11-30,2016-11-30,390,389,1.3630946529590743e-05,-0.004141976147526502,True,True,eligible_regular_session
2016-12-01,2016-12-01,2016-12-01,390,389,2.160318520533106e-05,-0.004489927990212114,True,True,eligible_regular_session
2016-12-02,2016-12-02,2016-12-02,390,389,1.202016214755562e-05,0.0005339259886393258,True,True,eligible_regular_session
2016-12-05,2016-12-05,2016-12-05,390,389,1.1385178864865268e-05,0.0011118802130301833,True,True,eligible_regular_session
2016-12-06,2016-12-06,2016-12-06,390,389,8.346417332534346e-06,0.002285353244383213,True,True,eligible_regular_session
2016-12-07,2016-12-07,2016-12-07,390,389,1.6855348977714833e-05,0.014148614216571962,True,True,eligible_regular_session
2016-12-08,2016-12-08,2016-12-08,390,389,1.8090055670657447e-05,0.0030903103530372598,True,True,eligible_regular_session
2016-12-09,2016-12-09,2016-12-09,390,389,7.965821053522746e-06,0.004257986819934795,True,True,eligible_regular_session
2016-12-12,2016-12-12,2016-12-12,390,389,1.1809080085686814e-05,-0.0011779138119492024,True,True,eligible_regular_session
2016-12-13,2016-12-13,2016-12-13,390,389,1.3752507672759222e-05,0.002958119013712341,True,True,eligible_regular_session
2016-12-14,2016-12-14,2016-12-14,390,389,5.180120602645286e-05,-0.00716788720857117,True,True,eligible_regular_session
2016-12-15,2016-12-15,2016-12-15,390,389,2.7133287552746086e-05,0.003028359961680159,True,True,eligible_regular_session
2016-12-16,2016-12-16,2016-12-16,390,389,1.6137628074750867e-05,-0.003889920299353573,True,True,eligible_regular_session
2016-12-19,2016-12-19,2016-12-19,390,389,1.269283703764276e-05,0.0010082518299542906,True,True,eligible_regular_session
2016-12-20,2016-12-20,2016-12-20,390,389,7.101968565105677e-06,0.0012691531429515266,True,True,eligible_regular_session
2016-12-21,2016-12-21,2016-12-21,390,389,4.586867319746037e-06,-0.0017378038362026232,True,True,eligible_regular_session
2016-12-22,2016-12-22,2016-12-22,390,389,7.0112454727028075e-06,-0.0006544039851507128,True,True,eligible_regular_session
2016-12-23,2016-12-23,2016-12-23,390,389,2.865272860975474e-06,0.0011935654982402986,True,True,eligible_regular_session
2016-12-27,2016-12-27,2016-12-27,390,389,3.899414903756804e-06,0.001014292794193143,True,True,eligible_regular_session
2016-12-28,2016-12-28,2016-12-28,390,389,1.0944208311197351e-05,-0.009454128429027474,True,True,eligible_regular_session
2016-12-29,2016-12-29,2016-12-29,390,389,8.49384597441398e-06,-0.0011641910410249848,True,True,eligible_regular_session
2016-12-30,2016-12-30,2016-12-30,390,389,1.9384448827095277e-05,-0.005414830057268933,True,True,eligible_regular_session
2017-01-03,2017-01-03,2017-01-03,390,389,2.2888196390065318e-05,0.0006203968966438217,True,True,eligible_regular_session
2017-01-04,2017-01-04,2017-01-04,390,389,1.076718295442344e-05,0.002610863905647636,True,True,eligible_regular_session
2017-01-05,2017-01-05,2017-01-05,390,389,1.1685949248875747e-05,0.0005113601409225398,True,True,eligible_regular_session
2017-01-06,2017-01-06,2017-01-06,390,389,1.2700395581911707e-05,0.0034267624266064957,True,True,eligible_regular_session
2017-01-09,2017-01-09,2017-01-09,390,389,9.139915044387259e-06,-0.0014708022044886632,True,True,eligible_regular_session
2017-01-10,2017-01-10,2017-01-10,390,389,9.759842887314217e-06,-0.0002115180393113705,True,True,eligible_regular_session
2017-01-11,2017-01-11,2017-01-11,390,389,3.3564551567532295e-05,0.0027422300540486137,True,True,eligible_regular_session
2017-01-12,2017-01-12,2017-01-12,390,389,1.9316137331630242e-05,0.0008769127945632097,True,True,eligible_regular_session
2017-01-13,2017-01-13,2017-01-13,390,389,9.415115460356086e-06,5.716107332474896e-05,True,True,eligible_regular_session
2017-01-17,2017-01-17,2017-01-17,390,389,1.2088739435627933e-05,-0.00026896003019288747,True,True,eligible_regular_session
2017-01-18,2017-01-18,2017-01-18,390,389,1.0754797927259511e-05,0.0013302443091702605,True,True,eligible_regular_session
2017-01-19,2017-01-19,2017-01-19,390,389,1.3689802567939258e-05,-0.004465503418897595,True,True,eligible_regular_session
2017-01-20,2017-01-20,2017-01-20,390,389,2.2801469734742555e-05,-0.00033456152942563813,True,True,eligible_regular_session
2017-01-23,2017-01-23,2017-01-23,390,389,1.4441124228277584e-05,-0.0009794838638813724,True,True,eligible_regular_session
2017-01-24,2017-01-24,2017-01-24,390,389,7.749888618093966e-06,0.005369606751894691,True,True,eligible_regular_session
2017-01-25,2017-01-25,2017-01-25,390,389,8.663857308062985e-06,0.003456463163451693,True,True,eligible_regular_session
2017-01-26,2017-01-26,2017-01-26,390,389,9.338034907672077e-06,-0.0010270694609880073,True,True,eligible_regular_session
2017-01-27,2017-01-27,2017-01-27,390,389,6.812048445010093e-06,-0.0018376034468131077,True,True,eligible_regular_session
2017-01-30,2017-01-30,2017-01-30,390,389,1.5337890104194702e-05,-0.0019056428109796813,True,True,eligible_regular_session
2017-01-31,2017-01-31,2017-01-31,390,389,1.4673047963679215e-05,0.002020717427040943,True,True,eligible_regular_session
2017-02-01,2017-02-01,2017-02-01,390,389,1.9321622832514953e-05,-0.0032980419045263725,True,True,eligible_regular_session
2017-02-02,2017-02-02,2017-02-02,390,389,1.3790694101064392e-05,0.0021199699820019843,True,True,eligible_regular_session
2017-02-03,2017-02-03,2017-02-03,390,389,9.432494585351564e-06,0.002711517320113864,True,True,eligible_regular_session
2017-02-06,2017-02-06,2017-02-06,390,389,8.62477764514139e-06,8.288600343701483e-05,True,True,eligible_regular_session
2017-02-07,2017-02-07,2017-02-07,390,389,8.416216860191487e-06,-0.0016646915014313858,True,True,eligible_regular_session
2017-02-08,2017-02-08,2017-02-08,390,389,9.25915857450092e-06,0.002911261033838167,True,True,eligible_regular_session
2017-02-09,2017-02-09,2017-02-09,390,389,6.600617691467627e-06,0.004373181646919578,True,True,eligible_regular_session
2017-02-10,2017-02-10,2017-02-10,390,389,6.1814861932612294e-06,0.0019665179747511536,True,True,eligible_regular_session
2017-02-13,2017-02-13,2017-02-13,390,389,4.939844461833804e-06,0.0026838841223754176,True,True,eligible_regular_session
2017-02-14,2017-02-14,2017-02-14,390,389,8.806450835156228e-06,0.005052877115610007,True,True,eligible_regular_session
2017-02-15,2017-02-15,2017-02-15,390,389,8.52672785509265e-06,0.005879318336163285,True,True,eligible_regular_session
2017-02-16,2017-02-16,2017-02-16,390,389,1.5537801421394997e-05,-0.0006516558891348873,True,True,eligible_regular_session
2017-02-17,2017-02-17,2017-02-17,390,389,7.808845792000351e-06,0.004015367779356033,True,True,eligible_regular_session
2017-02-21,2017-02-21,2017-02-21,390,389,8.584624272146775e-06,0.003736564170544195,True,True,eligible_regular_session
2017-02-22,2017-02-22,2017-02-22,390,389,7.65865000547635e-06,0.0009359192489438047,True,True,eligible_regular_session
2017-02-23,2017-02-23,2017-02-23,390,389,9.672967764663627e-06,-0.001830368127458216,True,True,eligible_regular_session
2017-02-24,2017-02-24,2017-02-24,390,389,1.0920046538886806e-05,0.0055119901111390585,True,True,eligible_regular_session
2017-02-27,2017-02-27,2017-02-27,390,389,9.072360777857893e-06,0.0021079987106240494,True,True,eligible_regular_session
2017-02-28,2017-02-28,2017-02-28,390,389,7.118306459946887e-06,-0.0008457411098715236,True,True,eligible_regular_session
2017-03-01,2017-03-01,2017-03-01,390,389,1.0546125021912094e-05,0.0055796965639001665,True,True,eligible_regular_session
2017-03-02,2017-03-02,2017-03-02,390,389,9.97853559693716e-06,-0.0040645863364551955,True,True,eligible_regular_session
2017-03-03,2017-03-03,2017-03-03,390,389,1.1798875618369693e-05,0.001033070958019137,True,True,eligible_regular_session
2017-03-06,2017-03-06,2017-03-06,390,389,8.928778659243247e-06,0.0011161914184400065,True,True,eligible_regular_session
2017-03-07,2017-03-07,2017-03-07,390,389,9.258213538040657e-06,-0.0013419535452982433,True,True,eligible_regular_session
2017-03-08,2017-03-08,2017-03-08,390,389,1.2035372442889752e-05,-0.0028396745007119722,True,True,eligible_regular_session
2017-03-09,2017-03-09,2017-03-09,390,389,1.465191449408221e-05,0.0011845736074563205,True,True,eligible_regular_session
2017-03-10,2017-03-10,2017-03-10,390,389,1.3955119599530996e-05,-0.0009730311105640777,True,True,eligible_regular_session
2017-03-13,2017-03-13,2017-03-13,390,389,6.91181083115376e-06,0.000716450146753256,True,True,eligible_regular_session
2017-03-14,2017-03-14,2017-03-14,390,389,1.0906117597007761e-05,-0.0002620788787880982,True,True,eligible_regular_session
2017-03-15,2017-03-15,2017-03-15,390,389,1.5388470404322122e-05,0.006026103236065119,True,True,eligible_regular_session
2017-03-16,2017-03-16,2017-03-16,390,389,1.144295019141394e-05,-0.002629853057014075,True,True,eligible_regular_session
2017-03-17,2017-03-17,2017-03-17,390,389,6.85444157239441e-06,-0.002041537154278168,True,True,eligible_regular_session
2017-03-20,2017-03-20,2017-03-20,390,389,7.950389845054811e-06,-0.0011201274579096796,True,True,eligible_regular_session
2017-03-21,2017-03-21,2017-03-21,390,389,4.087526989999899e-05,-0.015413413270749453,True,True,eligible_regular_session
2017-03-22,2017-03-22,2017-03-22,390,389,2.960034275226592e-05,0.002558015012009818,True,True,eligible_regular_session
2017-03-23,2017-03-23,2017-03-23,390,389,2.5725874997348603e-05,0.0007717513808748387,True,True,eligible_regular_session
2017-03-24,2017-03-24,2017-03-24,390,389,3.0282154037337226e-05,-0.002671081714121429,True,True,eligible_regular_session
2017-03-27,2017-03-27,2017-03-27,390,389,2.3561864923436563e-05,0.008103911052753031,True,True,eligible_regular_session
2017-03-28,2017-03-28,2017-03-28,390,389,2.136190327560972e-05,0.008293467720521572,True,True,eligible_regular_session
2017-03-29,2017-03-29,2017-03-29,390,389,1.1777929104354156e-05,0.002756680329732606,True,True,eligible_regular_session
2017-03-30,2017-03-30,2017-03-30,390,389,1.085930689771974e-05,0.0031129614743935197,True,True,eligible_regular_session
2017-03-31,2017-03-31,2017-03-31,390,389,9.744909884483789e-06,-8.886801201763853e-05,True,True,eligible_regular_session
2017-04-03,2017-04-03,2017-04-03,390,389,2.315028998569102e-05,-0.0019650531890124524,True,True,eligible_regular_session
2017-04-04,2017-04-04,2017-04-04,390,389,1.3365067622664816e-05,0.0024607042390337778,True,True,eligible_regular_session
2017-04-05,2017-04-05,2017-04-05,390,389,2.5057950905545264e-05,-0.006493900657262514,True,True,eligible_regular_session
2017-04-06,2017-04-06,2017-04-06,390,389,2.3250954292958433e-05,0.002016733194753991,True,True,eligible_regular_session
2017-04-07,2017-04-07,2017-04-07,390,389,2.0722626141256664e-05,-8.489865223580578e-06,True,True,eligible_regular_session
2017-04-10,2017-04-10,2017-04-10,390,389,1.8053530268873182e-05,-0.0001399897767328296,True,True,eligible_regular_session
2017-04-11,2017-04-11,2017-04-11,390,389,3.3853015178704826e-05,0.0009904378927355333,True,True,eligible_regular_session
2017-04-12,2017-04-12,2017-04-12,390,389,2.46881604426427e-05,-0.0020406474951919574,True,True,eligible_regular_session
2017-04-13,2017-04-13,2017-04-13,390,389,1.9154755787336662e-05,-0.004100412143829702,True,True,eligible_regular_session
2017-04-17,2017-04-17,2017-04-17,390,389,9.670174417602506e-06,0.006084834703269661,True,True,eligible_regular_session
2017-04-18,2017-04-18,2017-04-18,390,389,1.5252925133382044e-05,0.0009782458569243613,True,True,eligible_regular_session
2017-04-19,2017-04-19,2017-04-19,390,389,1.3823870426042498e-05,-0.0052597461530792,True,True,eligible_regular_session
2017-04-20,2017-04-20,2017-04-20,390,389,1.4190165516918657e-05,0.00504686217484709,True,True,eligible_regular_session
2017-04-21,2017-04-21,2017-04-21,390,389,1.3960952946297297e-05,-0.0026233175544866125,True,True,eligible_regular_session
2017-04-24,2017-04-24,2017-04-24,390,389,1.0646223548926928e-05,-1.2636873132390998e-05,True,True,eligible_regular_session
2017-04-25,2017-04-25,2017-04-25,390,389,6.992316459144597e-06,0.002833991323806324,True,True,eligible_regular_session
2017-04-26,2017-04-26,2017-04-26,390,389,1.901353796699411e-05,-0.0004689783476585066,True,True,eligible_regular_session
2017-04-27,2017-04-27,2017-04-27,390,389,9.218235720864518e-06,-4.185878102919234e-06,True,True,eligible_regular_session
2017-04-28,2017-04-28,2017-04-28,390,389,6.439132914924661e-06,-0.0028480382459510523,True,True,eligible_regular_session
2017-05-01,2017-05-01,2017-05-01,390,389,9.377030373598536e-06,-4.18603580321049e-06,True,True,eligible_regular_session
2017-05-02,2017-05-02,2017-05-02,390,389,6.981034121524084e-06,-0.0005477905569934381,True,True,eligible_regular_session
2017-05-03,2017-05-03,2017-05-03,390,389,8.485541216697726e-06,0.0013411400861020528,True,True,eligible_regular_session
2017-05-04,2017-05-04,2017-05-04,390,389,1.3606129089739811e-05,-0.0002259669512027414,True,True,eligible_regular_session
2017-05-05,2017-05-05,2017-05-05,390,389,6.579951750959249e-06,0.001852447303178687,True,True,eligible_regular_session
2017-05-08,2017-05-08,2017-05-08,390,389,4.687219282751905e-06,-0.00018756447583842878,True,True,eligible_regular_session
2017-05-09,2017-05-09,2017-05-09,390,389,6.649455721660929e-06,-0.0017466452394454205,True,True,eligible_regular_session
2017-05-10,2017-05-10,2017-05-10,390,389,6.063764848188366e-06,0.002127749144356926,True,True,eligible_regular_session
2017-05-11,2017-05-11,2017-05-11,390,389,1.2132944319585376e-05,0.0003800907669085751,True,True,eligible_regular_session
2017-05-12,2017-05-12,2017-05-12,390,389,6.072989380470449e-06,-0.0004516447472708673,True,True,eligible_regular_session
2017-05-15,2017-05-15,2017-05-15,390,389,4.187794323785674e-06,0.0030267426864231052,True,True,eligible_regular_session
2017-05-16,2017-05-16,2017-05-16,390,389,6.025199269845589e-06,-0.001727249130342791,True,True,eligible_regular_session
2017-05-17,2017-05-17,2017-05-17,390,389,2.9997056194461293e-05,-0.010439265745872,True,True,eligible_regular_session
2017-05-18,2017-05-18,2017-05-18,390,389,3.520987134588338e-05,0.004784323017647045,True,True,eligible_regular_session
2017-05-19,2017-05-19,2017-05-19,390,389,1.409355294839605e-05,0.0038666375441554646,True,True,eligible_regular_session
2017-05-22,2017-05-22,2017-05-22,390,389,6.435573707517682e-06,0.002610301290136292,True,True,eligible_regular_session
2017-05-23,2017-05-23,2017-05-23,390,389,6.2087985080032685e-06,-3.752572075891617e-05,True,True,eligible_regular_session
2017-05-24,2017-05-24,2017-05-24,390,389,5.8108089200266355e-06,0.0013569031396855821,True,True,eligible_regular_session
2017-05-25,2017-05-25,2017-05-25,390,389,8.212667458866821e-06,0.002462728653124738,True,True,eligible_regular_session
2017-05-26,2017-05-26,2017-05-26,390,389,4.0468669043640424e-06,0.0007329997201557173,True,True,eligible_regular_session
2017-05-30,2017-05-30,2017-05-30,390,389,5.342149063098018e-06,0.0007628650928018196,True,True,eligible_regular_session
2017-05-31,2017-05-31,2017-05-31,390,389,1.3596960708351171e-05,-0.0014417880666529937,True,True,eligible_regular_session
2017-06-01,2017-06-01,2017-06-01,390,389,8.117960686972641e-06,0.0057664168898751015,True,True,eligible_regular_session
2017-06-02,2017-06-02,2017-06-02,390,389,8.288163277900538e-06,0.0029290898250937734,True,True,eligible_regular_session
2017-06-05,2017-06-05,2017-06-05,390,389,4.676625231682897e-06,-0.0002339541337435824,True,True,eligible_regular_session
2017-06-06,2017-06-06,2017-06-06,390,389,8.125798452543987e-06,-7.820748449611293e-05,True,True,eligible_regular_session
2017-06-07,2017-06-07,2017-06-07,390,389,9.94392073423852e-06,0.0001890856481405057,True,True,eligible_regular_session
2017-06-08,2017-06-08,2017-06-08,390,389,1.617480736987255e-05,-0.000262929778722751,True,True,eligible_regular_session
2017-06-09,2017-06-09,2017-06-09,390,389,3.0089944331231558e-05,-0.0028339102258302874,True,True,eligible_regular_session
2017-06-12,2017-06-12,2017-06-12,390,389,1.723032274666012e-05,0.0007082269916389042,True,True,eligible_regular_session
2017-06-13,2017-06-13,2017-06-13,390,389,8.963579359054592e-06,0.0015215116341153671,True,True,eligible_regular_session
2017-06-14,2017-06-14,2017-06-14,390,389,2.2018055343234917e-05,-0.001999689239446813,True,True,eligible_regular_session
2017-06-15,2017-06-15,2017-06-15,390,389,1.469467224363599e-05,0.004334433339735604,True,True,eligible_regular_session
2017-06-16,2017-06-16,2017-06-16,390,389,1.1662626511119669e-05,0.00039055193706560046,True,True,eligible_regular_session
2017-06-19,2017-06-19,2017-06-19,390,389,5.713079384498242e-06,0.004060778270840845,True,True,eligible_regular_session
2017-06-20,2017-06-20,2017-06-20,390,389,9.112078282436914e-06,-0.004609699157869186,True,True,eligible_regular_session
2017-06-21,2017-06-21,2017-06-21,390,389,1.1104365814376865e-05,-0.0016079679902113245,True,True,eligible_regular_session
2017-06-22,2017-06-22,2017-06-22,390,389,8.050574505796049e-06,-0.0009893573063955018,True,True,eligible_regular_session
2017-06-23,2017-06-23,2017-06-23,390,389,6.265122831137866e-06,0.0012886705495901269,True,True,eligible_regular_session
2017-06-26,2017-06-26,2017-06-26,390,389,1.1634689336688919e-05,-0.0026369897926552415,True,True,eligible_regular_session
2017-06-27,2017-06-27,2017-06-27,390,389,1.7597246662920023e-05,-0.006655598611736063,True,True,eligible_regular_session
2017-06-28,2017-06-28,2017-06-28,390,389,1.0071785391444296e-05,0.0036209017088547203,True,True,eligible_regular_session
2017-06-29,2017-06-29,2017-06-29,390,389,4.4031405991000014e-05,-0.00902585925969064,True,True,eligible_regular_session
2017-06-30,2017-06-30,2017-06-30,390,389,1.271760306052147e-05,-0.002460177903783611,True,True,eligible_regular_session
2017-07-03,2017-07-03,2017-07-03,232,231,8.451425692463851e-06,-0.0023931719701825597,False,False,short_or_incomplete
2017-07-05,2017-07-05,2017-07-05,390,389,1.2531618309981412e-05,0.00022612760682730058,True,True,eligible_regular_session
2017-07-06,2017-07-06,2017-07-06,390,389,1.759203343314974e-05,-0.00488383266461464,True,True,eligible_regular_session
2017-07-07,2017-07-07,2017-07-07,390,389,8.368852784615888e-06,0.0033459629783749415,True,True,eligible_regular_session
2017-07-10,2017-07-10,2017-07-10,390,389,5.952791917422023e-06,0.002243244406834899,True,True,eligible_regular_session
2017-07-11,2017-07-11,2017-07-11,390,389,1.353285329439919e-05,-8.656598910136476e-05,True,True,eligible_regular_session
2017-07-12,2017-07-12,2017-07-12,390,389,9.23937213867522e-06,0.00197446370629653,True,True,eligible_regular_session
2017-07-13,2017-07-13,2017-07-13,390,389,6.60019292420869e-06,0.0015739439940970297,True,True,eligible_regular_session
2017-07-14,2017-07-14,2017-07-14,390,389,5.103431054999793e-06,0.0042707243629774095,True,True,eligible_regular_session
2017-07-17,2017-07-17,2017-07-17,390,389,5.317548738487296e-06,0.00023994225233806764,True,True,eligible_regular_session
2017-07-18,2017-07-18,2017-07-18,390,389,6.512780117105578e-06,0.0026655559016585968,True,True,eligible_regular_session
2017-07-19,2017-07-19,2017-07-19,390,389,3.724448658308925e-06,0.003325000278996048,True,True,eligible_regular_session
2017-07-20,2017-07-20,2017-07-20,390,389,8.585534385329857e-06,-0.0012078345079085378,True,True,eligible_regular_session
2017-07-21,2017-07-21,2017-07-21,390,389,6.438679201749432e-06,0.001578775117728903,True,True,eligible_regular_session
2017-07-24,2017-07-24,2017-07-24,390,389,3.143541334101245e-06,-2.8326605766446864e-05,True,True,eligible_regular_session
2017-07-25,2017-07-25,2017-07-25,390,389,4.270850934862464e-06,-0.0006375904141614205,True,True,eligible_regular_session
2017-07-26,2017-07-26,2017-07-26,390,389,5.245367183132338e-06,-0.000992319689017992,True,True,eligible_regular_session
2017-07-27,2017-07-27,2017-07-27,390,389,2.1696108984938838e-05,-0.0026184837850586587,True,True,eligible_regular_session
2017-07-28,2017-07-28,2017-07-28,390,389,9.057119423793594e-06,0.0007243928468331624,True,True,eligible_regular_session
2017-07-31,2017-07-31,2017-07-31,390,389,6.109906350395718e-06,-0.002178768988816999,True,True,eligible_regular_session
2017-08-01,2017-08-01,2017-08-01,390,389,5.743485143945372e-06,-0.0009203569050744262,True,True,eligible_regular_session
2017-08-02,2017-08-02,2017-08-02,390,389,9.376899989812011e-06,-0.00044799161269492953,True,True,eligible_regular_session
2017-08-03,2017-08-03,2017-08-03,390,389,6.583130109510916e-06,-0.0007561651064607836,True,True,eligible_regular_session
2017-08-04,2017-08-04,2017-08-04,390,389,7.093920019576802e-06,-0.0005773194371813141,True,True,eligible_regular_session
2017-08-07,2017-08-07,2017-08-07,390,389,2.220178198712714e-06,0.0013069682621376561,True,True,eligible_regular_session
2017-08-08,2017-08-08,2017-08-08,390,389,1.0453464612699953e-05,-0.0005412851210084728,True,True,eligible_regular_session
2017-08-09,2017-08-09,2017-08-09,390,389,1.4472207880178828e-05,0.003486278096433176,True,True,eligible_regular_session
2017-08-10,2017-08-10,2017-08-10,390,389,2.7821203206228547e-05,-0.009714084558342858,True,True,eligible_regular_session
2017-08-11,2017-08-11,2017-08-11,390,389,1.6142473734840963e-05,0.00038508492827421666,True,True,eligible_regular_session
2017-08-14,2017-08-14,2017-08-14,390,389,6.957967781975001e-06,0.0033277900926747457,True,True,eligible_regular_session
2017-08-15,2017-08-15,2017-08-15,390,389,7.760793811009062e-06,-0.0016053905640765864,True,True,eligible_regular_session
2017-08-16,2017-08-16,2017-08-16,390,389,1.1328010613789054e-05,-0.000461811443306963,True,True,eligible_regular_session
2017-08-17,2017-08-17,2017-08-17,390,389,3.200934722695292e-05,-0.012120517879707018,True,True,eligible_regular_session
2017-08-18,2017-08-18,2017-08-18,390,389,2.8402495672709742e-05,-0.0009972761179462821,True,True,eligible_regular_session
2017-08-21,2017-08-21,2017-08-21,390,389,1.55972164541837e-05,0.001483661453400713,True,True,eligible_regular_session
2017-08-22,2017-08-22,2017-08-22,390,389,7.5343134912087326e-06,0.007009245427881075,True,True,eligible_regular_session
2017-08-23,2017-08-23,2017-08-23,390,389,1.0016062716138434e-05,0.0010274695477357828,True,True,eligible_regular_session
2017-08-24,2017-08-24,2017-08-24,390,389,1.708274548283933e-05,-0.003911865372727605,True,True,eligible_regular_session
2017-08-25,2017-08-25,2017-08-25,390,389,1.1869984821512003e-05,-0.0016602265155965675,True,True,eligible_regular_session
2017-08-28,2017-08-28,2017-08-28,390,389,6.937035044814426e-06,-0.002007002699089754,True,True,eligible_regular_session
2017-08-29,2017-08-29,2017-08-29,390,389,1.4054413605772386e-05,0.007343743259931966,True,True,eligible_regular_session
2017-08-30,2017-08-30,2017-08-30,390,389,7.793845809254025e-06,0.004527626207135548,True,True,eligible_regular_session
2017-08-31,2017-08-31,2017-08-31,390,389,8.682005503425988e-06,0.003209703183539353,True,True,eligible_regular_session
2017-09-01,2017-09-01,2017-09-01,390,389,4.625661421207036e-06,-0.00018170548820769177,True,True,eligible_regular_session
2017-09-05,2017-09-05,2017-09-05,390,389,2.5515764701538212e-05,-0.005068418116335154,True,True,eligible_regular_session
2017-09-06,2017-09-06,2017-09-06,390,389,1.0968404927725093e-05,0.0001379052998381161,True,True,eligible_regular_session
2017-09-07,2017-09-07,2017-09-07,390,389,1.1349640304963035e-05,-0.0012446359628052516,True,True,eligible_regular_session
2017-09-08,2017-09-08,2017-09-08,390,389,7.079937226087352e-06,0.0003778621579444464,True,True,eligible_regular_session
2017-09-11,2017-09-11,2017-09-11,390,389,4.28260891302413e-06,0.00448372533149962,True,True,eligible_regular_session
2017-09-12,2017-09-12,2017-09-12,390,389,5.512500632798838e-06,0.001475304950075047,True,True,eligible_regular_session
2017-09-13,2017-09-13,2017-09-13,390,389,3.878096708165539e-06,0.002240190090573926,True,True,eligible_regular_session
2017-09-14,2017-09-14,2017-09-14,390,389,4.103262853943407e-06,0.0009179737077960602,True,True,eligible_regular_session
2017-09-15,2017-09-15,2017-09-15,390,389,3.3777426703038602e-06,0.001681581082097168,True,True,eligible_regular_session
2017-09-18,2017-09-18,2017-09-18,390,389,4.423461939874218e-06,0.0002236886263662959,True,True,eligible_regular_session
2017-09-19,2017-09-19,2017-09-19,390,389,4.266207382834639e-06,0.00011171089232727133,True,True,eligible_regular_session
2017-09-20,2017-09-20,2017-09-20,390,389,1.1953183456496612e-05,-4.385956169061674e-05,True,True,eligible_regular_session
2017-09-21,2017-09-21,2017-09-21,390,389,6.177763959822646e-06,-0.0019773944392935416,True,True,eligible_regular_session
2017-09-22,2017-09-22,2017-09-22,390,389,4.338417342777952e-06,0.001632196225859839,True,True,eligible_regular_session
2017-09-25,2017-09-25,2017-09-25,390,389,1.350091010988269e-05,-0.0009608033054147792,True,True,eligible_regular_session
2017-09-26,2017-09-26,2017-09-26,390,389,7.3900508291380935e-06,-0.0012406403294596355,True,True,eligible_regular_session
2017-09-27,2017-09-27,2017-09-27,390,389,8.356119624305673e-06,0.0006742967520179126,True,True,eligible_regular_session
2017-09-28,2017-09-28,2017-09-28,390,389,6.845093587389874e-06,0.0021538923962296464,True,True,eligible_regular_session
2017-09-29,2017-09-29,2017-09-29,390,389,4.778218787708741e-06,0.0037027578303673063,True,True,eligible_regular_session
2017-10-02,2017-10-02,2017-10-02,390,389,5.461795078359022e-06,0.0030810929375361573,True,True,eligible_regular_session
2017-10-03,2017-10-03,2017-10-03,390,389,2.9385029925563335e-06,0.001697940766788315,True,True,eligible_regular_session
2017-10-04,2017-10-04,2017-10-04,390,389,4.344912304492331e-06,0.0017592027382936336,True,True,eligible_regular_session
2017-10-05,2017-10-05,2017-10-05,390,389,3.649513446246075e-06,0.00454030291878301,True,True,eligible_regular_session
2017-10-06,2017-10-06,2017-10-06,390,389,5.358513412994517e-06,0.0008634935126902605,True,True,eligible_regular_session
2017-10-09,2017-10-09,2017-10-09,390,389,3.5293049444740504e-06,-0.0026295871004004163,True,True,eligible_regular_session
2017-10-10,2017-10-10,2017-10-10,390,389,7.016640317572031e-06,-8.232566075892138e-05,True,True,eligible_regular_session
2017-10-11,2017-10-11,2017-10-11,390,389,3.0622278842905772e-06,0.0018138196050611277,True,True,eligible_regular_session
2017-10-12,2017-10-12,2017-10-12,390,389,4.74578250266477e-06,-0.0001842375022605776,True,True,eligible_regular_session
2017-10-13,2017-10-13,2017-10-13,390,389,3.438187670688196e-06,-0.0008338014978685427,True,True,eligible_regular_session
2017-10-16,2017-10-16,2017-10-16,390,389,3.3610767031794687e-06,-0.00023066743136813215,True,True,eligible_regular_session
2017-10-17,2017-10-17,2017-10-17,390,389,2.7606236122302278e-06,0.0006371306665595926,True,True,eligible_regular_session
2017-10-18,2017-10-18,2017-10-18,390,389,3.043465015152727e-06,-0.000889794352315506,True,True,eligible_regular_session
2017-10-19,2017-10-19,2017-10-19,390,389,8.681011040173821e-06,0.0039224401456114215,True,True,eligible_regular_session
2017-10-20,2017-10-20,2017-10-20,390,389,3.943281258141148e-06,0.0019281685656935726,True,True,eligible_regular_session
2017-10-23,2017-10-23,2017-10-23,390,389,6.0065312035470755e-06,-0.0046356874752374955,True,True,eligible_regular_session
2017-10-24,2017-10-24,2017-10-24,390,389,5.580974842252844e-06,-0.00024128926418777547,True,True,eligible_regular_session
2017-10-25,2017-10-25,2017-10-25,390,389,1.785850978857655e-05,-0.0034703890705490093,True,True,eligible_regular_session
2017-10-26,2017-10-26,2017-10-26,390,389,9.40889420571359e-06,-0.0013542813159373732,True,True,eligible_regular_session
2017-10-27,2017-10-27,2017-10-27,390,389,9.187261331697993e-06,0.004680301790159321,True,True,eligible_regular_session
2017-10-30,2017-10-30,2017-10-30,390,389,7.741039334537208e-06,-0.0007732104352879016,True,True,eligible_regular_session
2017-10-31,2017-10-31,2017-10-31,390,389,4.143668957771183e-06,-0.00012812971403835543,True,True,eligible_regular_session
2017-11-01,2017-11-01,2017-11-01,390,389,1.0204706280437034e-05,-0.0020643599393676383,True,True,eligible_regular_session
2017-11-02,2017-11-02,2017-11-02,390,389,1.3737802818521613e-05,0.000888108136084919,True,True,eligible_regular_session
2017-11-03,2017-11-03,2017-11-03,390,389,5.41505519661988e-06,0.0024376194605292465,True,True,eligible_regular_session
2017-11-06,2017-11-06,2017-11-06,390,389,3.6283970553716673e-06,0.0020514016407924014,True,True,eligible_regular_session
2017-11-07,2017-11-07,2017-11-07,390,389,8.788490516825349e-06,-0.0010302178837899485,True,True,eligible_regular_session
2017-11-08,2017-11-08,2017-11-08,390,389,4.708487998956299e-06,0.0022497457784389574,True,True,eligible_regular_session
2017-11-09,2017-11-09,2017-11-09,390,389,2.8232349046559156e-05,0.001533457549563249,True,True,eligible_regular_session
2017-11-10,2017-11-10,2017-11-10,390,389,8.787949509388836e-06,0.0007011767271929084,True,True,eligible_regular_session
2017-11-13,2017-11-13,2017-11-13,390,389,4.806490756100621e-06,0.003732670981170014,True,True,eligible_regular_session
2017-11-14,2017-11-14,2017-11-14,390,389,1.524359309532488e-05,0.0011368245024662,True,True,eligible_regular_session
2017-11-15,2017-11-15,2017-11-15,390,389,1.589566586232461e-05,-0.00014814179535970078,True,True,eligible_regular_session
2017-11-16,2017-11-16,2017-11-16,390,389,6.200252639045442e-06,0.0039762254268279435,True,True,eligible_regular_session
2017-11-17,2017-11-17,2017-11-17,390,389,7.300333160827012e-06,-0.001236259368842392,True,True,eligible_regular_session
2017-11-20,2017-11-20,2017-11-20,390,389,4.165434511875312e-06,0.0011043709018305446,True,True,eligible_regular_session
2017-11-21,2017-11-21,2017-11-21,390,389,4.18725275619462e-06,0.003156126714518833,True,True,eligible_regular_session
2017-11-22,2017-11-22,2017-11-22,390,389,4.0008970720704965e-06,-0.0010699016172394781,True,True,eligible_regular_session
2017-11-24,2017-11-24,2017-11-24,232,231,1.3550934178924959e-06,0.00014218546773186438,False,False,short_or_incomplete
2017-11-27,2017-11-27,2017-11-27,390,389,4.138297601074914e-06,-0.0002728790874329268,True,True,eligible_regular_session
2017-11-28,2017-11-28,2017-11-28,390,389,8.466070378685132e-06,0.007895270627717891,True,True,eligible_regular_session
2017-11-29,2017-11-29,2017-11-29,390,389,1.7913481030959656e-05,-0.0013586105446931629,True,True,eligible_regular_session
2017-11-30,2017-11-30,2017-11-30,390,389,1.921638780648558e-05,0.004091982444942016,True,True,eligible_regular_session
2017-12-01,2017-12-01,2017-12-01,390,389,0.00014673897409395092,-0.002053307282345479,True,True,eligible_regular_session
2017-12-04,2017-12-04,2017-12-04,390,389,2.291494308596876e-05,-0.008037506147922415,True,True,eligible_regular_session
2017-12-05,2017-12-05,2017-12-05,390,389,1.80853225493467e-05,-0.00313259078203538,True,True,eligible_regular_session
2017-12-06,2017-12-06,2017-12-06,390,389,1.559186115366056e-05,0.001472779537702575,True,True,eligible_regular_session
2017-12-07,2017-12-07,2017-12-07,390,389,1.0766007018400792e-05,0.0029926724701546457,True,True,eligible_regular_session
2017-12-08,2017-12-08,2017-12-08,390,389,6.6666005065728295e-06,0.0017101151983135918,True,True,eligible_regular_session
2017-12-11,2017-12-11,2017-12-11,390,389,5.033500412098419e-06,0.002612569670652876,True,True,eligible_regular_session
2017-12-12,2017-12-12,2017-12-12,390,389,7.031628741389307e-06,0.0008785796111424978,True,True,eligible_regular_session
2017-12-13,2017-12-13,2017-12-13,390,389,1.0672623789166078e-05,-0.0017181812518469648,True,True,eligible_regular_session
2017-12-14,2017-12-14,2017-12-14,390,389,1.1805652940359166e-05,-0.005298349378802962,True,True,eligible_regular_session
2017-12-15,2017-12-15,2017-12-15,390,389,9.548616058257387e-06,0.004488462315604342,True,True,eligible_regular_session
2017-12-18,2017-12-18,2017-12-18,390,389,6.155091961473623e-06,0.0004646814320709777,True,True,eligible_regular_session
2017-12-19,2017-12-19,2017-12-19,390,389,8.540824377553542e-06,-0.004733296276380331,True,True,eligible_regular_session
2017-12-20,2017-12-20,2017-12-20,390,389,1.0793579595666203e-05,-0.004219439113220233,True,True,eligible_regular_session
2017-12-21,2017-12-21,2017-12-21,390,389,5.214145130985584e-06,-0.00016757997793653273,True,True,eligible_regular_session
2017-12-22,2017-12-22,2017-12-22,390,389,4.796911921407947e-06,-0.0003613894532241826,True,True,eligible_regular_session
2017-12-26,2017-12-26,2017-12-26,390,389,3.097103065637848e-06,0.0001529699491653219,True,True,eligible_regular_session
2017-12-27,2017-12-27,2017-12-27,390,389,3.0661525318760047e-06,-3.728289702920721e-06,True,True,eligible_regular_session
2017-12-28,2017-12-28,2017-12-28,390,389,2.0613963530946624e-06,0.00031639150175810936,True,True,eligible_regular_session
2017-12-29,2017-12-29,2017-12-29,390,389,6.4389385099224935e-06,-0.006308722497657253,True,True,eligible_regular_session
2018-01-02,2018-01-02,2018-01-02,390,389,6.746554438715117e-06,0.003798286791483658,True,True,eligible_regular_session
2018-01-03,2018-01-03,2018-01-03,390,389,5.580209087397635e-06,0.005045876330722312,True,True,eligible_regular_session
2018-01-04,2018-01-04,2018-01-04,390,389,6.630753948538743e-06,0.0016387001355972347,True,True,eligible_regular_session
2018-01-05,2018-01-05,2018-01-05,390,389,5.836206419511984e-06,0.0035680867900041084,True,True,eligible_regular_session
2018-01-08,2018-01-08,2018-01-08,390,389,4.701880139689919e-06,0.001916337541154855,True,True,eligible_regular_session
2018-01-09,2018-01-09,2018-01-09,390,389,9.326333292916397e-06,-8.358788271303834e-05,True,True,eligible_regular_session
2018-01-10,2018-01-10,2018-01-10,390,389,1.2510348960155386e-05,0.001952634672749027,True,True,eligible_regular_session
2018-01-11,2018-01-11,2018-01-11,390,389,6.132986899764087e-06,0.004683594819474388,True,True,eligible_regular_session
2018-01-12,2018-01-12,2018-01-12,390,389,8.257450493017834e-06,0.00548199033590306,True,True,eligible_regular_session
2018-01-16,2018-01-16,2018-01-16,390,389,3.17743821992018e-05,-0.008337819482182852,True,True,eligible_regular_session
2018-01-17,2018-01-17,2018-01-17,390,389,1.5018516676611511e-05,0.00600580909512037,True,True,eligible_regular_session
2018-01-18,2018-01-18,2018-01-18,390,389,1.646397224704643e-05,-0.00023226936203556646,True,True,eligible_regular_session
2018-01-19,2018-01-19,2018-01-19,390,389,1.0921258567544799e-05,0.0020803803483510496,True,True,eligible_regular_session
2018-01-22,2018-01-22,2018-01-22,390,389,9.818089696771162e-06,0.008558545322710635,True,True,eligible_regular_session
2018-01-23,2018-01-23,2018-01-23,390,389,1.536254393055435e-05,0.002538591458584996,True,True,eligible_regular_session
2018-01-24,2018-01-24,2018-01-24,390,389,3.448081724183339e-05,-0.0027336792375145043,True,True,eligible_regular_session
2018-01-25,2018-01-25,2018-01-25,390,389,3.0669883735780167e-05,-0.003003131982410044,True,True,eligible_regular_session
2018-01-26,2018-01-26,2018-01-26,390,389,1.0826830942363622e-05,0.008518457352012298,True,True,eligible_regular_session
2018-01-29,2018-01-29,2018-01-29,390,389,2.5197686020454415e-05,-0.0044587430991560924,True,True,eligible_regular_session
2018-01-30,2018-01-30,2018-01-30,390,389,3.852685162656155e-05,-0.0025265406221257483,True,True,eligible_regular_session
2018-01-31,2018-01-31,2018-01-31,390,389,2.984413626273104e-05,-0.0032409783811593227,True,True,eligible_regular_session
2018-02-01,2018-02-01,2018-02-01,390,389,3.284807969147914e-05,0.002600827840502534,True,True,eligible_regular_session
2018-02-02,2018-02-02,2018-02-02,390,389,5.74925562186678e-05,-0.01602557525079692,True,True,eligible_regular_session
2018-02-05,2018-02-05,2018-02-05,390,389,0.00041797215305235255,-0.03142857289536909,True,True,eligible_regular_session
2018-02-06,2018-02-06,2018-02-06,390,389,0.000655188179979992,0.038274511988102417,True,True,eligible_regular_session
2018-02-07,2018-02-07,2018-02-07,390,389,0.00018100133764205374,-0.002800277388906719,True,True,eligible_regular_session
2018-02-08,2018-02-08,2018-02-08,390,389,0.0003576850113023427,-0.0388951847480534,True,True,eligible_regular_session
2018-02-09,2018-02-09,2018-02-09,390,389,0.0005488396463142334,0.004604942652106515,True,True,eligible_regular_session
2018-02-12,2018-02-12,2018-02-12,390,389,0.00016243813865606226,0.0040330926271261525,True,True,eligible_regular_session
2018-02-13,2018-02-13,2018-02-13,390,389,8.23074387541199e-05,0.00922642432075867,True,True,eligible_regular_session
2018-02-14,2018-02-14,2018-02-14,390,389,9.074311305544595e-05,0.018002538760391644,True,True,eligible_regular_session
2018-02-15,2018-02-15,2018-02-15,390,389,6.358995041402152e-05,0.0050875190486724215,True,True,eligible_regular_session
2018-02-16,2018-02-16,2018-02-16,390,389,7.087347957722488e-05,0.001439457869709908,True,True,eligible_regular_session
2018-02-20,2018-02-20,2018-02-20,390,389,5.913494123366361e-05,-0.002236002020191582,True,True,eligible_regular_session
2018-02-21,2018-02-21,2018-02-21,390,389,8.373179277326571e-05,-0.0064303920978942995,True,True,eligible_regular_session
2018-02-22,2018-02-22,2018-02-22,390,389,9.035543771438611e-05,-0.003319397876775666,True,True,eligible_regular_session
2018-02-23,2018-02-23,2018-02-23,390,389,3.7351382669766536e-05,0.01023984011951401,True,True,eligible_regular_session
2018-02-26,2018-02-26,2018-02-26,390,389,2.55299349776861e-05,0.007373178832690462,True,True,eligible_regular_session
2018-02-27,2018-02-27,2018-02-27,390,389,6.761020607282959e-05,-0.012567851154473,True,True,eligible_regular_session
2018-02-28,2018-02-28,2018-02-28,390,389,7.255728023368168e-05,-0.01567247411165803,True,True,eligible_regular_session
2018-03-01,2018-03-01,2018-03-01,390,389,0.00023657429468205602,-0.01368443773880027,True,True,eligible_regular_session
2018-03-02,2018-03-02,2018-03-02,390,389,0.0001381474415419291,0.01241819995615943,True,True,eligible_regular_session
2018-03-05,2018-03-05,2018-03-05,390,389,6.816580485416393e-05,0.015365062579712234,True,True,eligible_regular_session
2018-03-06,2018-03-06,2018-03-06,390,389,6.0485059582854487e-05,-0.0013882557279059821,True,True,eligible_regular_session
2018-03-07,2018-03-07,2018-03-07,390,389,5.878875885551967e-05,0.007601576053665938,True,True,eligible_regular_session
2018-03-08,2018-03-08,2018-03-08,390,389,4.111722257444663e-05,0.0015969744936348922,True,True,eligible_regular_session
2018-03-09,2018-03-09,2018-03-09,390,389,2.0909585961313744e-05,0.01080760007696824,True,True,eligible_regular_session
2018-03-12,2018-03-12,2018-03-12,390,389,2.6565408999383258e-05,-0.002350270106930992,True,True,eligible_regular_session
2018-03-13,2018-03-13,2018-03-13,390,389,5.2155532460425446e-05,-0.011065970418947902,True,True,eligible_regular_session
2018-03-14,2018-03-14,2018-03-14,390,389,6.395964262265335e-05,-0.009702928531258103,True,True,eligible_regular_session
2018-03-15,2018-03-15,2018-03-15,390,389,3.035917819320969e-05,-0.0028310254021228745,True,True,eligible_regular_session
2018-03-16,2018-03-16,2018-03-16,390,389,1.9290528079268746e-05,-0.0017580442295447246,True,True,eligible_regular_session
2018-03-19,2018-03-19,2018-03-19,390,389,5.634114796219688e-05,-0.009274748217785438,True,True,eligible_regular_session
2018-03-20,2018-03-20,2018-03-20,390,389,3.2986351482096804e-05,-0.0006990871678438548,True,True,eligible_regular_session
2018-03-21,2018-03-21,2018-03-21,390,389,6.981738914314686e-05,-0.0007149912589174722,True,True,eligible_regular_session
2018-03-22,2018-03-22,2018-03-22,390,389,0.00012093609457068774,-0.015484863330086529,True,True,eligible_regular_session
2018-03-23,2018-03-23,2018-03-23,390,389,0.00014610013639149527,-0.023902813633213723,True,True,eligible_regular_session
2018-03-26,2018-03-26,2018-03-26,390,389,9.03274151134357e-05,0.010952672336600964,True,True,eligible_regular_session
2018-03-27,2018-03-27,2018-03-27,390,389,0.00016754759829529684,-0.02001483946171586,True,True,eligible_regular_session
2018-03-28,2018-03-28,2018-03-28,390,389,0.000251385750133131,-0.003954649370112995,True,True,eligible_regular_session
2018-03-29,2018-03-29,2018-03-29,390,389,8.456148037547671e-05,0.008347287530891407,True,True,eligible_regular_session
2018-04-02,2018-04-02,2018-04-02,390,389,0.0001832790900707113,-0.019012366286494557,True,True,eligible_regular_session
2018-04-03,2018-04-03,2018-04-03,390,389,0.0001477351834791142,0.007497285550243557,True,True,eligible_regular_session
2018-04-04,2018-04-04,2018-04-04,390,389,0.0001320427139297509,0.02606526159608634,True,True,eligible_regular_session
2018-04-05,2018-04-05,2018-04-05,390,389,6.783043628379837e-05,0.0013228260796982502,True,True,eligible_regular_session
2018-04-06,2018-04-06,2018-04-06,390,389,0.00015678123429156745,-0.013937122528797247,True,True,eligible_regular_session
2018-04-09,2018-04-09,2018-04-09,390,389,6.543502482017021e-05,-0.0027437899834462844,True,True,eligible_regular_session
2018-04-10,2018-04-10,2018-04-10,390,389,0.00011048469330560297,0.003189242224152096,True,True,eligible_regular_session
2018-04-11,2018-04-11,2018-04-11,390,389,6.504001886470139e-05,0.00016275394856189555,True,True,eligible_regular_session
2018-04-12,2018-04-12,2018-04-12,390,389,4.9264242001367304e-05,0.0030107767876192356,True,True,eligible_regular_session
2018-04-13,2018-04-13,2018-04-13,390,389,6.635810353293897e-05,-0.008553660260382684,True,True,eligible_regular_session
2018-04-16,2018-04-16,2018-04-16,390,389,3.7835055489641466e-05,0.0017829480921578399,True,True,eligible_regular_session
2018-04-17,2018-04-17,2018-04-17,390,389,2.040250971464463e-05,0.004150635680830925,True,True,eligible_regular_session
2018-04-18,2018-04-18,2018-04-18,390,389,2.1873078891689296e-05,-0.0007933945708863055,True,True,eligible_regular_session
2018-04-19,2018-04-19,2018-04-19,390,389,4.1969596684184576e-05,-0.00300304979399724,True,True,eligible_regular_session
2018-04-20,2018-04-20,2018-04-20,390,389,4.055909228172575e-05,-0.008934423920519095,True,True,eligible_regular_session
2018-04-23,2018-04-23,2018-04-23,390,389,3.5334525659114e-05,-0.002599594880089938,True,True,eligible_regular_session
2018-04-24,2018-04-24,2018-04-24,390,389,0.00010476329448408627,-0.01790324337273699,True,True,eligible_regular_session
2018-04-25,2018-04-25,2018-04-25,390,389,9.210115922444497e-05,0.002105060316390944,True,True,eligible_regular_session
2018-04-26,2018-04-26,2018-04-26,390,389,3.402204142585173e-05,0.0058965273132940985,True,True,eligible_regular_session
2018-04-27,2018-04-27,2018-04-27,390,389,4.026596999167562e-05,-0.0023456932511552644,True,True,eligible_regular_session
2018-04-30,2018-04-30,2018-04-30,390,389,3.7632717018359835e-05,-0.01090465199150706,True,True,eligible_regular_session
2018-05-01,2018-05-01,2018-05-01,390,389,4.3660840626772814e-05,0.005083514863861677,True,True,eligible_regular_session
2018-05-02,2018-05-02,2018-05-02,390,389,4.3301656278968924e-05,-0.006124278433594675,True,True,eligible_regular_session
2018-05-03,2018-05-03,2018-05-03,390,389,0.00010176281943125861,0.0010501964375780163,True,True,eligible_regular_session
2018-05-04,2018-05-04,2018-05-04,390,389,3.6980696474645184e-05,0.01716783612581461,True,True,eligible_regular_session
2018-05-07,2018-05-07,2018-05-07,390,389,3.0492243551368254e-05,0.0007710620076290908,True,True,eligible_regular_session
2018-05-08,2018-05-08,2018-05-08,390,389,5.6264635709829736e-05,0.0016069977143262774,True,True,eligible_regular_session
2018-05-09,2018-05-09,2018-05-09,390,389,2.8193356809559017e-05,0.006691028185685155,True,True,eligible_regular_session
2018-05-10,2018-05-10,2018-05-10,390,389,2.0725986678948684e-05,0.006676541663759068,True,True,eligible_regular_session
2018-05-11,2018-05-11,2018-05-11,390,389,2.0214942231223064e-05,0.0014161658033110787,True,True,eligible_regular_session
2018-05-14,2018-05-14,2018-05-14,390,389,1.720017172189642e-05,-0.0018077232007926883,True,True,eligible_regular_session
2018-05-15,2018-05-15,2018-05-15,390,389,4.375892710609066e-05,-0.0017543605508000635,True,True,eligible_regular_session
2018-05-16,2018-05-16,2018-05-16,390,389,1.9206049068933208e-05,0.0032932470425806625,True,True,eligible_regular_session
2018-05-17,2018-05-17,2018-05-17,390,389,2.0142838729028786e-05,0.00031619042279991275,True,True,eligible_regular_session
2018-05-18,2018-05-18,2018-05-18,390,389,2.060461702842844e-05,-0.0009173687268009998,True,True,eligible_regular_session
2018-05-21,2018-05-21,2018-05-21,390,389,1.6840731929214263e-05,0.0007357719073064532,True,True,eligible_regular_session
2018-05-22,2018-05-22,2018-05-22,390,389,1.784232072560044e-05,-0.005242418388072087,True,True,eligible_regular_session
2018-05-23,2018-05-23,2018-05-23,390,389,2.4520831721756644e-05,0.007728087533677347,True,True,eligible_regular_session
2018-05-24,2018-05-24,2018-05-24,390,389,3.7159006801111264e-05,0.00012100078665265895,True,True,eligible_regular_session
2018-05-25,2018-05-25,2018-05-25,390,389,1.616173832047825e-05,-0.000955081842293611,True,True,eligible_regular_session
2018-05-29,2018-05-29,2018-05-29,390,389,5.527837222236432e-05,-0.004621807093658298,True,True,eligible_regular_session
2018-05-30,2018-05-30,2018-05-30,390,389,1.9612370987511945e-05,0.006700050663367568,True,True,eligible_regular_session
2018-05-31,2018-05-31,2018-05-31,390,389,3.563520362044236e-05,-0.0039023504167230113,True,True,eligible_regular_session
2018-06-01,2018-06-01,2018-06-01,390,389,1.852350517109202e-05,0.004615305391663174,True,True,eligible_regular_session
2018-06-04,2018-06-04,2018-06-04,390,389,9.573898710259755e-06,0.0012895894773146328,True,True,eligible_regular_session
2018-06-05,2018-06-05,2018-06-05,390,389,1.3497567181729945e-05,0.00017827549432275583,True,True,eligible_regular_session
2018-06-06,2018-06-06,2018-06-06,390,389,1.2616818325412711e-05,0.005781659568431384,True,True,eligible_regular_session
2018-06-07,2018-06-07,2018-06-07,390,389,2.76119181650391e-05,-0.0021386293879978265,True,True,eligible_regular_session
2018-06-08,2018-06-08,2018-06-08,390,389,1.5765150465569775e-05,0.004292254573557929,True,True,eligible_regular_session
2018-06-11,2018-06-11,2018-06-11,390,389,8.696329391830846e-06,0.00018337771005437787,True,True,eligible_regular_session
2018-06-12,2018-06-12,2018-06-12,390,389,8.633041448724485e-06,0.00012559725999161415,True,True,eligible_regular_session
2018-06-13,2018-06-13,2018-06-13,390,389,1.5465937126330402e-05,-0.004368035849555633,True,True,eligible_regular_session
2018-06-14,2018-06-14,2018-06-14,390,389,1.1238647152523801e-05,-0.00047061275726203143,True,True,eligible_regular_session
2018-06-15,2018-06-15,2018-06-15,390,389,1.6355131256531145e-05,0.0018944106162907262,True,True,eligible_regular_session
2018-06-18,2018-06-18,2018-06-18,390,389,1.4115875012160357e-05,0.004766396416517495,True,True,eligible_regular_session
2018-06-19,2018-06-19,2018-06-19,390,389,2.931396935780308e-05,0.005546092398322686,True,True,eligible_regular_session
2018-06-20,2018-06-20,2018-06-20,390,389,1.187750411209388e-05,-0.00169329096638902,True,True,eligible_regular_session
2018-06-21,2018-06-21,2018-06-21,390,389,3.1342088401651267e-05,-0.0062719769394326145,True,True,eligible_regular_session
2018-06-22,2018-06-22,2018-06-22,390,389,1.7645676758807785e-05,-0.0036461601717994304,True,True,eligible_regular_session
2018-06-25,2018-06-25,2018-06-25,390,389,6.632145374352106e-05,-0.008824157899522362,True,True,eligible_regular_session
2018-06-26,2018-06-26,2018-06-26,390,389,3.246918991898659e-05,-0.0002753905514383776,True,True,eligible_regular_session
2018-06-27,2018-06-27,2018-06-27,390,389,5.600744639365362e-05,-0.011634740432314678,True,True,eligible_regular_session
2018-06-28,2018-06-28,2018-06-28,390,389,6.302662539691447e-05,0.005773769089906519,True,True,eligible_regular_session
2018-06-29,2018-06-29,2018-06-29,390,389,2.0945523777081877e-05,-0.004044621073465079,True,True,eligible_regular_session
2018-07-02,2018-07-02,2018-07-02,390,389,3.091673177985052e-05,0.009270686710913753,True,True,eligible_regular_session
2018-07-03,2018-07-03,2018-07-03,232,231,2.0197603121786102e-05,-0.008317017717099317,False,False,short_or_incomplete
2018-07-05,2018-07-05,2018-07-05,390,389,2.907166168809147e-05,0.002495190189893446,True,True,eligible_regular_session
2018-07-06,2018-07-06,2018-07-06,390,389,1.8116661536951894e-05,0.008657779161537899,True,True,eligible_regular_session
2018-07-09,2018-07-09,2018-07-09,390,389,9.437923004276972e-06,0.004560785577623542,True,True,eligible_regular_session
2018-07-10,2018-07-10,2018-07-10,390,389,1.2565085213945877e-05,0.001049372532183144,True,True,eligible_regular_session
2018-07-11,2018-07-11,2018-07-11,390,389,2.407968474335524e-05,-0.0008574908471262787,True,True,eligible_regular_session
2018-07-12,2018-07-12,2018-07-12,390,389,1.552869389353398e-05,0.003683786038685874,True,True,eligible_regular_session
2018-07-13,2018-07-13,2018-07-13,390,389,9.722545730363795e-06,0.001721964035613275,True,True,eligible_regular_session
2018-07-16,2018-07-16,2018-07-16,390,389,1.0067132324925352e-05,-0.0010145104428784131,True,True,eligible_regular_session
2018-07-17,2018-07-17,2018-07-17,390,389,1.0491652044959277e-05,0.00672044580197531,True,True,eligible_regular_session
2018-07-18,2018-07-18,2018-07-18,390,389,8.670355575776275e-06,0.001314938600595692,True,True,eligible_regular_session
2018-07-19,2018-07-19,2018-07-19,390,389,2.1297564258017382e-05,-0.0015607576048173285,True,True,eligible_regular_session
2018-07-20,2018-07-20,2018-07-20,390,389,9.031129313621997e-06,-0.0005423419313284436,True,True,eligible_regular_session
2018-07-23,2018-07-23,2018-07-23,390,389,8.746776818118685e-06,0.002414930215027185,True,True,eligible_regular_session
2018-07-24,2018-07-24,2018-07-24,390,389,1.981145480568013e-05,-0.001190792762049324,True,True,eligible_regular_session
2018-07-25,2018-07-25,2018-07-25,390,389,1.832233087277851e-05,0.009501301057901925,True,True,eligible_regular_session
2018-07-26,2018-07-26,2018-07-26,390,389,1.311673598960663e-05,-0.00023259748053777762,True,True,eligible_regular_session
2018-07-27,2018-07-27,2018-07-27,390,389,2.799486404790437e-05,-0.00831384515161661,True,True,eligible_regular_session
2018-07-30,2018-07-30,2018-07-30,390,389,2.5420549540466566e-05,-0.006360158887073565,True,True,eligible_regular_session
2018-07-31,2018-07-31,2018-07-31,390,389,1.5129277175977642e-05,0.0010373555471349626,True,True,eligible_regular_session
2018-08-01,2018-08-01,2018-08-01,390,389,1.7122195883367147e-05,-0.0027227322222255876,True,True,eligible_regular_session
2018-08-02,2018-08-02,2018-08-02,390,389,1.7630157438569664e-05,0.010863738924608995,True,True,eligible_regular_session
2018-08-03,2018-08-03,2018-08-03,390,389,9.380012098360603e-06,0.003972781476032558,True,True,eligible_regular_session
2018-08-06,2018-08-06,2018-08-06,390,389,6.223669525308628e-06,0.004211938863993398,True,True,eligible_regular_session
2018-08-07,2018-08-07,2018-08-07,390,389,7.717968620733559e-06,0.00041288336631603313,True,True,eligible_regular_session
2018-08-08,2018-08-08,2018-08-08,390,389,6.022889354739902e-06,0.00035350839950586604,True,True,eligible_regular_session
2018-08-09,2018-08-09,2018-08-09,390,389,6.192878894177047e-06,-0.0010715562401683934,True,True,eligible_regular_session
2018-08-10,2018-08-10,2018-08-10,390,389,2.1946344657930745e-05,-0.0010547575300336582,True,True,eligible_regular_session
2018-08-13,2018-08-13,2018-08-13,390,389,2.0438132586747967e-05,-0.005305052229693117,True,True,eligible_regular_session
2018-08-14,2018-08-14,2018-08-14,390,389,1.5264377724350626e-05,0.0032271233098341103,True,True,eligible_regular_session
2018-08-15,2018-08-15,2018-08-15,390,389,4.1219394403835965e-05,-0.0016629175085918226,True,True,eligible_regular_session
2018-08-16,2018-08-16,2018-08-16,390,389,1.2694648549877204e-05,0.0019204245634489312,True,True,eligible_regular_session
2018-08-17,2018-08-17,2018-08-17,390,389,1.4919927008681938e-05,0.004251487301189715,True,True,eligible_regular_session
2018-08-20,2018-08-20,2018-08-20,390,389,7.415755752323003e-06,0.0006687616779216074,True,True,eligible_regular_session
2018-08-21,2018-08-21,2018-08-21,390,389,8.505530910691877e-06,0.00019909499167219404,True,True,eligible_regular_session
2018-08-22,2018-08-22,2018-08-22,390,389,8.977545481678106e-06,0.0009402521197370627,True,True,eligible_regular_session
2018-08-23,2018-08-23,2018-08-23,390,389,1.2081440095755769e-05,-0.0008921122134075655,True,True,eligible_regular_session
2018-08-24,2018-08-24,2018-08-24,390,389,7.650222176772454e-06,0.00341840169939699,True,True,eligible_regular_session
2018-08-27,2018-08-27,2018-08-27,390,389,7.390678953641563e-06,0.0029661507448576403,True,True,eligible_regular_session
2018-08-28,2018-08-28,2018-08-28,390,389,5.833448259528222e-06,-0.0016379455208984633,True,True,eligible_regular_session
2018-08-29,2018-08-29,2018-08-29,390,389,6.519923048459518e-06,0.004550160124124935,True,True,eligible_regular_session
2018-08-30,2018-08-30,2018-08-30,390,389,1.8611901367566922e-05,-0.0022069933779309825,True,True,eligible_regular_session
2018-08-31,2018-08-31,2018-08-31,390,389,1.5142082396290588e-05,0.0015765229040901082,True,True,eligible_regular_session
2018-09-04,2018-09-04,2018-09-04,390,389,2.1249160955138634e-05,0.00035217589823582327,True,True,eligible_regular_session
2018-09-05,2018-09-05,2018-09-05,390,389,2.5230616481472405e-05,-0.0006472279316150744,True,True,eligible_regular_session
2018-09-06,2018-09-06,2018-09-06,390,389,3.141856258723415e-05,-0.003849252935654585,True,True,eligible_regular_session
2018-09-07,2018-09-07,2018-09-07,390,389,3.130391416873424e-05,0.0016376995032798922,True,True,eligible_regular_session
2018-09-10,2018-09-10,2018-09-10,390,389,1.489587548334513e-05,-0.002394953002743635,True,True,eligible_regular_session
2018-09-11,2018-09-11,2018-09-11,390,389,1.3112190853185316e-05,0.006565692433344787,True,True,eligible_regular_session
2018-09-12,2018-09-12,2018-09-12,390,389,2.5871484803270686e-05,0.0007860614744657897,True,True,eligible_regular_session
2018-09-13,2018-09-13,2018-09-13,390,389,1.6061064457250227e-05,0.0015267731021028862,True,True,eligible_regular_session
2018-09-14,2018-09-14,2018-09-14,390,389,1.5385153078275996e-05,-0.0003958589761081762,True,True,eligible_regular_session
2018-09-17,2018-09-17,2018-09-17,390,389,1.2363664832589519e-05,-0.004613984804815839,True,True,eligible_regular_session
2018-09-18,2018-09-18,2018-09-18,390,389,1.1583448415652399e-05,0.004087784269158905,True,True,eligible_regular_session
2018-09-19,2018-09-19,2018-09-19,390,389,1.1349866700147532e-05,0.0005606547768980416,True,True,eligible_regular_session
2018-09-20,2018-09-20,2018-09-20,390,389,8.151286006536966e-06,0.002425146184935686,True,True,eligible_regular_session
2018-09-21,2018-09-21,2018-09-21,390,389,8.402272050818002e-06,-0.0030370554044376616,True,True,eligible_regular_session
2018-09-24,2018-09-24,2018-09-24,390,389,1.2103934784722972e-05,-0.0004896849506034957,True,True,eligible_regular_session
2018-09-25,2018-09-25,2018-09-25,390,389,7.594879234580501e-06,-0.002651076882278704,True,True,eligible_regular_session
2018-09-26,2018-09-26,2018-09-26,390,389,1.4216311582040006e-05,-0.004027604627999521,True,True,eligible_regular_session
2018-09-27,2018-09-27,2018-09-27,390,389,1.2629907474566587e-05,0.00024709068010441603,True,True,eligible_regular_session
2018-09-28,2018-09-28,2018-09-28,390,389,1.1660118519693542e-05,0.0018238433871729973,True,True,eligible_regular_session
2018-10-01,2018-10-01,2018-10-01,390,389,1.054222243336936e-05,-0.001445128920905737,True,True,eligible_regular_session
2018-10-02,2018-10-02,2018-10-02,390,389,1.2492325035548447e-05,0.0002565984299991162,True,True,eligible_regular_session
2018-10-03,2018-10-03,2018-10-03,390,389,1.3669253359620084e-05,-0.0033243599486761028,True,True,eligible_regular_session
2018-10-04,2018-10-04,2018-10-04,390,389,3.9788385410736595e-05,-0.006350209473980826,True,True,eligible_regular_session
2018-10-05,2018-10-05,2018-10-05,390,389,4.466112728769226e-05,-0.00650567782087122,True,True,eligible_regular_session
2018-10-08,2018-10-08,2018-10-08,390,389,4.755718132825012e-05,0.0026690793296713687,True,True,eligible_regular_session
2018-10-09,2018-10-09,2018-10-09,390,389,4.232932901062054e-05,-0.00012843320189470908,True,True,eligible_regular_session
2018-10-10,2018-10-10,2018-10-10,390,389,0.0001215251207097556,-0.030110151211768313,True,True,eligible_regular_session
2018-10-11,2018-10-11,2018-10-11,390,389,0.00035813659464663944,-0.01793760294426743,True,True,eligible_regular_session
2018-10-12,2018-10-12,2018-10-12,390,389,0.00018436185958765623,-0.001535069406640437,True,True,eligible_regular_session
2018-10-15,2018-10-15,2018-10-15,390,389,7.538750607010191e-05,-0.0039041147964639735,True,True,eligible_regular_session
2018-10-16,2018-10-16,2018-10-16,390,389,3.7230727675684e-05,0.014320977561566235,True,True,eligible_regular_session
2018-10-17,2018-10-17,2018-10-17,390,389,7.640192064469522e-05,0.0004308403411533626,True,True,eligible_regular_session
2018-10-18,2018-10-18,2018-10-18,390,389,0.00012876885883787674,-0.010702512984406758,True,True,eligible_regular_session
2018-10-19,2018-10-19,2018-10-19,390,389,7.814160273432173e-05,-0.0038340272282464264,True,True,eligible_regular_session
2018-10-22,2018-10-22,2018-10-22,390,389,7.961609112113435e-05,-0.007833056195650542,True,True,eligible_regular_session
2018-10-23,2018-10-23,2018-10-23,390,389,0.00014860640493960048,0.01119305844480897,True,True,eligible_regular_session
2018-10-24,2018-10-24,2018-10-24,390,389,0.000192727456754675,-0.030630021693491938,True,True,eligible_regular_session
2018-10-25,2018-10-25,2018-10-25,390,389,0.00010992816613515604,0.01048125623352048,True,True,eligible_regular_session
2018-10-26,2018-10-26,2018-10-26,390,389,0.00032806764653250427,-0.0029488628811671514,True,True,eligible_regular_session
2018-10-29,2018-10-29,2018-10-29,390,389,0.00022197131701640285,-0.01873468149824421,True,True,eligible_regular_session
2018-10-30,2018-10-30,2018-10-30,390,389,0.00021024675737017014,0.017441111312004615,True,True,eligible_regular_session
2018-10-31,2018-10-31,2018-10-31,390,389,8.372295836797411e-05,0.0005644496489240413,True,True,eligible_regular_session
2018-11-01,2018-11-01,2018-11-01,390,389,8.028988027401562e-05,0.006942438101201222,True,True,eligible_regular_session
2018-11-02,2018-11-02,2018-11-02,390,389,0.00014841834853762065,-0.009821961353759383,True,True,eligible_regular_session
2018-11-05,2018-11-05,2018-11-05,390,389,3.6329265459150407e-05,0.0032375214618725182,True,True,eligible_regular_session
2018-11-06,2018-11-06,2018-11-06,390,389,3.458502437660659e-05,0.00658626479077848,True,True,eligible_regular_session
2018-11-07,2018-11-07,2018-11-07,390,389,3.283967612278861e-05,0.012559843247014538,True,True,eligible_regular_session
2018-11-08,2018-11-08,2018-11-08,390,389,4.011022298659992e-05,0.0004525765760185204,True,True,eligible_regular_session
2018-11-09,2018-11-09,2018-11-09,390,389,6.068878587247575e-05,-0.004008913255695301,True,True,eligible_regular_session
2018-11-12,2018-11-12,2018-11-12,390,389,8.688481839595619e-05,-0.017709873645064378,True,True,eligible_regular_session
2018-11-13,2018-11-13,2018-11-13,390,389,0.00013667034481652614,-0.004602662713772965,True,True,eligible_regular_session
2018-11-14,2018-11-14,2018-11-14,390,389,0.00013107942724637287,-0.015057101084224676,True,True,eligible_regular_session
2018-11-15,2018-11-15,2018-11-15,390,389,0.00018923130606627404,0.01657685237061077,True,True,eligible_regular_session
2018-11-16,2018-11-16,2018-11-16,390,389,8.990956295242954e-05,0.007661298959361515,True,True,eligible_regular_session
2018-11-19,2018-11-19,2018-11-19,390,389,0.00011511802964295967,-0.014886470219592704,True,True,eligible_regular_session
2018-11-20,2018-11-20,2018-11-20,390,389,0.00015398382846231444,-0.002872652827425878,True,True,eligible_regular_session
2018-11-21,2018-11-21,2018-11-21,390,389,5.5571368212279345e-05,-0.002735742692629888,True,True,eligible_regular_session
2018-11-23,2018-11-23,2018-11-23,232,231,2.7719796654484785e-05,0.0005585477903039718,False,False,short_or_incomplete
2018-11-26,2018-11-26,2018-11-26,390,389,3.705779393027557e-05,0.006567194502722023,True,True,eligible_regular_session
2018-11-27,2018-11-27,2018-11-27,390,389,5.707348009738758e-05,0.00750628421547509,True,True,eligible_regular_session
2018-11-28,2018-11-28,2018-11-28,390,389,6.797160409252103e-05,0.0179739795923016,True,True,eligible_regular_session
2018-11-29,2018-11-29,2018-11-29,390,389,5.638359222876394e-05,0.001315765618088714,True,True,eligible_regular_session
2018-11-30,2018-11-30,2018-11-30,390,389,3.245271316968545e-05,0.008016767795636936,True,True,eligible_regular_session
2018-12-03,2018-12-03,2018-12-03,390,389,5.421245329571895e-05,-0.0033450770059316884,True,True,eligible_regular_session
2018-12-04,2018-12-04,2018-12-04,390,389,0.00014139944486815496,-0.02983227067267006,True,True,eligible_regular_session
2018-12-06,2018-12-06,2018-12-06,390,389,0.00022433446957350887,0.014715079566508811,True,True,eligible_regular_session
2018-12-07,2018-12-07,2018-12-07,390,389,0.00020380783439419918,-0.02241689762372201,True,True,eligible_regular_session
2018-12-10,2018-12-10,2018-12-10,390,389,0.00024452990380864647,0.0033568674460758797,True,True,eligible_regular_session
2018-12-11,2018-12-11,2018-12-11,390,389,0.0001537793455131437,-0.013211396253081781,True,True,eligible_regular_session
2018-12-12,2018-12-12,2018-12-12,390,389,9.018609509714397e-05,-0.006428376064977579,True,True,eligible_regular_session
2018-12-13,2018-12-13,2018-12-13,390,389,0.0001246792538581971,-0.004382570136336725,True,True,eligible_regular_session
2018-12-14,2018-12-14,2018-12-14,390,389,9.82630690055066e-05,-0.009176852525711718,True,True,eligible_regular_session
2018-12-17,2018-12-17,2018-12-17,390,389,0.00014897654022649615,-0.01612843936684745,True,True,eligible_regular_session
2018-12-18,2018-12-18,2018-12-18,390,389,0.00012190868656240164,-0.00691218132607004,True,True,eligible_regular_session
2018-12-19,2018-12-19,2018-12-19,390,389,0.00042228765942598694,-0.015636018620378476,True,True,eligible_regular_session
2018-12-20,2018-12-20,2018-12-20,390,389,0.0004304769281011906,-0.01105090499999905,True,True,eligible_regular_session
2018-12-21,2018-12-21,2018-12-21,390,389,0.00033643568363040245,-0.02163007631155056,True,True,eligible_regular_session
2018-12-24,2018-12-24,2018-12-24,232,231,0.00026269586957271263,-0.02220079487696005,False,False,short_or_incomplete
2018-12-26,2018-12-26,2018-12-26,390,389,0.0002785293317117129,0.039366945901279635,True,True,eligible_regular_session
2018-12-27,2018-12-27,2018-12-27,390,389,0.00038816775755880136,0.02161811620598223,True,True,eligible_regular_session
2018-12-28,2018-12-28,2018-12-28,390,389,0.0002580785038811554,-0.0075603057113257975,True,True,eligible_regular_session
2018-12-31,2018-12-31,2018-12-31,390,389,0.00015319898330488004,0.0014651432333013783,True,True,eligible_regular_session
2019-01-02,2019-01-02,2019-01-02,390,389,0.00016933098335999156,0.01557628239435092,True,True,eligible_regular_session
2019-01-03,2019-01-03,2019-01-03,390,389,0.0002195653327898797,-0.01786506542957232,True,True,eligible_regular_session
2019-01-04,2019-01-04,2019-01-04,390,389,0.00013318465544744372,0.019987340924612497,True,True,eligible_regular_session
2019-01-07,2019-01-07,2019-01-07,390,389,8.861693267917962e-05,0.006122435983958745,True,True,eligible_regular_session
2019-01-08,2019-01-08,2019-01-08,390,389,7.48407120342883e-05,-0.00034567067250887255,True,True,eligible_regular_session
2019-01-09,2019-01-09,2019-01-09,390,389,7.836787825247471e-05,0.0011225604845335015,True,True,eligible_regular_session
2019-01-10,2019-01-10,2019-01-10,390,389,5.488152153890733e-05,0.010463962618073452,True,True,eligible_regular_session
2019-01-11,2019-01-11,2019-01-11,390,389,3.488215643950077e-05,0.004637709618988918,True,True,eligible_regular_session
2019-01-14,2019-01-14,2019-01-14,390,389,3.424828257477963e-05,0.0029554035155892684,True,True,eligible_regular_session
2019-01-15,2019-01-15,2019-01-15,390,389,4.650354157987314e-05,0.009380559905125842,True,True,eligible_regular_session
2019-01-16,2019-01-16,2019-01-16,390,389,2.601014125550804e-05,0.0002485350781819559,True,True,eligible_regular_session
2019-01-17,2019-01-17,2019-01-17,390,389,4.7456860693739046e-05,0.010883251898385916,True,True,eligible_regular_session
2019-01-18,2019-01-18,2019-01-18,390,389,3.6521554749264956e-05,0.006551390053513873,True,True,eligible_regular_session
2019-01-22,2019-01-22,2019-01-22,390,389,7.822487246204808e-05,-0.007579948767809956,True,True,eligible_regular_session
2019-01-23,2019-01-23,2019-01-23,390,389,6.136742781642825e-05,-0.0029857602657500683,True,True,eligible_regular_session
2019-01-24,2019-01-24,2019-01-24,390,389,4.743105260509724e-05,0.0014734599992775879,True,True,eligible_regular_session
2019-01-25,2019-01-25,2019-01-25,390,389,2.8981142261068844e-05,0.0013183669936509678,True,True,eligible_regular_session
2019-01-28,2019-01-28,2019-01-28,390,389,4.659664594570772e-05,0.0020103933851810304,True,True,eligible_regular_session
2019-01-29,2019-01-29,2019-01-29,390,389,2.9352902199244227e-05,-0.0021871413937514105,True,True,eligible_regular_session
2019-01-30,2019-01-30,2019-01-30,390,389,5.867538546456907e-05,0.009368381884969157,True,True,eligible_regular_session
2019-01-31,2019-01-31,2019-01-31,390,389,3.3264746804611585e-05,0.008350073855861015,True,True,eligible_regular_session
2019-02-01,2019-02-01,2019-02-01,390,389,3.8157673617174364e-05,0.00042504985735478915,True,True,eligible_regular_session
2019-02-04,2019-02-04,2019-02-04,390,389,1.9472732347310547e-05,0.006879662970251728,True,True,eligible_regular_session
2019-02-05,2019-02-05,2019-02-05,390,389,1.694087527970904e-05,0.0027950658244485223,True,True,eligible_regular_session
2019-02-06,2019-02-06,2019-02-06,390,389,1.8941688385694165e-05,-0.0010501377669940128,True,True,eligible_regular_session
2019-02-07,2019-02-07,2019-02-07,390,389,5.345269626001194e-05,-0.0027786662207461696,True,True,eligible_regular_session
2019-02-08,2019-02-08,2019-02-08,390,389,3.3940729536585876e-05,0.005632732799494742,True,True,eligible_regular_session
2019-02-11,2019-02-11,2019-02-11,390,389,2.7776466298269047e-05,-0.0021968633511061228,True,True,eligible_regular_session
2019-02-12,2019-02-12,2019-02-12,390,389,1.1253177881460357e-05,0.006064202432174949,True,True,eligible_regular_session
2019-02-13,2019-02-13,2019-02-13,390,389,1.610697611190401e-05,-0.00013078021314005838,True,True,eligible_regular_session
2019-02-14,2019-02-14,2019-02-14,390,389,4.823549320023417e-05,0.001972469926781168,True,True,eligible_regular_session
2019-02-15,2019-02-15,2019-02-15,390,389,2.3094204830110985e-05,0.0035081676587922187,True,True,eligible_regular_session
2019-02-19,2019-02-19,2019-02-19,390,389,1.0399727780886532e-05,0.0040952194423061455,True,True,eligible_regular_session
2019-02-20,2019-02-20,2019-02-20,390,389,2.6748395694833005e-05,0.001965982321200859,True,True,eligible_regular_session
2019-02-21,2019-02-21,2019-02-21,390,389,2.5320108914892504e-05,-0.0017032374623872385,True,True,eligible_regular_session
2019-02-22,2019-02-22,2019-02-22,390,389,1.6023622330466144e-05,0.0031347650747107674,True,True,eligible_regular_session
2019-02-25,2019-02-25,2019-02-25,390,389,1.3340325776747105e-05,-0.004607686306974768,True,True,eligible_regular_session
2019-02-26,2019-02-26,2019-02-26,390,389,1.8792097680990692e-05,0.0004547057648747658,True,True,eligible_regular_session
2019-02-27,2019-02-27,2019-02-27,390,389,2.194386232207133e-05,0.0015374501072601438,True,True,eligible_regular_session
2019-02-28,2019-02-28,2019-02-28,390,389,1.6474554815856918e-05,-0.0015754166538286035,True,True,eligible_regular_session
2019-03-01,2019-03-01,2019-03-01,390,389,1.4595437427729921e-05,-0.0005455780677448706,True,True,eligible_regular_session
2019-03-04,2019-03-04,2019-03-04,390,389,4.5315526905065886e-05,-0.008288773184237616,True,True,eligible_regular_session
2019-03-05,2019-03-05,2019-03-05,390,389,2.2595098226975043e-05,-0.001189376004476976,True,True,eligible_regular_session
2019-03-06,2019-03-06,2019-03-06,390,389,2.6601358807867012e-05,-0.006269252201992907,True,True,eligible_regular_session
2019-03-07,2019-03-07,2019-03-07,390,389,5.3003611119502964e-05,-0.0061836163082031725,True,True,eligible_regular_session
2019-03-08,2019-03-08,2019-03-08,390,389,4.5262937563709254e-05,0.00645137573344778,True,True,eligible_regular_session
2019-03-11,2019-03-11,2019-03-11,390,389,1.4931652425684214e-05,0.011868159975212527,True,True,eligible_regular_session
2019-03-12,2019-03-12,2019-03-12,390,389,2.0157965049761756e-05,0.001193550667766772,True,True,eligible_regular_session
2019-03-13,2019-03-13,2019-03-13,390,389,1.7537654272069006e-05,0.0031498558011832218,True,True,eligible_regular_session
2019-03-14,2019-03-14,2019-03-14,390,389,1.3747134414695534e-05,-0.0008149887189028102,True,True,eligible_regular_session
2019-03-15,2019-03-15,2019-03-15,390,389,1.3837633483913395e-05,0.0031512966612235265,True,True,eligible_regular_session
2019-03-18,2019-03-18,2019-03-18,390,389,1.1432694073556883e-05,0.002650824544427258,True,True,eligible_regular_session
2019-03-19,2019-03-19,2019-03-19,390,389,2.8808399326247138e-05,-0.0036811694483243717,True,True,eligible_regular_session
2019-03-20,2019-03-20,2019-03-20,390,389,4.993935517621069e-05,-0.0009979581615067565,True,True,eligible_regular_session
2019-03-21,2019-03-21,2019-03-21,390,389,2.6143607519192e-05,0.012748679554156903,True,True,eligible_regular_session
2019-03-22,2019-03-22,2019-03-22,390,389,7.077284613115449e-05,-0.014418265915436643,True,True,eligible_regular_session
2019-03-25,2019-03-25,2019-03-25,390,389,5.859227346703498e-05,0.0011297820293602403,True,True,eligible_regular_session
2019-03-26,2019-03-26,2019-03-26,390,389,3.540600835254256e-05,4.257810421626889e-05,True,True,eligible_regular_session
2019-03-27,2019-03-27,2019-03-27,390,389,5.466552921501831e-05,-0.005626968773945592,True,True,eligible_regular_session
2019-03-28,2019-03-28,2019-03-28,390,389,3.218288631938544e-05,0.0007106512707050508,True,True,eligible_regular_session
2019-03-29,2019-03-29,2019-03-29,390,389,2.5551871287495084e-05,0.001044685083664328,True,True,eligible_regular_session
2019-04-01,2019-04-01,2019-04-01,390,389,1.5149993968152712e-05,0.0039812629376784585,True,True,eligible_regular_session
2019-04-02,2019-04-02,2019-04-02,390,389,1.4111785742217277e-05,-0.0018501844137714999,True,True,eligible_regular_session
2019-04-03,2019-04-03,2019-04-03,390,389,1.619482503135075e-05,-0.0020025386079153347,True,True,eligible_regular_session
2019-04-04,2019-04-04,2019-04-04,390,389,1.6942509904737165e-05,0.0018876030445943552,True,True,eligible_regular_session
2019-04-05,2019-04-05,2019-04-05,390,389,9.700189515569714e-06,0.002266738927001988,True,True,eligible_regular_session
2019-04-08,2019-04-08,2019-04-08,390,389,9.61840307540653e-06,0.0030053576047071695,True,True,eligible_regular_session
2019-04-09,2019-04-09,2019-04-09,390,389,1.690926821711191e-05,-0.0013192568249445332,True,True,eligible_regular_session
2019-04-10,2019-04-10,2019-04-10,390,389,1.1010896623218332e-05,0.0017082264071041217,True,True,eligible_regular_session
2019-04-11,2019-04-11,2019-04-11,390,389,1.4397567012553754e-05,-0.00117647072392959,True,True,eligible_regular_session
2019-04-12,2019-04-12,2019-04-12,390,389,8.878235627258192e-06,0.0013698537982021219,True,True,eligible_regular_session
2019-04-15,2019-04-15,2019-04-15,390,389,5.9697049399932774e-06,-0.0011179584836686306,True,True,eligible_regular_session
2019-04-16,2019-04-16,2019-04-16,390,389,8.732729712179103e-06,-0.0023878782774942402,True,True,eligible_regular_session
2019-04-17,2019-04-17,2019-04-17,390,389,1.5322567800756052e-05,-0.005775355354081772,True,True,eligible_regular_session
2019-04-18,2019-04-18,2019-04-18,390,389,9.83495314772407e-06,0.00013426215221731355,True,True,eligible_regular_session
2019-04-22,2019-04-22,2019-04-22,390,389,6.268311176319873e-06,0.003775942527903626,True,True,eligible_regular_session
2019-04-23,2019-04-23,2019-04-23,390,389,7.209917847086401e-06,0.008122125723999219,True,True,eligible_regular_session
2019-04-24,2019-04-24,2019-04-24,390,389,9.027198992691098e-06,-0.001348475147453687,True,True,eligible_regular_session
2019-04-25,2019-04-25,2019-04-25,390,389,1.607254739194811e-05,-0.00037926610755292247,True,True,eligible_regular_session
2019-04-26,2019-04-26,2019-04-26,390,389,1.4502355520388852e-05,0.005016439238522139,True,True,eligible_regular_session
2019-04-29,2019-04-29,2019-04-29,390,389,7.5519690970687425e-06,0.0008295144416796945,True,True,eligible_regular_session
2019-04-30,2019-04-30,2019-04-30,390,389,1.5721274517555742e-05,0.0031284349008748884,True,True,eligible_regular_session
2019-05-01,2019-05-01,2019-05-01,390,389,3.088197660619237e-05,-0.009755710008742586,True,True,eligible_regular_session
2019-05-02,2019-05-02,2019-05-02,390,389,4.360504944313707e-05,-0.0008222585849688955,True,True,eligible_regular_session
2019-05-03,2019-05-03,2019-05-03,390,389,1.1807505897885304e-05,0.004686383885133761,True,True,eligible_regular_session
2019-05-06,2019-05-06,2019-05-06,390,389,2.8218531386346204e-05,0.011389617420916365,True,True,eligible_regular_session
2019-05-07,2019-05-07,2019-05-07,390,389,8.77361498449954e-05,-0.008476309457154453,True,True,eligible_regular_session
2019-05-08,2019-05-08,2019-05-08,390,389,7.648027852122762e-05,-0.0007914578510592202,True,True,eligible_regular_session
2019-05-09,2019-05-09,2019-05-09,390,389,9.108975454856978e-05,0.0053026987005377795,True,True,eligible_regular_session
2019-05-10,2019-05-10,2019-05-10,390,389,0.00010317128792779499,0.006479094497269006,True,True,eligible_regular_session
2019-05-13,2019-05-13,2019-05-13,390,389,0.0001080797218325192,-0.00778641353887042,True,True,eligible_regular_session
2019-05-14,2019-05-14,2019-05-14,390,389,4.245868878392247e-05,0.004448176265801768,True,True,eligible_regular_session
2019-05-15,2019-05-15,2019-05-15,390,389,4.926965203843738e-05,0.012201986254718371,True,True,eligible_regular_session
2019-05-16,2019-05-16,2019-05-16,390,389,2.7082694020252173e-05,0.005991780124944222,True,True,eligible_regular_session
2019-05-17,2019-05-17,2019-05-17,390,389,6.429622788445798e-05,0.0017397061589808284,True,True,eligible_regular_session
2019-05-20,2019-05-20,2019-05-20,390,389,4.721581228070327e-05,-2.8167129665659567e-05,True,True,eligible_regular_session
2019-05-21,2019-05-21,2019-05-21,390,389,1.6563756721950415e-05,0.002562512873218457,True,True,eligible_regular_session
2019-05-22,2019-05-22,2019-05-22,390,389,2.437819298785488e-05,0.000781048921807577,True,True,eligible_regular_session
2019-05-23,2019-05-23,2019-05-23,390,389,5.0531090388051625e-05,-0.0023993132066689187,True,True,eligible_regular_session
2019-05-24,2019-05-24,2019-05-24,390,389,1.885726395686901e-05,-0.0043039672409730615,True,True,eligible_regular_session
2019-05-28,2019-05-28,2019-05-28,390,389,2.9385392629131936e-05,-0.010257483408335323,True,True,eligible_regular_session
2019-05-29,2019-05-29,2019-05-29,390,389,5.643842079281663e-05,-0.0009230046069263873,True,True,eligible_regular_session
2019-05-30,2019-05-30,2019-05-30,390,389,3.107080452064326e-05,-0.0006022325803426755,True,True,eligible_regular_session
2019-05-31,2019-05-31,2019-05-31,390,389,3.5730990012383296e-05,-0.0036053066744781473,True,True,eligible_regular_session
2019-06-03,2019-06-03,2019-06-03,390,389,0.0001099679496955679,-0.0031484739543305106,True,True,eligible_regular_session
2019-06-04,2019-06-04,2019-06-04,390,389,3.406951312220196e-05,0.012249218685926646,True,True,eligible_regular_session
2019-06-05,2019-06-05,2019-06-05,390,389,3.585858584731987e-05,0.0021182921315403324,True,True,eligible_regular_session
2019-06-06,2019-06-06,2019-06-06,390,389,3.284518545922655e-05,0.005264199989099414,True,True,eligible_regular_session
2019-06-07,2019-06-07,2019-06-07,390,389,2.4689101399525424e-05,0.006369181388712653,True,True,eligible_regular_session
2019-06-10,2019-06-10,2019-06-10,390,389,2.275744045932395e-05,-0.0007618282861299687,True,True,eligible_regular_session
2019-06-11,2019-06-11,2019-06-11,390,389,2.6730516034437474e-05,-0.007707918805172648,True,True,eligible_regular_session
2019-06-12,2019-06-12,2019-06-12,390,389,1.681889013873162e-05,-0.0020915321414921263,True,True,eligible_regular_session
2019-06-13,2019-06-13,2019-06-13,390,389,2.0458995231702645e-05,0.0007505157986536109,True,True,eligible_regular_session
2019-06-14,2019-06-14,2019-06-14,390,389,1.6088654069162972e-05,-0.00021127407001110557,True,True,eligible_regular_session
2019-06-17,2019-06-17,2019-06-17,390,389,1.0826677404841145e-05,-0.0007715529181913145,True,True,eligible_regular_session
2019-06-18,2019-06-18,2019-06-18,390,389,2.9615728332188424e-05,0.0034950905230777666,True,True,eligible_regular_session
2019-06-19,2019-06-19,2019-06-19,390,389,3.53844334026254e-05,0.0012992831837141652,True,True,eligible_regular_session
2019-06-20,2019-06-20,2019-06-20,390,389,1.9875279581308688e-05,-0.0003079510619037299,True,True,eligible_regular_session
2019-06-21,2019-06-21,2019-06-21,390,389,1.6514703224830633e-05,-0.0005454918286081166,True,True,eligible_regular_session
2019-06-24,2019-06-24,2019-06-24,390,389,9.620622432456738e-06,-0.002532956044208549,True,True,eligible_regular_session
2019-06-25,2019-06-25,2019-06-25,390,389,2.4020278594456373e-05,-0.009608784189925976,True,True,eligible_regular_session
2019-06-26,2019-06-26,2019-06-26,390,389,1.5936644841065437e-05,-0.004520184120231039,True,True,eligible_regular_session
2019-06-27,2019-06-27,2019-06-27,390,389,1.3238578840968353e-05,0.0008995497727517382,True,True,eligible_regular_session
2019-06-28,2019-06-28,2019-06-28,390,389,1.2168518935814241e-05,0.0018991677281737943,True,True,eligible_regular_session
2019-07-01,2019-07-01,2019-07-01,390,389,1.7552483232472108e-05,-0.004164968150604921,True,True,eligible_regular_session
2019-07-02,2019-07-02,2019-07-02,390,389,1.3623634949317382e-05,0.00338268416864895,True,True,eligible_regular_session
2019-07-03,2019-07-03,2019-07-03,232,231,5.103036142452856e-06,0.005502758563415873,False,False,short_or_incomplete
2019-07-05,2019-07-05,2019-07-05,390,389,1.6640155940175056e-05,0.0024640119597468743,True,True,eligible_regular_session
2019-07-08,2019-07-08,2019-07-08,390,389,9.35963911018619e-06,-0.00013439144215523255,True,True,eligible_regular_session
2019-07-09,2019-07-09,2019-07-09,390,389,8.297271982853196e-06,0.005299375973670295,True,True,eligible_regular_session
2019-07-10,2019-07-10,2019-07-10,390,389,1.705629254999783e-05,0.00033753018458518855,True,True,eligible_regular_session
2019-07-11,2019-07-11,2019-07-11,390,389,1.0878173427416074e-05,-7.66708836027829e-05,True,True,eligible_regular_session
2019-07-12,2019-07-12,2019-07-12,390,389,5.333045269865489e-06,0.003360442711815848,True,True,eligible_regular_session
2019-07-15,2019-07-15,2019-07-15,390,389,5.661512641137957e-06,-0.0003615742784270882,True,True,eligible_regular_session
2019-07-16,2019-07-16,2019-07-16,390,389,1.004893197262563e-05,-0.002779543564113911,True,True,eligible_regular_session
2019-07-17,2019-07-17,2019-07-17,390,389,9.818135171215495e-06,-0.0064755407278330665,True,True,eligible_regular_session
2019-07-18,2019-07-18,2019-07-18,390,389,1.5634274448633168e-05,0.005413553096905204,True,True,eligible_regular_session
2019-07-19,2019-07-19,2019-07-19,390,389,2.2910007852112324e-05,-0.009628478176580023,True,True,eligible_regular_session
2019-07-22,2019-07-22,2019-07-22,390,389,1.2335135364578626e-05,0.000710496271296419,True,True,eligible_regular_session
2019-07-23,2019-07-23,2019-07-23,390,389,1.1361674103818555e-05,0.0030990934137298635,True,True,eligible_regular_session
2019-07-24,2019-07-24,2019-07-24,390,389,9.140293164145026e-06,0.007319684050050389,True,True,eligible_regular_session
2019-07-25,2019-07-25,2019-07-25,390,389,2.487768973462662e-05,-0.0038612267643650406,True,True,eligible_regular_session
2019-07-26,2019-07-26,2019-07-26,390,389,7.0892531917793205e-06,0.0037979360666877088,True,True,eligible_regular_session
2019-07-29,2019-07-29,2019-07-29,390,389,6.78761060182046e-06,-0.0013562688152444974,True,True,eligible_regular_session
2019-07-30,2019-07-30,2019-07-30,390,389,1.3967912422675024e-05,0.002987780249651629,True,True,eligible_regular_session
2019-07-31,2019-07-31,2019-07-31,390,389,0.00010501756959073215,-0.011621250272456902,True,True,eligible_regular_session
2019-08-01,2019-08-01,2019-08-01,390,389,0.00013025950299124948,-0.009855184455881011,True,True,eligible_regular_session
2019-08-02,2019-08-02,2019-08-02,390,389,8.06530211533647e-05,-0.00346954792825467,True,True,eligible_regular_session
2019-08-05,2019-08-05,2019-08-05,390,389,0.00011050556635366983,-0.014645781569728318,True,True,eligible_regular_session
2019-08-06,2019-08-06,2019-08-06,390,389,8.010416428666124e-05,0.005827226147037991,True,True,eligible_regular_session
2019-08-07,2019-08-07,2019-08-07,390,389,0.000147655063180449,0.011180119382785875,True,True,eligible_regular_session
2019-08-08,2019-08-08,2019-08-08,390,389,3.5313025237752445e-05,0.012951050947823962,True,True,eligible_regular_session
2019-08-09,2019-08-09,2019-08-09,390,389,7.223889881652156e-05,-0.003915920550212536,True,True,eligible_regular_session
2019-08-12,2019-08-12,2019-08-12,390,389,4.558929721588188e-05,-0.007345412782821905,True,True,eligible_regular_session
2019-08-13,2019-08-13,2019-08-13,390,389,0.00014793502138507858,0.01613538278700616,True,True,eligible_regular_session
2019-08-14,2019-08-14,2019-08-14,390,389,0.00012321313756483062,-0.015488260418415993,True,True,eligible_regular_session
2019-08-15,2019-08-15,2019-08-15,390,389,9.774522070900056e-05,-0.0015722335618625872,True,True,eligible_regular_session
2019-08-16,2019-08-16,2019-08-16,390,389,3.2290034761574645e-05,0.006986245314310764,True,True,eligible_regular_session
2019-08-19,2019-08-19,2019-08-19,390,389,1.4061175316363531e-05,5.4741091756302714e-05,True,True,eligible_regular_session
2019-08-20,2019-08-20,2019-08-20,390,389,3.4331935852989356e-05,-0.005845668749322665,True,True,eligible_regular_session
2019-08-21,2019-08-21,2019-08-21,390,389,1.756583470755632e-05,-0.0003384517063435854,True,True,eligible_regular_session
2019-08-22,2019-08-22,2019-08-22,390,389,3.4915498788110567e-05,-0.0035317501093985355,True,True,eligible_regular_session
2019-08-23,2019-08-23,2019-08-23,390,389,0.00014069988475036454,-0.021388403722477606,True,True,eligible_regular_session
2019-08-26,2019-08-26,2019-08-26,390,389,5.188865197381458e-05,0.0029395057405507533,True,True,eligible_regular_session
2019-08-27,2019-08-27,2019-08-27,390,389,5.204880709001251e-05,-0.00894209251761725,True,True,eligible_regular_session
2019-08-28,2019-08-28,2019-08-28,390,389,3.5307439158057676e-05,0.009190493007645814,True,True,eligible_regular_session
2019-08-29,2019-08-29,2019-08-29,390,389,3.465053196366148e-05,0.0029245093870897587,True,True,eligible_regular_session
2019-08-30,2019-08-30,2019-08-30,390,389,3.0063285623988928e-05,-0.005176270329640231,True,True,eligible_regular_session
2019-09-03,2019-09-03,2019-09-03,390,389,5.949742148531196e-05,0.00047832977792163726,True,True,eligible_regular_session
2019-09-04,2019-09-04,2019-09-04,390,389,1.0678983599350865e-05,0.002921601287259545,True,True,eligible_regular_session
2019-09-05,2019-09-05,2019-09-05,390,389,1.774301253239139e-05,0.0038823493006519124,True,True,eligible_regular_session
2019-09-06,2019-09-06,2019-09-06,390,389,1.2844401908696186e-05,9.398212332654433e-05,True,True,eligible_regular_session
2019-09-09,2019-09-09,2019-09-09,390,389,1.2811180297143494e-05,-0.0028863435073160798,True,True,eligible_regular_session
2019-09-10,2019-09-10,2019-09-10,390,389,2.5417520810621342e-05,0.003224610688221653,True,True,eligible_regular_session
2019-09-11,2019-09-11,2019-09-11,390,389,1.1247338940265827e-05,0.006890304610770666,True,True,eligible_regular_session
2019-09-12,2019-09-12,2019-09-12,390,389,4.337311069021212e-05,0.00030570878153953136,True,True,eligible_regular_session
2019-09-13,2019-09-13,2019-09-13,390,389,1.1745264867257132e-05,-0.0017478397367885236,True,True,eligible_regular_session
2019-09-16,2019-09-16,2019-09-16,390,389,1.5376379790476052e-05,0.0009110523283821004,True,True,eligible_regular_session
2019-09-17,2019-09-17,2019-09-17,390,389,1.0302806519242037e-05,0.003793489621934259,True,True,eligible_regular_session
2019-09-18,2019-09-18,2019-09-18,390,389,4.094090199900648e-05,0.0022747000328105765,True,True,eligible_regular_session
2019-09-19,2019-09-19,2019-09-19,390,389,1.560736828226647e-05,-0.001804733676826863,True,True,eligible_regular_session
2019-09-20,2019-09-20,2019-09-20,390,389,4.32121764392853e-05,-0.007102790009525958,True,True,eligible_regular_session
2019-09-23,2019-09-23,2019-09-23,390,389,1.2163011255268202e-05,0.002282120483836659,True,True,eligible_regular_session
2019-09-24,2019-09-24,2019-09-24,390,389,8.50671219382992e-05,-0.011612532245183603,True,True,eligible_regular_session
2019-09-25,2019-09-25,2019-09-25,390,389,3.1186250367849834e-05,0.005903309984969678,True,True,eligible_regular_session
2019-09-26,2019-09-26,2019-09-26,390,389,3.3309229168830264e-05,-0.0021267824844965325,True,True,eligible_regular_session
2019-09-27,2019-09-27,2019-09-27,390,389,5.379519187163587e-05,-0.007526975119441014,True,True,eligible_regular_session
2019-09-30,2019-09-30,2019-09-30,390,389,1.6097610887009162e-05,0.0029195136945861957,True,True,eligible_regular_session
2019-10-01,2019-10-01,2019-10-01,390,389,4.448649153166111e-05,-0.016121244043163972,True,True,eligible_regular_session
2019-10-02,2019-10-02,2019-10-02,390,389,5.286943465551034e-05,-0.011028339976147328,True,True,eligible_regular_session
2019-10-03,2019-10-03,2019-10-03,390,389,0.00011243466443193252,0.009376972258401157,True,True,eligible_regular_session
2019-10-04,2019-10-04,2019-10-04,390,389,2.9954623863380882e-05,0.010828666098056973,True,True,eligible_regular_session
2019-10-07,2019-10-07,2019-10-07,390,389,3.4414309780826004e-05,-0.0016492703593438964,True,True,eligible_regular_session
2019-10-08,2019-10-08,2019-10-08,390,389,9.065283651567605e-05,-0.007878421688197293,True,True,eligible_regular_session
2019-10-09,2019-10-09,2019-10-09,390,389,2.9808157986224976e-05,0.002112135961858276,True,True,eligible_regular_session
2019-10-10,2019-10-10,2019-10-10,390,389,3.678000216589227e-05,0.0068137952987276625,True,True,eligible_regular_session
2019-10-11,2019-10-11,2019-10-11,390,389,5.0999027138546975e-05,-0.00022558428951604154,True,True,eligible_regular_session
2019-10-14,2019-10-14,2019-10-14,390,389,1.2582808722560168e-05,-0.000586490511620574,True,True,eligible_regular_session
2019-10-15,2019-10-15,2019-10-15,390,389,1.3257914326680791e-05,0.006392280068437987,True,True,eligible_regular_session
2019-10-16,2019-10-16,2019-10-16,390,389,1.0909903611407885e-05,0.0001036697417377633,True,True,eligible_regular_session
2019-10-17,2019-10-17,2019-10-17,390,389,1.4777760283545533e-05,-0.001742895146029484,True,True,eligible_regular_session
2019-10-18,2019-10-18,2019-10-18,390,389,1.7780897818162137e-05,-0.0033329185505604725,True,True,eligible_regular_session
2019-10-21,2019-10-21,2019-10-21,390,389,8.804490795252796e-06,0.002107475323026755,True,True,eligible_regular_session
2019-10-22,2019-10-22,2019-10-22,390,389,1.595843311483264e-05,-0.005760309832535607,True,True,eligible_regular_session
2019-10-23,2019-10-23,2019-10-23,390,389,1.0815802603730178e-05,0.002929743301787134,True,True,eligible_regular_session
2019-10-24,2019-10-24,2019-10-24,390,389,1.2863708782254577e-05,-0.0017028230141891115,True,True,eligible_regular_session
2019-10-25,2019-10-25,2019-10-25,390,389,1.0306856054578132e-05,0.006227612744312956,True,True,eligible_regular_session
2019-10-28,2019-10-28,2019-10-28,390,389,6.850807125894803e-06,0.0007406200809570032,True,True,eligible_regular_session
2019-10-29,2019-10-29,2019-10-29,390,389,1.1832712182625295e-05,-6.257296751047649e-05,True,True,eligible_regular_session
2019-10-30,2019-10-30,2019-10-30,390,389,2.399610411210945e-05,0.00317824208846828,True,True,eligible_regular_session
2019-10-31,2019-10-31,2019-10-31,390,389,2.317574922451345e-05,-0.002396691150676707,True,True,eligible_regular_session
2019-11-01,2019-11-01,2019-11-01,390,389,8.348657451230617e-06,0.004110539274936556,True,True,eligible_regular_session
2019-11-04,2019-11-04,2019-11-04,390,389,6.86378429056896e-06,-0.002238988523570784,True,True,eligible_regular_session
2019-11-05,2019-11-05,2019-11-05,390,389,1.1335961723411082e-05,-0.0018488407774232885,True,True,eligible_regular_session
2019-11-06,2019-11-06,2019-11-06,390,389,1.312534045773852e-05,0.0008714172461239725,True,True,eligible_regular_session
2019-11-07,2019-11-07,2019-11-07,390,389,1.7221387906892476e-05,-0.0014542065236071244,True,True,eligible_regular_session
2019-11-08,2019-11-08,2019-11-08,390,389,1.1064392827527523e-05,0.003566613703514695,True,True,eligible_regular_session
2019-11-11,2019-11-11,2019-11-11,390,389,4.181768064698028e-06,0.003157140821021627,True,True,eligible_regular_session
2019-11-12,2019-11-12,2019-11-12,390,389,8.456184971135016e-06,0.0005273314723942336,True,True,eligible_regular_session
2019-11-13,2019-11-13,2019-11-13,390,389,1.774489513085515e-05,0.004272216565033355,True,True,eligible_regular_session
2019-11-14,2019-11-14,2019-11-14,390,389,1.3610966631954364e-05,0.0023761235125076157,True,True,eligible_regular_session
2019-11-15,2019-11-15,2019-11-15,390,389,4.902669800866467e-06,0.003114077170876615,True,True,eligible_regular_session
2019-11-18,2019-11-18,2019-11-18,390,389,8.052426053029899e-06,0.0019014308139531078,True,True,eligible_regular_session
2019-11-19,2019-11-19,2019-11-19,390,389,9.38380306109954e-06,-0.002343278395265135,True,True,eligible_regular_session
2019-11-20,2019-11-20,2019-11-20,390,389,2.7258966331849143e-05,-0.0021857299876255044,True,True,eligible_regular_session
2019-11-21,2019-11-21,2019-11-21,390,389,1.5677860309427124e-05,-0.0018315642457683203,True,True,eligible_regular_session
2019-11-22,2019-11-22,2019-11-22,390,389,9.080514482375027e-06,-0.0005946746260442264,True,True,eligible_regular_session
2019-11-25,2019-11-25,2019-11-25,390,389,4.676810304976833e-06,0.003997510879907233,True,True,eligible_regular_session
2019-11-26,2019-11-26,2019-11-26,390,389,6.36491344054233e-06,0.0023521548350044852,True,True,eligible_regular_session
2019-11-27,2019-11-27,2019-11-27,390,389,3.7751844326968457e-06,0.002682775502015943,True,True,eligible_regular_session
2019-11-29,2019-11-29,2019-11-29,232,231,5.047100726575893e-06,-0.001908409665778274,False,False,short_or_incomplete
2019-12-02,2019-12-02,2019-12-02,390,389,2.9419712994386632e-05,-0.008900452642287294,True,True,eligible_regular_session
2019-12-03,2019-12-03,2019-12-03,390,389,3.1038092520270155e-05,0.0039000421945891875,True,True,eligible_regular_session
2019-12-04,2019-12-04,2019-12-04,390,389,1.0838171865024196e-05,0.0026796946451646394,True,True,eligible_regular_session
2019-12-05,2019-12-05,2019-12-05,390,389,1.4418693958371993e-05,0.0004266560655495682,True,True,eligible_regular_session
2019-12-06,2019-12-06,2019-12-06,390,389,5.207150865302056e-06,0.0018455943277708399,True,True,eligible_regular_session
2019-12-09,2019-12-09,2019-12-09,390,389,4.422014339178956e-06,-0.0021377230089676493,True,True,eligible_regular_session
2019-12-10,2019-12-10,2019-12-10,390,389,1.583458333346003e-05,-0.00031598047567409613,True,True,eligible_regular_session
2019-12-11,2019-12-11,2019-12-11,390,389,9.720788261786272e-06,0.0016056993019266449,True,True,eligible_regular_session
2019-12-12,2019-12-12,2019-12-12,390,389,4.8831256293485736e-05,0.008922204434183746,True,True,eligible_regular_session
2019-12-13,2019-12-13,2019-12-13,390,389,3.708652834073174e-05,0.001620359391979649,True,True,eligible_regular_session
2019-12-16,2019-12-16,2019-12-16,390,389,6.077292081380058e-06,0.0005234051541695197,True,True,eligible_regular_session
2019-12-17,2019-12-17,2019-12-17,390,389,7.514906088971917e-06,-0.000983238063512171,True,True,eligible_regular_session
2019-12-18,2019-12-18,2019-12-18,390,389,5.095098772122444e-06,-0.001311771219877077,True,True,eligible_regular_session
2019-12-19,2019-12-19,2019-12-19,390,389,4.3635454534923085e-06,0.003146617017264082,True,True,eligible_regular_session
2019-12-20,2019-12-20,2019-12-20,390,389,4.21191522127163e-06,-0.00033529439472160147,True,True,eligible_regular_session
2019-12-23,2019-12-23,2019-12-23,390,389,2.4878568823417765e-06,-0.00089598101181871,True,True,eligible_regular_session
2019-12-24,2019-12-24,2019-12-24,232,231,1.935688992431803e-06,-0.0008000819115221171,False,False,short_or_incomplete
2019-12-26,2019-12-26,2019-12-26,390,389,2.85210164120403e-06,0.003407284737256235,True,True,eligible_regular_session
2019-12-27,2019-12-27,2019-12-27,390,389,5.476605933542865e-06,-0.002435521572877103,True,True,eligible_regular_session
2019-12-30,2019-12-30,2019-12-30,390,389,1.542341029184233e-05,-0.0054659997614245,True,True,eligible_regular_session
2019-12-31,2019-12-31,2019-12-31,390,389,1.2803282121236394e-05,0.005310370470725593,True,True,eligible_regular_session
2020-01-02,2020-01-02,2020-01-02,390,389,1.2098446136048882e-05,0.0031730636207223826,True,True,eligible_regular_session
2020-01-03,2020-01-03,2020-01-03,390,389,2.6580823796533918e-05,0.002891231126915933,True,True,eligible_regular_session
2020-01-06,2020-01-06,2020-01-06,390,389,1.0259683721732437e-05,0.009685418158923586,True,True,eligible_regular_session
2020-01-07,2020-01-07,2020-01-07,390,389,1.12038175774844e-05,-0.0003644787685138312,True,True,eligible_regular_session
2020-01-08,2020-01-08,2020-01-08,390,389,1.983451978314692e-05,0.004949391430863064,True,True,eligible_regular_session
2020-01-09,2020-01-09,2020-01-09,390,389,1.0285674942908896e-05,0.0012712500604269963,True,True,eligible_regular_session
2020-01-10,2020-01-10,2020-01-10,390,389,1.2976093073915266e-05,-0.004839192159380927,True,True,eligible_regular_session
2020-01-13,2020-01-13,2020-01-13,390,389,6.138013580719155e-06,0.004426107806767374,True,True,eligible_regular_session
2020-01-14,2020-01-14,2020-01-14,390,389,2.5997261651755518e-05,-0.0006729629043389058,True,True,eligible_regular_session
2020-01-15,2020-01-15,2020-01-15,390,389,1.535392581448313e-05,0.00229187914104035,True,True,eligible_regular_session
2020-01-16,2020-01-16,2020-01-16,390,389,7.240651561555319e-06,0.003736571810350273,True,True,eligible_regular_session
2020-01-17,2020-01-17,2020-01-17,390,389,7.6078265558530445e-06,0.0015451307416672274,True,True,eligible_regular_session
2020-01-21,2020-01-21,2020-01-21,390,389,1.1319975747895908e-05,0.0004758806894298147,True,True,eligible_regular_session
2020-01-22,2020-01-22,2020-01-22,390,389,9.25660926957078e-06,-0.00232129591594825,True,True,eligible_regular_session
2020-01-23,2020-01-23,2020-01-23,390,389,1.6900373073338902e-05,0.004079105241505966,True,True,eligible_regular_session
2020-01-24,2020-01-24,2020-01-24,390,389,4.148209103945727e-05,-0.011237022600291977,True,True,eligible_regular_session
2020-01-27,2020-01-27,2020-01-27,390,389,3.774510731448062e-05,0.002058582342643691,True,True,eligible_regular_session
2020-01-28,2020-01-28,2020-01-28,390,389,1.8522312752684383e-05,0.005070677349743384,True,True,eligible_regular_session
2020-01-29,2020-01-29,2020-01-29,390,389,2.2381587702276447e-05,-0.005407518184499692,True,True,eligible_regular_session
2020-01-30,2020-01-30,2020-01-30,390,389,5.398856352155872e-05,0.009593170212492817,True,True,eligible_regular_session
2020-01-31,2020-01-31,2020-01-31,390,389,7.851269697192119e-05,-0.01615443642340835,True,True,eligible_regular_session
2020-02-03,2020-02-03,2020-02-03,390,389,3.0004404271733924e-05,0.0015464142912068126,True,True,eligible_regular_session
2020-02-04,2020-02-04,2020-02-04,390,389,1.476306561519332e-05,0.002969758043198432,True,True,eligible_regular_session
2020-02-05,2020-02-05,2020-02-05,390,389,2.6534558930854637e-05,0.0014043218204348466,True,True,eligible_regular_session
2020-02-06,2020-02-06,2020-02-06,390,389,1.530981274436108e-05,0.0005441526153435787,True,True,eligible_regular_session
2020-02-07,2020-02-07,2020-02-07,390,389,2.453915768073036e-05,-0.0013213810352471224,True,True,eligible_regular_session
2020-02-10,2020-02-10,2020-02-10,390,389,1.1359084769701477e-05,0.009815433807718918,True,True,eligible_regular_session
2020-02-11,2020-02-11,2020-02-11,390,389,1.8379657660584474e-05,-0.0029767458308676492,True,True,eligible_regular_session
2020-02-12,2020-02-12,2020-02-12,390,389,1.1809611871859737e-05,0.001409597935402478,True,True,eligible_regular_session
2020-02-13,2020-02-13,2020-02-13,390,389,2.0434543805087415e-05,0.003967599227244149,True,True,eligible_regular_session
2020-02-14,2020-02-14,2020-02-14,390,389,1.2859162056196279e-05,0.0007103870724151165,True,True,eligible_regular_session
2020-02-18,2020-02-18,2020-02-18,390,389,1.811707727368235e-05,0.0007569517470765104,True,True,eligible_regular_session
2020-02-19,2020-02-19,2020-02-19,390,389,7.98769895399312e-06,0.0014156208264454178,True,True,eligible_regular_session
2020-02-20,2020-02-20,2020-02-20,390,389,5.257202268545253e-05,-0.002333557481853318,True,True,eligible_regular_session
2020-02-21,2020-02-21,2020-02-21,390,389,4.565512837113548e-05,-0.00674521190296985,True,True,eligible_regular_session
2020-02-24,2020-02-24,2020-02-24,390,389,0.00010119665205201758,-0.0023717751430734142,True,True,eligible_regular_session
2020-02-25,2020-02-25,2020-02-25,390,389,0.00026467360334900985,-0.03682482985812149,True,True,eligible_regular_session
2020-02-26,2020-02-26,2020-02-26,390,389,0.0002507258360914581,-0.010353523437345398,True,True,eligible_regular_session
2020-02-27,2020-02-27,2020-02-27,390,389,0.0004408873439888725,-0.026291667033439707,True,True,eligible_regular_session
2020-02-28,2020-02-28,2020-02-28,390,389,0.0011124325775370518,0.019396253962753532,True,True,eligible_regular_session
2020-03-02,2020-03-02,2020-03-02,390,389,0.0004602335846744201,0.03456861217386876,True,True,eligible_regular_session
2020-03-03,2020-03-03,2020-03-03,390,389,0.0014279568956273151,-0.02707624144584171,True,True,eligible_regular_session
2020-03-04,2020-03-04,2020-03-04,390,389,0.0002716766788120776,0.022318179001101404,True,True,eligible_regular_session
2020-03-05,2020-03-05,2020-03-05,390,389,0.0003035359237678045,-0.008968729019905293,True,True,eligible_regular_session
2020-03-06,2020-03-06,2020-03-06,390,389,0.0004939614782345025,0.012207121675467747,True,True,eligible_regular_session
2020-03-09,2020-03-09,2020-03-09,390,389,0.0008983649956162935,-0.009197935118744165,True,True,eligible_regular_session
2020-03-10,2020-03-10,2020-03-10,390,389,0.0008681541203978303,0.01438924035852161,True,True,eligible_regular_session
2020-03-11,2020-03-11,2020-03-11,390,389,0.0007311403975512539,-0.022941847524929962,True,True,eligible_regular_session
2020-03-12,2020-03-12,2020-03-12,390,389,0.0023685709421895082,-0.032113187910661235,True,True,eligible_regular_session
2020-03-13,2020-03-13,2020-03-13,390,389,0.0018687110051225485,0.03317823868768827,True,True,eligible_regular_session
2020-03-16,2020-03-16,2020-03-16,390,389,0.002650466159255004,-0.043364570785651584,True,True,eligible_regular_session
2020-03-17,2020-03-17,2020-03-17,390,389,0.0023447766683513654,0.03263717298362922,True,True,eligible_regular_session
2020-03-18,2020-03-18,2020-03-18,390,389,0.0024176388334720862,0.005994257142619994,True,True,eligible_regular_session
2020-03-19,2020-03-19,2020-03-19,390,389,0.0017647596861915817,0.009352194699227044,True,True,eligible_regular_session
2020-03-20,2020-03-20,2020-03-20,390,389,0.0014253404509725663,-0.053332959278534806,True,True,eligible_regular_session
2020-03-23,2020-03-23,2020-03-23,390,389,0.0021683609218562244,-0.015643451454118957,True,True,eligible_regular_session
2020-03-24,2020-03-24,2020-03-24,390,389,0.00074950020733306,0.038135917013146316,True,True,eligible_regular_session
2020-03-25,2020-03-25,2020-03-25,390,389,0.0012202080185897191,0.01570436846798288,True,True,eligible_regular_session
2020-03-26,2020-03-26,2020-03-26,390,389,0.000955678757868762,0.041329576537370856,True,True,eligible_regular_session
2020-03-27,2020-03-27,2020-03-27,390,389,0.0006689009965010798,-0.0025830613596773445,True,True,eligible_regular_session
2020-03-30,2020-03-30,2020-03-30,390,389,0.00034876029049981814,0.01987604852277671,True,True,eligible_regular_session
2020-03-31,2020-03-31,2020-03-31,390,389,0.00035370891746391647,-0.00958020633176313,True,True,eligible_regular_session
2020-04-01,2020-04-01,2020-04-01,390,389,0.00035614630730785137,-0.007480437114504289,True,True,eligible_regular_session
2020-04-02,2020-04-02,2020-04-02,390,389,0.0006698385445706655,0.02259182279081863,True,True,eligible_regular_session
2020-04-03,2020-04-03,2020-04-03,390,389,0.00035805530403029955,-0.010091282225834265,True,True,eligible_regular_session
2020-04-06,2020-04-06,2020-04-06,390,389,0.0002306064190887513,0.02901351005953102,True,True,eligible_regular_session
2020-04-07,2020-04-07,2020-04-07,390,389,0.0005534336079884136,-0.034349313878428454,True,True,eligible_regular_session
2020-04-08,2020-04-08,2020-04-08,390,389,0.0002771051114262154,0.020651425526081953,True,True,eligible_regular_session
2020-04-09,2020-04-09,2020-04-09,390,389,0.0003294210054709769,0.003063086486122492,True,True,eligible_regular_session
2020-04-13,2020-04-13,2020-04-13,390,389,0.00023432283125293747,-0.004798026409553764,True,True,eligible_regular_session
2020-04-14,2020-04-14,2020-04-14,390,389,0.00012435982225655337,0.011789608751792514,True,True,eligible_regular_session
2020-04-15,2020-04-15,2020-04-15,390,389,0.00016477778991581737,0.0007402483403947303,True,True,eligible_regular_session
2020-04-16,2020-04-16,2020-04-16,390,389,0.00018891324282625007,-0.0006428066587553039,True,True,eligible_regular_session
2020-04-17,2020-04-17,2020-04-17,390,389,0.00012510980859419777,0.005737574764530522,True,True,eligible_regular_session
2020-04-20,2020-04-20,2020-04-20,390,389,0.00013556427682852765,-0.0022397059886772376,True,True,eligible_regular_session
2020-04-21,2020-04-21,2020-04-21,390,389,0.0002589329863668582,-0.01361527979718235,True,True,eligible_regular_session
2020-04-22,2020-04-22,2020-04-22,390,389,9.085571045217307e-05,0.0018673473718842698,True,True,eligible_regular_session
2020-04-23,2020-04-23,2020-04-23,390,389,0.00026016194795577997,-0.00501352488226978,True,True,eligible_regular_session
2020-04-24,2020-04-24,2020-04-24,390,389,8.832096733191213e-05,0.00687022902513495,True,True,eligible_regular_session
2020-04-27,2020-04-27,2020-04-27,390,389,4.799053281716611e-05,0.007300142235211031,True,True,eligible_regular_session
2020-04-28,2020-04-28,2020-04-28,390,389,0.00013166599396907103,-0.019346361263392717,True,True,eligible_regular_session
2020-04-29,2020-04-29,2020-04-29,390,389,7.330330864438479e-05,0.006563309094189896,True,True,eligible_regular_session
2020-04-30,2020-04-30,2020-04-30,390,389,0.00013659248161788522,-0.0034954695725951932,True,True,eligible_regular_session
2020-05-01,2020-05-01,2020-05-01,390,389,0.00011301824934620473,-0.009046845595993239,True,True,eligible_regular_session
2020-05-04,2020-05-04,2020-05-04,390,389,7.67395322584545e-05,0.0124247180659722,True,True,eligible_regular_session
2020-05-05,2020-05-05,2020-05-05,390,389,7.010358046348915e-05,-0.0010871649414781882,True,True,eligible_regular_session
2020-05-06,2020-05-06,2020-05-06,390,389,9.58581549683363e-05,-0.013003140967312374,True,True,eligible_regular_session
2020-05-07,2020-05-07,2020-05-07,390,389,6.976220767119194e-05,-0.0019868555109134175,True,True,eligible_regular_session
2020-05-08,2020-05-08,2020-05-08,390,389,3.935180508387493e-05,0.005538966553028564,True,True,eligible_regular_session
2020-05-11,2020-05-11,2020-05-11,390,389,4.659674845058492e-05,0.008442339740583626,True,True,eligible_regular_session
2020-05-12,2020-05-12,2020-05-12,390,389,8.165816246812681e-05,-0.025625713158026715,True,True,eligible_regular_session
2020-05-13,2020-05-13,2020-05-13,390,389,0.00023417004388242584,-0.015781154824757705,True,True,eligible_regular_session
2020-05-14,2020-05-14,2020-05-14,390,389,0.00022806438803801843,0.021342230272798513,True,True,eligible_regular_session
2020-05-15,2020-05-15,2020-05-15,390,389,0.00012967692597138468,0.013027702997563943,True,True,eligible_regular_session
2020-05-18,2020-05-18,2020-05-18,390,389,5.343878093207605e-05,0.006240964178394944,True,True,eligible_regular_session
2020-05-19,2020-05-19,2020-05-19,390,389,9.635558717891807e-05,-0.007554177918127816,True,True,eligible_regular_session
2020-05-20,2020-05-20,2020-05-20,390,389,5.588194077738803e-05,0.003121189528666825,True,True,eligible_regular_session
2020-05-21,2020-05-21,2020-05-21,390,389,8.94499754486057e-05,-0.007173115639350471,True,True,eligible_regular_session
2020-05-22,2020-05-22,2020-05-22,390,389,3.8743505303756145e-05,0.0031686939479068014,True,True,eligible_regular_session
2020-05-26,2020-05-26,2020-05-26,390,389,4.8003582025989695e-05,-0.009477545722088093,True,True,eligible_regular_session
2020-05-27,2020-05-27,2020-05-27,390,389,0.00010409429487849628,0.004897332771958206,True,True,eligible_regular_session
2020-05-28,2020-05-28,2020-05-28,390,389,9.313162507964518e-05,-0.005001154530228746,True,True,eligible_regular_session
2020-05-29,2020-05-29,2020-05-29,390,389,0.0001834047513390244,0.008271023871857207,True,True,eligible_regular_session
2020-06-01,2020-06-01,2020-06-01,390,389,3.947631041215102e-05,0.007980500254056484,True,True,eligible_regular_session
2020-06-02,2020-06-02,2020-06-02,390,389,4.3139144042899016e-05,0.005206734944196567,True,True,eligible_regular_session
2020-06-03,2020-06-03,2020-06-03,390,389,2.8616485116755623e-05,0.005883786826252927,True,True,eligible_regular_session
2020-06-04,2020-06-04,2020-06-04,390,389,5.47730068227068e-05,0.001138029595857436,True,True,eligible_regular_session
2020-06-05,2020-06-05,2020-06-05,390,389,6.781344771974597e-05,0.005808675944898789,True,True,eligible_regular_session
2020-06-08,2020-06-08,2020-06-08,390,389,3.561031167969553e-05,0.008960171295508058,True,True,eligible_regular_session
2020-06-09,2020-06-09,2020-06-09,390,389,4.989520142841974e-05,0.0033632896352581328,True,True,eligible_regular_session
2020-06-10,2020-06-10,2020-06-10,390,389,0.00014239061071574915,-0.007729546309360673,True,True,eligible_regular_session
2020-06-11,2020-06-11,2020-06-11,390,389,0.0002452950642273651,-0.03422907162540654,True,True,eligible_regular_session
2020-06-12,2020-06-12,2020-06-12,390,389,0.0004269403181652966,-0.012933721888824624,True,True,eligible_regular_session
2020-06-15,2020-06-15,2020-06-15,390,389,0.0002327851317373554,0.028462670037172032,True,True,eligible_regular_session
2020-06-16,2020-06-16,2020-06-16,390,389,0.00031383880009002373,-0.007862592394140916,True,True,eligible_regular_session
2020-06-17,2020-06-17,2020-06-17,390,389,0.00010856956146891597,-0.00665173178653813,True,True,eligible_regular_session
2020-06-18,2020-06-18,2020-06-18,390,389,6.752449446623963e-05,0.005787992105244686,True,True,eligible_regular_session
2020-06-19,2020-06-19,2020-06-19,390,389,0.00012655801445681606,-0.016324253079893818,True,True,eligible_regular_session
2020-06-22,2020-06-22,2020-06-22,390,389,4.850314439385476e-05,0.008477329278483008,True,True,eligible_regular_session
2020-06-23,2020-06-23,2020-06-23,390,389,5.719924381039034e-05,-0.004069327485444102,True,True,eligible_regular_session
2020-06-24,2020-06-24,2020-06-24,390,389,0.00016941189972923465,-0.019563868452633006,True,True,eligible_regular_session
2020-06-25,2020-06-25,2020-06-25,390,389,0.00014493292601066543,0.012825583824195462,True,True,eligible_regular_session
2020-06-26,2020-06-26,2020-06-26,390,389,0.00016181465245136657,-0.020903269237744555,True,True,eligible_regular_session
2020-06-29,2020-06-29,2020-06-29,390,389,8.0363824182775e-05,0.009578992382959176,True,True,eligible_regular_session
2020-06-30,2020-06-30,2020-06-30,390,389,6.805493383924954e-05,0.016164549777882762,True,True,eligible_regular_session
2020-07-01,2020-07-01,2020-07-01,390,389,6.699425315847423e-05,0.002519119640777977,True,True,eligible_regular_session
2020-07-02,2020-07-02,2020-07-02,390,389,4.999923362271297e-05,-0.007292622430639772,True,True,eligible_regular_session
2020-07-06,2020-07-06,2020-07-06,390,389,3.527623280782786e-05,0.001995386725204827,True,True,eligible_regular_session
2020-07-07,2020-07-07,2020-07-07,390,389,4.6248838775002174e-05,-0.004943449070883164,True,True,eligible_regular_session
2020-07-08,2020-07-08,2020-07-08,390,389,5.8915349834364704e-05,0.004777534796817616,True,True,eligible_regular_session
2020-07-09,2020-07-09,2020-07-09,390,389,0.00011142140278418624,-0.00828700423532256,True,True,eligible_regular_session
2020-07-10,2020-07-10,2020-07-10,390,389,5.898593078215268e-05,0.00974130976401859,True,True,eligible_regular_session
2020-07-13,2020-07-13,2020-07-13,390,389,9.40734813526312e-05,-0.017433207568565295,True,True,eligible_regular_session
2020-07-14,2020-07-14,2020-07-14,390,389,0.0001897209738832046,0.018167746908888945,True,True,eligible_regular_session
2020-07-15,2020-07-15,2020-07-15,390,389,9.624012602968547e-05,-0.0017432854654983385,True,True,eligible_regular_session
2020-07-16,2020-07-16,2020-07-16,390,389,5.385736569218276e-05,0.002322729534126607,True,True,eligible_regular_session
2020-07-17,2020-07-17,2020-07-17,390,389,2.8078131195337286e-05,8.063415667260394e-05,True,True,eligible_regular_session
2020-07-20,2020-07-20,2020-07-20,390,389,2.8189049141717182e-05,0.00769052883268808,True,True,eligible_regular_session
2020-07-21,2020-07-21,2020-07-21,390,389,5.07394760292237e-05,-0.004187458159959577,True,True,eligible_regular_session
2020-07-22,2020-07-22,2020-07-22,390,389,2.602666242596972e-05,0.006348760994265757,True,True,eligible_regular_session
2020-07-23,2020-07-23,2020-07-23,390,389,8.470894686880896e-05,-0.011103115684885898,True,True,eligible_regular_session
2020-07-24,2020-07-24,2020-07-24,390,389,6.476145687302263e-05,0.0006998194751440645,True,True,eligible_regular_session
2020-07-27,2020-07-27,2020-07-27,390,389,2.3630266740362144e-05,0.006360473920752623,True,True,eligible_regular_session
2020-07-28,2020-07-28,2020-07-28,390,389,3.4111442895807525e-05,-0.004958498316364085,True,True,eligible_regular_session
2020-07-29,2020-07-29,2020-07-29,390,389,3.267978845655385e-05,0.008613052249085066,True,True,eligible_regular_session
2020-07-30,2020-07-30,2020-07-30,390,389,6.096047804895044e-05,0.00697265389431097,True,True,eligible_regular_session
2020-07-31,2020-07-31,2020-07-31,390,389,7.560427612307295e-05,0.002736574441263178,True,True,eligible_regular_session
2020-08-03,2020-08-03,2020-08-03,390,389,2.694902106787277e-05,0.0014155143930134715,True,True,eligible_regular_session
2020-08-04,2020-08-04,2020-08-04,390,389,2.159256985568953e-05,0.005148352108093093,True,True,eligible_regular_session
2020-08-05,2020-08-05,2020-08-05,390,389,1.6325611635313876e-05,0.0022201173326373987,True,True,eligible_regular_session
2020-08-06,2020-08-06,2020-08-06,390,389,2.312011790393646e-05,0.0075617729835588425,True,True,eligible_regular_session
2020-08-07,2020-08-07,2020-08-07,390,389,4.323868849222306e-05,0.003910470860762379,True,True,eligible_regular_session
2020-08-10,2020-08-10,2020-08-10,390,389,2.7911224988965874e-05,0.0007144345852062522,True,True,eligible_regular_session
2020-08-11,2020-08-11,2020-08-11,390,389,6.32612544576928e-05,-0.013072237376595224,True,True,eligible_regular_session
2020-08-12,2020-08-12,2020-08-12,390,389,2.6905131302786715e-05,0.004769017600938695,True,True,eligible_regular_session
2020-08-13,2020-08-13,2020-08-13,390,389,3.4358250579645485e-05,0.0009520463039874844,True,True,eligible_regular_session
2020-08-14,2020-08-14,2020-08-14,390,389,2.5770359662172914e-05,0.0017539776895120348,True,True,eligible_regular_session
2020-08-17,2020-08-17,2020-08-17,390,389,5.548784742191258e-06,-0.00024831207042491974,True,True,eligible_regular_session
2020-08-18,2020-08-18,2020-08-18,390,389,2.04760245684127e-05,0.00015637285812102823,True,True,eligible_regular_session
2020-08-19,2020-08-19,2020-08-19,390,389,2.475809661574665e-05,-0.005303500471540505,True,True,eligible_regular_session
2020-08-20,2020-08-20,2020-08-20,390,389,1.9295240050756885e-05,0.008853763990398326,True,True,eligible_regular_session
2020-08-21,2020-08-21,2020-08-21,390,389,1.937835262831975e-05,0.004046236362014271,True,True,eligible_regular_session
2020-08-24,2020-08-24,2020-08-24,390,389,2.4294843092235424e-05,0.0019394744418271847,True,True,eligible_regular_session
2020-08-25,2020-08-25,2020-08-25,390,389,2.1061880425369237e-05,0.001586840602684958,True,True,eligible_regular_session
2020-08-26,2020-08-26,2020-08-26,390,389,2.0160325114815163e-05,0.008608548494504594,True,True,eligible_regular_session
2020-08-27,2020-08-27,2020-08-27,390,389,6.623342335012059e-05,-0.00044758905186971135,True,True,eligible_regular_session
2020-08-28,2020-08-28,2020-08-28,390,389,2.2504098287460138e-05,0.0029835129630231666,True,True,eligible_regular_session
2020-08-31,2020-08-31,2020-08-31,390,389,3.388399084499186e-05,-0.001977861729285139,True,True,eligible_regular_session
2020-09-01,2020-09-01,2020-09-01,390,389,2.57416704688981e-05,0.007481058444629957,True,True,eligible_regular_session
2020-09-02,2020-09-02,2020-09-02,390,389,4.316859644594158e-05,0.010659429245228834,True,True,eligible_regular_session
2020-09-03,2020-09-03,2020-09-03,390,389,0.0002848380067305357,-0.030349444587070767,True,True,eligible_regular_session
2020-09-04,2020-09-04,2020-09-04,390,389,0.00041682093666308795,-0.010606775783193424,True,True,eligible_regular_session
2020-09-08,2020-09-08,2020-09-08,390,389,0.0002353616740816826,-0.006736630790111421,True,True,eligible_regular_session
2020-09-09,2020-09-09,2020-09-09,390,389,7.63837387668244e-05,0.0065882535681521,True,True,eligible_regular_session
2020-09-10,2020-09-10,2020-09-10,390,389,0.00021898526778652816,-0.023003951939023427,True,True,eligible_regular_session
2020-09-11,2020-09-11,2020-09-11,390,389,0.00017085339682687743,-0.0058844060414689515,True,True,eligible_regular_session
2020-09-14,2020-09-14,2020-09-14,390,389,5.910078048955187e-05,0.002110008225569508,True,True,eligible_regular_session
2020-09-15,2020-09-15,2020-09-15,390,389,3.360909204917568e-05,-0.0029478712422995536,True,True,eligible_regular_session
2020-09-16,2020-09-16,2020-09-16,390,389,7.991656913511176e-05,-0.007902969865093814,True,True,eligible_regular_session
2020-09-17,2020-09-17,2020-09-17,390,389,0.00012312992653376378,0.00765345703195039,True,True,eligible_regular_session
2020-09-18,2020-09-18,2020-09-18,390,389,0.00011414845901824571,-0.012475494123685456,True,True,eligible_regular_session
2020-09-21,2020-09-21,2020-09-21,390,389,0.0001670562929270428,0.004909121040961612,True,True,eligible_regular_session
2020-09-22,2020-09-22,2020-09-22,390,389,7.54155616060026e-05,0.0052742483089676636,True,True,eligible_regular_session
2020-09-23,2020-09-23,2020-09-23,390,389,0.00012335823499058868,-0.025161322732319358,True,True,eligible_regular_session
2020-09-24,2020-09-24,2020-09-24,390,389,0.00019288224332650365,0.006030758990320284,True,True,eligible_regular_session
2020-09-25,2020-09-25,2020-09-25,390,389,9.106955330724509e-05,0.01873159710352342,True,True,eligible_regular_session
2020-09-28,2020-09-28,2020-09-28,390,389,4.9944106960304215e-05,0.0020007651386328433,True,True,eligible_regular_session
2020-09-29,2020-09-29,2020-09-29,390,389,4.942523573464557e-05,-0.0036480389998274935,True,True,eligible_regular_session
2020-09-30,2020-09-30,2020-09-30,390,389,0.00011341073861090391,0.004266280397906189,True,True,eligible_regular_session
2020-10-01,2020-10-01,2020-10-01,390,389,9.040572815797779e-05,-0.002062136607190768,True,True,eligible_regular_session
2020-10-02,2020-10-02,2020-10-02,390,389,0.0001324403645060554,0.005342241768437452,True,True,eligible_regular_session
2020-10-05,2020-10-05,2020-10-05,390,389,2.3190401308104504e-05,0.009608838870216784,True,True,eligible_regular_session
2020-10-06,2020-10-06,2020-10-06,390,389,0.0001504987228862309,-0.015120347838925019,True,True,eligible_regular_session
2020-10-07,2020-10-07,2020-10-07,390,389,3.602470104465799e-05,0.007004264642406336,True,True,eligible_regular_session
2020-10-08,2020-10-08,2020-10-08,390,389,2.8726131074233738e-05,0.002916876944632329,True,True,eligible_regular_session
2020-10-09,2020-10-09,2020-10-09,390,389,2.2251753433498768e-05,0.003656374412839245,True,True,eligible_regular_session
2020-10-12,2020-10-12,2020-10-12,390,389,2.5742307848290396e-05,0.008858631948411919,True,True,eligible_regular_session
2020-10-13,2020-10-13,2020-10-13,390,389,5.7700610331738606e-05,-0.005596258790084872,True,True,eligible_regular_session
2020-10-14,2020-10-14,2020-10-14,390,389,6.433973985814833e-05,-0.0074731314886368775,True,True,eligible_regular_session
2020-10-15,2020-10-15,2020-10-15,390,389,4.982246219333831e-05,0.01150070207862808,True,True,eligible_regular_session
2020-10-16,2020-10-16,2020-10-16,390,389,3.4905380562092377e-05,-0.0048582395260735895,True,True,eligible_regular_session
2020-10-19,2020-10-19,2020-10-19,390,389,7.158255030466304e-05,-0.02007538760558957,True,True,eligible_regular_session
2020-10-20,2020-10-20,2020-10-20,390,389,9.474211234590178e-05,-0.00010165007116998496,True,True,eligible_regular_session
2020-10-21,2020-10-21,2020-10-21,390,389,7.190071402982082e-05,-0.0018817088671785442,True,True,eligible_regular_session
2020-10-22,2020-10-22,2020-10-22,390,389,5.918927605613779e-05,0.0030536588582976607,True,True,eligible_regular_session
2020-10-23,2020-10-23,2020-10-23,390,389,3.236332661202711e-05,-0.00015292527321921263,True,True,eligible_regular_session
2020-10-26,2020-10-26,2020-10-26,390,389,9.058204936970244e-05,-0.008916598569324634,True,True,eligible_regular_session
2020-10-27,2020-10-27,2020-10-27,390,389,5.340789589576506e-05,-0.004129288010947936,True,True,eligible_regular_session
2020-10-28,2020-10-28,2020-10-28,390,389,0.00013725232790590586,-0.016878523674186727,True,True,eligible_regular_session
2020-10-29,2020-10-29,2020-10-29,390,389,0.00013800081617806293,0.007940583239188422,True,True,eligible_regular_session
2020-10-30,2020-10-30,2020-10-30,390,389,0.00021785688534745255,-0.005975624750451382,True,True,eligible_regular_session
2020-11-02,2020-11-02,2020-11-02,390,389,0.00011763344564176006,0.0010911603501328898,True,True,eligible_regular_session
2020-11-03,2020-11-03,2020-11-03,390,389,7.6802543856826e-05,0.007416634488078946,True,True,eligible_regular_session
2020-11-04,2020-11-04,2020-11-04,390,389,0.00015366381531580064,0.005757611519485042,True,True,eligible_regular_session
2020-11-05,2020-11-05,2020-11-05,390,389,6.330797358897994e-05,0.003518392418630499,True,True,eligible_regular_session
2020-11-06,2020-11-06,2020-11-06,390,389,6.813735245914743e-05,0.001174646030645865,True,True,eligible_regular_session
2020-11-09,2020-11-09,2020-11-09,390,389,0.00018264954518099137,-0.0256950700514231,True,True,eligible_regular_session
2020-11-10,2020-11-10,2020-11-10,390,389,0.00014792471063543463,0.0008491491387525945,True,True,eligible_regular_session
2020-11-11,2020-11-11,2020-11-11,390,389,3.412164088143484e-05,0.001837715699354907,True,True,eligible_regular_session
2020-11-12,2020-11-12,2020-11-12,390,389,6.853921504426523e-05,-0.006653418240098354,True,True,eligible_regular_session
2020-11-13,2020-11-13,2020-11-13,390,389,3.333933288997969e-05,0.006194516945717986,True,True,eligible_regular_session
2020-11-16,2020-11-16,2020-11-16,390,389,3.874207995734106e-05,0.004366680464162257,True,True,eligible_regular_session
2020-11-17,2020-11-17,2020-11-17,390,389,3.2184658698083574e-05,0.0017272286716671452,True,True,eligible_regular_session
2020-11-18,2020-11-18,2020-11-18,390,389,3.55373093867964e-05,-0.011739647496837527,True,True,eligible_regular_session
2020-11-19,2020-11-19,2020-11-19,390,389,4.0386611121799395e-05,0.00803912872340985,True,True,eligible_regular_session
2020-11-20,2020-11-20,2020-11-20,390,389,2.6261645546307766e-05,-0.0057929422161745224,True,True,eligible_regular_session
2020-11-23,2020-11-23,2020-11-23,390,389,3.966861036338706e-05,5.589574327434453e-05,True,True,eligible_regular_session
2020-11-24,2020-11-24,2020-11-24,390,389,3.10617217505894e-05,0.008360783906447756,True,True,eligible_regular_session
2020-11-25,2020-11-25,2020-11-25,390,389,1.8294948499295034e-05,-0.0002781943825430915,True,True,eligible_regular_session
2020-11-27,2020-11-27,2020-11-27,232,231,9.384223900997667e-06,-0.0006456886768590301,False,False,short_or_incomplete
2020-11-30,2020-11-30,2020-11-30,390,389,4.401157457314461e-05,-0.0017918780363221016,True,True,eligible_regular_session
2020-12-01,2020-12-01,2020-12-01,390,389,3.5624018346613165e-05,0.0008851830775842555,True,True,eligible_regular_session
2020-12-02,2020-12-02,2020-12-02,390,389,2.071425749179706e-05,0.00544404946598584,True,True,eligible_regular_session
2020-12-03,2020-12-03,2020-12-03,390,389,2.9831659090739975e-05,-0.001174814406798575,True,True,eligible_regular_session
2020-12-04,2020-12-04,2020-12-04,390,389,1.2160988252372416e-05,0.006439245636932081,True,True,eligible_regular_session
2020-12-07,2020-12-07,2020-12-07,390,389,1.4492054300958166e-05,-5.417455584955751e-05,True,True,eligible_regular_session
2020-12-08,2020-12-08,2020-12-08,390,389,1.195476334844403e-05,0.005099751190645814,True,True,eligible_regular_session
2020-12-09,2020-12-09,2020-12-09,390,389,5.6602764040895545e-05,-0.010144366611922142,True,True,eligible_regular_session
2020-12-10,2020-12-10,2020-12-10,390,389,4.781774624419619e-05,0.003492902370488906,True,True,eligible_regular_session
2020-12-11,2020-12-11,2020-12-11,390,389,3.047026819970074e-05,0.0028457454017039563,True,True,eligible_regular_session
2020-12-14,2020-12-14,2020-12-14,390,389,4.224453374251545e-05,-0.010879707588393638,True,True,eligible_regular_session
2020-12-15,2020-12-15,2020-12-15,390,389,2.0271914537281797e-05,0.005542496145483366,True,True,eligible_regular_session
2020-12-16,2020-12-16,2020-12-16,390,389,1.7635779209950717e-05,0.0007406066284939298,True,True,eligible_regular_session
2020-12-17,2020-12-17,2020-12-17,390,389,1.385272168835169e-05,0.00023373556554236044,True,True,eligible_regular_session
2020-12-18,2020-12-18,2020-12-18,390,389,3.832086711225052e-05,-0.0039592081670394436,True,True,eligible_regular_session
2020-12-21,2020-12-21,2020-12-21,390,389,6.50821685020579e-05,0.008250674569285453,True,True,eligible_regular_session
2020-12-22,2020-12-22,2020-12-22,390,389,2.8156901632390022e-05,-0.00195363632114884,True,True,eligible_regular_session
2020-12-23,2020-12-23,2020-12-23,390,389,1.773226860223377e-05,-0.0031198065212764653,True,True,eligible_regular_session
2020-12-24,2020-12-24,2020-12-24,232,231,6.5386762199487e-06,0.0018190693708008095,False,False,short_or_incomplete
2020-12-28,2020-12-28,2020-12-28,390,389,7.180915214707291e-06,0.0013904314318232678,True,True,eligible_regular_session
2020-12-29,2020-12-29,2020-12-29,390,389,2.3187114495859452e-05,-0.007534356356506198,True,True,eligible_regular_session
2020-12-30,2020-12-30,2020-12-30,390,389,1.0956953448563223e-05,-0.0019404255485284928,True,True,eligible_regular_session
2020-12-31,2020-12-31,2020-12-31,390,389,1.239547720221648e-05,0.006396351196164035,True,True,eligible_regular_session
2021-01-04,2021-01-04,2021-01-04,390,389,0.0001004149618587867,-0.017474979403507916,True,True,eligible_regular_session
2021-01-05,2021-01-05,2021-01-05,390,389,4.5129268553805687e-05,0.007245540276744116,True,True,eligible_regular_session
2021-01-06,2021-01-06,2021-01-06,390,389,0.00010254006883817456,0.009002007772752924,True,True,eligible_regular_session
2021-01-07,2021-01-07,2021-01-07,390,389,2.552761909017458e-05,0.007584590680729902,True,True,eligible_regular_session
2021-01-08,2021-01-08,2021-01-08,390,389,5.797402280861432e-05,0.0009129327091196543,True,True,eligible_regular_session
2021-01-11,2021-01-11,2021-01-11,390,389,3.8479522629100155e-05,0.00258753490772815,True,True,eligible_regular_session
2021-01-12,2021-01-12,2021-01-12,390,389,4.074548259042829e-05,-0.0004970760720775816,True,True,eligible_regular_session
2021-01-13,2021-01-13,2021-01-13,390,389,2.0568402586951857e-05,0.0018283509746901975,True,True,eligible_regular_session
2021-01-14,2021-01-14,2021-01-14,390,389,1.9113696940922106e-05,-0.005802051059850823,True,True,eligible_regular_session
2021-01-15,2021-01-15,2021-01-15,390,389,4.900505103767269e-05,-0.0032189082190406905,True,True,eligible_regular_session
2021-01-19,2021-01-19,2021-01-19,390,389,2.109615384709482e-05,-0.0006079083535129097,True,True,eligible_regular_session
2021-01-20,2021-01-20,2021-01-20,390,389,1.778593570895326e-05,0.008062951568110712,True,True,eligible_regular_session
2021-01-21,2021-01-21,2021-01-21,390,389,1.6505221445128577e-05,-0.000939123104516524,True,True,eligible_regular_session
2021-01-22,2021-01-22,2021-01-22,390,389,1.7250963190090277e-05,0.001458960489098241,True,True,eligible_regular_session
2021-01-25,2021-01-25,2021-01-25,390,389,9.078662991570855e-05,0.00046438565078680383,True,True,eligible_regular_session
2021-01-26,2021-01-26,2021-01-26,390,389,2.7290702960286187e-05,-0.005034100200708443,True,True,eligible_regular_session
2021-01-27,2021-01-27,2021-01-27,390,389,0.00014658832508389634,-0.013250241179040067,True,True,eligible_regular_session
2021-01-28,2021-01-28,2021-01-28,390,389,8.365745704840488e-05,0.0028092506776642135,True,True,eligible_regular_session
2021-01-29,2021-01-29,2021-01-29,390,389,0.00018292413598881558,-0.013707619707666594,True,True,eligible_regular_session
2021-02-01,2021-02-01,2021-02-01,390,389,5.684368499791501e-05,0.005010810538551887,True,True,eligible_regular_session
2021-02-02,2021-02-02,2021-02-02,390,389,2.5382754638349255e-05,0.0044710107520624836,True,True,eligible_regular_session
2021-02-03,2021-02-03,2021-02-03,390,389,3.331165985416149e-05,-0.001385423016890715,True,True,eligible_regular_session
2021-02-04,2021-02-04,2021-02-04,390,389,1.6187469087189014e-05,0.007705728465159679,True,True,eligible_regular_session
2021-02-05,2021-02-05,2021-02-05,390,389,1.4389079760672226e-05,-0.0010645712249491188,True,True,eligible_regular_session
2021-02-08,2021-02-08,2021-02-08,390,389,1.165412491885472e-05,0.0028158694406671667,True,True,eligible_regular_session
2021-02-09,2021-02-09,2021-02-09,390,389,9.76859282750189e-06,0.0013712755777163142,True,True,eligible_regular_session
2021-02-10,2021-02-10,2021-02-10,390,389,5.036905238144935e-05,-0.005305133414527356,True,True,eligible_regular_session
2021-02-11,2021-02-11,2021-02-11,390,389,3.130762170319608e-05,-0.0009695881796235365,True,True,eligible_regular_session
2021-02-12,2021-02-12,2021-02-12,390,389,1.140724912116567e-05,0.0068339022198729725,True,True,eligible_regular_session
2021-02-16,2021-02-16,2021-02-16,390,389,3.278048523066778e-05,-0.003766272496567616,True,True,eligible_regular_session
2021-02-17,2021-02-17,2021-02-17,390,389,4.300806327894642e-05,0.005381293271703798,True,True,eligible_regular_session
2021-02-18,2021-02-18,2021-02-18,390,389,3.6326780510884986e-05,0.0030655639640470985,True,True,eligible_regular_session
2021-02-19,2021-02-19,2021-02-19,390,389,2.7440544865804844e-05,-0.005475311661236904,True,True,eligible_regular_session
2021-02-22,2021-02-22,2021-02-22,390,389,3.575112624948849e-05,-0.0009202822332589845,True,True,eligible_regular_session
2021-02-23,2021-02-23,2021-02-23,390,389,0.00012545433904113536,0.008264467080852581,True,True,eligible_regular_session
2021-02-24,2021-02-24,2021-02-24,390,389,6.093047955683804e-05,0.013641593739946367,True,True,eligible_regular_session
2021-02-25,2021-02-25,2021-02-25,390,389,0.0001844991262917517,-0.021340654465483225,True,True,eligible_regular_session
2021-02-26,2021-02-26,2021-02-26,390,389,0.00021809479567940935,-0.009662390317070434,True,True,eligible_regular_session
2021-03-01,2021-03-01,2021-03-01,390,389,3.934785161067361e-05,0.008530823263186823,True,True,eligible_regular_session
2021-03-02,2021-03-02,2021-03-02,390,389,6.211398829706534e-05,-0.009110496801932908,True,True,eligible_regular_session
2021-03-03,2021-03-03,2021-03-03,390,389,0.00010615901223620728,-0.012468191377286532,True,True,eligible_regular_session
2021-03-04,2021-03-04,2021-03-04,390,389,0.00032874644337578404,-0.013778568322009617,True,True,eligible_regular_session
2021-03-05,2021-03-05,2021-03-05,390,389,0.0002872955891153465,0.009956786551097292,True,True,eligible_regular_session
2021-03-08,2021-03-08,2021-03-08,390,389,0.0001477051422662755,-0.007798718365932044,True,True,eligible_regular_session
2021-03-09,2021-03-09,2021-03-09,390,389,4.994768634067842e-05,0.0020232434340909803,True,True,eligible_regular_session
2021-03-10,2021-03-10,2021-03-10,390,389,8.052403180921423e-05,-0.0007409810260740725,True,True,eligible_regular_session
2021-03-11,2021-03-11,2021-03-11,390,389,2.793842540023788e-05,0.0028448798037922444,True,True,eligible_regular_session
2021-03-12,2021-03-12,2021-03-12,390,389,3.435500075853427e-05,0.005207404841698375,True,True,eligible_regular_session
2021-03-15,2021-03-15,2021-03-15,390,389,1.9545642654262058e-05,0.0055110897959898585,True,True,eligible_regular_session
2021-03-16,2021-03-16,2021-03-16,390,389,2.516006334766888e-05,-0.0026210881426296097,True,True,eligible_regular_session
2021-03-17,2021-03-17,2021-03-17,390,389,6.377472134690073e-05,0.007225408392638176,True,True,eligible_regular_session
2021-03-18,2021-03-18,2021-03-18,390,389,4.9662516041538345e-05,-0.0084897364560836,True,True,eligible_regular_session
2021-03-19,2021-03-19,2021-03-19,390,389,6.0748300452307106e-05,-0.0004268365217053526,True,True,eligible_regular_session
2021-03-22,2021-03-22,2021-03-22,390,389,1.9149849403786344e-05,0.005657172995443172,True,True,eligible_regular_session
2021-03-23,2021-03-23,2021-03-23,390,389,4.295106995689064e-05,-0.005640167123711068,True,True,eligible_regular_session
2021-03-24,2021-03-24,2021-03-24,390,389,4.686348688118382e-05,-0.009489198884825195,True,True,eligible_regular_session
2021-03-25,2021-03-25,2021-03-25,390,389,9.374622617608624e-05,0.00994588008636114,True,True,eligible_regular_session
2021-03-26,2021-03-26,2021-03-26,390,389,4.172436543120607e-05,0.01272186429334805,True,True,eligible_regular_session
2021-03-29,2021-03-29,2021-03-29,390,389,5.955045760789958e-05,0.002586743005211016,True,True,eligible_regular_session
2021-03-30,2021-03-30,2021-03-30,390,389,3.925974942218251e-05,-0.0007548227597896051,True,True,eligible_regular_session
2021-03-31,2021-03-31,2021-03-31,390,389,1.9618750926521e-05,0.0008157120686744282,True,True,eligible_regular_session
2021-04-01,2021-04-01,2021-04-01,390,389,9.818683578578772e-06,0.005050307953582003,True,True,eligible_regular_session
2021-04-05,2021-04-05,2021-04-05,390,389,1.299416702005421e-05,0.006902986085710207,True,True,eligible_regular_session
2021-04-06,2021-04-06,2021-04-06,390,389,1.162633871798304e-05,0.0007390212111338129,True,True,eligible_regular_session
2021-04-07,2021-04-07,2021-04-07,390,389,1.3495916965732724e-05,0.0014102869879632288,True,True,eligible_regular_session
2021-04-08,2021-04-08,2021-04-08,390,389,8.820953430449828e-06,0.001372603350020897,True,True,eligible_regular_session
2021-04-09,2021-04-09,2021-04-09,390,389,8.135301581804547e-06,0.007521383026299785,True,True,eligible_regular_session
2021-04-12,2021-04-12,2021-04-12,390,389,1.047861831167501e-05,0.001306532240130418,True,True,eligible_regular_session
2021-04-13,2021-04-13,2021-04-13,390,389,7.06841700147394e-06,0.0031539205835002535,True,True,eligible_regular_session
2021-04-14,2021-04-14,2021-04-14,390,389,2.3134458797928006e-05,-0.0033101956574114904,True,True,eligible_regular_session
2021-04-15,2021-04-15,2021-04-15,390,389,1.0545346944809645e-05,0.004181703237840824,True,True,eligible_regular_session
2021-04-16,2021-04-16,2021-04-16,390,389,1.0739500680941388e-05,-7.168698597529993e-05,True,True,eligible_regular_session
2021-04-19,2021-04-19,2021-04-19,390,389,2.8375873259932253e-05,-0.0031912408295711,True,True,eligible_regular_session
2021-04-20,2021-04-20,2021-04-20,390,389,2.7860931781165183e-05,-0.004621297769408915,True,True,eligible_regular_session
2021-04-21,2021-04-21,2021-04-21,390,389,1.3269329199797013e-05,0.01027507757455233,True,True,eligible_regular_session
2021-04-22,2021-04-22,2021-04-22,390,389,6.352261584627506e-05,-0.008292107197311493,True,True,eligible_regular_session
2021-04-23,2021-04-23,2021-04-23,390,389,1.1293532665535075e-05,0.009136017647168537,True,True,eligible_regular_session
2021-04-26,2021-04-26,2021-04-26,390,389,1.2472175024666976e-05,2.865315829622315e-05,True,True,eligible_regular_session
2021-04-27,2021-04-27,2021-04-27,390,389,1.2348296308259514e-05,-0.0010100010051264823,True,True,eligible_regular_session
2021-04-28,2021-04-28,2021-04-28,390,389,1.8811126925824655e-05,-0.002065383838899542,True,True,eligible_regular_session
2021-04-29,2021-04-29,2021-04-29,390,389,2.722889736393985e-05,-0.0016085794353253883,True,True,eligible_regular_session
2021-04-30,2021-04-30,2021-04-30,390,389,2.522056570080922e-05,-0.001046845219884561,True,True,eligible_regular_session
2021-05-03,2021-05-03,2021-05-03,390,389,1.8118013267909793e-05,-0.0028530893665456867,True,True,eligible_regular_session
2021-05-04,2021-05-04,2021-05-04,390,389,5.431858358762524e-05,-0.001971289842320591,True,True,eligible_regular_session
2021-05-05,2021-05-05,2021-05-05,390,389,2.4126572581602594e-05,-0.004029893189214067,True,True,eligible_regular_session
2021-05-06,2021-05-06,2021-05-06,390,389,4.325085902791748e-05,0.007709957842477069,True,True,eligible_regular_session
2021-05-07,2021-05-07,2021-05-07,390,389,2.0045066487598347e-05,0.006765073764421305,True,True,eligible_regular_session
2021-05-10,2021-05-10,2021-05-10,390,389,2.8589486994617677e-05,-0.010732799522429674,True,True,eligible_regular_session
2021-05-11,2021-05-11,2021-05-11,390,389,0.00010540856890673021,0.00347923788511955,True,True,eligible_regular_session
2021-05-12,2021-05-12,2021-05-12,390,389,7.781070040749916e-05,-0.015320271657931832,True,True,eligible_regular_session
2021-05-13,2021-05-13,2021-05-13,390,389,7.627157849770467e-05,0.006272779447632295,True,True,eligible_regular_session
2021-05-14,2021-05-14,2021-05-14,390,389,2.022118026926333e-05,0.006845973694133533,True,True,eligible_regular_session
2021-05-17,2021-05-17,2021-05-17,390,389,4.334531264845112e-05,-0.00030261255736803027,True,True,eligible_regular_session
2021-05-18,2021-05-18,2021-05-18,390,389,2.3072841424167597e-05,-0.009677844874685811,True,True,eligible_regular_session
2021-05-19,2021-05-19,2021-05-19,390,389,0.00010688674152020011,0.010397030993683852,True,True,eligible_regular_session
2021-05-20,2021-05-20,2021-05-20,390,389,2.4131782437677485e-05,0.007189353410433702,True,True,eligible_regular_session
2021-05-21,2021-05-21,2021-05-21,390,389,2.8384968334179186e-05,-0.005353554078253184,True,True,eligible_regular_session
2021-05-24,2021-05-24,2021-05-24,390,389,9.018950010980958e-06,0.004444117435604394,True,True,eligible_regular_session
2021-05-25,2021-05-25,2021-05-25,390,389,2.0198292167499834e-05,-0.004685333167439522,True,True,eligible_regular_session
2021-05-26,2021-05-26,2021-05-26,390,389,9.766889861775174e-06,0.00025027202315874506,True,True,eligible_regular_session
2021-05-27,2021-05-27,2021-05-27,390,389,1.4414899122326803e-05,-0.0020905110575147024,True,True,eligible_regular_session
2021-05-28,2021-05-28,2021-05-28,390,389,8.240016647000495e-06,-0.0020931320386959806,True,True,eligible_regular_session
2021-06-01,2021-06-01,2021-06-01,390,389,1.3636558728454751e-05,-0.007632493605541224,True,True,eligible_regular_session
2021-06-02,2021-06-02,2021-06-02,390,389,1.038619899263168e-05,8.554685834369289e-05,True,True,eligible_regular_session
2021-06-03,2021-06-03,2021-06-03,390,389,1.83864723705678e-05,0.0019049352640021534,True,True,eligible_regular_session
2021-06-04,2021-06-04,2021-06-04,390,389,7.0875417893223115e-06,0.003744990040107098,True,True,eligible_regular_session
2021-06-07,2021-06-07,2021-06-07,390,389,6.944471854686447e-06,-0.0010357524673764264,True,True,eligible_regular_session
2021-06-08,2021-06-08,2021-06-08,390,389,1.4135475185504644e-05,-0.0017017619702607227,True,True,eligible_regular_session
2021-06-09,2021-06-09,2021-06-09,390,389,8.449671942659002e-06,-0.003834308828205787,True,True,eligible_regular_session
2021-06-10,2021-06-10,2021-06-10,390,389,1.5138634037237629e-05,0.0007410589457374025,True,True,eligible_regular_session
2021-06-11,2021-06-11,2021-06-11,390,389,6.761414979149092e-06,0.0008432239918700253,True,True,eligible_regular_session
2021-06-14,2021-06-14,2021-06-14,390,389,6.953490924775206e-06,0.002338791577280748,True,True,eligible_regular_session
2021-06-15,2021-06-15,2021-06-15,390,389,9.734759491888224e-06,-0.001987705114549907,True,True,eligible_regular_session
2021-06-16,2021-06-16,2021-06-16,390,389,7.082383885278271e-05,-0.006666872289397011,True,True,eligible_regular_session
2021-06-17,2021-06-17,2021-06-17,390,389,3.078502838111174e-05,-0.0004665841742086749,True,True,eligible_regular_session
2021-06-18,2021-06-18,2021-06-18,390,389,4.807766699669176e-05,-0.004216191125374213,True,True,eligible_regular_session
2021-06-21,2021-06-21,2021-06-21,390,389,2.119550395533878e-05,0.008761151545563476,True,True,eligible_regular_session
2021-06-22,2021-06-22,2021-06-22,389,388,1.0206774140926512e-05,0.005573334283161712,True,True,eligible_regular_session
2021-06-23,2021-06-23,2021-06-23,390,389,9.094567207409928e-06,-0.002216133931501849,True,True,eligible_regular_session
2021-06-24,2021-06-24,2021-06-24,390,389,8.120787185196434e-06,0.00041259928755546244,True,True,eligible_regular_session
2021-06-25,2021-06-25,2021-06-25,390,389,7.016404927380834e-06,0.0008062716684090939,True,True,eligible_regular_session
2021-06-28,2021-06-28,2021-06-28,390,389,8.20148514165143e-06,0.0006085171604254124,True,True,eligible_regular_session
2021-06-29,2021-06-29,2021-06-29,390,389,5.8562947289766236e-06,-0.0014807849933512244,True,True,eligible_regular_session
2021-06-30,2021-06-30,2021-06-30,390,389,5.678720812462534e-06,0.001772440993513238,True,True,eligible_regular_session
2021-07-01,2021-07-01,2021-07-01,390,389,6.4864922509256276e-06,0.002909205915161924,True,True,eligible_regular_session
2021-07-02,2021-07-02,2021-07-02,390,389,4.349253819253935e-06,0.005122947863053802,True,True,eligible_regular_session
2021-07-06,2021-07-06,2021-07-06,390,389,1.684319808312411e-05,-0.002768460651765443,True,True,eligible_regular_session
2021-07-07,2021-07-07,2021-07-07,390,389,2.039825968686868e-05,0.0013889289689439852,True,True,eligible_regular_session
2021-07-08,2021-07-08,2021-07-08,390,389,4.426738882738994e-05,0.004545209390689201,True,True,eligible_regular_session
2021-07-09,2021-07-09,2021-07-09,390,389,7.385564032886134e-06,0.006894282477740811,True,True,eligible_regular_session
2021-07-12,2021-07-12,2021-07-12,390,389,7.506892547431397e-06,0.004362363596120467,True,True,eligible_regular_session
2021-07-13,2021-07-13,2021-07-13,390,389,1.9032809047758804e-05,-0.0018129842494695708,True,True,eligible_regular_session
2021-07-14,2021-07-14,2021-07-14,390,389,1.8473245633310303e-05,-0.0032562280974946364,True,True,eligible_regular_session
2021-07-15,2021-07-15,2021-07-15,390,389,2.4070854495827444e-05,-0.0011301650945789363,True,True,eligible_regular_session
2021-07-16,2021-07-16,2021-07-16,390,389,2.207767355097238e-05,-0.010751345748121897,True,True,eligible_regular_session
2021-07-19,2021-07-19,2021-07-19,390,389,8.359586418492172e-05,-0.0030128520245879314,True,True,eligible_regular_session
2021-07-20,2021-07-20,2021-07-20,390,389,2.8588144726095814e-05,0.012559604810305325,True,True,eligible_regular_session
2021-07-21,2021-07-21,2021-07-21,390,389,1.1726142053769508e-05,0.004783894788656693,True,True,eligible_regular_session
2021-07-22,2021-07-22,2021-07-22,390,389,1.2835809866138771e-05,0.0011638484370349576,True,True,eligible_regular_session
2021-07-23,2021-07-23,2021-07-23,390,389,9.147485448729225e-06,0.005441998550302208,True,True,eligible_regular_session
2021-07-26,2021-07-26,2021-07-26,390,389,1.0087796242233992e-05,0.0034156163869739973,True,True,eligible_regular_session
2021-07-27,2021-07-27,2021-07-27,390,389,3.497413818595241e-05,-0.0008266133623552094,True,True,eligible_regular_session
2021-07-28,2021-07-28,2021-07-28,390,389,2.6046030259091315e-05,-0.001886709478628741,True,True,eligible_regular_session
2021-07-29,2021-07-29,2021-07-29,390,389,9.152242765951157e-06,0.0009825830042990652,True,True,eligible_regular_session
2021-07-30,2021-07-30,2021-07-30,390,389,1.6986644644977193e-05,0.0007896710531683183,True,True,eligible_regular_session
2021-08-02,2021-08-02,2021-08-02,390,389,1.586049242150367e-05,-0.006375642458640055,True,True,eligible_regular_session
2021-08-03,2021-08-03,2021-08-03,390,389,2.215354816427385e-05,0.006022434470380078,True,True,eligible_regular_session
2021-08-04,2021-08-04,2021-08-04,390,389,1.266825609114312e-05,-0.00144587909995587,True,True,eligible_regular_session
2021-08-05,2021-08-05,2021-08-05,390,389,5.630492681293707e-06,0.0037255869829212673,True,True,eligible_regular_session
2021-08-06,2021-08-06,2021-08-06,390,389,7.470167174125249e-06,0.000502808863185498,True,True,eligible_regular_session
2021-08-09,2021-08-09,2021-08-09,390,389,6.3849254319202844e-06,-0.0015261895459616785,True,True,eligible_regular_session
2021-08-10,2021-08-10,2021-08-10,390,389,8.921352313871966e-06,-5.409121131822564e-05,True,True,eligible_regular_session
2021-08-11,2021-08-11,2021-08-11,390,389,5.952318043503957e-06,-0.0003012447726465077,True,True,eligible_regular_session
2021-08-12,2021-08-12,2021-08-12,390,389,4.317361896742079e-06,0.0035081293334048016,True,True,eligible_regular_session
2021-08-13,2021-08-13,2021-08-13,390,389,4.895967877718486e-06,0.00041414403177984256,True,True,eligible_regular_session
2021-08-16,2021-08-16,2021-08-16,390,389,1.2734954001628263e-05,0.005789330787399557,True,True,eligible_regular_session
2021-08-17,2021-08-17,2021-08-17,390,389,3.3618233247142726e-05,2.6977628802959086e-05,True,True,eligible_regular_session
2021-08-18,2021-08-18,2021-08-18,390,389,2.6179092731671633e-05,-0.00802771788081858,True,True,eligible_regular_session
2021-08-19,2021-08-19,2021-08-19,390,389,6.014648330272438e-05,0.007271334539190294,True,True,eligible_regular_session
2021-08-20,2021-08-20,2021-08-20,390,389,1.679055743913061e-05,0.007619243770557039,True,True,eligible_regular_session
2021-08-23,2021-08-23,2021-08-23,390,389,6.482069254370652e-06,0.0036905858246052666,True,True,eligible_regular_session
2021-08-24,2021-08-24,2021-08-24,390,389,5.620794060462747e-06,-0.0002317936155696981,True,True,eligible_regular_session
2021-08-25,2021-08-25,2021-08-25,390,389,4.793609726277466e-06,0.0018655558888341797,True,True,eligible_regular_session
2021-08-26,2021-08-26,2021-08-26,390,389,2.0431826743397515e-05,-0.005386265805586684,True,True,eligible_regular_session
2021-08-27,2021-08-27,2021-08-27,390,389,1.3361525409301977e-05,0.006309913182482647,True,True,eligible_regular_session
2021-08-30,2021-08-30,2021-08-30,390,389,5.335345053952137e-06,0.0023103506200392154,True,True,eligible_regular_session
2021-08-31,2021-08-31,2021-08-31,390,389,1.0535748367668257e-05,-0.0006101025205659384,True,True,eligible_regular_session
2021-09-01,2021-09-01,2021-09-01,390,389,7.950024067730061e-06,-0.0010427598731214424,True,True,eligible_regular_session
2021-09-02,2021-09-02,2021-09-02,390,389,8.354270606991879e-06,-0.0008636321111722899,True,True,eligible_regular_session
2021-09-03,2021-09-03,2021-09-03,390,389,8.640782462220825e-06,0.001107505336347193,True,True,eligible_regular_session
2021-09-07,2021-09-07,2021-09-07,390,389,1.0825761240286158e-05,-0.002313508979460636,True,True,eligible_regular_session
2021-09-08,2021-09-08,2021-09-08,390,389,2.0997227305402517e-05,0.00028581842305376386,True,True,eligible_regular_session
2021-09-09,2021-09-09,2021-09-09,390,389,2.0093490396882196e-05,-0.004501336125310929,True,True,eligible_regular_session
2021-09-10,2021-09-10,2021-09-10,390,389,2.451779360272521e-05,-0.01323737770729548,True,True,eligible_regular_session
2021-09-13,2021-09-13,2021-09-13,390,389,4.4510373924671824e-05,-0.005188869323570111,True,True,eligible_regular_session
2021-09-14,2021-09-14,2021-09-14,390,389,2.7440118557530812e-05,-0.009237320220441497,True,True,eligible_regular_session
2021-09-15,2021-09-15,2021-09-15,390,389,2.1488319776755715e-05,0.0068698167369862645,True,True,eligible_regular_session
2021-09-16,2021-09-16,2021-09-16,390,389,2.8214711011377258e-05,-0.0002503168085161736,True,True,eligible_regular_session
2021-09-17,2021-09-17,2021-09-17,390,389,3.5640371814331105e-05,-0.007452105043283499,True,True,eligible_regular_session
2021-09-20,2021-09-20,2021-09-20,390,389,9.026637055115888e-05,0.00035114173060558907,True,True,eligible_regular_session
2021-09-21,2021-09-21,2021-09-21,390,389,7.602397457537189e-05,-0.005436097024213262,True,True,eligible_regular_session
2021-09-22,2021-09-22,2021-09-22,390,389,5.166223369647914e-05,0.004900947692813204,True,True,eligible_regular_session
2021-09-23,2021-09-23,2021-09-23,390,389,2.002403191482721e-05,0.006758062732043664,True,True,eligible_regular_session
2021-09-24,2021-09-24,2021-09-24,390,389,2.1417311289828985e-05,0.005389781040036379,True,True,eligible_regular_session
2021-09-27,2021-09-27,2021-09-27,390,389,2.0214030892339027e-05,-0.0007378696150292065,True,True,eligible_regular_session
2021-09-28,2021-09-28,2021-09-28,390,389,9.572497651548126e-05,-0.014153218471351649,True,True,eligible_regular_session
2021-09-29,2021-09-29,2021-09-29,390,389,5.3174878757107306e-05,-0.0019707194231161924,True,True,eligible_regular_session
2021-09-30,2021-09-30,2021-09-30,390,389,9.230999146173368e-05,-0.016468660214293922,True,True,eligible_regular_session
2021-10-01,2021-10-01,2021-10-01,390,389,7.829220263711777e-05,0.0058887031166028605,True,True,eligible_regular_session
2021-10-04,2021-10-04,2021-10-04,390,389,0.00010530098012201875,-0.01010432058587877,True,True,eligible_regular_session
2021-10-05,2021-10-05,2021-10-05,390,389,3.900471933736579e-05,0.006390624239126377,True,True,eligible_regular_session
2021-10-06,2021-10-06,2021-10-06,390,389,9.541045233862189e-05,0.012789830060814704,True,True,eligible_regular_session
2021-10-07,2021-10-07,2021-10-07,390,389,2.420256138643661e-05,-0.00010000568222446811,True,True,eligible_regular_session
2021-10-08,2021-10-08,2021-10-08,390,389,3.8603525954166365e-05,-0.003700761196700439,True,True,eligible_regular_session
2021-10-11,2021-10-11,2021-10-11,390,389,2.737263690537739e-05,-0.0058533451066349225,True,True,eligible_regular_session
2021-10-12,2021-10-12,2021-10-12,390,389,6.316626830016977e-05,-0.004039732921203602,True,True,eligible_regular_session
2021-10-13,2021-10-13,2021-10-13,390,389,4.6545653621805696e-05,0.000878024570026807,True,True,eligible_regular_session
2021-10-14,2021-10-14,2021-10-14,390,389,1.4134832661189654e-05,0.007268647369228864,True,True,eligible_regular_session
2021-10-15,2021-10-15,2021-10-15,390,389,1.2842376936554838e-05,0.0025507732770699075,True,True,eligible_regular_session
2021-10-18,2021-10-18,2021-10-18,390,389,1.5567080349426882e-05,0.007609278330498813,True,True,eligible_regular_session
2021-10-19,2021-10-19,2021-10-19,390,389,1.3820800871951584e-05,0.00413000667958697,True,True,eligible_regular_session
2021-10-20,2021-10-20,2021-10-20,390,389,9.715448397771905e-06,0.002272999085195447,True,True,eligible_regular_session
2021-10-21,2021-10-21,2021-10-21,390,389,9.515490372799617e-06,0.0042045510229201995,True,True,eligible_regular_session
2021-10-22,2021-10-22,2021-10-22,390,389,2.5506792683890376e-05,0.000224443677681578,True,True,eligible_regular_session
2021-10-25,2021-10-25,2021-10-25,390,389,1.0475757466719323e-05,0.0024838741895699856,True,True,eligible_regular_session
2021-10-26,2021-10-26,2021-10-26,390,389,2.026112047569792e-05,-0.0018869619623633279,True,True,eligible_regular_session
2021-10-27,2021-10-27,2021-10-27,390,389,2.075001885562306e-05,-0.005914001619695376,True,True,eligible_regular_session
2021-10-28,2021-10-28,2021-10-28,390,389,1.6748715623810894e-05,0.005150248445610328,True,True,eligible_regular_session
2021-10-29,2021-10-29,2021-10-29,390,389,1.3310990034205312e-05,0.007039213131102444,True,True,eligible_regular_session
2021-11-01,2021-11-01,2021-11-01,390,389,1.580754342264318e-05,-0.0006630595891436933,True,True,eligible_regular_session
2021-11-02,2021-11-02,2021-11-02,390,389,1.1148649574636327e-05,0.003081953130426952,True,True,eligible_regular_session
2021-11-03,2021-11-03,2021-11-03,390,389,1.9562727546020713e-05,0.007533957668911037,True,True,eligible_regular_session
2021-11-04,2021-11-04,2021-11-04,390,389,1.5082087605551701e-05,0.003188778212241002,True,True,eligible_regular_session
2021-11-05,2021-11-05,2021-11-05,390,389,1.937102324941595e-05,-0.001414976644278138,True,True,eligible_regular_session
2021-11-08,2021-11-08,2021-11-08,390,389,1.7854741007910138e-05,-0.0016194060192739402,True,True,eligible_regular_session
2021-11-09,2021-11-09,2021-11-09,390,389,3.3460601364171725e-05,-0.004535686317601202,True,True,eligible_regular_session
2021-11-10,2021-11-10,2021-11-10,390,389,3.307031156990221e-05,-0.004635686707013275,True,True,eligible_regular_session
2021-11-11,2021-11-11,2021-11-11,390,389,1.0967136381260623e-05,-0.0022902626624135406,True,True,eligible_regular_session
2021-11-12,2021-11-12,2021-11-12,390,389,1.319265449302869e-05,0.004636009441967465,True,True,eligible_regular_session
2021-11-15,2021-11-15,2021-11-15,390,389,1.586411204627562e-05,-0.0017899454248266348,True,True,eligible_regular_session
2021-11-16,2021-11-16,2021-11-16,390,389,1.0525490414165937e-05,0.004210756961095132,True,True,eligible_regular_session
2021-11-17,2021-11-17,2021-11-17,390,389,1.3201223219547304e-05,-0.001957937994922679,True,True,eligible_regular_session
2021-11-18,2021-11-18,2021-11-18,390,389,1.989233322209043e-05,0.001152701105941743,True,True,eligible_regular_session
2021-11-19,2021-11-19,2021-11-19,390,389,1.710744695523523e-05,-0.0007979020918762874,True,True,eligible_regular_session
2021-11-22,2021-11-22,2021-11-22,390,389,3.2628139197501704e-05,-0.007817600288475795,True,True,eligible_regular_session
2021-11-23,2021-11-23,2021-11-23,390,389,6.465264152142006e-05,0.002001460154576074,True,True,eligible_regular_session
2021-11-24,2021-11-24,2021-11-24,390,389,3.455869855973843e-05,0.0073928059169882515,True,True,eligible_regular_session
2021-11-26,2021-11-26,2021-11-26,232,231,6.643033152878454e-05,-0.008622844772061346,False,False,short_or_incomplete
2021-11-29,2021-11-29,2021-11-29,390,389,3.5646178060940616e-05,6.661487899509317e-05,True,True,eligible_regular_session
2021-11-30,2021-11-30,2021-11-30,390,389,0.0001031691191199724,-0.012248736284788848,True,True,eligible_regular_session
2021-12-01,2021-12-01,2021-12-01,390,389,0.00011231673880050467,-0.023771216120102044,True,True,eligible_regular_session
2021-12-02,2021-12-02,2021-12-02,390,389,0.00016380941582075413,0.012491106421348729,True,True,eligible_regular_session
2021-12-03,2021-12-03,2021-12-03,390,389,0.0001845950586575806,-0.01279831823767455,True,True,eligible_regular_session
2021-12-06,2021-12-06,2021-12-06,390,389,7.632862148434743e-05,0.0045568311657191015,True,True,eligible_regular_session
2021-12-07,2021-12-07,2021-12-07,390,389,2.6035960271799432e-05,0.00810904135093454,True,True,eligible_regular_session
2021-12-08,2021-12-08,2021-12-08,390,389,2.911854292502492e-05,0.0022530781710587825,True,True,eligible_regular_session
2021-12-09,2021-12-09,2021-12-09,390,389,2.8550553765024405e-05,-0.00366323884185189,True,True,eligible_regular_session
2021-12-10,2021-12-10,2021-12-10,390,389,3.032953880449416e-05,0.002716110875228683,True,True,eligible_regular_session
2021-12-13,2021-12-13,2021-12-13,390,389,3.441419859190528e-05,-0.008044131206478369,True,True,eligible_regular_session
2021-12-14,2021-12-14,2021-12-14,390,389,4.769541742092788e-05,-0.00024162301749372403,True,True,eligible_regular_session
2021-12-15,2021-12-15,2021-12-15,390,389,9.277808794690583e-05,0.015058537111351291,True,True,eligible_regular_session
2021-12-16,2021-12-16,2021-12-16,390,389,8.804480137402671e-05,-0.0128734445283701,True,True,eligible_regular_session
2021-12-17,2021-12-17,2021-12-17,390,389,0.0001198478997840912,-0.0038193215726226616,True,True,eligible_regular_session
2021-12-20,2021-12-20,2021-12-20,390,389,8.900083212567996e-05,0.0011193070665295,True,True,eligible_regular_session
2021-12-21,2021-12-21,2021-12-21,390,389,3.800676274327226e-05,0.008528449442251783,True,True,eligible_regular_session
2021-12-22,2021-12-22,2021-12-22,390,389,2.1664016189858456e-05,0.01003226930925636,True,True,eligible_regular_session
2021-12-23,2021-12-23,2021-12-23,390,389,1.3929537781571531e-05,0.003971654473011977,True,True,eligible_regular_session
2021-12-27,2021-12-27,2021-12-27,390,389,1.0183529644176218e-05,0.009896439589820205,True,True,eligible_regular_session
2021-12-28,2021-12-28,2021-12-28,390,389,2.63251570337121e-05,-0.0017281398834261665,True,True,eligible_regular_session
2021-12-29,2021-12-29,2021-12-29,390,389,1.4881394467124054e-05,0.0002524865240906325,True,True,eligible_regular_session
2021-12-30,2021-12-30,2021-12-30,390,389,1.239224164704127e-05,-0.003769605606596257,True,True,eligible_regular_session
2021-12-31,2021-12-31,2021-12-31,390,389,2.2056762514713395e-05,-0.0019012149812443252,True,True,eligible_regular_session
2022-01-03,2022-01-03,2022-01-03,390,389,3.693708159676498e-05,0.0024927100133265508,True,True,eligible_regular_session
2022-01-04,2022-01-04,2022-01-04,390,389,2.9543044850394637e-05,-0.003885303218514223,True,True,eligible_regular_session
2022-01-05,2022-01-05,2022-01-05,390,389,5.2695945292808266e-05,-0.0190035177793507,True,True,eligible_regular_session
2022-01-06,2022-01-06,2022-01-06,390,389,8.61852082095744e-05,-9.581654333177847e-05,True,True,eligible_regular_session
2022-01-07,2022-01-07,2022-01-07,390,389,4.627133704264515e-05,-0.004031200807757174,True,True,eligible_regular_session
2022-01-10,2022-01-10,2022-01-10,390,389,9.733849419394526e-05,0.0056456378123350736,True,True,eligible_regular_session
2022-01-11,2022-01-11,2022-01-11,390,389,7.955305400413453e-05,0.009716318256366827,True,True,eligible_regular_session
2022-01-12,2022-01-12,2022-01-12,390,389,5.6860232811098044e-05,-0.0009537293971432312,True,True,eligible_regular_session
2022-01-13,2022-01-13,2022-01-13,390,389,6.757205674433819e-05,-0.016451169724390563,True,True,eligible_regular_session
2022-01-14,2022-01-14,2022-01-14,390,389,9.291275091046073e-05,0.006995790176368771,True,True,eligible_regular_session
2022-01-18,2022-01-18,2022-01-18,390,389,8.755012777131706e-05,-0.006714860227414337,True,True,eligible_regular_session
2022-01-19,2022-01-19,2022-01-19,390,389,7.744625246530409e-05,-0.013991327996681829,True,True,eligible_regular_session
2022-01-20,2022-01-20,2022-01-20,390,389,7.996426599710025e-05,-0.016374691811780334,True,True,eligible_regular_session
2022-01-21,2022-01-21,2022-01-21,390,389,0.0002574547726465722,-0.015157840049671911,True,True,eligible_regular_session
2022-01-24,2022-01-24,2022-01-24,390,389,0.0005115123223873483,0.02000210909752721,True,True,eligible_regular_session
2022-01-25,2022-01-25,2022-01-25,390,389,0.0002976698534535506,0.0023731507519941727,True,True,eligible_regular_session
2022-01-26,2022-01-26,2022-01-26,390,389,0.000427369868372761,-0.017220435047546452,True,True,eligible_regular_session
2022-01-27,2022-01-27,2022-01-27,390,389,0.00029322553437846887,-0.016408470384279263,True,True,eligible_regular_session
2022-01-28,2022-01-28,2022-01-28,390,389,0.00021381042891277177,0.020353300121540345,True,True,eligible_regular_session
2022-01-31,2022-01-31,2022-01-31,390,389,8.418085965478548e-05,0.019897949239026394,True,True,eligible_regular_session
2022-02-01,2022-02-01,2022-02-01,390,389,0.00010143203123528431,0.005794597640334142,True,True,eligible_regular_session
2022-02-02,2022-02-02,2022-02-02,390,389,8.352425132901706e-05,0.004126004999355521,True,True,eligible_regular_session
2022-02-03,2022-02-03,2022-02-03,390,389,9.417497038550444e-05,-0.010195443763811391,True,True,eligible_regular_session
2022-02-04,2022-02-04,2022-02-04,390,389,0.00012177569259641314,0.005229425418678351,True,True,eligible_regular_session
2022-02-07,2022-02-07,2022-02-07,390,389,7.627571380699247e-05,-0.0051027895730788265,True,True,eligible_regular_session
2022-02-08,2022-02-08,2022-02-08,390,389,6.000538826315369e-05,0.00840533344178439,True,True,eligible_regular_session
2022-02-09,2022-02-09,2022-02-09,390,389,3.3637653312477884e-05,0.004814431148042146,True,True,eligible_regular_session
2022-02-10,2022-02-10,2022-02-10,390,389,0.00013893373191346266,-0.006352924001299044,True,True,eligible_regular_session
2022-02-11,2022-02-11,2022-02-11,390,389,0.000213901977594114,-0.021001145968879427,True,True,eligible_regular_session
2022-02-14,2022-02-14,2022-02-14,390,389,0.00017942330712427591,-0.0037918520711242108,True,True,eligible_regular_session
2022-02-15,2022-02-15,2022-02-15,390,389,5.785519569139723e-05,0.0055559249889896994,True,True,eligible_regular_session
2022-02-16,2022-02-16,2022-02-16,390,389,8.123130846279901e-05,0.0052267171590365934,True,True,eligible_regular_session
2022-02-17,2022-02-17,2022-02-17,390,389,5.710129263139024e-05,-0.01456898659786759,True,True,eligible_regular_session
2022-02-18,2022-02-18,2022-02-18,390,389,0.00012245405463331106,-0.00857495817857231,True,True,eligible_regular_session
2022-02-22,2022-02-22,2022-02-22,390,389,0.00019008284028706243,-0.005739687590762508,True,True,eligible_regular_session
2022-02-23,2022-02-23,2022-02-23,390,389,0.0001235924442481035,-0.026002424861989244,True,True,eligible_regular_session
2022-02-24,2022-02-24,2022-02-24,390,389,0.00036545847155251224,0.03989575035636291,True,True,eligible_regular_session
2022-02-25,2022-02-25,2022-02-25,390,389,0.00013982109339383123,0.019924281373031105,True,True,eligible_regular_session
2022-02-28,2022-02-28,2022-02-28,390,389,0.0001544036417483803,0.007753329053734437,True,True,eligible_regular_session
2022-03-01,2022-03-01,2022-03-01,390,389,0.00015525167148689202,-0.01360452224142798,True,True,eligible_regular_session
2022-03-02,2022-03-02,2022-03-02,390,389,0.00013215811225301635,0.011918556367875009,True,True,eligible_regular_session
2022-03-03,2022-03-03,2022-03-03,390,389,0.00011701230106299647,-0.011218444340276574,True,True,eligible_regular_session
2022-03-04,2022-03-04,2022-03-04,390,389,0.0001323200994999105,0.00012011734555106414,True,True,eligible_regular_session
2022-03-07,2022-03-07,2022-03-07,390,389,0.00013917349065079257,-0.028023963417121642,True,True,eligible_regular_session
2022-03-08,2022-03-08,2022-03-08,390,389,0.00039170092719529074,-0.008382935205998815,True,True,eligible_regular_session
2022-03-09,2022-03-09,2022-03-09,390,389,0.00010546164647897196,0.00611561030085856,True,True,eligible_regular_session
2022-03-10,2022-03-10,2022-03-10,390,389,0.00010948599193876127,0.005669699564473756,True,True,eligible_regular_session
2022-03-11,2022-03-11,2022-03-11,390,389,8.730352297754431e-05,-0.019914981368052212,True,True,eligible_regular_session
2022-03-14,2022-03-14,2022-03-14,390,389,0.00011236376113744179,-0.010796509567761008,True,True,eligible_regular_session
2022-03-15,2022-03-15,2022-03-15,390,389,0.00010348701841819032,0.0134764080389426,True,True,eligible_regular_session
2022-03-16,2022-03-16,2022-03-16,390,389,0.00017463443848618823,0.012376775626845441,True,True,eligible_regular_session
2022-03-17,2022-03-17,2022-03-17,390,389,6.364976786274755e-05,0.01592069335104364,True,True,eligible_regular_session
2022-03-18,2022-03-18,2022-03-18,390,389,5.4143378336488345e-05,0.014639957033543146,True,True,eligible_regular_session
2022-03-21,2022-03-21,2022-03-21,390,389,9.243814784807884e-05,-0.0007797096648826717,True,True,eligible_regular_session
2022-03-22,2022-03-22,2022-03-22,390,389,3.7357903500851854e-05,0.007779664716264974,True,True,eligible_regular_session
2022-03-23,2022-03-23,2022-03-23,390,389,4.706397272477793e-05,-0.006774304224573885,True,True,eligible_regular_session
2022-03-24,2022-03-24,2022-03-24,390,389,4.030989099399257e-05,0.009670459754853995,True,True,eligible_regular_session
2022-03-25,2022-03-25,2022-03-25,390,389,4.945368602275701e-05,0.003236541316499317,True,True,eligible_regular_session
2022-03-28,2022-03-28,2022-03-28,390,389,3.684314640293906e-05,0.008339874299620399,True,True,eligible_regular_session
2022-03-29,2022-03-29,2022-03-29,390,389,4.137416019252763e-05,0.0029601269667328166,True,True,eligible_regular_session
2022-03-30,2022-03-30,2022-03-30,390,389,3.0152533432350438e-05,-0.004264509730622333,True,True,eligible_regular_session
2022-03-31,2022-03-31,2022-03-31,390,389,4.607869590460831e-05,-0.013467147064122054,True,True,eligible_regular_session
2022-04-01,2022-04-01,2022-04-01,390,389,5.2631625395123226e-05,8.581622790134574e-05,True,True,eligible_regular_session
2022-04-04,2022-04-04,2022-04-04,390,389,2.461108358096383e-05,0.008104164442130012,True,True,eligible_regular_session
2022-04-05,2022-04-05,2022-04-05,390,389,4.571566994834915e-05,-0.009927472646614234,True,True,eligible_regular_session
2022-04-06,2022-04-06,2022-04-06,390,389,9.45363466957645e-05,-0.0017014448542864054,True,True,eligible_regular_session
2022-04-07,2022-04-07,2022-04-07,390,389,7.384953083860172e-05,0.00512033204257251,True,True,eligible_regular_session
2022-04-08,2022-04-08,2022-04-08,390,389,5.101845031124741e-05,-0.001064201737704005,True,True,eligible_regular_session
2022-04-11,2022-04-11,2022-04-11,390,389,4.377787260747206e-05,-0.010682778753665568,True,True,eligible_regular_session
2022-04-12,2022-04-12,2022-04-12,390,389,6.206842971460257e-05,-0.009380708913480923,True,True,eligible_regular_session
2022-04-13,2022-04-13,2022-04-13,390,389,3.7235735777445385e-05,0.011767156902356713,True,True,eligible_regular_session
2022-04-14,2022-04-14,2022-04-14,390,389,4.789694464890398e-05,-0.01371335589027319,True,True,eligible_regular_session
2022-04-18,2022-04-18,2022-04-18,390,389,5.564888459500659e-05,0.00034841817364605063,True,True,eligible_regular_session
2022-04-19,2022-04-19,2022-04-19,390,389,4.642013215589272e-05,0.015076609606334671,True,True,eligible_regular_session
2022-04-20,2022-04-20,2022-04-20,390,389,5.125383241480571e-05,-0.005447569563072635,True,True,eligible_regular_session
2022-04-21,2022-04-21,2022-04-21,390,389,8.922335663009742e-05,-0.024360475775369796,True,True,eligible_regular_session
2022-04-22,2022-04-22,2022-04-22,390,389,0.0001088183857880654,-0.024583679842305018,True,True,eligible_regular_session
2022-04-25,2022-04-25,2022-04-25,390,389,0.00021637201927686067,0.014131380626656498,True,True,eligible_regular_session
2022-04-26,2022-04-26,2022-04-26,390,389,0.0001428809070627227,-0.022535544640189444,True,True,eligible_regular_session
2022-04-27,2022-04-27,2022-04-27,390,389,0.00022947458117991929,-0.0019869280090362824,True,True,eligible_regular_session
2022-04-28,2022-04-28,2022-04-28,390,389,0.0001271876633397552,0.011619722738834694,True,True,eligible_regular_session
2022-04-29,2022-04-29,2022-04-29,390,389,0.00013739237445996481,-0.027231192755709187,True,True,eligible_regular_session
2022-05-02,2022-05-02,2022-05-02,390,389,0.0003215417277771331,0.0040775882292229376,True,True,eligible_regular_session
2022-05-03,2022-05-03,2022-05-03,390,389,0.00016412720404775254,0.004407778834921783,True,True,eligible_regular_session
2022-05-04,2022-05-04,2022-05-04,390,389,0.0002733468390818391,0.02838905196856781,True,True,eligible_regular_session
2022-05-05,2022-05-05,2022-05-05,390,389,0.0003503788759412934,-0.025163827646479578,True,True,eligible_regular_session
2022-05-06,2022-05-06,2022-05-06,390,389,0.00039476129945385254,0.0008514241249046626,True,True,eligible_regular_session
2022-05-09,2022-05-09,2022-05-09,390,389,0.00026715188145341544,-0.017261989812805502,True,True,eligible_regular_session
2022-05-10,2022-05-10,2022-05-10,390,389,0.00034026679119038224,-0.01621379747306265,True,True,eligible_regular_session
2022-05-11,2022-05-11,2022-05-11,390,389,0.0004044289275760866,-0.01399079435626803,True,True,eligible_regular_session
2022-05-12,2022-05-12,2022-05-12,390,389,0.000471065091185202,0.006123014805549963,True,True,eligible_regular_session
2022-05-13,2022-05-13,2022-05-13,390,389,0.00015321125189693869,0.012451816623108139,True,True,eligible_regular_session
2022-05-16,2022-05-16,2022-05-16,390,389,0.0001549721516911369,-0.00041645003139227784,True,True,eligible_regular_session
2022-05-17,2022-05-17,2022-05-17,390,389,0.00011998938377658155,0.004841472976198132,True,True,eligible_regular_session
2022-05-18,2022-05-18,2022-05-18,390,389,0.00013608204745945923,-0.02886619241582445,True,True,eligible_regular_session
2022-05-19,2022-05-19,2022-05-19,390,389,0.0003117755657791425,0.0015216153095897358,True,True,eligible_regular_session
2022-05-20,2022-05-20,2022-05-20,390,389,0.00023467270540489558,-0.008270100099569732,True,True,eligible_regular_session
2022-05-23,2022-05-23,2022-05-23,390,389,0.00018360517556728056,0.010277104300622956,True,True,eligible_regular_session
2022-05-24,2022-05-24,2022-05-24,390,389,0.00019032177772011633,0.0025363036137446347,True,True,eligible_regular_session
2022-05-25,2022-05-25,2022-05-25,390,389,0.00017304959136791334,0.012181472013871968,True,True,eligible_regular_session
2022-05-26,2022-05-26,2022-05-26,390,389,6.037651417898512e-05,0.01646899871133908,True,True,eligible_regular_session
2022-05-27,2022-05-27,2022-05-27,390,389,4.1285962562361715e-05,0.017454016463249976,True,True,eligible_regular_session
2022-05-31,2022-05-31,2022-05-31,390,389,0.00014409261242698365,-0.0018827276827537889,True,True,eligible_regular_session
2022-06-01,2022-06-01,2022-06-01,390,389,0.00012427952463711037,-0.014341918506804826,True,True,eligible_regular_session
2022-06-02,2022-06-02,2022-06-02,380,379,0.00011415451344052579,0.019111490050325294,False,False,missing_regular_close
2022-06-03,2022-06-03,2022-06-03,361,360,0.000106999869890633,-0.004778946801499584,True,True,eligible_regular_session
2022-06-06,2022-06-06,2022-06-06,390,389,8.57350559411242e-05,-0.007672653364073253,True,True,eligible_regular_session
2022-06-07,2022-06-07,2022-06-07,390,389,6.478937471389535e-05,0.017717478705349305,True,True,eligible_regular_session
2022-06-08,2022-06-08,2022-06-08,390,389,6.583562123484056e-05,-0.005674179605095319,True,True,eligible_regular_session
2022-06-09,2022-06-09,2022-06-09,390,389,0.00010472665354633668,-0.020199421833935798,True,True,eligible_regular_session
2022-06-10,2022-06-10,2022-06-10,390,389,0.00014939850142806738,-0.013277579825103192,True,True,eligible_regular_session
2022-06-13,2022-06-13,2022-06-13,390,389,0.0002347999537355193,-0.014559117865055652,True,True,eligible_regular_session
2022-06-14,2022-06-14,2022-06-14,390,389,0.00019627035809651708,-0.008966590800845426,True,True,eligible_regular_session
2022-06-15,2022-06-15,2022-06-15,390,389,0.00044655882633181607,0.005051043634145303,True,True,eligible_regular_session
2022-06-16,2022-06-16,2022-06-16,390,389,0.00020856223257460224,-0.00981899848230023,True,True,eligible_regular_session
2022-06-17,2022-06-17,2022-06-17,390,389,0.00023828537751413592,-0.00017692105692522527,True,True,eligible_regular_session
2022-06-21,2022-06-21,2022-06-21,390,389,5.941720299540467e-05,0.007890507713244612,True,True,eligible_regular_session
2022-06-22,2022-06-22,2022-06-22,390,389,0.00013479124491094243,0.010184356968559244,True,True,eligible_regular_session
2022-06-23,2022-06-23,2022-06-23,390,389,0.0001332302751588948,0.0035416016433826815,True,True,eligible_regular_session
2022-06-24,2022-06-24,2022-06-24,390,389,6.910577652583613e-05,0.021138416732308436,True,True,eligible_regular_session
2022-06-27,2022-06-27,2022-06-27,390,389,9.360311870758103e-05,-0.006674169617959773,True,True,eligible_regular_session
2022-06-28,2022-06-28,2022-06-28,390,389,0.0001039222925602822,-0.026183582551676923,True,True,eligible_regular_session
2022-06-29,2022-06-29,2022-06-29,390,389,0.00014937622774098013,-0.0016092507898319874,True,True,eligible_regular_session
2022-06-30,2022-06-30,2022-06-30,390,389,0.00019063652893060433,0.0021638024772734897,True,True,eligible_regular_session
2022-07-01,2022-07-01,2022-07-01,390,389,0.00014894541622630114,0.010560054399769035,True,True,eligible_regular_session
2022-07-05,2022-07-05,2022-07-05,390,389,0.00013909591952948722,0.016302535379284694,True,True,eligible_regular_session
2022-07-06,2022-07-06,2022-07-06,390,389,0.00015121094930094009,0.003261583194759415,True,True,eligible_regular_session
2022-07-07,2022-07-07,2022-07-07,390,389,3.818098576089378e-05,0.007820068543236039,True,True,eligible_regular_session
2022-07-08,2022-07-08,2022-07-08,390,389,6.751655567023057e-05,0.0033396046123415086,True,True,eligible_regular_session
2022-07-11,2022-07-11,2022-07-11,390,389,5.9607389669674844e-05,-0.004090419378682416,True,True,eligible_regular_session
2022-07-12,2022-07-12,2022-07-12,390,389,8.03768814505422e-05,-0.008554724398828926,True,True,eligible_regular_session
2022-07-13,2022-07-13,2022-07-13,390,389,0.00019727180078358403,0.0077222500332640295,True,True,eligible_regular_session
2022-07-14,2022-07-14,2022-07-14,390,389,0.00011853480543274146,0.009412988076696615,True,True,eligible_regular_session
2022-07-15,2022-07-15,2022-07-15,390,389,7.98519530647058e-05,0.005192712807387986,True,True,eligible_regular_session
2022-07-18,2022-07-18,2022-07-18,390,389,5.967469551148201e-05,-0.016873001415157865,True,True,eligible_regular_session
2022-07-19,2022-07-19,2022-07-19,390,389,3.9246876962379366e-05,0.016764170949277676,True,True,eligible_regular_session
2022-07-20,2022-07-20,2022-07-20,390,389,6.954354523109494e-05,0.007025665375282426,True,True,eligible_regular_session
2022-07-21,2022-07-21,2022-07-21,390,389,9.845626083904625e-05,0.012172260607472426,True,True,eligible_regular_session
2022-07-22,2022-07-22,2022-07-22,390,389,8.491542703250506e-05,-0.010456866639449289,True,True,eligible_regular_session
2022-07-25,2022-07-25,2022-07-25,390,389,6.199045672638168e-05,-0.0004360906683951025,True,True,eligible_regular_session
2022-07-26,2022-07-26,2022-07-26,390,389,5.118110613633323e-05,-0.007230854891616407,True,True,eligible_regular_session
2022-07-27,2022-07-27,2022-07-27,390,389,0.00010729269707113583,0.016054726707647893,True,True,eligible_regular_session
2022-07-28,2022-07-28,2022-07-28,390,389,6.833574602400447e-05,0.008817237549812559,True,True,eligible_regular_session
2022-07-29,2022-07-29,2022-07-29,390,389,4.372451642769066e-05,0.0103524472899148,True,True,eligible_regular_session
2022-08-01,2022-08-01,2022-08-01,390,389,8.223916095749704e-05,0.0026939055773892912,True,True,eligible_regular_session
2022-08-02,2022-08-02,2022-08-02,390,389,8.391147959175431e-05,-0.0023558689705882123,True,True,eligible_regular_session
2022-08-03,2022-08-03,2022-08-03,390,389,5.23694133886125e-05,0.00988777970919404,True,True,eligible_regular_session
2022-08-04,2022-08-04,2022-08-04,390,389,5.418533999495142e-05,-0.000573041082019088,True,True,eligible_regular_session
2022-08-05,2022-08-05,2022-08-05,390,389,5.721685485160693e-05,0.007991486670761994,True,True,eligible_regular_session
2022-08-08,2022-08-08,2022-08-08,390,389,5.777211557806099e-05,-0.005756347257289034,True,True,eligible_regular_session
2022-08-09,2022-08-09,2022-08-09,390,389,4.184293852221526e-05,-0.0028749467277283604,True,True,eligible_regular_session
2022-08-10,2022-08-10,2022-08-10,390,389,3.666496280339757e-05,0.003727244586341915,True,True,eligible_regular_session
2022-08-11,2022-08-11,2022-08-11,390,389,4.3572076962461946e-05,-0.007176741311933106,True,True,eligible_regular_session
2022-08-12,2022-08-12,2022-08-12,390,389,4.067072172773322e-05,0.012135922913761383,True,True,eligible_regular_session
2022-08-15,2022-08-15,2022-08-15,390,389,2.278761014829155e-05,0.008460663045878135,True,True,eligible_regular_session
2022-08-16,2022-08-16,2022-08-16,390,389,3.224243375200238e-05,0.0034621513394293493,True,True,eligible_regular_session
2022-08-17,2022-08-17,2022-08-17,390,389,6.63019341070037e-05,0.0005312507804091527,True,True,eligible_regular_session
2022-08-18,2022-08-18,2022-08-18,390,389,3.4688141498907105e-05,0.0016982870542043523,True,True,eligible_regular_session
2022-08-19,2022-08-19,2022-08-19,390,389,3.406439108982004e-05,-0.007098061346577151,True,True,eligible_regular_session
2022-08-22,2022-08-22,2022-08-22,390,389,3.1474692958023825e-05,-0.008884842472977647,True,True,eligible_regular_session
2022-08-23,2022-08-23,2022-08-23,390,389,5.3788941435546735e-05,-0.0022529154038707093,True,True,eligible_regular_session
2022-08-24,2022-08-24,2022-08-24,390,389,3.2068070598513315e-05,0.003306731734360441,True,True,eligible_regular_session
2022-08-25,2022-08-25,2022-08-25,390,389,3.459393667707044e-05,0.010852223960649611,True,True,eligible_regular_session
2022-08-26,2022-08-26,2022-08-26,390,389,0.0001648231374983151,-0.034037067554037896,True,True,eligible_regular_session
2022-08-29,2022-08-29,2022-08-29,390,389,9.849498238137225e-05,0.0012784313032982225,True,True,eligible_regular_session
2022-08-30,2022-08-30,2022-08-30,390,389,0.00011864158930315046,-0.014366445677788598,True,True,eligible_regular_session
2022-08-31,2022-08-31,2022-08-31,390,389,0.0001078925244901648,-0.010693244901996735,True,True,eligible_regular_session
2022-09-01,2022-09-01,2022-09-01,390,389,0.00011277277622788515,0.008081000327504171,True,True,eligible_regular_session
2022-09-02,2022-09-02,2022-09-02,390,389,0.00014434112215542218,-0.01903911015419867,True,True,eligible_regular_session
2022-09-06,2022-09-06,2022-09-06,390,389,0.00016344167326140543,-0.007932324250984382,True,True,eligible_regular_session
2022-09-07,2022-09-07,2022-09-07,390,389,6.885072077179875e-05,0.018570779461042276,True,True,eligible_regular_session
2022-09-08,2022-09-08,2022-09-08,390,389,0.0001380073040465562,0.014625158212246045,True,True,eligible_regular_session
2022-09-09,2022-09-09,2022-09-09,390,389,4.1069306416317615e-05,0.008636813495575551,True,True,eligible_regular_session
2022-09-12,2022-09-12,2022-09-12,390,389,4.96298663999583e-05,0.0046178872490853055,True,True,eligible_regular_session
2022-09-13,2022-09-13,2022-09-13,390,389,0.00010156014340120841,-0.023255897657713753,True,True,eligible_regular_session
2022-09-14,2022-09-14,2022-09-14,390,389,0.00012031582810022472,0.0006590303874091957,True,True,eligible_regular_session
2022-09-15,2022-09-15,2022-09-15,390,389,0.00010966389975550992,-0.0071842526839979645,True,True,eligible_regular_session
2022-09-16,2022-09-16,2022-09-16,390,389,0.00012250462056606016,0.0035724902216368593,True,True,eligible_regular_session
2022-09-19,2022-09-19,2022-09-19,390,389,8.43948683598849e-05,0.015307943832021963,True,True,eligible_regular_session
2022-09-20,2022-09-20,2022-09-20,390,389,9.222428838908991e-05,-0.0028584171828308015,True,True,eligible_regular_session
2022-09-21,2022-09-21,2022-09-21,390,389,0.00040508996144108015,-0.023477907302909017,True,True,eligible_regular_session
2022-09-22,2022-09-22,2022-09-22,390,389,0.0001340347366430232,-0.0083522346080173,True,True,eligible_regular_session
2022-09-23,2022-09-23,2022-09-23,390,389,0.0001245237744676842,-0.0053116530242011215,True,True,eligible_regular_session
2022-09-26,2022-09-26,2022-09-26,390,389,0.00019413334697263826,-0.007064451348397447,True,True,eligible_regular_session
2022-09-27,2022-09-27,2022-09-27,390,389,0.00018253249404065708,-0.01193618674347428,True,True,eligible_regular_session
2022-09-28,2022-09-28,2022-09-28,390,389,0.00013583194021512293,0.017006414461057093,True,True,eligible_regular_session
2022-09-29,2022-09-29,2022-09-29,390,389,0.00014146390844960155,-0.011152095438741417,True,True,eligible_regular_session
2022-09-30,2022-09-30,2022-09-30,390,389,0.0001884028863564894,-0.01294754725478678,True,True,eligible_regular_session
2022-10-03,2022-10-03,2022-10-03,390,389,0.00010103379895596063,0.01462315077983083,True,True,eligible_regular_session
2022-10-04,2022-10-04,2022-10-04,390,389,8.004936720336833e-05,0.014185351068116848,True,True,eligible_regular_session
2022-10-05,2022-10-05,2022-10-05,390,389,0.0001037603836886501,0.00907528199838792,True,True,eligible_regular_session
2022-10-06,2022-10-06,2022-10-06,390,389,0.00014061299046802804,-0.006860989950421434,True,True,eligible_regular_session
2022-10-07,2022-10-07,2022-10-07,390,389,9.743678594487944e-05,-0.01605554075825443,True,True,eligible_regular_session
2022-10-10,2022-10-10,2022-10-10,390,389,0.000126841940439688,-0.010717407507541288,True,True,eligible_regular_session
2022-10-11,2022-10-11,2022-10-11,390,389,0.00015849186322859957,-0.0012613379370563108,True,True,eligible_regular_session
2022-10-12,2022-10-12,2022-10-12,390,389,0.0001337642955597706,-0.0023065999620809105,True,True,eligible_regular_session
2022-10-13,2022-10-13,2022-10-13,390,389,0.0004560942314331539,0.046161913014425786,True,True,eligible_regular_session
2022-10-14,2022-10-14,2022-10-14,390,389,0.00030241690665131437,-0.029942693907435567,True,True,eligible_regular_session
2022-10-17,2022-10-17,2022-10-17,390,389,9.288720511894835e-05,0.005949590691358824,True,True,eligible_regular_session
2022-10-18,2022-10-18,2022-10-18,390,389,0.00016558794919679497,-0.010009387086690318,True,True,eligible_regular_session
2022-10-19,2022-10-19,2022-10-19,390,389,0.00011753911599427954,-0.002359253322159514,True,True,eligible_regular_session
2022-10-20,2022-10-20,2022-10-20,390,389,0.00012626247333983516,-0.007204093704496912,True,True,eligible_regular_session
2022-10-21,2022-10-21,2022-10-21,390,389,0.0001826971770197438,0.026983957320987545,True,True,eligible_regular_session
2022-10-24,2022-10-24,2022-10-24,390,389,0.0001977026482394284,0.00813508064186039,True,True,eligible_regular_session
2022-10-25,2022-10-25,2022-10-25,390,389,5.57253892946093e-05,0.014644820649747672,True,True,eligible_regular_session
2022-10-26,2022-10-26,2022-10-26,390,389,0.00011741079419463073,0.0011466857731390492,True,True,eligible_regular_session
2022-10-27,2022-10-27,2022-10-27,390,389,0.00011815717041041785,-0.010106623930010933,True,True,eligible_regular_session
2022-10-28,2022-10-28,2022-10-28,390,389,8.984796589631921e-05,0.022997686456163253,True,True,eligible_regular_session
2022-10-31,2022-10-31,2022-10-31,390,389,7.81902251838698e-05,-0.0011768897404975229,True,True,eligible_regular_session
2022-11-01,2022-11-01,2022-11-01,390,389,9.423860436335281e-05,-0.013849456076752803,True,True,eligible_regular_session
2022-11-02,2022-11-02,2022-11-02,390,389,0.0004095681049368399,-0.023337521193217775,True,True,eligible_regular_session
2022-11-03,2022-11-03,2022-11-03,390,389,0.00012049762798719646,0.0007099675434295407,True,True,eligible_regular_session
2022-11-04,2022-11-04,2022-11-04,390,389,0.0002123064683762221,-0.002328591989770115,True,True,eligible_regular_session
2022-11-07,2022-11-07,2022-11-07,390,389,7.390402677702527e-05,0.005039770528159852,True,True,eligible_regular_session
2022-11-08,2022-11-08,2022-11-08,390,389,9.71271506847051e-05,0.0035771285335492557,True,True,eligible_regular_session
2022-11-09,2022-11-09,2022-11-09,390,389,0.00011017707390124432,-0.014907690476899412,True,True,eligible_regular_session
2022-11-10,2022-11-10,2022-11-10,390,389,0.0001151334241679418,0.017474533259152686,True,True,eligible_regular_session
2022-11-11,2022-11-11,2022-11-11,390,389,0.00010752384282207988,0.00767173620019698,True,True,eligible_regular_session
2022-11-14,2022-11-14,2022-11-14,390,389,7.027708825159076e-05,-0.0045910093483710265,True,True,eligible_regular_session
2022-11-15,2022-11-15,2022-11-15,390,389,0.00018821732274576844,-0.0066016893737332535,True,True,eligible_regular_session
2022-11-16,2022-11-16,2022-11-16,390,389,6.046364792532994e-05,-0.0043040950244876185,True,True,eligible_regular_session
2022-11-17,2022-11-17,2022-11-17,390,389,6.399875927066959e-05,0.008652643972718472,True,True,eligible_regular_session
2022-11-18,2022-11-18,2022-11-18,390,389,6.897172815934624e-05,-0.0027463312479284394,True,True,eligible_regular_session
2022-11-21,2022-11-21,2022-11-21,390,389,4.2414152562934485e-05,-0.0018033220907434134,True,True,eligible_regular_session
2022-11-22,2022-11-22,2022-11-22,390,389,2.4867447188302343e-05,0.008420199415289742,True,True,eligible_regular_session
2022-11-23,2022-11-23,2022-11-23,390,389,5.7740421692216844e-05,0.006258589226526981,True,True,eligible_regular_session
2022-11-25,2022-11-25,2022-11-25,232,231,8.234703121622817e-06,0.00026331544099744377,False,False,short_or_incomplete
2022-11-28,2022-11-28,2022-11-28,390,389,3.922382946930639e-05,-0.008996978434216735,True,True,eligible_regular_session
2022-11-29,2022-11-29,2022-11-29,390,389,4.987289571938146e-05,-0.001441844800766022,True,True,eligible_regular_session
2022-11-30,2022-11-30,2022-11-30,390,389,0.00012525971756279089,0.02904400012547922,True,True,eligible_regular_session
2022-12-01,2022-12-01,2022-12-01,390,389,7.530101900903794e-05,-0.0021732773944162153,True,True,eligible_regular_session
2022-12-02,2022-12-02,2022-12-02,390,389,6.901492819582623e-05,0.0094239868529744,True,True,eligible_regular_session
2022-12-05,2022-12-05,2022-12-05,390,389,5.267244342701428e-05,-0.011256314793600291,True,True,eligible_regular_session
2022-12-06,2022-12-06,2022-12-06,390,389,6.20955053252927e-05,-0.013875131738629523,True,True,eligible_regular_session
2022-12-07,2022-12-07,2022-12-07,390,389,9.419022877254453e-05,-0.00019573774763263183,True,True,eligible_regular_session
2022-12-08,2022-12-08,2022-12-08,390,389,5.7255837354193985e-05,0.002769475898566287,True,True,eligible_regular_session
2022-12-09,2022-12-09,2022-12-09,390,389,6.722750880334253e-05,-0.004933974498048152,True,True,eligible_regular_session
2022-12-12,2022-12-12,2022-12-12,390,389,3.194760732081894e-05,0.011442839452461894,True,True,eligible_regular_session
2022-12-13,2022-12-13,2022-12-13,390,389,0.000186968827172906,-0.018592060528629346,True,True,eligible_regular_session
2022-12-14,2022-12-14,2022-12-14,390,389,0.0003193826819158485,-0.00664862061463741,True,True,eligible_regular_session
2022-12-15,2022-12-15,2022-12-15,389,388,8.6924716642779e-05,-0.013334856238486244,True,True,eligible_regular_session
2022-12-16,2022-12-16,2022-12-16,390,389,8.311497691745293e-05,-0.00506890192647215,True,True,eligible_regular_session
2022-12-19,2022-12-19,2022-12-19,390,389,5.3265609724479835e-05,-0.008344217342515852,True,True,eligible_regular_session
2022-12-20,2022-12-20,2022-12-20,390,389,8.310569770285321e-05,0.0038089392174219653,True,True,eligible_regular_session
2022-12-21,2022-12-21,2022-12-21,390,389,4.6060717672338715e-05,0.00764377138674679,True,True,eligible_regular_session
2022-12-22,2022-12-22,2022-12-22,390,389,8.227675411475385e-05,-0.006731223292390344,True,True,eligible_regular_session
2022-12-23,2022-12-23,2022-12-23,390,389,0.00011074539625594505,0.007294157358409343,True,True,eligible_regular_session
2022-12-27,2022-12-27,2022-12-27,390,389,5.712180836157252e-05,-0.0035972387002882705,True,True,eligible_regular_session
2022-12-28,2022-12-28,2022-12-28,390,389,6.65157669023473e-05,-0.011811600616097444,True,True,eligible_regular_session
2022-12-29,2022-12-29,2022-12-29,390,389,3.395227551250425e-05,0.00991993136096734,True,True,eligible_regular_session
2022-12-30,2022-12-30,2022-12-30,390,389,5.77582185342227e-05,0.0041415382867214965,True,True,eligible_regular_session
2023-01-03,2023-01-03,2023-01-03,390,389,0.00013233945320962844,-0.008491409287496707,True,True,eligible_regular_session
2023-01-04,2023-01-04,2023-01-04,390,389,0.0001658802224394698,0.0028928910467496093,True,True,eligible_regular_session
2023-01-05,2023-01-05,2023-01-05,390,389,8.033859606408266e-05,-0.006378909787430812,True,True,eligible_regular_session
2023-01-06,2023-01-06,2023-01-06,390,389,9.636369843911824e-05,0.015316224321634053,True,True,eligible_regular_session
2023-01-09,2023-01-09,2023-01-09,390,389,5.327581995810091e-05,-0.006405197259710052,True,True,eligible_regular_session
2023-01-10,2023-01-10,2023-01-10,390,389,8.553950952377687e-05,0.0075473989236151525,True,True,eligible_regular_session
2023-01-11,2023-01-11,2023-01-11,390,389,2.977093047808017e-05,0.007752065033871561,True,True,eligible_regular_session
2023-01-12,2023-01-12,2023-01-12,390,389,0.00011328218890970575,0.0006152911337288699,True,True,eligible_regular_session
2023-01-13,2023-01-13,2023-01-13,390,389,4.2074100468394296e-05,0.011489666840116155,True,True,eligible_regular_session
2023-01-17,2023-01-17,2023-01-17,390,389,4.156139335520776e-05,-0.002670148369442206,True,True,eligible_regular_session
2023-01-18,2023-01-18,2023-01-18,390,389,5.878796359374292e-05,-0.019376430918627202,True,True,eligible_regular_session
2023-01-19,2023-01-19,2023-01-19,390,389,6.241703361977149e-05,-0.0030480722144918693,True,True,eligible_regular_session
2023-01-20,2023-01-20,2023-01-20,390,389,4.270174666135361e-05,0.01526274649482153,True,True,eligible_regular_session
2023-01-23,2023-01-23,2023-01-23,390,389,5.9323989778256616e-05,0.010936506798467293,True,True,eligible_regular_session
2023-01-24,2023-01-24,2023-01-24,390,389,5.569417122260137e-05,0.0045787340156101365,True,True,eligible_regular_session
2023-01-25,2023-01-25,2023-01-25,390,389,6.092432681961921e-05,0.011223945799817912,True,True,eligible_regular_session
2023-01-26,2023-01-26,2023-01-26,390,389,7.570077622055263e-05,0.00346889326105757,True,True,eligible_regular_session
2023-01-27,2023-01-27,2023-01-27,390,389,4.5724139768246115e-05,0.00451136731415843,True,True,eligible_regular_session
2023-01-30,2023-01-30,2023-01-30,390,389,5.804737458189043e-05,-0.007137006676588246,True,True,eligible_regular_session
2023-01-31,2023-01-31,2023-01-31,390,389,4.3031761244184586e-05,0.013014179095046267,True,True,eligible_regular_session
2023-02-01,2023-02-01,2023-02-01,390,389,0.00015340840544563044,0.012846813543205441,True,True,eligible_regular_session
2023-02-02,2023-02-02,2023-02-02,390,389,9.594000744608016e-05,0.0037859624306635755,True,True,eligible_regular_session
2023-02-03,2023-02-03,2023-02-03,390,389,0.00011265696766278218,0.0005368270747795113,True,True,eligible_regular_session
2023-02-06,2023-02-06,2023-02-06,390,389,5.711153258394487e-05,-0.0010988317510805218,True,True,eligible_regular_session
2023-02-07,2023-02-07,2023-02-07,390,389,0.0001687627730392631,0.01529869207409069,True,True,eligible_regular_session
2023-02-08,2023-02-08,2023-02-08,390,389,6.97328226003721e-05,-0.006773452478742951,True,True,eligible_regular_session
2023-02-09,2023-02-09,2023-02-09,390,389,6.327708550844521e-05,-0.017606003063088897,True,True,eligible_regular_session
2023-02-10,2023-02-10,2023-02-10,390,389,7.551627561131521e-05,0.003538838424699428,True,True,eligible_regular_session
2023-02-13,2023-02-13,2023-02-13,390,389,3.051649909012257e-05,0.009759919295099579,True,True,eligible_regular_session
2023-02-14,2023-02-14,2023-02-14,390,389,0.00011554435835277825,0.005335737897074762,True,True,eligible_regular_session
2023-02-15,2023-02-15,2023-02-15,390,389,5.043895742351467e-05,0.00851843819873769,True,True,eligible_regular_session
2023-02-16,2023-02-16,2023-02-16,390,389,5.966821791725805e-05,-0.0025150058917464265,True,True,eligible_regular_session
2023-02-17,2023-02-17,2023-02-17,390,389,5.569584335196902e-05,0.002609445310750885,True,True,eligible_regular_session
2023-02-21,2023-02-21,2023-02-21,390,389,4.494757629969197e-05,-0.01129382094375098,True,True,eligible_regular_session
2023-02-22,2023-02-22,2023-02-22,390,389,7.691903499452738e-05,-0.0026870908286964635,True,True,eligible_regular_session
2023-02-23,2023-02-23,2023-02-23,390,389,5.409259391438983e-05,-0.0022754951051525175,True,True,eligible_regular_session
2023-02-24,2023-02-24,2023-02-24,390,389,6.097779090485075e-05,0.002143126304058663,True,True,eligible_regular_session
2023-02-27,2023-02-27,2023-02-27,390,389,3.9227196355715835e-05,-0.005129667826768947,True,True,eligible_regular_session
2023-02-28,2023-02-28,2023-02-28,390,389,3.7315551021391185e-05,-0.0019128742228755036,True,True,eligible_regular_session
2023-03-01,2023-03-01,2023-03-01,390,389,5.0095826249174976e-05,-0.001939089943486083,True,True,eligible_regular_session
2023-03-02,2023-03-02,2023-03-02,390,389,5.080134318181853e-05,0.011936457787307779,True,True,eligible_regular_session
2023-03-03,2023-03-03,2023-03-03,390,389,3.070063072011044e-05,0.012036592876159033,True,True,eligible_regular_session
2023-03-06,2023-03-06,2023-03-06,390,389,2.9086913269483064e-05,-0.001310750437902789,True,True,eligible_regular_session
2023-03-07,2023-03-07,2023-03-07,390,389,8.022520102902494e-05,-0.014732750022806664,True,True,eligible_regular_session
2023-03-08,2023-03-08,2023-03-08,390,389,6.060257049457228e-05,0.00013027194286447877,True,True,eligible_regular_session
2023-03-09,2023-03-09,2023-03-09,390,389,8.364332244771954e-05,-0.020390882641962756,True,True,eligible_regular_session
2023-03-10,2023-03-10,2023-03-10,390,389,0.0001998303194377735,-0.012061580780153453,True,True,eligible_regular_session
2023-03-13,2023-03-13,2023-03-13,390,389,0.0003517980193375051,0.00796829414536423,True,True,eligible_regular_session
2023-03-14,2023-03-14,2023-03-14,390,389,9.266169501394149e-05,0.0029714742659557674,True,True,eligible_regular_session
2023-03-15,2023-03-15,2023-03-15,390,389,0.0001824665268500241,0.0074951524327948925,True,True,eligible_regular_session
2023-03-16,2023-03-16,2023-03-16,390,389,9.248806311151651e-05,0.022872356536060977,True,True,eligible_regular_session
2023-03-17,2023-03-17,2023-03-17,390,389,0.0001179156815446068,-0.009306813678315344,True,True,eligible_regular_session
2023-03-20,2023-03-20,2023-03-20,390,389,8.292158967216688e-05,0.006363173083944963,True,True,eligible_regular_session
2023-03-21,2023-03-21,2023-03-21,390,389,3.645538025731517e-05,0.0028999561184681008,True,True,eligible_regular_session
2023-03-22,2023-03-22,2023-03-22,390,389,0.00018700904071404205,-0.01653713108747443,True,True,eligible_regular_session
2023-03-23,2023-03-23,2023-03-23,390,389,0.00016370730648485873,-0.0057663251231122314,True,True,eligible_regular_session
2023-03-24,2023-03-24,2023-03-24,390,389,0.00010200150603083925,0.009652743349042732,True,True,eligible_regular_session
2023-03-27,2023-03-27,2023-03-27,390,389,4.729083890688091e-05,-0.0046103143826406665,True,True,eligible_regular_session
2023-03-28,2023-03-28,2023-03-28,390,389,2.9838780303902e-05,0.0001108002549539296,True,True,eligible_regular_session
2023-03-29,2023-03-29,2023-03-29,390,389,2.4866670441812448e-05,0.004422038727449623,True,True,eligible_regular_session
2023-03-30,2023-03-30,2023-03-30,390,389,2.2764065737262185e-05,-0.00039988053484928945,True,True,eligible_regular_session
2023-03-31,2023-03-31,2023-03-31,390,389,2.0515570288493705e-05,0.01117220678236803,True,True,eligible_regular_session
2023-04-03,2023-04-03,2023-04-03,390,389,2.542302561834916e-05,0.0049878688433350115,True,True,eligible_regular_session
2023-04-04,2023-04-04,2023-04-04,390,389,3.900657348732619e-05,-0.006877656345564256,True,True,eligible_regular_session
2023-04-05,2023-04-05,2023-04-05,390,389,2.6731308755838908e-05,-0.0011337703472745959,True,True,eligible_regular_session
2023-04-06,2023-04-06,2023-04-06,390,389,2.092688415974748e-05,0.00579781171039247,True,True,eligible_regular_session
2023-04-10,2023-04-10,2023-04-10,390,389,2.224049526134197e-05,0.007124960681303381,True,True,eligible_regular_session
2023-04-11,2023-04-11,2023-04-11,390,389,1.6272451909802256e-05,-0.0004379530146423875,True,True,eligible_regular_session
2023-04-12,2023-04-12,2023-04-12,390,389,5.926153835355238e-05,-0.008823876455328103,True,True,eligible_regular_session
2023-04-13,2023-04-13,2023-04-13,390,389,2.4179495702731263e-05,0.010109029957936642,True,True,eligible_regular_session
2023-04-14,2023-04-14,2023-04-14,390,389,4.5998873568794236e-05,-0.0012222223743711678,True,True,eligible_regular_session
2023-04-17,2023-04-17,2023-04-17,390,389,2.2895110552773936e-05,0.0037116539663046315,True,True,eligible_regular_session
2023-04-18,2023-04-18,2023-04-18,390,389,2.861509988376635e-05,-0.002168645423031167,True,True,eligible_regular_session
2023-04-19,2023-04-19,2023-04-19,390,389,1.7087416290991046e-05,0.004230671639046007,True,True,eligible_regular_session
2023-04-20,2023-04-20,2023-04-20,390,389,2.574602841273525e-05,0.0013931510114880735,True,True,eligible_regular_session
2023-04-21,2023-04-21,2023-04-21,390,389,2.979954508054184e-05,0.0007236091713142378,True,True,eligible_regular_session
2023-04-24,2023-04-24,2023-04-24,390,389,1.6178661943286835e-05,0.0006310437455014816,True,True,eligible_regular_session
2023-04-25,2023-04-25,2023-04-25,390,389,3.162391429686435e-05,-0.011631558453196533,True,True,eligible_regular_session
2023-04-26,2023-04-26,2023-04-26,390,389,2.7646223008714122e-05,-0.006291384626099128,True,True,eligible_regular_session
2023-04-27,2023-04-27,2023-04-27,390,389,2.1168940315469245e-05,0.013594652766359162,True,True,eligible_regular_session
2023-04-28,2023-04-28,2023-04-28,390,389,3.7975344578947896e-05,0.009430940701851085,True,True,eligible_regular_session
2023-05-01,2023-05-01,2023-05-01,390,389,2.2926605222674227e-05,-0.00017995515566093578,True,True,eligible_regular_session
2023-05-02,2023-05-02,2023-05-02,390,389,4.7326633981844914e-05,-0.008798171443209808,True,True,eligible_regular_session
2023-05-03,2023-05-03,2023-05-03,390,389,0.00012091158818996755,-0.008380328250171203,True,True,eligible_regular_session
2023-05-04,2023-05-04,2023-05-04,390,389,7.377291693825148e-05,-0.004636149815702271,True,True,eligible_regular_session
2023-05-05,2023-05-05,2023-05-05,390,389,2.1063375736457174e-05,0.009074432759086998,True,True,eligible_regular_session
2023-05-08,2023-05-08,2023-05-08,390,389,1.8824094088997554e-05,-0.0004687269799533654,True,True,eligible_regular_session
2023-05-09,2023-05-09,2023-05-09,390,389,1.411547480822237e-05,-0.00032282219695075806,True,True,eligible_regular_session
2023-05-10,2023-05-10,2023-05-10,390,389,4.987080560654815e-05,-0.002824076509738638,True,True,eligible_regular_session
2023-05-11,2023-05-11,2023-05-11,390,389,3.369164759803753e-05,0.0003705277883741086,True,True,eligible_regular_session
2023-05-12,2023-05-12,2023-05-12,390,389,2.847945054299565e-05,-0.00420565212131073,True,True,eligible_regular_session
2023-05-15,2023-05-15,2023-05-15,390,389,1.8466771680397936e-05,0.0020666764369048738,True,True,eligible_regular_session
2023-05-16,2023-05-16,2023-05-16,390,389,3.0289281826505974e-05,-0.003960622411994671,True,True,eligible_regular_session
2023-05-17,2023-05-17,2023-05-17,390,389,2.57599743328336e-05,0.007046106151825806,True,True,eligible_regular_session
2023-05-18,2023-05-18,2023-05-18,390,389,3.8414024006142765e-05,0.009983348378401728,True,True,eligible_regular_session
2023-05-19,2023-05-19,2023-05-19,390,389,4.0883973043341005e-05,-0.0035290960525904283,True,True,eligible_regular_session
2023-05-22,2023-05-22,2023-05-22,390,389,3.0687839761425355e-05,-0.0002027127745800231,True,True,eligible_regular_session
2023-05-23,2023-05-23,2023-05-23,390,389,3.472334594265126e-05,-0.006565519272073574,True,True,eligible_regular_session
2023-05-24,2023-05-24,2023-05-24,390,389,4.4644512890796336e-05,-0.003013585241585078,True,True,eligible_regular_session
2023-05-25,2023-05-25,2023-05-25,390,389,4.7609729193968944e-05,0.001441561571443285,True,True,eligible_regular_session
2023-05-26,2023-05-26,2023-05-26,390,389,3.232296964375103e-05,0.01064621931110428,True,True,eligible_regular_session
2023-05-30,2023-05-30,2023-05-30,390,389,3.9908468101138036e-05,-0.005189260318486318,True,True,eligible_regular_session
2023-05-31,2023-05-31,2023-05-31,390,389,3.053278308633544e-05,-0.0014361621340743761,True,True,eligible_regular_session
2023-06-01,2023-06-01,2023-06-01,390,389,2.9165584916020366e-05,0.008984080770871547,True,True,eligible_regular_session
2023-06-02,2023-06-02,2023-06-02,390,389,2.915014338446506e-05,0.006431688933686728,True,True,eligible_regular_session
2023-06-05,2023-06-05,2023-06-05,390,389,3.675296300296207e-05,-0.003018341270609874,True,True,eligible_regular_session
2023-06-06,2023-06-06,2023-06-06,390,389,2.3967070698465057e-05,0.0038288817080805054,True,True,eligible_regular_session
2023-06-07,2023-06-07,2023-06-07,390,389,3.415186615930272e-05,-0.004897140816134909,True,True,eligible_regular_session
2023-06-08,2023-06-08,2023-06-08,390,389,1.6795072455050946e-05,0.00595903798112345,True,True,eligible_regular_session
2023-06-09,2023-06-09,2023-06-09,390,389,2.9556079561676935e-05,-0.0008160523284315181,True,True,eligible_regular_session
2023-06-12,2023-06-12,2023-06-12,390,389,1.4851407717930595e-05,0.0069048240236893035,True,True,eligible_regular_session
2023-06-13,2023-06-13,2023-06-13,390,389,3.4152565324529533e-05,0.0028535398075497987,True,True,eligible_regular_session
2023-06-14,2023-06-14,2023-06-14,390,389,7.082477943512644e-05,0.001164753193733612,True,True,eligible_regular_session
2023-06-15,2023-06-15,2023-06-15,390,389,3.539481863356832e-05,0.01380806961541917,True,True,eligible_regular_session
2023-06-16,2023-06-16,2023-06-16,390,389,3.1302449807805036e-05,-0.007806592542513874,True,True,eligible_regular_session
2023-06-20,2023-06-20,2023-06-20,390,389,2.4376112252417734e-05,-0.00028248137291533436,True,True,eligible_regular_session
2023-06-21,2023-06-21,2023-06-21,390,389,2.9323925102029737e-05,-0.0016959028909264862,True,True,eligible_regular_session
2023-06-22,2023-06-22,2023-06-22,390,389,2.7895389590797577e-05,0.0063994686711614695,True,True,eligible_regular_session
2023-06-23,2023-06-23,2023-06-23,390,389,2.733884587923159e-05,0.0005659075375318206,True,True,eligible_regular_session
2023-06-26,2023-06-26,2023-06-26,390,389,3.108074059515417e-05,-0.0035575205913922704,True,True,eligible_regular_session
2023-06-27,2023-06-27,2023-06-27,390,389,2.1073998901039534e-05,0.008210641004369938,True,True,eligible_regular_session
2023-06-28,2023-06-28,2023-06-28,390,389,3.0664455860645154e-05,0.002465759687329116,True,True,eligible_regular_session
2023-06-29,2023-06-29,2023-06-29,390,389,2.741269781929146e-05,0.005123568283855942,True,True,eligible_regular_session
2023-06-30,2023-06-30,2023-06-30,390,389,1.6469481922527757e-05,0.00501501497155159,True,True,eligible_regular_session
2023-07-03,2023-07-03,2023-07-03,232,231,5.96052715258294e-06,0.0026518716843679587,False,False,short_or_incomplete
2023-07-05,2023-07-05,2023-07-05,390,389,1.2221000566786347e-05,0.0018885959438606254,True,True,eligible_regular_session
2023-07-06,2023-07-06,2023-07-06,390,389,1.7274218313023063e-05,0.0005691410092737752,True,True,eligible_regular_session
2023-07-07,2023-07-07,2023-07-07,390,389,2.0951028388053945e-05,-0.00010456945808453018,True,True,eligible_regular_session
2023-07-10,2023-07-10,2023-07-10,390,389,2.561325631424748e-05,0.0022247354250488124,True,True,eligible_regular_session
2023-07-11,2023-07-11,2023-07-11,390,389,1.8443864277261906e-05,0.005022412638573332,True,True,eligible_regular_session
2023-07-12,2023-07-12,2023-07-12,390,389,2.186855765800023e-05,-0.0008112684055877689,True,True,eligible_regular_session
2023-07-13,2023-07-13,2023-07-13,390,389,1.1159287657043506e-05,0.00444233318201532,True,True,eligible_regular_session
2023-07-14,2023-07-14,2023-07-14,390,389,2.122773226346333e-05,-0.0029848618645512974,True,True,eligible_regular_session
2023-07-17,2023-07-17,2023-07-17,390,389,1.2352800004927768e-05,0.00271913190797385,True,True,eligible_regular_session
2023-07-18,2023-07-18,2023-07-18,390,389,1.5194211112795313e-05,0.008688450764556056,True,True,eligible_regular_session
2023-07-19,2023-07-19,2023-07-19,390,389,2.185603120553979e-05,-0.0006437317393732273,True,True,eligible_regular_session
2023-07-20,2023-07-20,2023-07-20,390,389,1.8794020793433344e-05,-0.004505542742123661,True,True,eligible_regular_session
2023-07-21,2023-07-21,2023-07-21,390,389,1.939147906037108e-05,-0.0027471335283498237,True,True,eligible_regular_session
2023-07-24,2023-07-24,2023-07-24,390,389,1.7071979193150195e-05,0.0009334638664080988,True,True,eligible_regular_session
2023-07-25,2023-07-25,2023-07-25,390,389,9.391105358492644e-06,0.0033152399706244612,True,True,eligible_regular_session
2023-07-26,2023-07-26,2023-07-26,390,389,3.5165739253460374e-05,0.0010865113761546724,True,True,eligible_regular_session
2023-07-27,2023-07-27,2023-07-27,390,389,3.5575429074172186e-05,-0.013492184779515123,True,True,eligible_regular_session
2023-07-28,2023-07-28,2023-07-28,390,389,2.175195948592044e-05,0.0022505898176345632,True,True,eligible_regular_session
2023-07-31,2023-07-31,2023-07-31,390,389,1.7954997849549023e-05,0.0006168177847799447,True,True,eligible_regular_session
2023-08-01,2023-08-01,2023-08-01,390,389,1.4310381959977912e-05,0.0004589602227622809,True,True,eligible_regular_session
2023-08-02,2023-08-02,2023-08-02,390,389,2.6881336775064225e-05,-0.007002823554235878,True,True,eligible_regular_session
2023-08-03,2023-08-03,2023-08-03,390,389,2.7288513960302862e-05,0.001707672710892498,True,True,eligible_regular_session
2023-08-04,2023-08-04,2023-08-04,390,389,4.140318889559193e-05,-0.00832731296424099,True,True,eligible_regular_session
2023-08-07,2023-08-07,2023-08-07,390,389,2.325660600445626e-05,0.0033475543148009912,True,True,eligible_regular_session
2023-08-08,2023-08-08,2023-08-08,390,389,2.8463370256617577e-05,0.0014857455703011003,True,True,eligible_regular_session
2023-08-09,2023-08-09,2023-08-09,390,389,2.600834107595376e-05,-0.007034429321054532,True,True,eligible_regular_session
2023-08-10,2023-08-10,2023-08-10,390,389,6.36689140787529e-05,-0.005186735934721364,True,True,eligible_regular_session
2023-08-11,2023-08-11,2023-08-11,390,389,3.844237612346913e-05,0.003563442174649446,True,True,eligible_regular_session
2023-08-14,2023-08-14,2023-08-14,390,389,2.19619260882913e-05,0.007603460295621434,True,True,eligible_regular_session
2023-08-15,2023-08-15,2023-08-15,390,389,2.605031978063411e-05,-0.007745739144222485,True,True,eligible_regular_session
2023-08-16,2023-08-16,2023-08-16,390,389,3.89165633208719e-05,-0.006896766320015992,True,True,eligible_regular_session
2023-08-17,2023-08-17,2023-08-17,390,389,4.047052824518532e-05,-0.011488220164863634,True,True,eligible_regular_session
2023-08-18,2023-08-18,2023-08-18,390,389,3.976544519176287e-05,0.006820903240976234,True,True,eligible_regular_session
2023-08-21,2023-08-21,2023-08-21,390,389,2.428683275589074e-05,0.004423274234186151,True,True,eligible_regular_session
2023-08-22,2023-08-22,2023-08-22,390,389,3.420725462488698e-05,-0.0064153023641502676,True,True,eligible_regular_session
2023-08-23,2023-08-23,2023-08-23,390,389,1.9110812329367853e-05,0.007906682180745328,True,True,eligible_regular_session
2023-08-24,2023-08-24,2023-08-24,390,389,4.500203047554498e-05,-0.017207176308419843,True,True,eligible_regular_session
2023-08-25,2023-08-25,2023-08-25,390,389,0.00010037217749185188,0.0024318359609636843,True,True,eligible_regular_session
2023-08-28,2023-08-28,2023-08-28,390,389,3.756580079188251e-05,0.001643504465154881,True,True,eligible_regular_session
2023-08-29,2023-08-29,2023-08-29,390,389,2.8181060581521418e-05,0.014182919823447663,True,True,eligible_regular_session
2023-08-30,2023-08-30,2023-08-30,390,389,3.0797014930553244e-05,0.0028633645554309458,True,True,eligible_regular_session
2023-08-31,2023-08-31,2023-08-31,390,389,2.20276934821111e-05,-0.0031934545873820506,True,True,eligible_regular_session
2023-09-01,2023-09-01,2023-09-01,390,389,3.054141012585379e-05,-0.004620589141102195,True,True,eligible_regular_session
2023-09-05,2023-09-05,2023-09-05,390,389,1.703064276795869e-05,-0.0031396084629466098,True,True,eligible_regular_session
2023-09-06,2023-09-06,2023-09-06,390,389,2.3224404431936928e-05,-0.004007224166924514,True,True,eligible_regular_session
2023-09-07,2023-09-07,2023-09-07,390,389,2.5741355785604452e-05,0.003844254115333535,True,True,eligible_regular_session
2023-09-08,2023-09-08,2023-09-08,390,389,2.2796566318166373e-05,0.0005676814405068576,True,True,eligible_regular_session
2023-09-11,2023-09-11,2023-09-11,390,389,1.537791689126274e-05,0.0003342730150238025,True,True,eligible_regular_session
2023-09-12,2023-09-12,2023-09-12,390,389,1.8107217851284282e-05,-0.0020060816055941033,True,True,eligible_regular_session
2023-09-13,2023-09-13,2023-09-13,390,389,2.7099216485721892e-05,0.0002350662953742738,True,True,eligible_regular_session
2023-09-14,2023-09-14,2023-09-14,390,389,1.6419955269485913e-05,0.003622302107637555,True,True,eligible_regular_session
2023-09-15,2023-09-15,2023-09-15,390,389,2.7185230745701458e-05,-0.008858821064037204,True,True,eligible_regular_session
2023-09-18,2023-09-18,2023-09-18,390,389,1.749930772898195e-05,0.0013391454839073056,True,True,eligible_regular_session
2023-09-19,2023-09-19,2023-09-19,390,389,2.0243574138075538e-05,0.00011252543086603885,True,True,eligible_regular_session
2023-09-20,2023-09-20,2023-09-20,390,389,4.524058744057026e-05,-0.01149901374584697,True,True,eligible_regular_session
2023-09-21,2023-09-21,2023-09-21,390,389,3.124675997633663e-05,-0.010612379193663025,True,True,eligible_regular_session
2023-09-22,2023-09-22,2023-09-22,390,389,3.756886214586772e-05,-0.004539083692904478,True,True,eligible_regular_session
2023-09-25,2023-09-25,2023-09-25,390,389,3.7364219693070075e-05,0.0065322367087582755,True,True,eligible_regular_session
2023-09-26,2023-09-26,2023-09-26,390,389,3.528791162590646e-05,-0.008286290990222938,True,True,eligible_regular_session
2023-09-27,2023-09-27,2023-09-27,390,389,4.694145383399021e-05,-0.0032883703635179337,True,True,eligible_regular_session
2023-09-28,2023-09-28,2023-09-28,390,389,5.8308117647242796e-05,0.007646752033245557,True,True,eligible_regular_session
2023-09-29,2023-09-29,2023-09-29,390,389,6.938582522524368e-05,-0.009257273282796318,True,True,eligible_regular_session
2023-10-02,2023-10-02,2023-10-02,390,389,7.174788040024927e-05,0.0024164949718303206,True,True,eligible_regular_session
2023-10-03,2023-10-03,2023-10-03,390,389,6.236922466880914e-05,-0.008874784811685354,True,True,eligible_regular_session
2023-10-04,2023-10-04,2023-10-04,390,389,6.061776096533182e-05,0.005821840403452711,True,True,eligible_regular_session
2023-10-05,2023-10-05,2023-10-05,390,389,4.723320072737354e-05,0.00013856417011076552,True,True,eligible_regular_session
2023-10-06,2023-10-06,2023-10-06,390,389,6.74851271034985e-05,0.016968089381068623,True,True,eligible_regular_session
2023-10-09,2023-10-09,2023-10-09,390,389,3.754426124585837e-05,0.010547023939930629,True,True,eligible_regular_session
2023-10-10,2023-10-10,2023-10-10,390,389,3.896864096313029e-05,0.00408069526471862,True,True,eligible_regular_session
2023-10-11,2023-10-11,2023-10-11,390,389,3.058012904319244e-05,0.0006696630336868913,True,True,eligible_regular_session
2023-10-12,2023-10-12,2023-10-12,390,389,4.955204602499061e-05,-0.007040419109172992,True,True,eligible_regular_session
2023-10-13,2023-10-13,2023-10-13,390,389,7.40481375973657e-05,-0.009521702548905903,True,True,eligible_regular_session
2023-10-16,2023-10-16,2023-10-16,390,389,4.240521734158702e-05,0.0057370108665137625,True,True,eligible_regular_session
2023-10-17,2023-10-17,2023-10-17,390,389,4.930016991417018e-05,0.007077384758806716,True,True,eligible_regular_session
2023-10-18,2023-10-18,2023-10-18,390,389,6.87160869888926e-05,-0.009643632240916524,True,True,eligible_regular_session
2023-10-19,2023-10-19,2023-10-19,390,389,0.00011563726552989479,-0.010809659237607693,True,True,eligible_regular_session
2023-10-20,2023-10-20,2023-10-20,390,389,6.675906089672956e-05,-0.011017364898304,True,True,eligible_regular_session
2023-10-23,2023-10-23,2023-10-23,390,389,5.7120415259211114e-05,0.001941370295891581,True,True,eligible_regular_session
2023-10-24,2023-10-24,2023-10-24,390,389,4.654365055345877e-05,0.0018663140541100483,True,True,eligible_regular_session
2023-10-25,2023-10-25,2023-10-25,390,389,5.789171348955594e-05,-0.009363758267296055,True,True,eligible_regular_session
2023-10-26,2023-10-26,2023-10-26,390,389,7.756286812931492e-05,-0.008953300785722209,True,True,eligible_regular_session
2023-10-27,2023-10-27,2023-10-27,390,389,7.192540600800074e-05,-0.008277330192137443,True,True,eligible_regular_session
2023-10-30,2023-10-30,2023-10-30,390,389,4.6379409305037425e-05,0.004756271559240509,True,True,eligible_regular_session
2023-10-31,2023-10-31,2023-10-31,390,389,4.53889767937123e-05,0.005804549190518281,True,True,eligible_regular_session
2023-11-01,2023-11-01,2023-11-01,390,389,7.095222235334074e-05,0.008700643024008284,True,True,eligible_regular_session
2023-11-02,2023-11-02,2023-11-02,390,389,2.324120885928594e-05,0.009526563093042504,True,True,eligible_regular_session
2023-11-03,2023-11-03,2023-11-03,390,389,2.9120624068710553e-05,0.004092703007247014,True,True,eligible_regular_session
2023-11-06,2023-11-06,2023-11-06,390,389,1.9349639145420624e-05,-0.0011558035779975523,True,True,eligible_regular_session
2023-11-07,2023-11-07,2023-11-07,390,389,2.037258912056893e-05,0.002803774351536101,True,True,eligible_regular_session
2023-11-08,2023-11-08,2023-11-08,390,389,2.1216291264608794e-05,-0.000821021853370849,True,True,eligible_regular_session
2023-11-09,2023-11-09,2023-11-09,390,389,4.816496714324905e-05,-0.00989013642926028,True,True,eligible_regular_session
2023-11-10,2023-11-10,2023-11-10,390,389,2.5414391974537278e-05,0.011831788717623415,True,True,eligible_regular_session
2023-11-13,2023-11-13,2023-11-13,390,389,1.8165326218055268e-05,0.0016063239969241402,True,True,eligible_regular_session
2023-11-14,2023-11-14,2023-11-14,390,389,2.265853357847682e-05,0.005327981541571817,True,True,eligible_regular_session
2023-11-15,2023-11-15,2023-11-15,390,389,2.3084437671563723e-05,-0.0011805748018096152,True,True,eligible_regular_session
2023-11-16,2023-11-16,2023-11-16,390,389,2.648775073586984e-05,0.0019626960947621763,True,True,eligible_regular_session
2023-11-17,2023-11-17,2023-11-17,390,389,1.5947093274619085e-05,0.0005318312181745504,True,True,eligible_regular_session
2023-11-20,2023-11-20,2023-11-20,390,389,1.2455193201069552e-05,0.007698593661305581,True,True,eligible_regular_session
2023-11-21,2023-11-21,2023-11-21,390,389,1.2630496706360984e-05,0.0005840381443732921,True,True,eligible_regular_session
2023-11-22,2023-11-22,2023-11-22,390,389,2.1864089128400562e-05,-0.0003511058773887487,True,True,eligible_regular_session
2023-11-24,2023-11-24,2023-11-24,232,231,5.701694848168411e-06,0.0012114350401144904,False,False,short_or_incomplete
2023-11-27,2023-11-27,2023-11-27,390,389,1.1592605847776612e-05,-0.0015611228761509732,True,True,eligible_regular_session
2023-11-28,2023-11-28,2023-11-28,390,389,1.7547973333482877e-05,0.0018571168606575268,True,True,eligible_regular_session
2023-11-29,2023-11-29,2023-11-29,390,389,1.807049039531221e-05,-0.005507096096081254,True,True,eligible_regular_session
2023-11-30,2023-11-30,2023-11-30,390,389,2.742655981600403e-05,0.0026056890613446776,True,True,eligible_regular_session
2023-12-01,2023-12-01,2023-12-01,390,389,3.4168997928327994e-05,0.007464025702793704,True,True,eligible_regular_session
2023-12-04,2023-12-04,2023-12-04,390,389,1.9380620125335265e-05,0.0022303343352910233,True,True,eligible_regular_session
2023-12-05,2023-12-05,2023-12-05,390,389,3.302545950148892e-05,0.0023407665517052403,True,True,eligible_regular_session
2023-12-06,2023-12-06,2023-12-06,390,389,1.9568628487053395e-05,-0.008303270729860611,True,True,eligible_regular_session
2023-12-07,2023-12-07,2023-12-07,390,389,1.663645182943459e-05,0.0027320899779856916,True,True,eligible_regular_session
2023-12-08,2023-12-08,2023-12-08,390,389,2.6892337599575966e-05,0.005144098039391073,True,True,eligible_regular_session
2023-12-11,2023-12-11,2023-12-11,390,389,1.467319083415829e-05,0.005402974035631075,True,True,eligible_regular_session
2023-12-12,2023-12-12,2023-12-12,390,389,9.959989082159673e-06,0.005785949563211667,True,True,eligible_regular_session
2023-12-13,2023-12-13,2023-12-13,390,389,3.160413204347749e-05,0.012725241985790219,True,True,eligible_regular_session
2023-12-14,2023-12-14,2023-12-14,390,389,3.175459960728671e-05,-0.0021610692258525817,True,True,eligible_regular_session
2023-12-15,2023-12-15,2023-12-15,390,389,2.4051661078057548e-05,0.0009824486251361342,True,True,eligible_regular_session
2023-12-18,2023-12-18,2023-12-18,390,389,7.315433945075419e-06,0.0019637286737188143,True,True,eligible_regular_session
2023-12-19,2023-12-19,2023-12-19,390,389,8.81852759924856e-06,0.004325217171244802,True,True,eligible_regular_session
2023-12-20,2023-12-20,2023-12-20,390,389,3.50497007459595e-05,-0.012799159604309768,True,True,eligible_regular_session
2023-12-21,2023-12-21,2023-12-21,390,389,3.6514228748104303e-05,0.0020980259901579763,True,True,eligible_regular_session
2023-12-22,2023-12-22,2023-12-22,390,389,2.1318351663972676e-05,-0.000914377546059234,True,True,eligible_regular_session
2023-12-26,2023-12-26,2023-12-26,390,389,6.472738754499682e-06,0.002646463945752178,True,True,eligible_regular_session
2023-12-27,2023-12-27,2023-12-27,390,389,1.4011114937898927e-05,0.0017244342312503675,True,True,eligible_regular_session
2023-12-28,2023-12-28,2023-12-28,390,389,9.047990263406196e-06,-0.0009234633454251693,True,True,eligible_regular_session
2023-12-29,2023-12-29,2023-12-29,390,389,1.7545843406819782e-05,-0.002649368505850313,True,True,eligible_regular_session
2024-01-02,2024-01-02,2024-01-02,390,389,2.1385712696728357e-05,5.4818666191255626e-05,True,True,eligible_regular_session
2024-01-03,2024-01-03,2024-01-03,390,389,3.275658917767541e-05,-0.003791576304762486,True,True,eligible_regular_session
2024-01-04,2024-01-04,2024-01-04,390,389,2.0932256876275956e-05,-0.002359837865985615,True,True,eligible_regular_session
2024-01-05,2024-01-05,2024-01-05,390,389,3.299575661294018e-05,0.0011248355475076298,True,True,eligible_regular_session
2024-01-08,2024-01-08,2024-01-08,390,389,1.8011507096033314e-05,0.012616151034240523,True,True,eligible_regular_session
2024-01-09,2024-01-09,2024-01-09,390,389,2.11214529517923e-05,0.004161409462384311,True,True,eligible_regular_session
2024-01-10,2024-01-10,2024-01-10,390,389,1.8022252181418242e-05,0.004361094941654219,True,True,eligible_regular_session
2024-01-11,2024-01-11,2024-01-11,390,389,4.5293829699880105e-05,-0.0032580870033078334,True,True,eligible_regular_session
2024-01-12,2024-01-12,2024-01-12,390,389,2.9992474346896946e-05,-0.0025744876992080225,True,True,eligible_regular_session
2024-01-16,2024-01-16,2024-01-16,390,389,3.5897249842287814e-05,-0.001164021184482972,True,True,eligible_regular_session
2024-01-17,2024-01-17,2024-01-17,390,389,2.2922471431136253e-05,0.0012880205330130878,True,True,eligible_regular_session
2024-01-18,2024-01-18,2024-01-18,390,389,2.692368810772991e-05,0.005268501711390152,True,True,eligible_regular_session
2024-01-19,2024-01-19,2024-01-19,390,389,2.4336006736877466e-05,0.009674751753833076,True,True,eligible_regular_session
2024-01-22,2024-01-22,2024-01-22,390,389,1.781554794650919e-05,-0.0009396444055130703,True,True,eligible_regular_session
2024-01-23,2024-01-23,2024-01-23,390,389,1.103960792480526e-05,0.0012342963096074384,True,True,eligible_regular_session
2024-01-24,2024-01-24,2024-01-24,390,389,2.3070242432359982e-05,-0.00456337821500734,True,True,eligible_regular_session
2024-01-25,2024-01-25,2024-01-25,390,389,2.3129714691936236e-05,0.002094100271800423,True,True,eligible_regular_session
2024-01-26,2024-01-26,2024-01-26,390,389,1.6758866997008106e-05,-0.0005846877402590133,True,True,eligible_regular_session
2024-01-29,2024-01-29,2024-01-29,390,389,1.6481739761102805e-05,0.007489268087109457,True,True,eligible_regular_session
2024-01-30,2024-01-30,2024-01-30,390,389,1.2120273480000367e-05,-5.482506237729754e-05,True,True,eligible_regular_session
2024-01-31,2024-01-31,2024-01-31,390,389,5.624626982650488e-05,-0.011766253635009659,True,True,eligible_regular_session
2024-02-01,2024-02-01,2024-02-01,390,389,3.2746566300051084e-05,0.00784364290912426,True,True,eligible_regular_session
2024-02-02,2024-02-02,2024-02-02,390,389,3.9471419328984976e-05,0.00863736754220825,True,True,eligible_regular_session
2024-02-05,2024-02-05,2024-02-05,390,389,2.4285050450869653e-05,-0.001548714028000537,True,True,eligible_regular_session
2024-02-06,2024-02-06,2024-02-06,390,389,2.3114455844719626e-05,7.468629237500364e-05,True,True,eligible_regular_session
2024-02-07,2024-02-07,2024-02-07,390,389,2.1977314035778965e-05,0.0034654989258446752,True,True,eligible_regular_session
2024-02-08,2024-02-08,2024-02-08,390,389,1.117120640208177e-05,0.0014354543615014356,True,True,eligible_regular_session
2024-02-09,2024-02-09,2024-02-09,390,389,8.058123862322566e-06,0.004990655392235592,True,True,eligible_regular_session
2024-02-12,2024-02-12,2024-02-12,390,389,1.3077071567854392e-05,-0.0006230027539981649,True,True,eligible_regular_session
2024-02-13,2024-02-13,2024-02-13,390,389,2.8214387332071298e-05,4.441223436667454e-05,True,True,eligible_regular_session
2024-02-14,2024-02-14,2024-02-14,390,389,2.7771931763297973e-05,0.003720675455631104,True,True,eligible_regular_session
2024-02-15,2024-02-15,2024-02-15,390,389,1.8714861378642192e-05,0.0047631285097030395,True,True,eligible_regular_session
2024-02-16,2024-02-16,2024-02-16,390,389,2.7491228418907207e-05,-0.004397775907992062,True,True,eligible_regular_session
2024-02-20,2024-02-20,2024-02-20,390,389,2.9940651208483352e-05,-0.002581076492827943,True,True,eligible_regular_session
2024-02-21,2024-02-21,2024-02-21,390,389,2.6099197290880822e-05,0.0036599066354070582,True,True,eligible_regular_session
2024-02-22,2024-02-22,2024-02-22,390,389,2.139689113916782e-05,0.00818488971555427,True,True,eligible_regular_session
2024-02-23,2024-02-23,2024-02-23,390,389,2.263942957737262e-05,-0.0028333021997081673,True,True,eligible_regular_session
2024-02-26,2024-02-26,2024-02-26,390,389,1.46909805921322e-05,-0.004892246726060646,True,True,eligible_regular_session
2024-02-27,2024-02-27,2024-02-27,390,389,1.1520144822987071e-05,0.0009572488691487745,True,True,eligible_regular_session
2024-02-28,2024-02-28,2024-02-28,390,389,1.1644046559610844e-05,0.0011603745285524451,True,True,eligible_regular_session
2024-02-29,2024-02-29,2024-02-29,390,389,2.10432517875874e-05,0.0012680816176590963,True,True,eligible_regular_session
2024-03-01,2024-03-01,2024-03-01,390,389,1.4841286052270311e-05,0.006758181409686724,True,True,eligible_regular_session
2024-03-04,2024-03-04,2024-03-04,390,389,1.1338415164669497e-05,1.559150263141401e-05,True,True,eligible_regular_session
2024-03-05,2024-03-05,2024-03-05,390,389,2.710038215163041e-05,-0.0060499529875532865,True,True,eligible_regular_session
2024-03-06,2024-03-06,2024-03-06,390,389,5.443480539580539e-05,-0.0014893725958875711,True,True,eligible_regular_session
2024-03-07,2024-03-07,2024-03-07,390,389,1.826450260229204e-05,0.004484399576802247,True,True,eligible_regular_session
2024-03-08,2024-03-08,2024-03-08,390,389,4.9358009324635117e-05,-0.007643849559649177,True,True,eligible_regular_session
2024-03-11,2024-03-11,2024-03-11,390,389,2.7072223119746817e-05,0.001059473294627173,True,True,eligible_regular_session
2024-03-12,2024-03-12,2024-03-12,390,389,3.553676106541113e-05,0.006440091040301012,True,True,eligible_regular_session
2024-03-13,2024-03-13,2024-03-13,390,389,2.1512439344015988e-05,-0.001864448951542384,True,True,eligible_regular_session
2024-03-14,2024-03-14,2024-03-14,390,389,3.949429689608577e-05,-0.00425963248855507,True,True,eligible_regular_session
2024-03-15,2024-03-15,2024-03-15,390,389,3.5372158662506533e-05,-0.0011483568823626579,True,True,eligible_regular_session
2024-03-18,2024-03-18,2024-03-18,390,389,1.7161265844524377e-05,-0.002184266782438295,True,True,eligible_regular_session
2024-03-19,2024-03-19,2024-03-19,390,389,1.9308279487910407e-05,0.00773939749738587,True,True,eligible_regular_session
2024-03-20,2024-03-20,2024-03-20,390,389,4.523077064380952e-05,0.00857727401535713,True,True,eligible_regular_session
2024-03-21,2024-03-21,2024-03-21,390,389,1.4060261039252598e-05,-0.0020585473168092303,True,True,eligible_regular_session
2024-03-22,2024-03-22,2024-03-22,390,389,1.1621486560009008e-05,-0.0012448617653727748,True,True,eligible_regular_session
2024-03-25,2024-03-25,2024-03-25,390,389,8.20028551810477e-06,-0.00012261992819091977,True,True,eligible_regular_session
2024-03-26,2024-03-26,2024-03-26,390,389,8.801776893815785e-06,-0.004859259051894635,True,True,eligible_regular_session
2024-03-27,2024-03-27,2024-03-27,390,389,1.5194651426301453e-05,0.0027528124955319058,True,True,eligible_regular_session
2024-03-28,2024-03-28,2024-03-28,390,389,1.1241806445006344e-05,0.001317558366888546,True,True,eligible_regular_session
2024-04-01,2024-04-01,2024-04-01,390,389,1.3968303571137336e-05,-0.0024172568394354686,True,True,eligible_regular_session
2024-04-02,2024-04-02,2024-04-02,390,389,1.4690987945715972e-05,0.0006514001008558365,True,True,eligible_regular_session
2024-04-03,2024-04-03,2024-04-03,390,389,2.1359917144086442e-05,0.0030661670068072556,True,True,eligible_regular_session
2024-04-04,2024-04-04,2024-04-04,390,389,4.892165659672274e-05,-0.020015632303974056,True,True,eligible_regular_session
2024-04-05,2024-04-05,2024-04-05,390,389,4.371551037448464e-05,0.008726095905097089,True,True,eligible_regular_session
2024-04-08,2024-04-08,2024-04-08,390,389,1.8663020206469785e-05,-0.0009719275084899907,True,True,eligible_regular_session
2024-04-09,2024-04-09,2024-04-09,390,389,3.875694128911865e-05,-0.0020631056663628655,True,True,eligible_regular_session
2024-04-10,2024-04-10,2024-04-10,390,389,7.260964163143835e-05,0.0015341724831325055,True,True,eligible_regular_session
2024-04-11,2024-04-11,2024-04-11,390,389,3.490848755173614e-05,0.00492537733481402,True,True,eligible_regular_session
2024-04-12,2024-04-12,2024-04-12,390,389,4.156027593305177e-05,-0.007555893098270444,True,True,eligible_regular_session
2024-04-15,2024-04-15,2024-04-15,390,389,6.598127835463215e-05,-0.019488333017909427,True,True,eligible_regular_session
2024-04-16,2024-04-16,2024-04-16,390,389,8.570454010600005e-05,-0.0023593148959906553,True,True,eligible_regular_session
2024-04-17,2024-04-17,2024-04-17,390,389,7.367875385763756e-05,-0.010115116227098238,True,True,eligible_regular_session
2024-04-18,2024-04-18,2024-04-18,390,389,5.3008595767828156e-05,-0.005064803944869395,True,True,eligible_regular_session
2024-04-19,2024-04-19,2024-04-19,390,389,7.207399320617673e-05,-0.00747920840477555,True,True,eligible_regular_session
2024-04-22,2024-04-22,2024-04-22,390,389,3.5485199003301986e-05,0.00384857692999492,True,True,eligible_regular_session
2024-04-23,2024-04-23,2024-04-23,390,389,3.153427601763308e-05,0.007802467841563202,True,True,eligible_regular_session
2024-04-24,2024-04-24,2024-04-24,390,389,3.08523417372901e-05,-0.0017255681813259885,True,True,eligible_regular_session
2024-04-25,2024-04-25,2024-04-25,390,389,3.969260138576368e-05,0.008422622286064442,True,True,eligible_regular_session
2024-04-26,2024-04-26,2024-04-26,390,389,2.6297673801650633e-05,0.004030714309652709,True,True,eligible_regular_session
2024-04-29,2024-04-29,2024-04-29,390,389,2.19945701515958e-05,0.00011140308285348853,True,True,eligible_regular_session
2024-04-30,2024-04-30,2024-04-30,390,389,3.115349350670892e-05,-0.012533683150697422,True,True,eligible_regular_session
2024-05-01,2024-05-01,2024-05-01,390,389,0.00010894293275494047,-0.002784322431507155,True,True,eligible_regular_session
2024-05-02,2024-05-02,2024-05-02,390,389,4.6166344426662136e-05,0.001956363843556313,True,True,eligible_regular_session
2024-05-03,2024-05-03,2024-05-03,390,389,3.865885284471803e-05,0.0002711097474709474,True,True,eligible_regular_session
2024-05-06,2024-05-06,2024-05-06,390,389,9.084251734139749e-06,0.00610076152439096,True,True,eligible_regular_session
2024-05-07,2024-05-07,2024-05-07,390,389,1.3766025324500269e-05,-0.00021780676385726,True,True,eligible_regular_session
2024-05-08,2024-05-08,2024-05-08,390,389,1.1180646659843723e-05,0.0036015824080184843,True,True,eligible_regular_session
2024-05-09,2024-05-09,2024-05-09,390,389,1.0830441311379379e-05,0.0043280127213268325,True,True,eligible_regular_session
2024-05-10,2024-05-10,2024-05-10,390,389,1.4219023516485604e-05,-0.000978066320424337,True,True,eligible_regular_session
2024-05-13,2024-05-13,2024-05-13,390,389,7.98487676157669e-06,-0.0027691842870273004,True,True,eligible_regular_session
2024-05-14,2024-05-14,2024-05-14,390,389,1.3622324480073167e-05,0.004229588161366637,True,True,eligible_regular_session
2024-05-15,2024-05-15,2024-05-15,390,389,1.1333206062132853e-05,0.0071326183019914694,True,True,eligible_regular_session
2024-05-16,2024-05-16,2024-05-16,390,389,1.3805211499473121e-05,-0.0027501518229412422,True,True,eligible_regular_session
2024-05-17,2024-05-17,2024-05-17,390,389,8.449808398295604e-06,6.0334896402757864e-05,True,True,eligible_regular_session
2024-05-20,2024-05-20,2024-05-20,390,389,8.654879649669707e-06,0.0007537044930878927,True,True,eligible_regular_session
2024-05-21,2024-05-21,2024-05-21,390,389,6.339995002435379e-06,0.004308427857970144,True,True,eligible_regular_session
2024-05-22,2024-05-22,2024-05-22,390,389,1.8985998664445084e-05,-0.0021478484132440487,True,True,eligible_regular_session
2024-05-23,2024-05-23,2024-05-23,390,389,3.769115274646738e-05,-0.013000862003286281,True,True,eligible_regular_session
2024-05-24,2024-05-24,2024-05-24,390,389,1.924469386226863e-05,0.0035938348673488474,True,True,eligible_regular_session
2024-05-28,2024-05-28,2024-05-28,390,389,1.7127727614702817e-05,-0.0010621609946360228,True,True,eligible_regular_session
2024-05-29,2024-05-29,2024-05-29,390,389,1.768382215091719e-05,-0.0001917860509060519,True,True,eligible_regular_session
2024-05-30,2024-05-30,2024-05-30,313,312,1.711720342919931e-05,-0.003302302598909658,True,True,eligible_regular_session
2024-05-31,2024-05-31,2024-05-31,390,389,3.230609782543211e-05,0.006605086501097501,True,True,eligible_regular_session
2024-06-03,2024-06-03,2024-06-03,390,389,4.059960734318653e-05,-0.0025786268173364933,True,True,eligible_regular_session
2024-06-04,2024-06-04,2024-06-04,390,389,3.3926719566881625e-05,0.0032448813724819995,True,True,eligible_regular_session
2024-06-05,2024-06-05,2024-06-05,390,389,1.30025117405985e-05,0.007744287240414483,True,True,eligible_regular_session
2024-06-06,2024-06-06,2024-06-06,390,389,1.411619144981608e-05,-0.0008179119426673046,True,True,eligible_regular_session
2024-06-07,2024-06-07,2024-06-07,390,389,2.829232263803837e-05,0.0020052637854941855,True,True,eligible_regular_session
2024-06-10,2024-06-10,2024-06-10,390,389,1.3369913294886092e-05,0.004327849741372052,True,True,eligible_regular_session
2024-06-11,2024-06-11,2024-06-11,390,389,1.7141375850070953e-05,0.005637338413182012,True,True,eligible_regular_session
2024-06-12,2024-06-12,2024-06-12,390,389,4.014158860994347e-05,-3.873648950129273e-05,True,True,eligible_regular_session
2024-06-13,2024-06-13,2024-06-13,390,389,2.1374974421586245e-05,-0.000656902699902609,True,True,eligible_regular_session
2024-06-14,2024-06-14,2024-06-14,390,389,1.8866016938317304e-05,0.003451973650909657,True,True,eligible_regular_session
2024-06-17,2024-06-17,2024-06-17,390,389,1.637520261658265e-05,0.009064152093133762,True,True,eligible_regular_session
2024-06-18,2024-06-18,2024-06-18,390,389,1.2438256751897893e-05,0.001763963262766495,True,True,eligible_regular_session
2024-06-20,2024-06-20,2024-06-20,390,389,3.11698241096875e-05,-0.004434225133012199,True,True,eligible_regular_session
2024-06-21,2024-06-21,2024-06-21,390,389,2.3512665751866797e-05,0.000510404300671967,True,True,eligible_regular_session
2024-06-24,2024-06-24,2024-06-24,390,389,2.4822017979450242e-05,-0.0023866097290148472,True,True,eligible_regular_session
2024-06-25,2024-06-25,2024-06-25,390,389,1.4878501549614134e-05,0.0018644757013384513,True,True,eligible_regular_session
2024-06-26,2024-06-26,2024-06-26,390,389,1.9341466300900125e-05,0.0038404541625713493,True,True,eligible_regular_session
2024-06-27,2024-06-27,2024-06-27,390,389,1.929963434477531e-05,0.0008485750380319679,True,True,eligible_regular_session
2024-06-28,2024-06-28,2024-06-28,390,389,3.1005969348345006e-05,-0.005185135901138515,True,True,eligible_regular_session
2024-07-01,2024-07-01,2024-07-01,390,389,3.0497403533750065e-05,-5.662457270518171e-05,True,True,eligible_regular_session
2024-07-02,2024-07-02,2024-07-02,390,389,1.8833251831646344e-05,0.009062079399046867,True,True,eligible_regular_session
2024-07-03,2024-07-03,2024-07-03,232,231,7.938513907012781e-06,0.004730315276548493,False,False,short_or_incomplete
2024-07-05,2024-07-05,2024-07-05,390,389,1.2027445514660125e-05,0.0050931664069152295,True,True,eligible_regular_session
2024-07-08,2024-07-08,2024-07-08,390,389,9.450092806382617e-06,-0.0004288283989586114,True,True,eligible_regular_session
2024-07-09,2024-07-09,2024-07-09,390,389,1.030577044090877e-05,-0.0009032193931652586,True,True,eligible_regular_session
2024-07-10,2024-07-10,2024-07-10,390,389,8.288858246140307e-06,0.007475081603803933,True,True,eligible_regular_session
2024-07-11,2024-07-11,2024-07-11,390,389,3.4350879377476024e-05,-0.008934972530441327,True,True,eligible_regular_session
2024-07-12,2024-07-12,2024-07-12,390,389,2.3918964026049804e-05,0.003925120964111817,True,True,eligible_regular_session
2024-07-15,2024-07-15,2024-07-15,390,389,2.9494332560043264e-05,-0.0012118579014062563,True,True,eligible_regular_session
2024-07-16,2024-07-16,2024-07-16,390,389,2.1685838266452935e-05,0.0036395719006894096,True,True,eligible_regular_session
2024-07-17,2024-07-17,2024-07-17,390,389,2.884808848985701e-05,-0.0038881471360893488,True,True,eligible_regular_session
2024-07-18,2024-07-18,2024-07-18,390,389,5.592551810449664e-05,-0.010071290505237484,True,True,eligible_regular_session
2024-07-19,2024-07-19,2024-07-19,390,389,4.259895342643771e-05,-0.006962968168676959,True,True,eligible_regular_session
2024-07-22,2024-07-22,2024-07-22,390,389,3.711431882005182e-05,0.004100805826036755,True,True,eligible_regular_session
2024-07-23,2024-07-23,2024-07-23,390,389,2.5545472896863263e-05,-0.0015142580512662286,True,True,eligible_regular_session
2024-07-24,2024-07-24,2024-07-24,390,389,2.9037597636950897e-05,-0.014243063810934624,True,True,eligible_regular_session
2024-07-25,2024-07-25,2024-07-25,390,389,8.854997813635801e-05,-0.005638489539926012,True,True,eligible_regular_session
2024-07-26,2024-07-26,2024-07-26,390,389,6.429119828922542e-05,0.004705614559532067,True,True,eligible_regular_session
2024-07-29,2024-07-29,2024-07-29,390,389,4.070276470772174e-05,-0.0014777643095141234,True,True,eligible_regular_session
2024-07-30,2024-07-30,2024-07-30,390,389,5.051592060676367e-05,-0.007220817118350418,True,True,eligible_regular_session
2024-07-31,2024-07-31,2024-07-31,390,389,7.70696335985395e-05,0.002851397428830427,True,True,eligible_regular_session
2024-08-01,2024-08-01,2024-08-01,390,389,9.638929297765883e-05,-0.01773497488654679,True,True,eligible_regular_session
2024-08-02,2024-08-02,2024-08-02,390,389,0.00013998368530444258,-0.004652876963322794,True,True,eligible_regular_session
2024-08-05,2024-08-05,2024-08-05,390,389,0.00034149707392436225,0.01306193755174864,True,True,eligible_regular_session
2024-08-06,2024-08-06,2024-08-06,390,389,0.00012744605957377354,0.0056082625959230584,True,True,eligible_regular_session
2024-08-07,2024-08-07,2024-08-07,390,389,0.00012352852860118894,-0.01918904487185262,True,True,eligible_regular_session
2024-08-08,2024-08-08,2024-08-08,390,389,8.036555432151349e-05,0.011995876682516825,True,True,eligible_regular_session
2024-08-09,2024-08-09,2024-08-09,390,389,6.424308503513696e-05,0.0056108024440472614,True,True,eligible_regular_session
2024-08-12,2024-08-12,2024-08-12,390,389,5.4040966697356215e-05,-0.0027501801587107894,True,True,eligible_regular_session
2024-08-13,2024-08-13,2024-08-13,390,389,3.0902780572645166e-05,0.009630038253722491,True,True,eligible_regular_session
2024-08-14,2024-08-14,2024-08-14,390,389,3.483111506524845e-05,0.0011504324564165147,True,True,eligible_regular_session
2024-08-15,2024-08-15,2024-08-15,390,389,2.0519941773335e-05,0.005746351980164751,True,True,eligible_regular_session
2024-08-16,2024-08-16,2024-08-16,390,389,2.0569191947746928e-05,0.005091963064410506,True,True,eligible_regular_session
2024-08-19,2024-08-19,2024-08-19,390,389,1.761882300671354e-05,0.00854282041995247,True,True,eligible_regular_session
2024-08-20,2024-08-20,2024-08-20,390,389,1.9438478943250198e-05,-0.00169964530478042,True,True,eligible_regular_session
2024-08-21,2024-08-21,2024-08-21,390,389,3.7312002383611007e-05,0.0017825935662245868,True,True,eligible_regular_session
2024-08-22,2024-08-22,2024-08-22,390,389,5.4746257784749934e-05,-0.012173154642726239,True,True,eligible_regular_session
2024-08-23,2024-08-23,2024-08-23,390,389,7.815424313334012e-05,0.005214778327651344,True,True,eligible_regular_session
2024-08-26,2024-08-26,2024-08-26,390,389,2.714469994891241e-05,-0.004675615010505472,True,True,eligible_regular_session
2024-08-27,2024-08-27,2024-08-27,390,389,1.8414719944863173e-05,0.004210480041112623,True,True,eligible_regular_session
2024-08-28,2024-08-28,2024-08-28,390,389,3.3425094583242835e-05,-0.005809087258907815,True,True,eligible_regular_session
2024-08-29,2024-08-29,2024-08-29,390,389,5.807668096992196e-05,-0.002726692456396134,True,True,eligible_regular_session
2024-08-30,2024-08-30,2024-08-30,390,389,3.9473893336376525e-05,0.005029485312169057,True,True,eligible_regular_session
2024-09-03,2024-09-03,2024-09-03,390,389,4.2646319535018695e-05,-0.015083415491250602,True,True,eligible_regular_session
2024-09-04,2024-09-04,2024-09-04,390,389,7.6000509905472e-05,0.0016429238303501353,True,True,eligible_regular_session
2024-09-05,2024-09-05,2024-09-05,390,389,5.5548767145629584e-05,-0.0034955334712460542,True,True,eligible_regular_session
2024-09-06,2024-09-06,2024-09-06,390,389,9.437140134528887e-05,-0.01920565797179213,True,True,eligible_regular_session
2024-09-09,2024-09-09,2024-09-09,390,389,3.137448507209466e-05,0.004058635930097763,True,True,eligible_regular_session
2024-09-10,2024-09-10,2024-09-10,390,389,3.94686680726581e-05,0.0006298364271857104,True,True,eligible_regular_session
2024-09-11,2024-09-11,2024-09-11,390,389,8.426393229752377e-05,0.01182618067232634,True,True,eligible_regular_session
2024-09-12,2024-09-12,2024-09-12,390,389,5.646440607820019e-05,0.008086940537721188,True,True,eligible_regular_session
2024-09-13,2024-09-13,2024-09-13,390,389,2.82607996433711e-05,0.00388807202284121,True,True,eligible_regular_session
2024-09-16,2024-09-16,2024-09-16,390,389,2.6239467750884396e-05,0.002233645082678689,True,True,eligible_regular_session
2024-09-17,2024-09-17,2024-09-17,390,389,3.5640545175980184e-05,-0.0035849315563239014,True,True,eligible_regular_session
2024-09-18,2024-09-18,2024-09-18,390,389,0.0001555562129071934,-0.0033367240834287523,True,True,eligible_regular_session
2024-09-19,2024-09-19,2024-09-19,390,389,3.363871197543406e-05,0.00040265684027749834,True,True,eligible_regular_session
2024-09-20,2024-09-20,2024-09-20,390,389,2.697533579766496e-05,-0.00012800561137952905,True,True,eligible_regular_session
2024-09-23,2024-09-23,2024-09-23,390,389,1.913792033406945e-05,0.0008065144406994138,True,True,eligible_regular_session
2024-09-24,2024-09-24,2024-09-24,390,389,1.8307239052864847e-05,0.0015270122658756539,True,True,eligible_regular_session
2024-09-25,2024-09-25,2024-09-25,390,389,1.2651849591588494e-05,-0.0026646509972740903,True,True,eligible_regular_session
2024-09-26,2024-09-26,2024-09-26,390,389,2.1347464951451283e-05,-0.0028976936954458773,True,True,eligible_regular_session
2024-09-27,2024-09-27,2024-09-27,390,389,1.688098504733414e-05,-0.0028909274489311364,True,True,eligible_regular_session
2024-09-30,2024-09-30,2024-09-30,390,389,2.3431007081796304e-05,0.0058896358534963385,True,True,eligible_regular_session
2024-10-01,2024-10-01,2024-10-01,390,389,6.053702440602958e-05,-0.007653953322745548,True,True,eligible_regular_session
2024-10-02,2024-10-02,2024-10-02,390,389,2.8299046906668045e-05,0.0029487136759207833,True,True,eligible_regular_session
2024-10-03,2024-10-03,2024-10-03,390,389,5.496855539683193e-05,0.0006231180501258571,True,True,eligible_regular_session
2024-10-04,2024-10-04,2024-10-04,390,389,4.321486573886555e-05,0.0013261816619404112,True,True,eligible_regular_session
2024-10-07,2024-10-07,2024-10-07,390,389,2.6020621680739567e-05,-0.006633137570792727,True,True,eligible_regular_session
2024-10-08,2024-10-08,2024-10-08,390,389,1.866812221016382e-05,0.00519720789738804,True,True,eligible_regular_session
2024-10-09,2024-10-09,2024-10-09,390,389,1.3541483234163152e-05,0.007495228200692934,True,True,eligible_regular_session
2024-10-10,2024-10-10,2024-10-10,390,389,2.0351127479565084e-05,0.00098659963484665,True,True,eligible_regular_session
2024-10-11,2024-10-11,2024-10-11,390,389,1.3648860325935498e-05,0.0061237072871564565,True,True,eligible_regular_session
2024-10-14,2024-10-14,2024-10-14,390,389,8.500434269802637e-06,0.004979342893287799,True,True,eligible_regular_session
2024-10-15,2024-10-15,2024-10-15,390,389,2.3058105351531245e-05,-0.007600979392991898,True,True,eligible_regular_session
2024-10-16,2024-10-16,2024-10-16,390,389,1.2011917846310427e-05,0.004604642621593239,True,True,eligible_regular_session
2024-10-17,2024-10-17,2024-10-17,390,389,2.3283184379138904e-05,-0.005604416933229946,True,True,eligible_regular_session
2024-10-18,2024-10-18,2024-10-18,390,389,9.97046469051742e-06,0.0013804343990360785,True,True,eligible_regular_session
2024-10-21,2024-10-21,2024-10-21,390,389,1.3851605915871356e-05,-0.0006385903421064082,True,True,eligible_regular_session
2024-10-22,2024-10-22,2024-10-22,390,389,1.2412700768712517e-05,0.004484419985157827,True,True,eligible_regular_session
2024-10-23,2024-10-23,2024-10-23,390,389,2.2535170517288122e-05,-0.006094276949527447,True,True,eligible_regular_session
2024-10-24,2024-10-24,2024-10-24,390,389,1.9902034610124384e-05,-0.000357984961570557,True,True,eligible_regular_session
2024-10-25,2024-10-25,2024-10-25,390,389,2.557561629873008e-05,-0.005523628483005978,True,True,eligible_regular_session
2024-10-28,2024-10-28,2024-10-28,390,389,1.5287628166460483e-05,-0.0020718286833413453,True,True,eligible_regular_session
2024-10-29,2024-10-29,2024-10-29,390,389,1.8433616369568606e-05,0.003815468073599649,True,True,eligible_regular_session
2024-10-30,2024-10-30,2024-10-30,390,389,2.0479455575010488e-05,-0.0015374351229013581,True,True,eligible_regular_session
2024-10-31,2024-10-31,2024-10-31,390,389,4.1730528393936375e-05,-0.011218069155503349,True,True,eligible_regular_session
2024-11-01,2024-11-01,2024-11-01,390,389,3.54343830862466e-05,-0.0005846315373656597,True,True,eligible_regular_session
2024-11-04,2024-11-04,2024-11-04,390,389,2.971360361109346e-05,-0.002604391179691096,True,True,eligible_regular_session
2024-11-05,2024-11-05,2024-11-05,390,389,2.3575504557797314e-05,0.009685230003720648,True,True,eligible_regular_session
2024-11-06,2024-11-06,2024-11-06,390,389,3.208280355471143e-05,0.006205319376256212,True,True,eligible_regular_session
2024-11-07,2024-11-07,2024-11-07,390,389,1.5715226895992965e-05,0.003933648120609518,True,True,eligible_regular_session
2024-11-08,2024-11-08,2024-11-08,390,389,1.0762765505500524e-05,0.0025664009437566006,True,True,eligible_regular_session
2024-11-11,2024-11-11,2024-11-11,390,389,1.4002671431094547e-05,-0.0018106118755369636,True,True,eligible_regular_session
2024-11-12,2024-11-12,2024-11-12,390,389,1.8883899599762686e-05,-0.00330159665616544,True,True,eligible_regular_session
2024-11-13,2024-11-13,2024-11-13,390,389,2.8019702388182817e-05,-0.0005644000644090872,True,True,eligible_regular_session
2024-11-14,2024-11-14,2024-11-14,390,389,3.409137476170845e-05,-0.006997603353196113,True,True,eligible_regular_session
2024-11-15,2024-11-15,2024-11-15,390,389,3.3628767205354744e-05,-0.0069843688014895235,True,True,eligible_regular_session
2024-11-18,2024-11-18,2024-11-18,390,389,1.7375168250214514e-05,0.004069856083802318,True,True,eligible_regular_session
2024-11-19,2024-11-19,2024-11-19,390,389,2.606998615926474e-05,0.009038586911472184,True,True,eligible_regular_session
2024-11-20,2024-11-20,2024-11-20,390,389,3.9190696932130166e-05,0.0004226128354629747,True,True,eligible_regular_session
2024-11-21,2024-11-21,2024-11-21,390,389,5.810787813399913e-05,0.0011505351930050148,True,True,eligible_regular_session
2024-11-22,2024-11-22,2024-11-22,390,389,3.176477608891647e-05,0.0028239008202590827,True,True,eligible_regular_session
2024-11-25,2024-11-25,2024-11-25,390,389,2.4824683556855655e-05,-0.002472242758150782,True,True,eligible_regular_session
2024-11-26,2024-11-26,2024-11-26,390,389,1.4604913563745233e-05,0.003409040327594101,True,True,eligible_regular_session
2024-11-27,2024-11-27,2024-11-27,390,389,1.4293110064252341e-05,-0.0021048993290467407,True,True,eligible_regular_session
2024-11-29,2024-11-29,2024-11-29,232,231,4.6739744511836065e-06,0.004462579781446796,False,False,short_or_incomplete
2024-12-02,2024-12-02,2024-12-02,390,389,8.452831399671452e-06,0.0002563633956884304,True,True,eligible_regular_session
2024-12-03,2024-12-03,2024-12-03,390,389,7.820453715890352e-06,0.0006762985727273384,True,True,eligible_regular_session
2024-12-04,2024-12-04,2024-12-04,390,389,7.812141115444524e-06,0.0027740318555773786,True,True,eligible_regular_session
2024-12-05,2024-12-05,2024-12-05,390,389,8.626464942340411e-06,-0.0018399934814343469,True,True,eligible_regular_session
2024-12-06,2024-12-06,2024-12-06,390,389,9.141292171216887e-06,0.0004369660172396257,True,True,eligible_regular_session
2024-12-09,2024-12-09,2024-12-09,390,389,1.3971807218944534e-05,-0.004311388660865071,True,True,eligible_regular_session
2024-12-10,2024-12-10,2024-12-10,390,389,1.2768662995609256e-05,-0.0033441251852156894,True,True,eligible_regular_session
2024-12-11,2024-12-11,2024-12-11,390,389,7.082022784769816e-06,0.003360229832976646,True,True,eligible_regular_session
2024-12-12,2024-12-12,2024-12-12,390,389,1.3657605727587752e-05,-0.003786796274704151,True,True,eligible_regular_session
2024-12-13,2024-12-13,2024-12-13,390,389,1.6579483622635904e-05,-0.0033196475232125104,True,True,eligible_regular_session
2024-12-16,2024-12-16,2024-12-16,390,389,1.0207276268529728e-05,0.0012832372940961767,True,True,eligible_regular_session
2024-12-17,2024-12-17,2024-12-17,390,389,1.3438844770772871e-05,0.0009706691681751711,True,True,eligible_regular_session
2024-12-18,2024-12-18,2024-12-18,390,389,0.00010113919238394578,-0.030037307762889588,True,True,eligible_regular_session
2024-12-19,2024-12-19,2024-12-19,390,389,9.938281259699186e-05,-0.00920897602088393,True,True,eligible_regular_session
2024-12-20,2024-12-20,2024-12-20,390,389,8.578305619183656e-05,0.01632042858518158,True,True,eligible_regular_session
2024-12-23,2024-12-23,2024-12-23,390,389,4.631089760806995e-05,0.0048440794309236365,True,True,eligible_regular_session
2024-12-24,2024-12-24,2024-12-24,232,231,1.1521161149820281e-05,0.00947849166990126,False,False,short_or_incomplete
2024-12-26,2024-12-26,2024-12-26,390,389,1.7795341807658046e-05,0.002178917439741705,True,True,eligible_regular_session
2024-12-27,2024-12-27,2024-12-27,390,389,5.9416070528725135e-05,-0.004880698396929365,True,True,eligible_regular_session
2024-12-30,2024-12-30,2024-12-30,390,389,5.8700823298004455e-05,0.001419559666767186,True,True,eligible_regular_session
2024-12-31,2024-12-31,2024-12-31,390,389,6.206358537535595e-05,-0.006830786149656666,True,True,eligible_regular_session
2025-01-02,2025-01-02,2025-01-02,390,389,0.00010609143974330503,-0.007952834303505006,True,True,eligible_regular_session
2025-01-03,2025-01-03,2025-01-03,390,389,3.787917340153728e-05,0.007125774457631737,True,True,eligible_regular_session
2025-01-06,2025-01-06,2025-01-06,390,389,3.3750452800395784e-05,-0.002326414194822839,True,True,eligible_regular_session
2025-01-07,2025-01-07,2025-01-07,390,389,6.813753036914543e-05,-0.014849749970621566,True,True,eligible_regular_session
2025-01-08,2025-01-08,2025-01-08,390,389,6.823070827370229e-05,0.002341941259549966,True,True,eligible_regular_session
2025-01-10,2025-01-10,2025-01-10,390,389,7.952934490802059e-05,-0.008241922288820026,True,True,eligible_regular_session
2025-01-13,2025-01-13,2025-01-13,390,389,5.256199055091491e-05,0.009986108748929851,True,True,eligible_regular_session
2025-01-14,2025-01-14,2025-01-14,390,389,5.2979919108963886e-05,-0.003026232772966049,True,True,eligible_regular_session
2025-01-15,2025-01-15,2025-01-15,390,389,3.413096014746906e-05,0.004226562507680576,True,True,eligible_regular_session
2025-01-16,2025-01-16,2025-01-16,390,389,3.7823292960199306e-05,-0.003367864238466606,True,True,eligible_regular_session
2025-01-17,2025-01-17,2025-01-17,390,389,2.123823888697414e-05,0.0011562324797920076,True,True,eligible_regular_session
2025-01-21,2025-01-21,2025-01-21,390,389,2.79451487004203e-05,0.0037496462395494906,True,True,eligible_regular_session
2025-01-22,2025-01-22,2025-01-22,390,389,9.694043023731498e-06,0.001177228978721212,True,True,eligible_regular_session
2025-01-23,2025-01-23,2025-01-23,390,389,1.0146641367071514e-05,0.006906515960612371,True,True,eligible_regular_session
2025-01-24,2025-01-24,2025-01-24,390,389,1.4107245408900194e-05,-0.0032385763854276602,True,True,eligible_regular_session
2025-01-27,2025-01-27,2025-01-27,390,389,6.201793383051147e-05,0.005700197213065326,True,True,eligible_regular_session
2025-01-28,2025-01-28,2025-01-28,390,389,3.267831736784709e-05,0.006661377211234383,True,True,eligible_regular_session
2025-01-29,2025-01-29,2025-01-29,390,389,7.595669604782478e-05,-0.0029136123583510956,True,True,eligible_regular_session
2025-01-30,2025-01-30,2025-01-30,390,389,4.744462530158241e-05,0.0018205389468602974,True,True,eligible_regular_session
2025-01-31,2025-01-31,2025-01-31,390,389,5.167194348725417e-05,-0.009628877763750066,True,True,eligible_regular_session
2025-02-03,2025-02-03,2025-02-03,390,389,0.00011772203583307702,0.008578696461941974,True,True,eligible_regular_session
2025-02-04,2025-02-04,2025-02-04,390,389,2.4706456263385923e-05,0.0070980877264806225,True,True,eligible_regular_session
2025-02-05,2025-02-05,2025-02-05,390,389,2.293274753365715e-05,0.006036105790546254,True,True,eligible_regular_session
2025-02-06,2025-02-06,2025-02-06,390,389,2.266765491427905e-05,0.0014526744180135256,True,True,eligible_regular_session
2025-02-07,2025-02-07,2025-02-07,390,389,9.041065275649417e-05,-0.01017878888876529,True,True,eligible_regular_session
2025-02-10,2025-02-10,2025-02-10,390,389,1.3403808644003579e-05,0.0018544677516141013,True,True,eligible_regular_session
2025-02-11,2025-02-11,2025-02-11,390,389,1.1054853447931717e-05,0.0032546331291041656,True,True,eligible_regular_session
2025-02-12,2025-02-12,2025-02-12,390,389,2.8490435927234618e-05,0.007323050804621951,True,True,eligible_regular_session
2025-02-13,2025-02-13,2025-02-13,390,389,2.3962472874305893e-05,0.00827296479194984,True,True,eligible_regular_session
2025-02-14,2025-02-14,2025-02-14,390,389,1.0382219564957036e-05,-0.0011034614658896299,True,True,eligible_regular_session
2025-02-18,2025-02-18,2025-02-18,390,389,1.5214358803869357e-05,0.001034895998813392,True,True,eligible_regular_session
2025-02-19,2025-02-19,2025-02-19,390,389,1.1770711122780342e-05,0.004510519259844936,True,True,eligible_regular_session
2025-02-20,2025-02-20,2025-02-20,390,389,2.1849582261135845e-05,-0.002088366894154344,True,True,eligible_regular_session
2025-02-21,2025-02-21,2025-02-21,390,389,3.618213772876287e-05,-0.016041042859996628,True,True,eligible_regular_session
2025-02-24,2025-02-24,2025-02-24,390,389,4.7500490187376485e-05,-0.008419911298561344,True,True,eligible_regular_session
2025-02-25,2025-02-25,2025-02-25,390,389,7.554225144732989e-05,-0.004842251364222203,True,True,eligible_regular_session
2025-02-26,2025-02-26,2025-02-26,390,389,5.68813946120101e-05,-0.001653707969168693,True,True,eligible_regular_session
2025-02-27,2025-02-27,2025-02-27,390,389,9.077257709205907e-05,-0.020908061119669766,True,True,eligible_regular_session
2025-02-28,2025-02-28,2025-02-28,390,389,0.00013132378616700934,0.01572683954592551,True,True,eligible_regular_session
2025-03-03,2025-03-03,2025-03-03,390,389,0.00012375688131990246,-0.019855136184795653,True,True,eligible_regular_session
2025-03-04,2025-03-04,2025-03-04,390,389,0.00018192991530560957,-0.00442985630976986,True,True,eligible_regular_session
2025-03-05,2025-03-05,2025-03-05,390,389,0.0001955193015627876,0.009569780256640702,True,True,eligible_regular_session
2025-03-06,2025-03-06,2025-03-06,390,389,0.00014708537105147208,-0.005061673750877588,True,True,eligible_regular_session
2025-03-07,2025-03-07,2025-03-07,390,389,0.00018117563777554955,0.0073818149773090275,True,True,eligible_regular_session
2025-03-10,2025-03-10,2025-03-10,390,389,0.00014611176306935058,-0.01328974935638133,True,True,eligible_regular_session
2025-03-11,2025-03-11,2025-03-11,390,389,0.0002506413802850694,-0.0059159275810945905,True,True,eligible_regular_session
2025-03-12,2025-03-12,2025-03-12,390,389,0.00013207385905081835,-0.00544219757376889,True,True,eligible_regular_session
2025-03-13,2025-03-13,2025-03-13,390,389,0.00011678559443456459,-0.011508153905960656,True,True,eligible_regular_session
2025-03-14,2025-03-14,2025-03-14,390,389,7.398094603930399e-05,0.011547991655341311,True,True,eligible_regular_session
2025-03-17,2025-03-17,2025-03-17,390,389,5.4542798212635584e-05,0.00784406527467369,True,True,eligible_regular_session
2025-03-18,2025-03-18,2025-03-18,390,389,6.48884424737726e-05,-0.005967516943479243,True,True,eligible_regular_session
2025-03-19,2025-03-19,2025-03-19,390,389,7.22118542534502e-05,0.007041124544338936,True,True,eligible_regular_session
2025-03-20,2025-03-20,2025-03-20,390,389,6.0931792648905954e-05,0.004918408407937352,True,True,eligible_regular_session
2025-03-21,2025-03-21,2025-03-21,390,389,6.45845868745242e-05,0.00775052796464752,True,True,eligible_regular_session
2025-03-24,2025-03-24,2025-03-24,390,389,2.091522646982682e-05,0.006663784958790603,True,True,eligible_regular_session
2025-03-25,2025-03-25,2025-03-25,390,389,2.1961240404026227e-05,-0.00031500206223351716,True,True,eligible_regular_session
2025-03-26,2025-03-26,2025-03-26,390,389,4.043256098186602e-05,-0.010771402967424494,True,True,eligible_regular_session
2025-03-27,2025-03-27,2025-03-27,390,389,6.150450138021062e-05,-0.0004706956898819777,True,True,eligible_regular_session
2025-03-28,2025-03-28,2025-03-28,390,389,5.765553887401834e-05,-0.017090606316021283,True,True,eligible_regular_session
2025-03-31,2025-03-31,2025-03-31,390,389,0.00011296323397682909,0.016140016683865575,True,True,eligible_regular_session
2025-04-01,2025-04-01,2025-04-01,390,389,8.680219856978862e-05,0.007468007156226554,True,True,eligible_regular_session
2025-04-02,2025-04-02,2025-04-02,390,389,8.731757384670607e-05,0.017037199426593576,True,True,eligible_regular_session
2025-04-03,2025-04-03,2025-04-03,390,389,0.00015493071421483843,-0.017071592903573792,True,True,eligible_regular_session
2025-04-04,2025-04-04,2025-04-04,390,389,0.0006037249944139237,-0.03728646065394827,True,True,eligible_regular_session
2025-04-07,2025-04-07,2025-04-07,390,389,0.0029338910429936318,0.03216279524072972,True,True,eligible_regular_session
2025-04-08,2025-04-08,2025-04-08,390,389,0.0006522328889428111,-0.04850482962277259,True,True,eligible_regular_session
2025-04-09,2025-04-09,2025-04-09,390,389,0.0023392540665933036,0.09439032440445519,True,True,eligible_regular_session
2025-04-10,2025-04-10,2025-04-10,390,389,0.0009384687242216274,-0.014265157728926019,True,True,eligible_regular_session
2025-04-11,2025-04-11,2025-04-11,390,389,0.00045372113841632325,0.01901117753705726,True,True,eligible_regular_session
2025-04-14,2025-04-14,2025-04-14,390,389,0.00020706703890137302,-0.009033069192209949,True,True,eligible_regular_session
2025-04-15,2025-04-15,2025-04-15,390,389,0.0001224849976742289,-0.0033298216015622013,True,True,eligible_regular_session
2025-04-16,2025-04-16,2025-04-16,390,389,0.00014384903077756107,-0.01246122043781189,True,True,eligible_regular_session
2025-04-17,2025-04-17,2025-04-17,390,389,0.00016825435127550505,-0.002421594765869943,True,True,eligible_regular_session
2025-04-21,2025-04-21,2025-04-21,390,389,7.581572164093629e-05,-0.013977598087892408,True,True,eligible_regular_session
2025-04-22,2025-04-22,2025-04-22,390,389,0.0001146152606262464,0.014829060396152439,True,True,eligible_regular_session
2025-04-23,2025-04-23,2025-04-23,390,389,0.0002559491372505445,-0.008793371147202689,True,True,eligible_regular_session
2025-04-24,2025-04-24,2025-04-24,390,389,6.816540155030865e-05,0.01938021958200836,True,True,eligible_regular_session
2025-04-25,2025-04-25,2025-04-25,390,389,9.27133014070697e-05,0.006473313920878191,True,True,eligible_regular_session
2025-04-28,2025-04-28,2025-04-28,390,389,6.86108270925799e-05,-0.001664484787202808,True,True,eligible_regular_session
2025-04-29,2025-04-29,2025-04-29,390,389,6.193630270577682e-05,0.009303434763556759,True,True,eligible_regular_session
2025-04-30,2025-04-30,2025-04-30,390,389,0.00012562390706959253,0.014870384767154082,True,True,eligible_regular_session
2025-05-01,2025-05-01,2025-05-01,390,389,7.189109010535115e-05,-0.003688095032216818,True,True,eligible_regular_session
2025-05-02,2025-05-02,2025-05-02,390,389,5.256266209746186e-05,0.004219430416189224,True,True,eligible_regular_session
2025-05-05,2025-05-05,2025-05-05,390,389,3.341290642744679e-05,0.0010286290840483495,True,True,eligible_regular_session
2025-05-06,2025-05-06,2025-05-06,390,389,5.506150545117243e-05,0.0014085326545581398,True,True,eligible_regular_session
2025-05-07,2025-05-07,2025-05-07,390,389,0.00014043897639642237,0.0025522127831832018,True,True,eligible_regular_session
2025-05-08,2025-05-08,2025-05-08,390,389,5.868472466378579e-05,-0.0014273353864383154,True,True,eligible_regular_session
2025-05-09,2025-05-09,2025-05-09,390,389,3.995065611428143e-05,-0.004928506238369687,True,True,eligible_regular_session
2025-05-12,2025-05-12,2025-05-12,390,389,3.815790584330329e-05,0.0041852651160729105,True,True,eligible_regular_session
2025-05-13,2025-05-13,2025-05-13,390,389,2.6541830532026164e-05,0.0064901473757772825,True,True,eligible_regular_session
2025-05-14,2025-05-14,2025-05-14,390,389,3.775423489519279e-05,-0.0014773068216596562,True,True,eligible_regular_session
2025-05-15,2025-05-15,2025-05-15,390,389,3.446015549420843e-05,0.008260555024267766,True,True,eligible_regular_session
2025-05-16,2025-05-16,2025-05-16,390,389,2.120481295988134e-05,0.005839046863119192,True,True,eligible_regular_session
2025-05-19,2025-05-19,2025-05-19,390,389,2.6360593780129644e-05,0.01074299456320979,True,True,eligible_regular_session
2025-05-20,2025-05-20,2025-05-20,390,389,2.493627650545519e-05,-0.0012095368141693482,True,True,eligible_regular_session
2025-05-21,2025-05-21,2025-05-21,390,389,7.68261026918796e-05,-0.010100812235057072,True,True,eligible_regular_session
2025-05-22,2025-05-22,2025-05-22,390,389,5.319314879353892e-05,0.00043837718948820897,True,True,eligible_regular_session
2025-05-23,2025-05-23,2025-05-23,390,389,5.8430266679955775e-05,0.005575318626041048,True,True,eligible_regular_session
2025-05-27,2025-05-27,2025-05-27,390,389,1.6579353145760673e-05,0.008209353773723149,True,True,eligible_regular_session
2025-05-28,2025-05-28,2025-05-28,390,389,2.167591406597507e-05,-0.006873344475874746,True,True,eligible_regular_session
2025-05-29,2025-05-29,2025-05-29,390,389,6.0446306097799604e-05,-0.004148914288913692,True,True,eligible_regular_session
2025-05-30,2025-05-30,2025-05-30,390,389,6.522645494140012e-05,0.0023491018627747346,True,True,eligible_regular_session
2025-06-02,2025-06-02,2025-06-02,390,389,4.125456124312833e-05,0.00701752521529861,True,True,eligible_regular_session
2025-06-03,2025-06-03,2025-06-03,390,389,2.046395709898756e-05,0.005045762492912635,True,True,eligible_regular_session
2025-06-04,2025-06-04,2025-06-04,390,389,2.0554907909733166e-05,-0.0017034097404774605,True,True,eligible_regular_session
2025-06-05,2025-06-05,2025-06-05,390,389,6.985454655452466e-05,-0.00804709494878672,True,True,eligible_regular_session
2025-06-06,2025-06-06,2025-06-06,390,389,2.504927326400315e-05,0.000870428015370186,True,True,eligible_regular_session
2025-06-09,2025-06-09,2025-06-09,390,389,1.2879566766280942e-05,-0.00047788452921614636,True,True,eligible_regular_session
2025-06-10,2025-06-10,2025-06-10,390,389,1.951807554634928e-05,0.003979875306076937,True,True,eligible_regular_session
2025-06-11,2025-06-11,2025-06-11,390,389,3.846656051263883e-05,-0.004171428656365154,True,True,eligible_regular_session
2025-06-12,2025-06-12,2025-06-12,390,389,2.218928759544096e-05,0.005611892733161734,True,True,eligible_regular_session
2025-06-13,2025-06-13,2025-06-13,390,389,4.9445203235010566e-05,-0.0037470613414716013,True,True,eligible_regular_session
2025-06-16,2025-06-16,2025-06-16,390,389,1.9934904858445776e-05,0.0029978360363299953,True,True,eligible_regular_session
2025-06-17,2025-06-17,2025-06-17,390,389,2.3844580913763e-05,-0.0051837474490011165,True,True,eligible_regular_session
2025-06-18,2025-06-18,2025-06-18,390,389,4.433737965347175e-05,-0.0012082331772011227,True,True,eligible_regular_session
2025-06-20,2025-06-20,2025-06-20,390,389,3.6161670951320106e-05,-0.006519881609687084,True,True,eligible_regular_session
2025-06-23,2025-06-23,2025-06-23,390,389,3.6882310725267026e-05,0.00983449873048067,True,True,eligible_regular_session
2025-06-24,2025-06-24,2025-06-24,390,389,1.2064374131208952e-05,0.004736074759475986,True,True,eligible_regular_session
2025-06-25,2025-06-25,2025-06-25,390,389,1.2883576535146472e-05,-0.0019377785881536061,True,True,eligible_regular_session
2025-06-26,2025-06-26,2025-06-26,390,389,9.65336964637453e-06,0.004504956781132717,True,True,eligible_regular_session
2025-06-27,2025-06-27,2025-06-27,390,389,2.0603866951480002e-05,0.0024446697070169194,True,True,eligible_regular_session
2025-06-30,2025-06-30,2025-06-30,390,389,1.5328850212103885e-05,0.0016227589812466752,True,True,eligible_regular_session
2025-07-01,2025-07-01,2025-07-01,390,389,2.1395508026814987e-05,0.0016843326363684909,True,True,eligible_regular_session
2025-07-02,2025-07-02,2025-07-02,390,389,9.947690543375343e-06,0.005074461384921449,True,True,eligible_regular_session
2025-07-03,2025-07-03,2025-07-03,232,231,4.979434186284935e-06,0.004486627868936739,False,False,short_or_incomplete
2025-07-07,2025-07-07,2025-07-07,390,389,2.855063732065092e-05,-0.004985337709510078,True,True,eligible_regular_session
2025-07-08,2025-07-08,2025-07-08,390,389,1.9004577973845856e-05,-0.0011735178060695028,True,True,eligible_regular_session
2025-07-09,2025-07-09,2025-07-09,390,389,1.4663909136745289e-05,0.0018300840472981028,True,True,eligible_regular_session
2025-07-10,2025-07-10,2025-07-10,390,389,9.059207959707801e-06,0.002480726230587693,True,True,eligible_regular_session
2025-07-11,2025-07-11,2025-07-11,390,389,1.3597602409699224e-05,0.0007001100002088552,True,True,eligible_regular_session
2025-07-14,2025-07-14,2025-07-14,390,389,1.2001117362877576e-05,0.002507884373610861,True,True,eligible_regular_session
2025-07-15,2025-07-15,2025-07-15,390,389,1.8737662729736067e-05,-0.008907686513895357,True,True,eligible_regular_session
2025-07-16,2025-07-16,2025-07-16,390,389,5.6339818235784565e-05,0.0007937909041419163,True,True,eligible_regular_session
2025-07-17,2025-07-17,2025-07-17,390,389,9.476128079329427e-06,0.0053101357757031,True,True,eligible_regular_session
2025-07-18,2025-07-18,2025-07-18,390,389,1.0774670544653944e-05,-0.002382543531381838,True,True,eligible_regular_session
2025-07-21,2025-07-21,2025-07-21,390,389,7.460723424649756e-06,-0.0006529815495302882,True,True,eligible_regular_session
2025-07-22,2025-07-22,2025-07-22,390,389,1.6634737079652413e-05,0.0009593878414724032,True,True,eligible_regular_session
2025-07-23,2025-07-23,2025-07-23,390,389,1.3521564453993377e-05,0.00490832182980985,True,True,eligible_regular_session
2025-07-24,2025-07-24,2025-07-24,390,389,1.2801271199620412e-05,-0.001080493739944516,True,True,eligible_regular_session
2025-07-25,2025-07-25,2025-07-25,390,389,5.416363078124178e-06,0.0027865299269309186,True,True,eligible_regular_session
2025-07-28,2025-07-28,2025-07-28,390,389,7.51240179978283e-06,-0.0015497611606556379,True,True,eligible_regular_session
2025-07-29,2025-07-29,2025-07-29,390,389,1.2528297271363429e-05,-0.005888495829793345,True,True,eligible_regular_session
2025-07-30,2025-07-30,2025-07-30,390,389,3.0449761427252622e-05,-0.0014334173910195602,True,True,eligible_regular_session
2025-07-31,2025-07-31,2025-07-31,390,389,4.5492037378528764e-05,-0.010035355152979958,True,True,eligible_regular_session
2025-08-01,2025-08-01,2025-08-01,390,389,7.179703380283266e-05,-0.00574397707967646,True,True,eligible_regular_session
2025-08-04,2025-08-04,2025-08-04,390,389,1.51455139323382e-05,0.007876691671993744,True,True,eligible_regular_session
2025-08-05,2025-08-05,2025-08-05,390,389,3.016502191984908e-05,-0.00529773623753192,True,True,eligible_regular_session
2025-08-06,2025-08-06,2025-08-06,390,389,2.352745184122924e-05,0.006167340336807533,True,True,eligible_regular_session
2025-08-07,2025-08-07,2025-08-07,390,389,4.4028380202695545e-05,-0.005738046116515374,True,True,eligible_regular_session
2025-08-08,2025-08-08,2025-08-08,390,389,1.328636341484115e-05,0.004383485305120824,True,True,eligible_regular_session
2025-08-11,2025-08-11,2025-08-11,390,389,1.4130219836437464e-05,-0.0024536544480138135,True,True,eligible_regular_session
2025-08-12,2025-08-12,2025-08-12,390,389,2.3114423924575598e-05,0.006631406617855256,True,True,eligible_regular_session
2025-08-13,2025-08-13,2025-08-13,390,389,1.5006800359767409e-05,0.000426887087116526,True,True,eligible_regular_session
2025-08-14,2025-08-14,2025-08-14,390,389,1.8540417312252038e-05,0.0034941459103387386,True,True,eligible_regular_session
2025-08-15,2025-08-15,2025-08-15,390,389,1.88677095807316e-05,-0.0035162259124650514,True,True,eligible_regular_session
2025-08-18,2025-08-18,2025-08-18,390,389,1.2491452050594995e-05,0.00044045895293511473,True,True,eligible_regular_session
2025-08-19,2025-08-19,2025-08-19,390,389,2.1470674932816287e-05,-0.005417470902031546,True,True,eligible_regular_session
2025-08-20,2025-08-20,2025-08-20,390,389,4.089205847484626e-05,-0.0012517807471055748,True,True,eligible_regular_session
2025-08-21,2025-08-21,2025-08-21,390,389,3.832511835684217e-05,0.0005040374130727624,True,True,eligible_regular_session
2025-08-22,2025-08-22,2025-08-22,390,389,7.504725033560948e-05,0.012583578225108036,True,True,eligible_regular_session
2025-08-25,2025-08-25,2025-08-25,390,389,9.406247784951785e-06,-0.002348372885132763,True,True,eligible_regular_session
2025-08-26,2025-08-26,2025-08-26,390,389,1.317738568942313e-05,0.0050345367535971925,True,True,eligible_regular_session
2025-08-27,2025-08-27,2025-08-27,390,389,9.667921733735453e-06,0.0034561302596898043,True,True,eligible_regular_session
2025-08-28,2025-08-28,2025-08-28,390,389,1.815701624520181e-05,0.0013897024226347562,True,True,eligible_regular_session
2025-08-29,2025-08-29,2025-08-29,390,389,2.198403639629809e-05,-0.003933866164751445,True,True,eligible_regular_session
2025-09-02,2025-09-02,2025-09-02,390,389,3.454170013111723e-05,0.006432227932438642,True,True,eligible_regular_session
2025-09-03,2025-09-03,2025-09-03,390,389,2.6134151093281493e-05,0.0012244205900850385,True,True,eligible_regular_session
2025-09-04,2025-09-04,2025-09-04,390,389,1.384682497799841e-05,0.007053967955771536,True,True,eligible_regular_session
2025-09-05,2025-09-05,2025-09-05,390,389,5.913747021587514e-05,-0.006804765898745164,True,True,eligible_regular_session
2025-09-08,2025-09-08,2025-09-08,390,389,1.4828583853942143e-05,0.0005466344776058225,True,True,eligible_regular_session
2025-09-09,2025-09-09,2025-09-09,390,389,1.207451357799038e-05,0.00213359320715204,True,True,eligible_regular_session
2025-09-10,2025-09-10,2025-09-10,390,389,1.707707077990823e-05,-0.0009196767854479718,True,True,eligible_regular_session
2025-09-11,2025-09-11,2025-09-11,390,389,1.0179351845339881e-05,0.005312643313206504,True,True,eligible_regular_session
2025-09-12,2025-09-12,2025-09-12,390,389,7.935222558506292e-06,-8.353273614816632e-05,True,True,eligible_regular_session
2025-09-15,2025-09-15,2025-09-15,390,389,7.496106935761472e-06,0.0011630150468713838,True,True,eligible_regular_session
2025-09-16,2025-09-16,2025-09-16,390,389,8.180796896818326e-06,-0.002661954018014193,True,True,eligible_regular_session
2025-09-17,2025-09-17,2025-09-17,390,389,6.675496655971766e-05,-0.001619681140734931,True,True,eligible_regular_session
2025-09-18,2025-09-18,2025-09-18,390,389,1.8795544169726216e-05,0.0011527987575871376,True,True,eligible_regular_session
2025-09-19,2025-09-19,2025-09-19,390,389,1.1118963653903372e-05,0.002267368533589777,True,True,eligible_regular_session
2025-09-22,2025-09-22,2025-09-22,390,389,7.674067220653117e-06,0.0062191025876914986,True,True,eligible_regular_session
2025-09-23,2025-09-23,2025-09-23,390,389,1.5213043176748636e-05,-0.005281839557842928,True,True,eligible_regular_session
2025-09-24,2025-09-24,2025-09-24,390,389,1.6005811270951256e-05,-0.004669133480112012,True,True,eligible_regular_session
2025-09-25,2025-09-25,2025-09-25,390,389,3.2506644792656805e-05,0.001199956509207423,True,True,eligible_regular_session
2025-09-26,2025-09-26,2025-09-26,390,389,2.8528516738010388e-05,0.0039046319212017854,True,True,eligible_regular_session
2025-09-29,2025-09-29,2025-09-29,390,389,1.1648938905575894e-05,-0.0009662517837477997,True,True,eligible_regular_session
2025-09-30,2025-09-30,2025-09-30,390,389,1.9611798972159516e-05,0.004781822033357948,True,True,eligible_regular_session
2025-10-01,2025-10-01,2025-10-01,390,389,1.4067330152332427e-05,0.007795260469203264,True,True,eligible_regular_session
2025-10-02,2025-10-02,2025-10-02,390,389,1.4866759087737312e-05,-0.001365992364645486,True,True,eligible_regular_session
2025-10-03,2025-10-03,2025-10-03,390,389,2.0074108774074876e-05,-0.001431405148973431,True,True,eligible_regular_session
2025-10-06,2025-10-06,2025-10-06,390,389,9.981049641822135e-06,0.0005253379201091242,True,True,eligible_regular_session
2025-10-07,2025-10-07,2025-10-07,390,389,2.1488956540438713e-05,-0.004933982287989474,True,True,eligible_regular_session
2025-10-08,2025-10-08,2025-10-08,390,389,8.657275054363605e-06,0.004019272373049612,True,True,eligible_regular_session
2025-10-09,2025-10-09,2025-10-09,390,389,1.804948330872088e-05,-0.0038781938635951774,True,True,eligible_regular_session
2025-10-10,2025-10-10,2025-10-10,390,389,0.00016778026697551951,-0.028642150481880048,True,True,eligible_regular_session
2025-10-13,2025-10-13,2025-10-13,390,389,4.226457732385058e-05,0.0037220270175145438,True,True,eligible_regular_session
2025-10-14,2025-10-14,2025-10-14,390,389,6.185771867214457e-05,0.00829753599119279,True,True,eligible_regular_session
2025-10-15,2025-10-15,2025-10-15,390,389,5.761922561573786e-05,-0.00221294347288507,True,True,eligible_regular_session
2025-10-16,2025-10-16,2025-10-16,390,389,0.00010968598074758799,-0.009615711322905037,True,True,eligible_regular_session
2025-10-17,2025-10-17,2025-10-17,390,389,8.76727768441896e-05,0.008205679673455873,True,True,eligible_regular_session
2025-10-20,2025-10-20,2025-10-20,390,389,1.1194667783325176e-05,0.004615096300033,True,True,eligible_regular_session
2025-10-21,2025-10-21,2025-10-21,390,389,1.823111149471954e-05,-0.0002345762420655913,True,True,eligible_regular_session
2025-10-22,2025-10-22,2025-10-22,390,389,6.956842765463178e-05,-0.004928296702912478,True,True,eligible_regular_session
2025-10-23,2025-10-23,2025-10-23,390,389,2.0785329985922158e-05,0.005010923503764675,True,True,eligible_regular_session
2025-10-24,2025-10-24,2025-10-24,390,389,1.4364781696958431e-05,0.0014470481715987732,True,True,eligible_regular_session
2025-10-27,2025-10-27,2025-10-27,390,389,8.179070300408574e-06,0.0030652793968235273,True,True,eligible_regular_session
2025-10-28,2025-10-28,2025-10-28,390,389,1.4582071070522655e-05,-0.0002045970497276824,True,True,eligible_regular_session
2025-10-29,2025-10-29,2025-10-29,390,389,6.748460067949945e-05,-0.002140718588446534,True,True,eligible_regular_session
2025-10-30,2025-10-30,2025-10-30,390,389,4.24880141316846e-05,-0.004548134626011746,True,True,eligible_regular_session
2025-10-31,2025-10-31,2025-10-31,390,389,3.614926192137999e-05,-0.004358760950784605,True,True,eligible_regular_session
2025-11-03,2025-11-03,2025-11-03,390,389,2.5106085846923296e-05,-0.0030484585334138647,True,True,eligible_regular_session
2025-11-04,2025-11-04,2025-11-04,390,389,4.1935968689657375e-05,-0.0009784945985763158,True,True,eligible_regular_session
2025-11-05,2025-11-05,2025-11-05,390,389,2.5599746373594517e-05,0.0035643461981365657,True,True,eligible_regular_session
2025-11-06,2025-11-06,2025-11-06,390,389,7.16500974413458e-05,-0.009395274076142027,True,True,eligible_regular_session
2025-11-07,2025-11-07,2025-11-07,390,389,8.222800782477902e-05,0.006588736248360142,True,True,eligible_regular_session
2025-11-10,2025-11-10,2025-11-10,390,389,2.4794141242158835e-05,0.004993550176859747,True,True,eligible_regular_session
2025-11-11,2025-11-11,2025-11-11,390,389,2.3140333008373615e-05,0.0035254365043173377,True,True,eligible_regular_session
2025-11-12,2025-11-12,2025-11-12,390,389,3.202512767569344e-05,-0.001614283033765251,True,True,eligible_regular_session
2025-11-13,2025-11-13,2025-11-13,390,389,7.043765895087935e-05,-0.011696522927620122,True,True,eligible_regular_session
2025-11-14,2025-11-14,2025-11-14,390,389,8.397520642622061e-05,0.010633761321547175,True,True,eligible_regular_session
2025-11-17,2025-11-17,2025-11-17,390,389,7.460168493508265e-05,-0.004876512454808962,True,True,eligible_regular_session
2025-11-18,2025-11-18,2025-11-18,390,389,0.00017302822795218608,-0.0029712770953147062,True,True,eligible_regular_session
2025-11-19,2025-11-19,2025-11-19,390,389,7.321429984788996e-05,0.00298053377230205,True,True,eligible_regular_session
2025-11-20,2025-11-20,2025-11-20,390,389,0.0002108251306037934,-0.030758405133284893,True,True,eligible_regular_session
2025-11-21,2025-11-21,2025-11-21,390,389,0.00015923608332820815,0.004787479753625672,True,True,eligible_regular_session
2025-11-24,2025-11-24,2025-11-24,390,389,4.532358772735978e-05,0.009237619153694044,True,True,eligible_regular_session
2025-11-25,2025-11-25,2025-11-25,390,389,5.221341092116281e-05,0.010223376211080312,True,True,eligible_regular_session
2025-11-26,2025-11-26,2025-11-26,390,389,2.5503658484271622e-05,0.002382544039641483,True,True,eligible_regular_session
2025-11-28,2025-11-28,2025-11-28,232,231,9.436143198953826e-06,0.003687571693277178,False,False,short_or_incomplete
2025-12-01,2025-12-01,2025-12-01,390,389,2.65159720284918e-05,0.0009116874996982645,True,True,eligible_regular_session
2025-12-02,2025-12-02,2025-12-02,390,389,3.025746274103566e-05,-0.0004993019394209619,True,True,eligible_regular_session
2025-12-03,2025-12-03,2025-12-03,390,389,2.124718101736089e-05,0.005290951810357651,True,True,eligible_regular_session
2025-12-04,2025-12-04,2025-12-04,390,389,3.0857746829813086e-05,-0.0006617854161879315,True,True,eligible_regular_session
2025-12-05,2025-12-05,2025-12-05,390,389,2.037255283136509e-05,-0.000602520124061734,True,True,eligible_regular_session
2025-12-08,2025-12-08,2025-12-08,390,389,1.8916822901565045e-05,-0.003971460295534877,True,True,eligible_regular_session
2025-12-09,2025-12-09,2025-12-09,390,389,1.1930167414814677e-05,-0.0003917178044903119,True,True,eligible_regular_session
2025-12-10,2025-12-10,2025-12-10,390,389,4.778615253188654e-05,0.007168123861735425,True,True,eligible_regular_session
2025-12-11,2025-12-11,2025-12-11,390,389,3.1186710494486e-05,0.006688404727713373,True,True,eligible_regular_session
2025-12-12,2025-12-12,2025-12-12,390,389,5.631186147422416e-05,-0.009032168027287749,True,True,eligible_regular_session
2025-12-15,2025-12-15,2025-12-15,390,389,4.889195524883822e-05,-0.005975065916919233,True,True,eligible_regular_session
2025-12-16,2025-12-16,2025-12-16,390,389,5.77077236890651e-05,-0.0011334294506977548,True,True,eligible_regular_session
2025-12-17,2025-12-17,2025-12-17,390,389,5.3775863348741543e-05,-0.011790878656794604,True,True,eligible_regular_session
2025-12-18,2025-12-18,2025-12-18,390,389,4.5434988036870424e-05,-0.0023075203668779165,True,True,eligible_regular_session
2025-12-19,2025-12-19,2025-12-19,390,389,2.1003686421512585e-05,0.00505026020276261,True,True,eligible_regular_session
2025-12-22,2025-12-22,2025-12-22,390,389,9.573642317794728e-06,0.001596564451667071,True,True,eligible_regular_session
2025-12-23,2025-12-23,2025-12-23,390,389,7.802925863122798e-06,0.004111773352703506,True,True,eligible_regular_session
2025-12-24,2025-12-24,2025-12-24,232,231,2.8375397508052504e-06,0.0035304346670923348,False,False,short_or_incomplete
2025-12-26,2025-12-26,2025-12-26,390,389,8.34625878465446e-06,-0.0004890211956145714,True,True,eligible_regular_session
2025-12-29,2025-12-29,2025-12-29,390,389,1.2267639531116503e-05,0.0006908463141777716,True,True,eligible_regular_session
2025-12-30,2025-12-30,2025-12-30,390,389,7.231218694063812e-06,-0.0011868629161029853,True,True,eligible_regular_session
2025-12-31,2025-12-31,2025-12-31,390,389,1.2498973140159429e-05,-0.007857134431275972,True,True,eligible_regular_session
2026-01-02,2026-01-02,2026-01-02,390,389,5.320843947862522e-05,-0.004341342914170448,True,True,eligible_regular_session
2026-01-05,2026-01-05,2026-01-05,390,389,1.1925725986353782e-05,0.00039267480872629755,True,True,eligible_regular_session
2026-01-06,2026-01-06,2026-01-06,390,389,9.105391234952341e-06,0.004761827842327841,True,True,eligible_regular_session
2026-01-07,2026-01-07,2026-01-07,390,389,1.514509695017335e-05,-0.0033419352721783726,True,True,eligible_regular_session
2026-01-08,2026-01-08,2026-01-08,390,389,2.186286613326018e-05,0.0011883783216957982,True,True,eligible_regular_session
2026-01-09,2026-01-09,2026-01-09,390,389,2.2216467110122892e-05,0.004624521905195976,True,True,eligible_regular_session
2026-01-12,2026-01-12,2026-01-12,390,389,9.335046837359391e-06,0.005524987105029988,True,True,eligible_regular_session
2026-01-13,2026-01-13,2026-01-13,390,389,2.5308274122113913e-05,-0.002730729556341169,True,True,eligible_regular_session
2026-01-14,2026-01-14,2026-01-14,390,389,4.586899330333269e-05,-0.0013601372330328727,True,True,eligible_regular_session
2026-01-15,2026-01-15,2026-01-15,390,389,1.9418886481726807e-05,-0.0031742361697903424,True,True,eligible_regular_session
2026-01-16,2026-01-16,2026-01-16,390,389,1.8942637870976158e-05,-0.003438154783461732,True,True,eligible_regular_session
2026-01-20,2026-01-20,2026-01-20,390,389,4.664832410229499e-05,-0.007271096131140249,True,True,eligible_regular_session
2026-01-21,2026-01-21,2026-01-21,390,389,7.229687628392758e-05,0.007326628286473234,True,True,eligible_regular_session
2026-01-22,2026-01-22,2026-01-22,390,389,2.1993483961012823e-05,-0.001319916543916579,True,True,eligible_regular_session
2026-01-23,2026-01-23,2026-01-23,390,389,2.1020667987591404e-05,0.0008390888566548267,True,True,eligible_regular_session
2026-01-26,2026-01-26,2026-01-26,390,389,1.1851472362585918e-05,0.0037436085677553924,True,True,eligible_regular_session
2026-01-27,2026-01-27,2026-01-27,390,389,7.916931251754245e-06,0.001778446279218786,True,True,eligible_regular_session
2026-01-28,2026-01-28,2026-01-28,390,389,2.7195424076921955e-05,-0.003165728084446707,True,True,eligible_regular_session
2026-01-29,2026-01-29,2026-01-29,390,389,5.893655064064717e-05,-0.0031516673370198373,True,True,eligible_regular_session
2026-01-30,2026-01-30,2026-01-30,390,389,7.518354157027e-05,-0.0020548243386473396,True,True,eligible_regular_session
2026-02-02,2026-02-02,2026-02-02,390,389,2.4961477710690935e-05,0.0072955167396821655,True,True,eligible_regular_session
2026-02-03,2026-02-03,2026-02-03,390,389,6.840560588140679e-05,-0.010423412231557667,True,True,eligible_regular_session
2026-02-04,2026-02-04,2026-02-04,390,389,0.00011510379516735834,-0.005628667236546119,True,True,eligible_regular_session
2026-02-05,2026-02-05,2026-02-05,390,389,9.245498913625633e-05,-0.0027388968873767634,True,True,eligible_regular_session
2026-02-06,2026-02-06,2026-02-06,390,389,5.4019030569343266e-05,0.013805727530030785,True,True,eligible_regular_session
2026-02-09,2026-02-09,2026-02-09,390,389,2.5536876508841606e-05,0.007523379258257208,True,True,eligible_regular_session
2026-02-10,2026-02-10,2026-02-10,390,389,3.0074494789589292e-05,-0.004849884737735802,True,True,eligible_regular_session
2026-02-11,2026-02-11,2026-02-11,390,389,4.7526947280591044e-05,-0.007306434039927876,True,True,eligible_regular_session
2026-02-12,2026-02-12,2026-02-12,390,389,8.158688054757286e-05,-0.018945643343080736,True,True,eligible_regular_session
2026-02-13,2026-02-13,2026-02-13,390,389,0.00012453624571316261,4.389131632185789e-06,True,True,eligible_regular_session
2026-02-17,2026-02-17,2026-02-17,390,389,9.35325297268254e-05,0.003541157911858915,True,True,eligible_regular_session
2026-02-18,2026-02-18,2026-02-18,390,389,3.358995691679289e-05,0.003936711926206323,True,True,eligible_regular_session
2026-02-19,2026-02-19,2026-02-19,390,389,5.6593430035149856e-05,0.0003265053895106983,True,True,eligible_regular_session
2026-02-20,2026-02-20,2026-02-20,390,389,0.00014617876442495116,0.010330709458939658,True,True,eligible_regular_session
2026-02-23,2026-02-23,2026-02-23,385,384,4.184734333261469e-05,-0.009628057657269023,True,True,eligible_regular_session
2026-02-24,2026-02-24,2026-02-24,390,389,3.507544763099365e-05,0.00825187099054977,True,True,eligible_regular_session
2026-02-25,2026-02-25,2026-02-25,390,389,9.06257756911141e-06,0.0028773638076757726,True,True,eligible_regular_session
2026-02-26,2026-02-26,2026-02-26,390,389,5.1026727271963866e-05,-0.004301050839618158,True,True,eligible_regular_session
2026-02-27,2026-02-27,2026-02-27,390,389,4.850222789665667e-05,0.004393152010930021,True,True,eligible_regular_session
2026-03-02,2026-03-02,2026-03-02,390,389,5.488852973075641e-05,0.010921260116003665,True,True,eligible_regular_session
2026-03-03,2026-03-03,2026-03-03,390,389,0.00010196597231166009,0.006112600001355618,True,True,eligible_regular_session
2026-03-04,2026-03-04,2026-03-04,390,389,4.2649296156948626e-05,0.0036652008503599873,True,True,eligible_regular_session
2026-03-05,2026-03-05,2026-03-05,390,389,8.887799962608087e-05,-0.0014060573971622437,True,True,eligible_regular_session
2026-03-06,2026-03-06,2026-03-06,390,389,9.851217359954995e-05,-0.0007017268256351789,True,True,eligible_regular_session
2026-03-09,2026-03-09,2026-03-09,390,389,0.00011680748636650749,0.01634625179440474,True,True,eligible_regular_session
2026-03-10,2026-03-10,2026-03-10,390,389,8.23851767120042e-05,-0.0021006306667949175,True,True,eligible_regular_session
2026-03-11,2026-03-11,2026-03-11,390,389,6.086666413697734e-05,-0.002569480920876193,True,True,eligible_regular_session
2026-03-12,2026-03-12,2026-03-12,390,389,8.601583040964534e-05,-0.007250537095995219,True,True,eligible_regular_session
2026-03-13,2026-03-13,2026-03-13,390,389,7.484152573987092e-05,-0.012103992648258101,True,True,eligible_regular_session
2026-03-16,2026-03-16,2026-03-16,390,389,5.418097102146537e-05,0.0015504898052292634,True,True,eligible_regular_session
2026-03-17,2026-03-17,2026-03-17,390,389,3.2009552575528884e-05,-0.002566231250941089,True,True,eligible_regular_session
2026-03-18,2026-03-18,2026-03-18,390,389,4.965611050311152e-05,-0.010129102387136355,True,True,eligible_regular_session
2026-03-19,2026-03-19,2026-03-19,390,389,0.00010128733597754928,0.006640021723368264,True,True,eligible_regular_session
2026-03-20,2026-03-20,2026-03-20,390,389,7.921931537472921e-05,-0.01185116011008508,True,True,eligible_regular_session
2026-03-23,2026-03-23,2026-03-23,390,389,8.690968024001176e-05,-0.0026159356260610092,True,True,eligible_regular_session
2026-03-24,2026-03-24,2026-03-24,390,389,0.00010089272388301596,0.0028298239058928407,True,True,eligible_regular_session
2026-03-25,2026-03-25,2026-03-25,390,389,6.518207688780836e-05,-0.004307774417492629,True,True,eligible_regular_session
2026-03-26,2026-03-26,2026-03-26,390,389,4.572213892642662e-05,-0.009581699202068498,True,True,eligible_regular_session
2026-03-27,2026-03-27,2026-03-27,390,389,6.254402309407059e-05,-0.012025825940022225,True,True,eligible_regular_session
2026-03-30,2026-03-30,2026-03-30,390,389,5.906407387520977e-05,-0.011845232436824797,True,True,eligible_regular_session
2026-03-31,2026-03-31,2026-03-31,390,389,0.00011589714248942925,0.017129478447106675,True,True,eligible_regular_session
2026-04-01,2026-04-01,2026-04-01,390,389,4.5489605266839e-05,0.0011809107776066796,True,True,eligible_regular_session
2026-04-02,2026-04-02,2026-04-02,390,389,0.00011899208273978258,0.013474742751867577,True,True,eligible_regular_session
2026-04-06,2026-04-06,2026-04-06,390,389,4.579061117880545e-05,0.003078253947483066,True,True,eligible_regular_session
2026-04-07,2026-04-07,2026-04-07,390,389,8.425856214778484e-05,0.004015352134998145,True,True,eligible_regular_session
2026-04-08,2026-04-08,2026-04-08,390,389,3.9279738192156465e-05,-0.0006012803916167837,True,True,eligible_regular_session
2026-04-09,2026-04-09,2026-04-09,390,389,3.1677392492511936e-05,0.007817769320849413,True,True,eligible_regular_session
2026-04-10,2026-04-10,2026-04-10,390,389,1.8675449581743575e-05,-0.003344406366795287,True,True,eligible_regular_session
2026-04-13,2026-04-13,2026-04-13,390,389,3.01236265697628e-05,0.012513507028901773,True,True,eligible_regular_session
2026-04-14,2026-04-14,2026-04-14,390,389,1.1972051400491715e-05,0.008567076059870216,True,True,eligible_regular_session
2026-04-15,2026-04-15,2026-04-15,390,389,1.9809393615755806e-05,0.006173873155107047,True,True,eligible_regular_session
2026-04-16,2026-04-16,2026-04-16,390,389,2.6184147219163366e-05,0.0009863699828984392,True,True,eligible_regular_session
2026-04-17,2026-04-17,2026-04-17,390,389,2.9809760689435845e-05,0.005642460686659229,True,True,eligible_regular_session
2026-04-20,2026-04-20,2026-04-20,390,389,1.8703013452126444e-05,-0.00031217086968112346,True,True,eligible_regular_session
2026-04-21,2026-04-21,2026-04-21,390,389,4.1855859768278326e-05,-0.008033541964617643,True,True,eligible_regular_session
2026-04-22,2026-04-22,2026-04-22,390,389,1.8570775928553695e-05,0.0030816146438766303,True,True,eligible_regular_session
2026-04-23,2026-04-23,2026-04-23,390,389,5.655230059132257e-05,-0.0017064682646188876,True,True,eligible_regular_session
2026-04-24,2026-04-24,2026-04-24,390,389,2.3587793782342316e-05,0.004890300036101395,True,True,eligible_regular_session
2026-04-27,2026-04-27,2026-04-27,390,389,1.3012684075653362e-05,0.002759585091860024,True,True,eligible_regular_session
2026-04-28,2026-04-28,2026-04-28,390,389,2.0315068579677362e-05,0.0011296094798971905,True,True,eligible_regular_session
2026-04-29,2026-04-29,2026-04-29,390,389,2.3422373479894987e-05,0.0013276649001005857,True,True,eligible_regular_session
2026-04-30,2026-04-30,2026-04-30,390,389,3.074458856436532e-05,0.006685609007214266,True,True,eligible_regular_session
2026-05-01,2026-05-01,2026-05-01,390,389,2.181439605625768e-05,-0.0009000944255009622,True,True,eligible_regular_session
2026-05-04,2026-05-04,2026-05-04,390,389,2.9023402764484548e-05,-0.002576709812440447,True,True,eligible_regular_session
2026-05-05,2026-05-05,2026-05-05,390,389,1.1934990231073544e-05,0.0023320883578291495,True,True,eligible_regular_session
2026-05-06,2026-05-06,2026-05-06,390,389,1.7042186403222566e-05,0.008152724844138915,True,True,eligible_regular_session
2026-05-07,2026-05-07,2026-05-07,390,389,3.3157318011653694e-05,-0.004825393412059211,True,True,eligible_regular_session
2026-05-08,2026-05-08,2026-05-08,390,389,1.50759765830568e-05,0.0035100727083341643,True,True,eligible_regular_session
2026-05-11,2026-05-11,2026-05-11,390,389,1.3553764693978697e-05,0.0029370144104807227,True,True,eligible_regular_session
2026-05-12,2026-05-12,2026-05-12,390,389,2.6302343802375512e-05,0.0018716087635665152,True,True,eligible_regular_session
2026-05-13,2026-05-13,2026-05-13,390,389,1.7625191876051192e-05,0.005737136009057204,True,True,eligible_regular_session
2026-05-14,2026-05-14,2026-05-14,390,389,1.9711226153352787e-05,0.005236264795790155,True,True,eligible_regular_session
2026-05-15,2026-05-15,2026-05-15,390,389,4.538482158946013e-05,-0.0028437711641393438,True,True,eligible_regular_session
2026-05-18,2026-05-18,2026-05-18,390,389,8.050670337850834e-05,-0.001626373243279089,True,True,eligible_regular_session
2026-05-19,2026-05-19,2026-05-19,390,389,5.0597206375077126e-05,-0.00158271195693319,True,True,eligible_regular_session
2026-05-20,2026-05-20,2026-05-20,390,389,5.170265183539102e-05,0.007782361170690758,True,True,eligible_regular_session
2026-05-21,2026-05-21,2026-05-21,390,389,5.456364826513023e-05,0.006095587967780724,True,True,eligible_regular_session
2026-05-22,2026-05-22,2026-05-22,390,389,2.240851488650397e-05,-0.001502736358752429,True,True,eligible_regular_session
2026-05-26,2026-05-26,2026-05-26,390,389,1.4641109944623248e-05,0.0005999562517875442,True,True,eligible_regular_session
2026-05-27,2026-05-27,2026-05-27,390,389,2.3707999251530365e-05,-0.000507762665099037,True,True,eligible_regular_session
2026-05-28,2026-05-28,2026-05-28,390,389,2.280397827473835e-05,0.005976761931390089,True,True,eligible_regular_session
2026-05-29,2026-05-29,2026-05-29,390,389,2.0116632382081334e-05,0.000698017671429797,True,True,eligible_regular_session
2026-06-01,2026-06-01,2026-06-01,390,389,1.8330647640716395e-05,0.00467258831804274,True,True,eligible_regular_session
2026-06-02,2026-06-02,2026-06-02,390,389,7.303653748875473e-06,0.0031308362685477952,True,True,eligible_regular_session
2026-06-03,2026-06-03,2026-06-03,390,389,2.104078153692481e-05,-0.005930648134235891,True,True,eligible_regular_session
2026-06-04,2026-06-04,2026-06-04,390,389,1.6727804337581597e-05,0.007314930502417569,True,True,eligible_regular_session
2026-06-05,2026-06-05,2026-06-05,390,389,6.412683858077519e-05,-0.019843330823600024,True,True,eligible_regular_session
2026-06-08,2026-06-08,2026-06-08,390,389,6.399780417268133e-05,-0.006665726864016831,True,True,eligible_regular_session
2026-06-09,2026-06-09,2026-06-09,390,389,0.00019759068352437483,-0.008564268804127733,True,True,eligible_regular_session
2026-06-10,2026-06-10,2026-06-10,390,389,0.00015815513749900024,-0.011095876884982881,True,True,eligible_regular_session
2026-06-11,2026-06-11,2026-06-11,390,389,0.00018017920727892236,0.01299619535193347,True,True,eligible_regular_session
2026-06-12,2026-06-12,2026-06-12,390,389,0.00010527270125998968,0.003017658747499768,True,True,eligible_regular_session
2026-06-15,2026-06-15,2026-06-15,390,389,1.5373812552452657e-05,0.0026705789156662545,True,True,eligible_regular_session
2026-06-16,2026-06-16,2026-06-16,390,389,2.3075596374827335e-05,-0.005693869206200026,True,True,eligible_regular_session
2026-06-17,2026-06-17,2026-06-17,390,389,0.00012414438597921294,-0.012939783685248849,True,True,eligible_regular_session
2026-06-18,2026-06-18,2026-06-18,390,389,3.978831584202902e-05,-0.0010304297590177384,True,True,eligible_regular_session
2026-06-22,2026-06-22,2026-06-22,390,389,3.521496710874352e-05,-0.00536717951246348,True,True,eligible_regular_session
2026-06-23,2026-06-23,2026-06-23,390,389,5.05943511267684e-05,0.0019282975742632002,True,True,eligible_regular_session
2026-06-24,2026-06-24,2026-06-24,390,389,7.55667474495936e-05,-0.002091589548829526,True,True,eligible_regular_session
2026-06-25,2026-06-25,2026-06-25,390,389,0.00010389361675253547,-0.008161332587828495,True,True,eligible_regular_session
2026-06-26,2026-06-26,2026-06-26,390,389,7.86153215524175e-05,0.004114583057020163,True,True,eligible_regular_session
2026-06-29,2026-06-29,2026-06-29,390,389,4.070472372269406e-05,0.006277002022252424,True,True,eligible_regular_session
2026-06-30,2026-06-30,2026-06-30,390,389,1.9293779277639017e-05,0.00704957952831765,True,True,eligible_regular_session
2026-07-01,2026-07-01,2026-07-01,390,389,2.074669399397396e-05,0.0018815234519463768,True,True,eligible_regular_session
2026-07-02,2026-07-02,2026-07-02,390,389,5.848962290838838e-05,-0.0040319110345208966,True,True,eligible_regular_session
2026-07-06,2026-07-06,2026-07-06,390,389,1.6461899945213132e-05,0.002713824828711998,True,True,eligible_regular_session
2026-07-07,2026-07-07,2026-07-07,390,389,2.1746985229898507e-05,-0.0034644371419538843,True,True,eligible_regular_session
2026-07-08,2026-07-08,2026-07-08,390,389,3.7279203394687655e-05,0.003056208867567943,True,True,eligible_regular_session
2026-07-09,2026-07-09,2026-07-09,390,389,2.0626621489170093e-05,0.006903657978489811,True,True,eligible_regular_session
2026-07-10,2026-07-10,2026-07-10,390,389,3.228694588452551e-05,0.0032102671410792058,True,True,eligible_regular_session
2026-07-13,2026-07-13,2026-07-13,390,389,3.197996560330406e-05,-0.005645366202352219,True,True,eligible_regular_session
2026-07-14,2026-07-14,2026-07-14,390,389,2.7215700124847826e-05,0.0015215120421292225,True,True,eligible_regular_session
2026-07-15,2026-07-15,2026-07-15,390,389,2.9200680115648124e-05,-2.7732638874579875e-05,True,True,eligible_regular_session
2026-07-16,2026-07-16,2026-07-16,390,389,3.075869504067432e-05,-0.0026945780828639527,True,True,eligible_regular_session
2026-07-17,2026-07-17,2026-07-17,390,389,4.3623467413318024e-05,0.0013766917298496915,True,True,eligible_regular_session
2026-07-20,2026-07-20,2026-07-20,390,389,3.188530418139223e-05,-0.007692577214863063,True,True,eligible_regular_session
2026-07-21,2026-07-21,2026-07-21,390,389,1.496937041034827e-05,0.002990886835037672,True,True,eligible_regular_session
2026-07-22,2026-07-22,2026-07-22,390,389,1.2640263159750143e-05,0.0009071457017728868,True,True,eligible_regular_session
2026-07-23,2026-07-23,2026-07-23,390,389,4.5630744905554756e-05,-0.0008298190188985897,True,True,eligible_regular_session
2026-07-24,2026-07-24,2026-07-24,390,389,4.33193768753293e-05,-9.847239644571214e-05,True,True,eligible_regular_session
2026-07-27,2026-07-27,2026-07-27,390,389,4.7777626078920193e-05,-0.007718238028954742,True,True,eligible_regular_session
2026-07-28,2026-07-28,2026-07-28,390,389,4.319007282549815e-05,0.0023454697376284576,True,True,eligible_regular_session
2026-07-29,2026-07-29,2026-07-29,390,389,8.499849139088905e-05,-0.012869970410869774,True,True,eligible_regular_session
2026-07-30,2026-07-30,2026-07-30,390,389,3.66773381731514e-05,0.006861780002648994,True,True,eligible_regular_session
2026-07-31,2026-07-31,2026-07-31,390,389,4.9423437501291e-05,0.0021546604855881032,True,True,eligible_regular_session
2026-08-03,2026-08-03,2026-08-03,390,389,1.266985803950287e-05,0.010756369321676342,True,True,eligible_regular_session
2026-08-04,2026-08-04,2026-08-04,390,389,1.805837533217209e-05,0.012476024067032425,True,True,eligible_regular_session
2026-08-05,2026-08-05,2026-08-05,390,389,3.650540210018567e-05,-0.00832564388237796,True,True,eligible_regular_session
2026-08-06,2026-08-06,2026-08-06,390,389,2.4329186220583655e-05,-0.0017633683990024684,True,True,eligible_regular_session
2026-08-07,2026-08-07,2026-08-07,390,389,2.2932134303203768e-05,0.002544620974371661,True,True,eligible_regular_session
2026-08-10,2026-08-10,2026-08-10,390,389,1.1421226687867802e-05,-0.0003804181421508938,True,True,eligible_regular_session
2026-08-11,2026-08-11,2026-08-11,390,389,1.228311124913133e-05,-0.004667243642167805,True,True,eligible_regular_session
2026-08-12,2026-08-12,2026-08-12,390,389,1.3064245077679344e-05,-0.0018630899020927252,True,True,eligible_regular_session
2026-08-13,2026-08-13,2026-08-13,390,389,1.1485030204246039e-05,0.004347249084671522,True,True,eligible_regular_session
2026-08-14,2026-08-14,2026-08-14,390,389,7.786460023224854e-06,-0.0022796981480732105,True,True,eligible_regular_session
2026-08-17,2026-08-17,2026-08-17,390,389,8.332502707011485e-06,-0.00539842088271848,True,True,eligible_regular_session
2026-08-18,2026-08-18,2026-08-18,390,389,1.511586603136525e-05,-0.0014158218481797906,True,True,eligible_regular_session
2026-08-19,2026-08-19,2026-08-19,390,389,2.09433090291371e-05,-0.0019570796776935454,True,True,eligible_regular_session
2026-08-20,2026-08-20,2026-08-20,390,389,2.189484543799861e-05,-0.00481682666318122,True,True,eligible_regular_session
2026-08-21,2026-08-21,2026-08-21,390,389,1.1769117543387528e-05,9.382647842235003e-05,True,True,eligible_regular_session
2026-08-24,2026-08-24,2026-08-24,390,389,1.476492632079449e-05,-0.00012804917105666328,True,True,eligible_regular_session
2026-08-25,2026-08-25,2026-08-25,390,389,1.0345463688290899e-05,-0.0008282425973964183,True,True,eligible_regular_session
2026-08-26,2026-08-26,2026-08-26,390,389,1.1809887862229252e-05,0.0011848674667187407,True,True,eligible_regular_session
2026-08-27,2026-08-27,2026-08-27,390,389,2.2587966257973566e-05,0.0031043814035576125,True,True,eligible_regular_session
2026-08-28,2026-08-28,2026-08-28,390,389,3.261719843909167e-05,-0.0036587159196040217,True,True,eligible_regular_session
2026-08-31,2026-08-31,2026-08-31,390,389,1.5194529738049285e-05,-0.0008793210543490964,True,True,eligible_regular_session
2026-09-01,2026-09-01,2026-09-01,390,389,1.6281261918829597e-05,0.00047046151306663956,True,True,eligible_regular_session
2026-09-02,2026-09-02,2026-09-02,390,389,1.4354371857793357e-05,0.0038103398176641064,True,True,eligible_regular_session
2026-09-03,2026-09-03,2026-09-03,390,389,1.557788944296797e-05,0.005921106551782378,True,True,eligible_regular_session
2026-09-04,2026-09-04,2026-09-04,390,389,9.530429455542963e-06,-0.0024433025193140406,True,True,eligible_regular_session
2026-09-08,2026-09-08,2026-09-08,390,389,1.8738797576123502e-05,-0.004648988288755626,True,True,eligible_regular_session
2026-09-09,2026-09-09,2026-09-09,390,389,1.4559499663164404e-05,-0.0020887606285533416,True,True,eligible_regular_session
2026-09-10,2026-09-10,2026-09-10,390,389,2.1637166013496783e-05,-0.00020018279917126018,True,True,eligible_regular_session
2026-09-11,2026-09-11,2026-09-11,390,389,1.5539950611384648e-05,-0.00031475680725539027,True,True,eligible_regular_session
2026-09-14,2026-09-14,2026-09-14,390,389,1.7471975960060966e-05,0.0029477670308733755,True,True,eligible_regular_session
2026-09-15,2026-09-15,2026-09-15,5,4,1.977930802824181e-06,-0.0016785419426118776,False,False,short_or_incomplete
2026-09-16,2026-09-16,2026-09-16,390,389,4.386111339390941e-05,-0.006965975504274223,True,True,eligible_regular_session
2026-09-17,2026-09-17,2026-09-17,390,389,1.271822591950358e-05,-0.0005354037484417437,True,True,eligible_regular_session
2026-09-18,2026-09-18,2026-09-18,390,389,1.144911119388194e-05,0.00040552084474991345,True,True,eligible_regular_session
