forecast_origin_date,target_date,split,target_rv,session_return,rv_d,rv_w,rv_m,log_rv_d,log_rv_w,log_rv_m,n_intraday_returns,quality_flag
2010-02-03,2010-02-04,train,0.0001177007980148,-0.0018213945985766,5.966668078981853e-05,8.593387093412756e-05,5.966293041372805e-05,-9.726736804090788,-9.36193250012521,-9.7267996615166,389,eligible_regular_session
2010-02-04,2010-02-05,train,0.0002341987042219,-0.0257501843008951,0.0001177007980148,8.558962091882757e-05,6.414920942730925e-05,-9.04736476364626,-9.365946533116345,-9.65429879079292,389,eligible_regular_session
2010-02-05,2010-02-08,train,0.0001026589347101,0.0015393427044014,0.0002341987042219,0.00010514099329674755,7.400840470228498e-05,-8.359340639600335,-9.16020831524507,-9.511331894151585,389,eligible_regular_session
2010-02-08,2010-02-09,train,0.0001558963806725,-0.0082470224581953,0.0001026589347101,0.00011351502706137091,7.771406481831056e-05,-9.184098377760105,-9.083575332790044,-9.46247430257913,389,eligible_regular_session
2010-02-09,2010-02-10,train,0.0001075986400007,0.0041935062202797,0.0001558963806725,0.0001340242996818237,8.351690110092029e-05,-8.766318997869197,-8.917489433544505,-9.390461538195025,389,eligible_regular_session
2010-02-10,2010-02-11,train,9.568405188907506e-05,0.0002621698313722,0.0001075986400007,0.00014361069152399997,8.727404298849035e-05,-9.137102549715166,-8.848404450611927,-9.346457470504618,389,eligible_regular_session
2010-02-11,2010-02-12,train,0.0001186907792634,0.0112094578680823,9.568405188907506e-05,0.00013920734229885503,9.055632949722234e-05,-9.254458920319623,-8.879546065055177,-9.309538475501059,389,eligible_regular_session
2010-02-12,2010-02-16,train,3.347639244270507e-05,0.0053932589406207,0.0001186907792634,0.00011610575730715502,9.422997658610531e-05,-9.038988940381985,-9.061009081281018,-9.269772204221653,389,eligible_regular_session
2010-02-16,2010-02-17,train,4.5108213475778595e-05,0.0107543224522807,3.347639244270507e-05,0.00010226924885367602,9.419469620963531e-05,-10.304670070756105,-9.18790152791102,-9.270146681474115,389,eligible_regular_session
2010-02-17,2010-02-18,train,3.604019471742242e-05,0.0012376802358963,4.5108213475778595e-05,8.011161541433174e-05,9.52934436668954e-05,-10.006446211057355,-9.432089702988222,-9.258549546450416,389,eligible_regular_session
2010-02-18,2010-02-19,train,3.7045851909184704e-05,0.0070837692194286,3.604019471742242e-05,6.579992635767622e-05,9.50812560282825e-05,-10.23087572242457,-9.62889183881788,-9.260778705333594,389,eligible_regular_session
2010-02-19,2010-02-22,train,3.3616301883818255e-05,0.0045289645896653,3.7045851909184704e-05,5.407228636169816e-05,9.582141940483853e-05,-10.203354171756354,-9.825188770247077,-9.253024313377116,389,eligible_regular_session
2010-02-22,2010-02-23,train,6.911585001375718e-05,-0.0031998008274007,3.3616301883818255e-05,3.7057390885781806e-05,9.530037882073708e-05,-10.300499433540867,-10.20304274201981,-9.258476772278051,389,eligible_regular_session
2010-02-23,2010-02-24,train,5.592672164866707e-05,-0.0102078339796541,6.911585001375718e-05,4.418528239999224e-05,9.301051939982607e-05,-9.579726475581191,-10.027118801705639,-9.282797959381591,389,eligible_regular_session
2010-02-24,2010-02-25,train,8.40733633276653e-05,0.0069185578179996,5.592672164866707e-05,4.6348984034569924e-05,8.963359284297001e-05,-9.791468266105879,-9.979311185619398,-9.319780388125944,389,eligible_regular_session
2010-02-25,2010-02-26,train,4.694031564428339e-05,0.007899280272798,8.40733633276653e-05,5.5955617756618506e-05,9.005186858577601e-05,-9.383820767340799,-9.790951721515418,-9.315124736021495,389,eligible_regular_session
2010-02-26,2010-03-01,train,2.4232437682528927e-05,0.0012137462767932,4.694031564428339e-05,5.7934510503638235e-05,8.878739025092703e-05,-9.966633643143822,-9.756197314612162,-9.329265919728092,389,eligible_regular_session
2010-03-01,2010-03-02,train,2.761277511942057e-05,0.0066284672147152,2.4232437682528927e-05,5.605773766338037e-05,8.30760584631329e-05,-10.627818422231405,-9.789128368671975,-9.395754002749918,389,eligible_regular_session
2010-03-02,2010-03-03,train,2.655239694218821e-05,-0.0005186582962986,2.761277511942057e-05,4.775712268451305e-05,7.890290969168384e-05,-10.497232025685218,-9.949382335993889,-9.447292452570835,389,eligible_regular_session
2010-03-03,2010-03-04,train,2.648630029565211e-05,-0.0012686955581974,2.655239694218821e-05,4.1882257743217275e-05,7.390793490122421e-05,-10.53639053404294,-10.080648263596078,-9.51269036228,389,eligible_regular_session
2010-03-04,2010-03-05,train,2.013806839099903e-05,0.0022025163949311,2.648630029565211e-05,3.0364845136814643e-05,7.234873191980007e-05,-10.53888292862254,-10.402225028683244,-9.534012632064568,389,eligible_regular_session
2010-03-05,2010-03-08,train,1.5066677065155204e-05,0.0097615136605822,2.013806839099903e-05,2.500439568615777e-05,7.083909786619838e-05,-10.812898584359871,-10.596458921105596,-9.55509947993877,389,eligible_regular_session
2010-03-08,2010-03-09,train,2.4914389620815312e-05,-0.0007201068176853,1.5066677065155204e-05,2.3171243562683025e-05,6.881182496962278e-05,-11.103025069629268,-10.672598549717986,-9.584134953235246,389,eligible_regular_session
2010-03-09,2010-03-10,train,3.3664560631581396e-05,0.0037163496074695,2.4914389620815312e-05,2.2631566462961974e-05,6.459426095171438e-05,-10.600065024993157,-10.696164880079822,-9.647384990878946,389,eligible_regular_session
2010-03-10,2010-03-11,train,2.615370648106605e-05,0.0038577493596389,3.3664560631581396e-05,2.4053999200840613e-05,5.54790726066999e-05,-10.299064887245382,-10.635209288299405,-9.799504678470262,389,eligible_regular_session
2010-03-11,2010-03-12,train,2.5629971604647413e-05,0.0058783169294703,2.615370648106605e-05,2.39874804379234e-05,5.20015622326529e-05,-10.551519638259691,-10.637978512142059,-9.864236796898494,389,eligible_regular_session
2010-03-12,2010-03-15,train,2.6518744542255552e-05,-0.0026054346705623,2.5629971604647413e-05,2.5085861080653074e-05,4.608036182047779e-05,-10.571748125484055,-10.59320617410123,-9.985123689600568,389,eligible_regular_session
2010-03-15,2010-03-16,train,3.2069392485650175e-05,0.0020102608359731,2.6518744542255552e-05,2.7376274576073148e-05,4.239491202691213e-05,-10.5376587338028,-10.505833811054933,-10.068482202292142,389,eligible_regular_session
2010-03-16,2010-03-17,train,2.1338468770901143e-05,0.0057175387895195,3.2069392485650175e-05,2.8807275149040115e-05,3.950333659948372e-05,-10.347608487823416,-10.45488259338107,-10.139125418751656,389,eligible_regular_session
2010-03-17,2010-03-18,train,2.007115251239279e-05,0.0034616823281484,2.1338468770901143e-05,2.6342056776904067e-05,3.507823157709741e-05,-10.754999068606006,-10.544343779014142,-10.257929802874152,389,eligible_regular_session
2010-03-18,2010-03-19,train,3.2911224847923426e-05,-0.0001372789596409,2.007115251239279e-05,2.5125545983169412e-05,3.446890248935595e-05,-10.816226972171336,-10.591625461147732,-10.275453017531715,389,eligible_regular_session
2010-03-19,2010-03-22,train,3.2510213560129046e-05,-0.0059081953260165,3.2911224847923426e-05,2.658179663182462e-05,3.3914493915362536e-05,-10.321696777593932,-10.535283913591622,-10.291668085825215,389,eligible_regular_session
2010-03-22,2010-03-23,train,3.306144870968479e-05,0.0099385803432538,3.2510213560129046e-05,2.778009043539932e-05,3.3754040226394646e-05,-10.333956254610392,-10.491190965229432,-10.296410437398762,389,eligible_regular_session
2010-03-23,2010-03-24,train,3.6269917141391825e-05,0.0059197801553666,3.306144870968479e-05,2.797850168020624e-05,3.357293099005374e-05,-10.317142645911867,-10.484074139831744,-10.301790440981591,389,eligible_regular_session
2010-03-24,2010-03-25,train,4.5357452309316e-05,-0.0030352150729292,3.6269917141391825e-05,3.0964791354304376e-05,3.3693549865397996e-05,-10.22452188916637,-10.38265976171081,-10.298204137577896,389,eligible_regular_session
2010-03-25,2010-03-26,train,4.4643021997296657e-05,-0.0071538460915001,4.5357452309316e-05,3.602205131368902e-05,3.26136226970143e-05,-10.000936066142518,-10.231379270540707,-10.330780482735152,389,eligible_regular_session
2010-03-26,2010-03-29,train,2.386750480416942e-05,-0.0014130041529724,4.4643021997296657e-05,3.836841074356366e-05,3.210072725831565e-05,-10.016812545110504,-10.168276073808363,-10.346631872062654,389,eligible_regular_session
2010-03-29,2010-03-30,train,2.5908183488261182e-05,0.0027226461463227,2.386750480416942e-05,3.663986899237174e-05,2.9364097325429473e-05,-10.642992655789257,-10.214373593700442,-10.435737809273968,389,eligible_regular_session
2010-03-30,2010-03-31,train,3.403763637999724e-05,-0.0007753028116082,2.5908183488261182e-05,3.5209215948087016e-05,2.8408091318337555e-05,-10.560951674367418,-10.254202692921218,-10.468836547799734,389,eligible_regular_session
2010-03-31,2010-04-01,train,3.044612037763195e-05,-0.0005727156708795,3.403763637999724e-05,3.47627597958081e-05,2.885378216822248e-05,-10.28804369321525,-10.266963864982046,-10.453269475917361,389,eligible_regular_session
2010-04-01,2010-04-05,train,1.4976291287509596e-05,0.0024395335336738,3.044612037763195e-05,3.178049340947129e-05,2.898257058905027e-05,-10.399551981527239,-10.356657871190473,-10.448815922829896,389,eligible_regular_session
2010-04-05,2010-04-06,train,1.4322876736664328e-05,0.0053285719126112,1.4976291287509596e-05,2.5847147267513876e-05,2.8456383968383062e-05,-11.109042188130426,-10.563310320255772,-10.467138030002385,389,eligible_regular_session
2010-04-06,2010-04-07,train,3.548613962154001e-05,0.0042545189388765,1.4322876736664328e-05,2.393822165401286e-05,2.7903501079338165e-05,-11.153652527175488,-10.64003414405171,-10.486758390295124,389,eligible_regular_session
2010-04-07,2010-04-08,train,2.54920216215275e-05,-0.004345613346103,3.548613962154001e-05,2.5853812880668625e-05,2.8601140680726386e-05,-10.246368370917844,-10.563052467667635,-10.462063956992328,389,eligible_regular_session
2010-04-08,2010-04-09,train,2.3330996214018964e-05,0.0061205185528092,2.54920216215275e-05,2.4144689928974677e-05,2.907501997874331e-05,-10.577145032343454,-10.631446080759966,-10.445631172414698,389,eligible_regular_session
2010-04-09,2010-04-12,train,1.9041625591099285e-05,0.0044726659187922,2.3330996214018964e-05,2.2721665096252078e-05,2.9003047551161657e-05,-10.665727771855929,-10.692191679109584,-10.448109645528062,389,eligible_regular_session
2010-04-12,2010-04-13,train,1.6771300282417623e-05,0.0007942978198174,1.9041625591099285e-05,2.3534731956970016e-05,2.83383686856852e-05,-10.868883154561736,-10.657033272299882,-10.471293887613795,389,eligible_regular_session
2010-04-13,2010-04-14,train,1.264293017480578e-05,0.0013373232129669,1.6771300282417623e-05,2.402441666612068e-05,2.7911895676655725e-05,-10.995841448914444,-10.636439883689029,-10.486457591667191,389,eligible_regular_session
2010-04-14,2010-04-15,train,1.7502086515927597e-05,0.0073206951190079,1.264293017480578e-05,1.9455774776773827e-05,2.7321575611662923e-05,-11.278412378484077,-10.847366628276825,-10.507833852462637,389,eligible_regular_session
2010-04-15,2010-04-16,train,0.0001052826298198,0.0019000575733453,1.7502086515927597e-05,1.785778775565385e-05,2.691172751955711e-05,-10.953190454660499,-10.933070856052778,-10.522948399092817,389,eligible_regular_session
2010-04-16,2010-04-19,train,6.186180425525156e-05,-0.0139087775653745,0.0001052826298198,3.424811447681006e-05,3.0239601943836643e-05,-9.158862111407831,-10.281879046543413,-10.406358169972494,389,eligible_regular_session
2010-04-19,2010-04-20,train,2.924438350750813e-05,0.0056956825026673,6.186180425525156e-05,4.281215020964051e-05,3.208157173857985e-05,-9.690607624381132,-10.058688612260976,-10.347228781821386,389,eligible_regular_session
2010-04-20,2010-04-21,train,4.04270897873574e-05,0.0039749935122717,2.924438350750813e-05,4.5306766854658614e-05,3.249853678381236e-05,-10.43982301956133,-10.002054157941135,-10.334315491678648,389,eligible_regular_session
2010-04-21,2010-04-22,train,6.076474680744026e-05,-0.0020708571634459,4.04270897873574e-05,5.086359877716893e-05,3.284016700833209e-05,-10.11601045841717,-9.886363041976338,-10.323858187877384,389,eligible_regular_session
2010-04-22,2010-04-23,train,4.0105261799010194e-05,0.008023232215355,6.076474680744026e-05,5.951613083547147e-05,3.412446397411896e-05,-9.708500759400126,-9.729263175676898,-10.285496012300644,389,eligible_regular_session
2010-04-23,2010-04-26,train,2.822189831430521e-05,0.0076794966320652,4.0105261799010194e-05,4.648065723131351e-05,3.444463729636102e-05,-10.124003015327016,-9.976474305432088,-10.276157238910365,389,eligible_regular_session
2010-04-26,2010-04-27,train,0.0001027256678741,-0.0039279515248154,2.822189831430521e-05,3.975267604312424e-05,3.407881825876618e-05,-10.475412345399997,-10.132833397290343,-10.286834532110056,389,eligible_regular_session
2010-04-27,2010-04-28,train,0.0001086860835321,-0.0195371824035155,0.0001027256678741,5.4448932916442615e-05,3.668646442080181e-05,-9.183448541642804,-9.818247306271505,-10.213102687805305,389,eligible_regular_session
2010-04-28,2010-04-29,train,3.95193740746279e-05,0.0030175824258759,0.0001086860835321,6.810073166539114e-05,3.959751267238378e-05,-9.127046798416812,-9.594522600881337,-10.136744252979991,389,eligible_regular_session
2010-04-29,2010-04-30,train,7.692423893965585e-05,0.0083551573710586,3.95193740746279e-05,6.385165711882867e-05,4.030896127558644e-05,-10.138719523402646,-9.658948022512739,-10.11893674957241,389,eligible_regular_session
2010-04-30,2010-05-03,train,3.930410220592615e-05,-0.0167017449045244,7.692423893965585e-05,7.121545254695778e-05,4.2627872887013474e-05,-9.472689530342246,-9.54980073294008,-10.063002225522991,389,eligible_regular_session
2010-05-03,2010-05-04,train,0.0001232232493737,0.0084295623984113,3.930410220592615e-05,7.343189332528197e-05,4.286725769728297e-05,-10.14418166270628,-9.519152202749243,-10.057402247273455,389,eligible_regular_session
2010-05-04,2010-05-05,train,0.0001161503526806,-0.0158086679130162,0.0001232232493737,7.753140962520198e-05,4.7084399924376966e-05,-9.001512812219945,-9.464827418224475,-9.96356882360131,389,eligible_regular_session
2010-05-05,2010-05-06,train,0.0015824084873483,-0.0010374645641837,0.0001161503526806,7.902426345490197e-05,5.1683220896790165e-05,-9.060625062328876,-9.445755620312204,-9.870377376577679,389,eligible_regular_session
2010-05-06,2010-05-07,train,0.0008111595894892,-0.030492456623836,0.0015824084873483,0.00038760208610963637,0.0001229598395609554,-6.448807233518009,-7.855531295842342,-9.003652763541588,389,eligible_regular_session
2010-05-07,2010-05-10,train,0.0002618984801885,-0.0137272049618307,0.0008111595894892,0.0005344491562195452,0.00015821772364584905,-7.117045742086641,-7.534273956028342,-8.751538475746365,389,eligible_regular_session
2010-05-10,2010-05-11,train,0.0001392139473551,0.0224916714567809,0.0002618984801885,0.00057896803181606,0.0001689634717625296,-8.247553609489591,-7.454263294668478,-8.68582800982054,389,eligible_regular_session
2010-05-11,2010-05-12,train,7.986180147328571e-05,0.0036061065430425,0.0001392139473551,0.00058216617141234,0.00017423087863257877,-8.879498618566767,-7.448754633094694,-8.655129249595618,389,eligible_regular_session
2010-05-12,2010-05-13,train,8.147276374138004e-05,0.010062924043038,7.986180147328571e-05,0.0005749084611708772,0.00017699543208176907,-9.43521289869124,-7.461299727803956,-8.639386633171096,389,eligible_regular_session
2010-05-13,2010-05-14,train,0.0001839933757903,-0.0111305646422222,8.147276374138004e-05,0.00027472131644949314,0.0001799364076935401,-9.415241780792782,-8.19975336885843,-8.62290706008733,389,eligible_regular_session
2010-05-14,2010-05-17,train,0.0001936477578718,-0.013688120693199,0.0001839933757903,0.00014928807370971314,0.00018772506431242618,-8.600610802143018,-8.80963273799151,-8.580532089389886,389,eligible_regular_session
2010-05-17,2010-05-18,train,0.0001867335311662,-0.0015732740082146,0.0001936477578718,0.00013563792924637316,0.00019573168573769312,-8.549469730320993,-8.905521507364412,-8.538765786920164,388,eligible_regular_session
2010-05-18,2010-05-19,train,0.0002762119422071,-0.0199924500836192,0.0001867335311662,0.00014514184600859315,0.0001994339994352567,-8.585827924366379,-8.837799045381654,-8.520027206269102,389,eligible_regular_session
2010-05-19,2010-05-20,train,0.0004085765128168,-0.0019807577270225,0.0002762119422071,0.000184411874155356,0.00020917718752397715,-8.19434208038904,-8.598338855447727,-8.47232887797198,389,eligible_regular_session
2010-05-20,2010-05-21,train,0.0003538721138189,-0.0252746480973155,0.0004085765128168,0.00024983262397044,0.00022641955703803584,-7.8028313593259115,-8.294719368438232,-8.393120832689178,389,eligible_regular_session
2010-05-21,2010-05-24,train,0.0001438848316491,0.023742858722089,0.0003538721138189,0.00028380837157616,0.00024066705813037868,-7.946574970499345,-8.1672112955192,-8.33209608116036,388,eligible_regular_session
2010-05-24,2010-05-25,train,0.0003444526773237,-0.009900061392708,0.0001438848316491,0.00027385578633162,0.00024444524380499955,-8.84649735859768,-8.202908917391877,-8.31651922584807,389,eligible_regular_session
2010-05-25,2010-05-26,train,0.0002111289398214,0.0145488151319576,0.0003444526773237,0.00030539961556312,0.00025827921723794,-7.973553843205386,-8.093889423978439,-8.261469320882972,389,eligible_regular_session
2010-05-26,2010-05-27,train,0.0001429578610545,-0.009588265724313,0.0002111289398214,0.00029238301508598,0.00026659317367008073,-8.463041521926234,-8.137445919717065,-8.229786755685964,389,eligible_regular_session
2010-05-27,2010-05-28,train,0.0002088779870581,0.020748620102874,0.0001429578610545,0.00023925928473352,0.0002684219097237352,-8.852960649071003,-8.337962720720594,-8.22295052533497,389,eligible_regular_session
2010-05-28,2010-06-01,train,0.000183346317045,-0.0116297363629717,0.0002088779870581,0.00021026045938136,0.00027297608715673525,-8.473760270453903,-8.467163512993713,-8.206126359448263,389,eligible_regular_session
2010-06-01,2010-06-02,train,0.0001009020129418,-0.0133865091034073,0.000183346317045,0.00021815275646054,0.0002795136754735703,-8.604133750668048,-8.430315022854314,-8.182459338216985,389,eligible_regular_session
2010-06-02,2010-06-03,train,0.000114958526214,0.0208984794891311,0.0001009020129418,0.00016944262358415998,0.0002806035742918496,-9.20136068093453,-8.682996192377416,-8.17856765234479,389,eligible_regular_session
2010-06-03,2010-06-04,train,0.0001976739581499,0.001669358592026,0.000114958526214,0.00015020854086268,0.0002840424117467621,-9.070939136265244,-8.80348595698405,-8.166386993816262,389,eligible_regular_session
2010-06-04,2010-06-07,train,0.0001225409934291,-0.0234723791272365,0.0001976739581499,0.00016115176028176,0.00028742653487295297,-8.52889156054147,-8.733164026512346,-8.154543261257132,389,eligible_regular_session
2010-06-07,2010-06-08,train,0.0002148375680511,-0.0160201406674762,0.0001225409934291,0.00014388436155596,0.0002877170185433394,-9.007064943721497,-8.846500625751714,-8.153533135373392,389,eligible_regular_session
2010-06-08,2010-06-09,train,0.0001412576143839,0.0098418539887662,0.0002148375680511,0.00015018261175718002,0.00022555470402983027,-8.445628312805365,-8.803658592598236,-8.396947838508993,389,eligible_regular_session
2010-06-09,2010-06-10,train,0.0001326431649195,-0.0098017824632571,0.0001412576143839,0.0001582537320456,0.00019510461425231663,-8.864925282248008,-8.751310913991528,-8.541974659911055,389,eligible_regular_session
2010-06-10,2010-06-11,train,9.475555322740978e-05,0.0189376204456962,0.0001326431649195,0.00016179065978670003,0.00018922937264918025,-8.927848005888647,-8.729207281911583,-8.572550666835847,389,eligible_regular_session
2010-06-11,2010-06-14,train,9.512647861668316e-05,0.0109146753867566,9.475555322740978e-05,0.00014120697880220194,0.00018720853655246705,-9.264210106458933,-8.865283809181731,-8.583287393718676,389,eligible_regular_session
2010-06-14,2010-06-15,train,5.362420027742873e-05,-0.0077797215601492,9.512647861668316e-05,0.0001357240758397186,0.0001879023855135306,-9.260303197969636,-8.904886587260457,-8.579587955970677,389,eligible_regular_session
2010-06-15,2010-06-16,train,6.851118054111417e-05,0.0184182269913341,5.362420027742873e-05,0.00010348140228498433,0.00018663654171971464,-9.83351009406872,-9.17611864947247,-8.586347459571316,389,eligible_regular_session
2010-06-16,2010-06-17,train,8.088881748796419e-05,0.0034510063726918,6.851118054111417e-05,8.893211551642717e-05,0.00018138735102656977,-9.588513606436651,-9.327637226278071,-8.61487575244672,389,eligible_regular_session
2010-06-17,2010-06-18,train,4.2728096378779864e-05,-0.001719305895751,8.088881748796419e-05,7.858124603012001e-05,0.00017626194464548636,-9.422434969807936,-9.451377487124352,-8.643539347530028,389,eligible_regular_session
2010-06-18,2010-06-21,train,6.893450345172892e-05,0.0006087462700856,4.2728096378779864e-05,6.817575466039402e-05,0.00016971624306424,-10.060653859294172,-9.593421559834496,-8.681382673956703,389,eligible_regular_session
2010-06-21,2010-06-22,train,9.39710617267245e-05,-0.0128891228632355,6.893450345172892e-05,6.293735962740319e-05,0.00016029454130263223,-9.582353729503943,-9.673370617837085,-8.73849755193774,389,eligible_regular_session
2010-06-22,2010-06-23,train,0.0001632313994129,-0.0171513714338986,9.39710617267245e-05,7.100673191726232e-05,0.0001459942935258106,-9.272523677062047,-9.552735869681598,-8.831943022459447,389,eligible_regular_session
2010-06-23,2010-06-24,train,0.0001192527985247,-0.0030272982781762,0.0001632313994129,8.99507756916195e-05,0.00013732880650735605,-8.720341735577101,-9.31624797401826,-8.893132460151204,389,eligible_regular_session
2010-06-24,2010-06-25,train,0.0001202235194161,-0.0132773356988731,0.0001192527985247,9.762357189896666e-05,0.00013620916863806516,-9.034264960758817,-9.234391578347102,-8.901318849054483,389,eligible_regular_session
2010-06-25,2010-06-28,train,7.406963519815578e-05,0.0014662895300301,0.0001202235194161,0.00011312265650643069,0.0001260169341877197,-9.026157885984718,-9.087037872124016,-8.979094261728205,389,eligible_regular_session
2010-06-28,2010-06-29,train,0.0002153903676779,-0.0043737330433076,7.406963519815578e-05,0.00011414968285571607,0.00011978696579575406,-9.510504891046981,-9.077999963304059,-9.029795677903595,389,eligible_regular_session
2010-06-29,2010-06-30,train,0.0001088428456633,-0.0219820387021192,0.0002153903676779,0.00013843354404595117,0.00012307935246045406,-8.443058512543178,-8.885120173873421,-9.002681268651555,389,eligible_regular_session
2010-06-30,2010-07-01,train,0.0002161660477149,-0.0087907133969396,0.0001088428456633,0.00012755583329603117,0.00011853230057887223,-9.125605499009719,-8.966956381015443,-9.040325055807259,389,eligible_regular_session
2010-07-01,2010-07-02,train,0.0001177282096152,-0.0031303798542454,0.0002161660477149,0.00014693848313407113,0.00012002410651841314,-8.43946370618808,-8.825496540854749,-9.027817947704008,389,eligible_regular_session
2010-07-02,2010-07-06,train,0.0001415072300621,-0.0063370332568638,0.0001177282096152,0.00014643942117389114,0.00012078893363993131,-9.047131898539282,-8.828898722370344,-9.02146588560088,389,eligible_regular_session
2010-07-06,2010-07-07,train,8.166463433149487e-05,-0.004406832858319,0.0001415072300621,0.00015992694014667998,0.00012199569290575405,-8.8631597463411,-8.740793471098222,-9.011524817905416,389,eligible_regular_session
2010-07-07,2010-07-08,train,8.907392733902403e-05,0.0294879536895398,8.166463433149487e-05,0.00013318179347739898,0.00011672254182309928,-9.41288952213411,-8.923795494805427,-9.05571087688697,389,eligible_regular_session
2010-07-08,2010-07-09,train,5.038889801635865e-05,0.0044863914902077,8.907392733902403e-05,0.00012922800981254377,0.00011520131154627764,-9.326043888767458,-8.953932195897508,-9.068829424816965,389,eligible_regular_session
2010-07-09,2010-07-12,train,5.879260312876237e-05,0.0067577887677256,5.038889801635865e-05,9.607257987283551e-05,0.00010772637199924394,-9.895739684604795,-9.250406611808932,-9.135916138416821,389,eligible_regular_session
2010-07-12,2010-07-13,train,5.4240877766198575e-05,0.0031564510591752,5.879260312876237e-05,8.428545857554799e-05,0.00010397796239673767,-9.741494508102708,-9.381301203973855,-9.171331581308253,389,eligible_regular_session
2010-07-13,2010-07-14,train,6.901228592417475e-05,0.0079393145167323,5.4240877766198575e-05,6.68321881163677e-05,0.0001004142220715876,-9.822075731457941,-9.613325735448518,-9.206206706639161,389,eligible_regular_session
2010-07-14,2010-07-15,train,9.711394278496632e-05,0.0024405304497171,6.901228592417475e-05,6.430171843490367e-05,9.924407355780419e-05,-9.58122601234516,-9.65192420180715,-9.21792835244376,389,eligible_regular_session
2010-07-15,2010-07-16,train,0.0001017387055672,0.0014423825544119,9.711394278496632e-05,6.590972152409214e-05,9.933441283818072e-05,-9.239625600957151,-9.627224608001999,-9.217018492687567,388,eligible_regular_session
2010-07-16,2010-07-19,train,7.167725416278823e-05,-0.0241565706288172,0.0001017387055672,7.617968303426041e-05,0.0001015214358058976,-9.193102741599285,-9.482415757669907,-9.195240591574057,389,eligible_regular_session
2010-07-19,2010-07-20,train,8.423478506665605e-05,0.0024206863574513,7.167725416278823e-05,7.875661324106557e-05,0.00010166534824324642,-9.54333709691207,-9.449148306120133,-9.193824038208275,389,eligible_regular_session
2010-07-20,2010-07-21,train,0.0001162806223341,0.0213454877908523,8.423478506665605e-05,8.475539470115706e-05,0.0001018174376786415,-9.381902597721265,-9.375741159438624,-9.192329175013555,388,eligible_regular_session
2010-07-21,2010-07-22,train,9.4639723811561e-05,-0.0169383224447936,0.0001162806223341,9.420906198314212e-05,0.00010516073431297424,-9.059504130257476,-9.26999418161241,-9.160020575310558,389,eligible_regular_session
2010-07-22,2010-07-23,train,0.0001235738139741,0.0144145810209785,9.4639723811561e-05,9.371421818846106e-05,0.00010632915342023933,-9.26543325660397,-9.275260638625715,-9.148971054147708,389,eligible_regular_session
2010-07-23,2010-07-26,train,4.643338796521725e-05,0.0102924991840925,0.0001235738139741,9.808123986984104e-05,0.00010767473306784728,-8.998671896437378,-9.229714444442724,-9.136395606081296,389,eligible_regular_session
2010-07-26,2010-07-27,train,7.382482833819319e-05,0.0094905334545588,4.643338796521725e-05,9.303246663032685e-05,0.0001023657325474981,-9.97749178928126,-9.282562022181583,-9.1869585444552,389,eligible_regular_session
2010-07-27,2010-07-28,train,5.659271900522134e-05,-0.004783540872863,7.382482833819319e-05,9.095047528463428e-05,0.00010030082481174776,-9.513815455590047,-9.305195427234422,-9.20733663958306,389,eligible_regular_session
2010-07-28,2010-07-29,train,9.114168026210314e-05,-0.0053284893033277,5.659271900522134e-05,7.901289461885856e-05,9.740851570216238e-05,-9.779630220513626,-9.445899495793155,-9.236596920930577,389,eligible_regular_session
2010-07-29,2010-07-30,train,0.0001065127282778,-0.0087667535429758,9.114168026210314e-05,7.831328590896699e-05,9.818451775052361e-05,-9.303095336242926,-9.454793289808885,-9.22866201541519,389,eligible_regular_session
2010-07-30,2010-08-02,train,4.886659216333273e-05,0.0070956198477042,0.0001065127282778,7.490106876970699e-05,9.323553414142816e-05,-9.147246065610524,-9.499342398254427,-9.280381641324865,389,eligible_regular_session
2010-08-02,2010-08-03,train,4.632038473827971e-05,0.0118137292818631,4.886659216333273e-05,7.538770960933008e-05,9.050934080052057e-05,-9.926416581805837,-9.492866298765499,-9.310057499319095,389,eligible_regular_session
2010-08-03,2010-08-04,train,5.359410986553462e-05,-0.0033431578929383,4.632038473827971e-05,6.988682088934738e-05,8.278908339249237e-05,-9.979928418639908,-9.5686334688564,-9.399214348350965,389,eligible_regular_session
2010-08-04,2010-08-05,train,3.2980065115743444e-05,0.0051139178584167,5.359410986553462e-05,6.928709906141004e-05,7.987389704023486e-05,-9.834071386494312,-9.57725182982849,-9.435061453934875,389,eligible_regular_session
2010-08-05,2010-08-06,train,7.900531827076792e-05,0.0019833776385617,3.2980065115743444e-05,5.7654776032138114e-05,7.494084408812773e-05,-10.319607266433817,-9.7610374693704,-9.498811501142981,389,eligible_regular_session
2010-08-06,2010-08-09,train,2.592518609307084e-05,0.0032958670760075,7.900531827076792e-05,5.215329403073168e-05,7.481996608536743e-05,-9.445995387879996,-9.86132321397285,-9.500425782327357,389,eligible_regular_session
2010-08-09,2010-08-10,train,0.0001067627389827,0.0023614019584197,2.592518609307084e-05,4.756501281667931e-05,7.194956875600591e-05,-10.560295625742494,-9.953413091849791,-9.539545118311043,389,eligible_regular_session
2010-08-10,2010-08-11,train,7.889760323100103e-05,-3.568497306155292e-05,0.0001067627389827,5.965348366556337e-05,7.451201607265779e-05,-9.144901578242811,-9.726958009355954,-9.504550156018647,389,eligible_regular_session
2010-08-11,2010-08-12,train,6.548964303296461e-05,-0.0176541782049045,7.889760323100103e-05,6.471418233865663e-05,7.542587971366864e-05,-9.447359707874213,-9.64553017895373,-9.492360109564315,389,eligible_regular_session
2010-08-12,2010-08-13,train,5.965397652503604e-05,0.0051910674955715,6.548964303296461e-05,7.121609792210088e-05,7.593718722579437e-05,-9.63361854945974,-9.549791670690304,-9.485604043275165,389,eligible_regular_session
2010-08-13,2010-08-16,train,6.451083567785033e-05,-0.001693966460955,5.965397652503604e-05,6.73458295729545e-05,7.551180952583352e-05,-9.726949747350009,-9.605669578733304,-9.491221496380538,389,eligible_regular_session
2010-08-16,2010-08-17,train,4.026157171731032e-05,0.0044945565326498,6.451083567785033e-05,7.50629594899104e-05,7.402985011187371e-05,-9.648677353266697,-9.497183336711862,-9.511042166205716,389,eligible_regular_session
2010-08-17,2010-08-18,train,5.228964707226735e-05,0.0068057776344449,4.026157171731032e-05,6.176272603683246e-05,7.123543493687871e-05,-10.120113099336537,-9.692210514024442,-9.54952018165107,389,eligible_regular_session
2010-08-18,2010-08-19,train,0.0001000069069408,0.0025898096827358,5.228964707226735e-05,5.644113480508574e-05,7.035418006912776e-05,-9.858712159217738,-9.7823123247841,-9.561968357986725,389,eligible_regular_session
2010-08-19,2010-08-20,train,5.854272833583153e-05,-0.014329088428795,0.0001000069069408,6.33445875866528e-05,7.107109469977067e-05,-9.210271304953364,-9.666921091521825,-9.551829848123644,389,eligible_regular_session
2010-08-20,2010-08-23,train,5.3536026068114664e-05,-0.0017341044807973,5.854272833583153e-05,6.31223379488119e-05,6.844664497257665e-05,-9.745753671434825,-9.670435842365906,-9.589456021710433,389,eligible_regular_session
2010-08-23,2010-08-24,train,0.0001169802821548,-0.0072632537018162,5.3536026068114664e-05,6.092737602686478e-05,6.657829507514727e-05,-9.835155746233152,-9.705827960003527,-9.617131933307366,389,eligible_regular_session
2010-08-24,2010-08-25,train,9.275311349153867e-05,-0.0077983633076534,0.0001169802821548,7.627111811436271e-05,6.627858908336091e-05,-9.05350516596051,-9.481216221945894,-9.621643652847924,389,eligible_regular_session
2010-08-25,2010-08-26,train,8.13865436236909e-05,0.0068359594780746,9.275311349153867e-05,8.436381139821699e-05,6.838403115273916e-05,-9.285569288398218,-9.380372023215248,-9.590371223271674,389,eligible_regular_session
2010-08-26,2010-08-27,train,0.0001384712451331,-0.0104679179561236,8.13865436236909e-05,8.063973873479516e-05,6.872774548389814e-05,-9.416300610369541,-9.425518993542358,-9.585357575872802,389,eligible_regular_session
2010-08-27,2010-08-30,train,5.402554678575483e-05,0.011973248437221,0.0001384712451331,9.662544209424885e-05,7.244949667152899e-05,-8.884847870259652,-9.244668475706236,-9.532620836474592,389,eligible_regular_session
2010-08-30,2010-08-31,train,0.0001239731298578,-0.0121491596029618,5.402554678575483e-05,9.672334623777688e-05,7.076239969533134e-05,-9.826053534646052,-9.243655755091432,-9.556182776085894,389,eligible_regular_session
2010-08-31,2010-09-01,train,9.450881485017984e-05,0.0025885098054508,0.0001239731298578,9.812191577837688e-05,7.155605431260407e-05,-8.995445710536087,-9.229299813913626,-9.545029439013232,389,eligible_regular_session
2010-09-01,2010-09-02,train,3.5203323165319003e-05,0.0199244606250038,9.450881485017984e-05,9.847305605010513e-05,7.363070079836985e-05,-9.266817448976896,-9.22572758984437,-9.516448488791514,389,eligible_regular_session
2010-09-02,2010-09-03,train,4.645957742428786e-05,0.0080052382971976,3.5203323165319003e-05,8.923641195843074e-05,7.312537981778073e-05,-10.254370071710733,-9.324221395859633,-9.523335058336434,389,eligible_regular_session
2010-09-03,2010-09-07,train,4.337297498207858e-05,0.0054024001773696,4.645957742428786e-05,7.083407841666831e-05,7.280108288863314e-05,-9.976927926137162,-9.555170339499682,-9.527779728028401,389,eligible_regular_session
2010-09-07,2010-09-08,train,3.674101124967583e-05,-0.0076267999742017,4.337297498207858e-05,6.870356405593306e-05,7.327348788255748e-05,-10.045674007079226,-9.585709481538194,-9.521311707778713,389,eligible_regular_session
2010-09-08,2010-09-09,train,3.920594307480302e-05,0.0048720056955926,3.674101124967583e-05,5.125714033430822e-05,7.135238301796238e-05,-10.211616954068448,-9.87865562605413,-9.5478798156088,389,eligible_regular_session
2010-09-09,2010-09-10,train,2.800701414357927e-05,-0.0019090104731295,3.920594307480302e-05,4.019656597923286e-05,7.195605378985929e-05,-10.146682213608251,-10.121728989390252,-9.539454989325906,389,eligible_regular_session
2010-09-10,2010-09-13,train,3.1967414172518155e-05,0.0030238364354719,2.800701414357927e-05,3.8757304174884914e-05,6.837624811535381e-05,-10.48305557403241,-10.158191325092098,-9.590485043416463,389,eligible_regular_session
2010-09-13,2010-09-14,train,3.86641512524513e-05,0.0036523604550941,3.1967414172518155e-05,3.585887152453097e-05,6.624305770360459e-05,-10.350793481100286,-10.235919559202383,-9.622179887968286,389,eligible_regular_session
2010-09-14,2010-09-15,train,3.551286648397497e-05,0.000606785305859,3.86641512524513e-05,3.4917106778605514e-05,6.502371716812671e-05,-10.160597711458026,-10.262533683271707,-9.640758475111335,389,eligible_regular_session
2010-09-15,2010-09-16,train,3.418342587602779e-05,0.0073765525699234,3.551286648397497e-05,3.4671477825465346e-05,6.392639398444211e-05,-10.245615490978718,-10.269593173693655,-9.657778230463311,389,eligible_regular_session
2010-09-16,2010-09-17,train,3.801829982305218e-05,0.0018508142635057,3.418342587602779e-05,3.36669743857103e-05,6.254787535708654e-05,-10.2837696548716,-10.298993189663282,-9.679578288741174,389,eligible_regular_session
2010-09-17,2010-09-20,train,3.064277160540249e-05,-0.0023513242571608,3.801829982305218e-05,3.566923152160488e-05,6.244590845280208e-05,-10.177442939866726,-10.24122210293531,-9.681209840707933,389,eligible_regular_session
2010-09-20,2010-09-21,train,7.30062338393548e-05,0.0129402326264353,3.064277160540249e-05,3.5404303008181746e-05,6.146195956794458e-05,-10.393113760087498,-10.248677191308182,-9.697092118139478,389,eligible_regular_session
2010-09-21,2010-09-22,train,5.094373001265385e-05,-0.002243430583995,7.30062338393548e-05,4.2272719525562454e-05,6.023465624515163e-05,-9.52496572540218,-10.071368608441569,-9.717262686157207,389,eligible_regular_session
2010-09-22,2010-09-23,train,5.445348485781316e-05,-0.0038281348314056,5.094373001265385e-05,4.5358892231298225e-05,5.9889247230461725e-05,-9.884788867445199,-10.000904320551586,-9.723013580969406,389,eligible_regular_session
2010-09-23,2010-09-24,train,3.734733813034065e-05,-0.002060080467863,5.445348485781316e-05,4.94129040276553e-05,5.993094990272075e-05,-9.81816370957152,-9.915298952746408,-9.722317493415876,389,eligible_regular_session
2010-09-24,2010-09-27,train,3.057437874015056e-05,0.0128318134145653,3.734733813034065e-05,4.9278711689112995e-05,5.631127062888169e-05,-10.195248917189122,-9.918018381752955,-9.784615854063649,389,eligible_regular_session
2010-09-27,2010-09-28,train,6.932759889782114e-05,-0.0047857845522223,3.057437874015056e-05,4.92650331160626e-05,5.348496450381859e-05,-10.395348195807596,-9.918295995987432,-9.836109980872502,389,eligible_regular_session
2010-09-28,2010-09-29,train,4.258688294107329e-05,0.0037974231916668,6.932759889782114e-05,4.852930612775587e-05,5.2936830652642694e-05,-9.57666747855608,-9.933342692449573,-9.846411229737862,389,eligible_regular_session
2010-09-29,2010-09-30,train,8.61588802578207e-05,0.0002272528634901,4.258688294107329e-05,4.685793671343976e-05,4.8578450553005117e-05,-10.063964264285017,-9.968390156723842,-9.932330529649716,389,eligible_regular_session
2010-09-30,2010-10-01,train,6.373393882979375e-05,-0.0071505894599798,8.61588802578207e-05,5.319901579344127e-05,5.00390566199172e-05,-9.359317521279738,-9.841470661911089,-9.902706725062915,389,eligible_regular_session
2010-10-01,2010-10-04,train,5.6517433452694406e-05,-0.0020135024736716,6.373393882979375e-05,5.847633593333189e-05,4.7300911573189645e-05,-9.660793345592737,-9.746888399524444,-9.958980990491636,389,eligible_regular_session
2010-10-04,2010-10-05,train,4.3003811831830115e-05,-0.0063298564012972,5.6517433452694406e-05,6.366494687584067e-05,4.557403060057667e-05,-9.780961410720845,-9.661876431371947,-9.996172508046465,389,eligible_regular_session
2010-10-05,2010-10-06,train,2.8755235130264812e-05,0.0128471022386474,4.3003811831830115e-05,5.840018946264245e-05,4.592859826723627e-05,-10.054221798947784,-9.748191423912026,-9.988422578985462,389,eligible_regular_session
2010-10-06,2010-10-07,train,4.043199027205863e-05,3.4499413513427956e-05,2.8755235130264812e-05,5.563385990048075e-05,4.512385543568977e-05,-10.456690715810085,-9.796718551051674,-10.006099505938952,389,eligible_regular_session
2010-10-07,2010-10-08,train,3.707727188553709e-05,-0.0045068993814489,4.043199027205863e-05,4.648848190332834e-05,4.4990174312507036e-05,-10.115889247918519,-9.976305977057615,-10.009066440646437,389,eligible_regular_session
2010-10-08,2010-10-11,train,1.8702207795853703e-05,0.0055878813781087,3.707727188553709e-05,4.1157148514477015e-05,4.5005458886864366e-05,-10.202506393718254,-10.098112927472192,-10.008726766954261,389,eligible_regular_session
2010-10-11,2010-10-12,train,4.529667492136177e-05,-0.0013297475010585,1.8702207795853703e-05,3.3594103383108874e-05,4.40734709196394e-05,-10.886868977123337,-10.301160000946417,-10.029652522973254,389,eligible_regular_session
2010-10-12,2010-10-13,train,2.926721470304613e-05,0.0062516550907287,4.529667492136177e-05,3.40526760010152e-05,4.4859364591356785e-05,-10.002276929463735,-10.287601938118627,-10.01197819323118,389,eligible_regular_session
2010-10-13,2010-10-14,train,3.7234855464440784e-05,0.0032219562772121,2.926721470304613e-05,3.415507191557146e-05,4.4736628251835334e-05,-10.439042620550024,-10.284599464217711,-10.01471796791087,389,eligible_regular_session
2010-10-14,2010-10-15,train,6.899647254759723e-05,-0.0032753582191341,3.7234855464440784e-05,3.351564495404789e-05,4.467166026147122e-05,-10.198265260521545,-10.303498214596475,-10.01617125603167,389,eligible_regular_session
2010-10-15,2010-10-18,train,2.6040664720842004e-05,-0.0032511520133676,6.899647254759723e-05,3.9899485086459925e-05,4.619364235527223e-05,-9.581455177172405,-10.129147139252982,-9.982668380703636,389,eligible_regular_session
2010-10-18,2010-10-19,train,9.45488690367428e-05,0.0066755017303468,2.6040664720842004e-05,4.1367176471457577e-05,4.582351684821833e-05,-10.555851214035656,-10.093022830449634,-9.990713130322165,389,eligible_regular_session
2010-10-19,2010-10-20,train,5.779993119673208e-05,-0.0066094885066443,9.45488690367428e-05,5.121761529453378e-05,4.839308817611336e-05,-9.266393724467648,-9.87942703636864,-9.936153560718125,389,eligible_regular_session
2010-10-20,2010-10-21,train,6.59885785830813e-05,0.0088500679949482,5.779993119673208e-05,5.692415859327099e-05,4.96275045211738e-05,-9.758522972654609,-9.773790727093917,-9.910965351289903,389,eligible_regular_session
2010-10-21,2010-10-22,train,2.729834769130052e-05,-0.0009062766627305,6.59885785830813e-05,6.267490321699908e-05,4.9308520191343176e-05,-9.62602888268453,-9.677549458125352,-9.917413668494047,389,eligible_regular_session
2010-10-22,2010-10-25,train,4.75399897959225e-05,0.0014639990090433,2.729834769130052e-05,5.433527824573975e-05,4.823373008582712e-05,-10.508684381733206,-9.82033685053242,-9.93945198733782,389,eligible_regular_session
2010-10-25,2010-10-26,train,3.3857233073683174e-05,-0.0024517973162879,4.75399897959225e-05,5.863514326075584e-05,4.791948031028664e-05,-9.953939310674182,-9.744176326790722,-9.945988449159822,389,eligible_regular_session
2010-10-26,2010-10-27,train,4.484272610251057e-05,0.0036255960881785,3.3857233073683174e-05,4.649681606814391e-05,4.776083917134766e-05,-10.293357901264452,-9.976126719368073,-9.949304518444933,389,eligible_regular_session
2010-10-27,2010-10-28,train,4.094833226745632e-05,0.001938370598579,4.484272610251057e-05,4.390537504929961e-05,4.84094004150913e-05,-10.012349165388201,-10.033473806897499,-9.935816539648322,389,eligible_regular_session
2010-10-28,2010-10-29,train,2.7823114676983663e-05,-0.0030286819711136,4.094833226745632e-05,3.889732578617461e-05,4.711943375007471e-05,-10.103199474563967,-10.154585055559672,-9.962825035881718,389,eligible_regular_session
2010-10-29,2010-11-01,train,3.9600496608144486e-05,0.0017334031034678,2.7823114676983663e-05,3.900227918331125e-05,4.6448353374434274e-05,-10.489643419540872,-10.151890472944489,-9.977169542752916,389,eligible_regular_session
2010-11-01,2010-11-02,train,2.544968638819653e-05,-0.003927887112434,3.9600496608144486e-05,3.741438054575564e-05,4.43320632085399e-05,-10.136668899172763,-10.19345542087649,-10.023802368252463,389,eligible_regular_session
2010-11-02,2010-11-03,train,9.62059065382948e-05,0.0018284147374631,2.544968638819653e-05,3.573287120865831e-05,4.259186991574003e-05,-10.57880713770785,-10.239439530672826,-10.06384716995092,389,eligible_regular_session
2010-11-03,2010-11-04,train,2.4879952209238637e-05,0.002993238190438,9.62059065382948e-05,4.6005507295815155e-05,4.439589141963095e-05,-9.249019803650453,-9.986749444819436,-10.022363628401674,389,eligible_regular_session
2010-11-04,2010-11-05,train,2.9518386446322887e-05,0.0121094698445368,2.4879952209238637e-05,4.279183128417162e-05,4.357207961860407e-05,-10.601448210945678,-10.059163331438658,-10.041093988457485,389,eligible_regular_session
2010-11-05,2010-11-08,train,2.222896255180167e-05,0.0038837222941494,2.9518386446322887e-05,4.313088563803947e-05,4.360676831478853e-05,-10.430497219403305,-10.051271213361868,-10.040298183079518,389,eligible_regular_session
2010-11-08,2010-11-09,train,3.328054991537251e-05,6.543003895422522e-05,2.222896255180167e-05,3.96565788267709e-05,4.277935796386776e-05,-10.714114499912025,-10.135253701155962,-10.059454862279862,389,eligible_regular_session
2010-11-09,2010-11-10,train,4.7770205466411746e-05,-0.0095333360732752,3.328054991537251e-05,4.12227515322061e-05,4.260677969249664e-05,-10.31053741824837,-10.096520232371574,-10.063497169640414,389,eligible_regular_session
2010-11-10,2010-11-11,train,4.433141158696171e-05,0.0035353156940003,4.7770205466411746e-05,3.153561131782949e-05,4.392805231388564e-05,-9.949108429411684,-10.364393132660638,-10.032957437087719,389,eligible_regular_session
2010-11-11,2010-11-12,train,6.716488866097018e-05,0.0032599798609417,4.433141158696171e-05,3.542590319337411e-05,4.388417670777655e-05,-10.023817067012684,-10.248067276781025,-10.033956742315457,389,eligible_regular_session
2010-11-12,2010-11-15,train,3.4342494021090235e-05,-0.0065413763961294,6.716488866097018e-05,4.2955203636303564e-05,4.560679825131855e-05,-9.608359937144854,-10.055352761196316,-9.995453768097176,389,eligible_regular_session
2010-11-15,2010-11-16,train,7.38983002274198e-05,-0.0045576765627981,3.4342494021090235e-05,4.537790993016128e-05,4.54753272766208e-05,-10.279127077843587,-10.000485136743285,-9.99834063673891,389,eligible_regular_session
2010-11-16,2010-11-17,train,3.83596211350822e-05,-0.0101729418288084,7.38983002274198e-05,5.350145999257073e-05,4.569813762570364e-05,-9.512820731256785,-9.835801614853906,-9.993453013067294,389,eligible_regular_session
2010-11-17,2010-11-18,train,3.740100898257952e-05,-0.0002460410731317,3.83596211350822e-05,5.161934312630482e-05,4.625809018998729e-05,-10.168505184559796,-9.871614088932905,-9.981274186276336,389,eligible_regular_session
2010-11-18,2010-11-19,train,2.403997029954707e-05,0.0071639793676201,3.740100898257952e-05,5.023326260542839e-05,4.366046018752532e-05,-10.193812875763854,-9.898833148988416,-10.039067666643207,389,eligible_regular_session
2010-11-19,2010-11-22,train,3.9983751042109736e-05,0.0038919329203145,2.403997029954707e-05,4.1608278933143766e-05,4.212591651038055e-05,-10.635792683757803,-10.087211397681523,-10.074847412605447,389,eligible_regular_session
2010-11-22,2010-11-23,train,6.31357928924538e-05,0.0022315561194464,3.9983751042109736e-05,4.273653033734767e-05,4.094387889488184e-05,-10.127037410328894,-10.060456492057707,-10.10330823637454,389,eligible_regular_session
2010-11-23,2010-11-24,train,2.7948096102885833e-05,-0.0067509095830179,6.31357928924538e-05,4.058402887035447e-05,4.257285367675244e-05,-9.67022270846945,-10.112135946327319,-10.064293745446067,389,eligible_regular_session
2010-11-24,2010-11-29,train,6.314561334555893e-05,0.0089852834481248,2.7948096102885833e-05,3.8501723863915195e-05,4.1682313054341685e-05,-10.48516147864803,-10.164807541986828,-10.085433666513358,389,eligible_regular_session
2010-11-29,2010-11-30,train,6.367566907320731e-05,0.0037353590965561,6.314561334555893e-05,4.365064473651107e-05,4.301360306669967e-05,-9.670067175625501,-10.039292505191847,-10.05399414191058,389,eligible_regular_session
2010-11-30,2010-12-01,train,4.104409086329583e-05,0.001805613148499,6.367566907320731e-05,5.1577784491243116e-05,4.386964592900407e-05,-9.661708029526046,-9.872419511298192,-10.034287913732694,389,eligible_regular_session
2010-12-01,2010-12-02,train,2.5404662426413205e-05,0.0108487795049701,4.104409086329583e-05,5.178985245548034e-05,4.387399859245132e-05,-10.100863682164603,-9.868316326432312,-10.034188700542392,389,eligible_regular_session
2010-12-02,2010-12-03,train,2.740379470484758e-05,0.011725896446299,2.5404662426413205e-05,4.424362636227222e-05,4.376406894469812e-05,-10.580577840689868,-10.025799233895459,-10.036697420976278,389,eligible_regular_session
2010-12-03,2010-12-06,train,1.9907101239902577e-05,0.0055107836935186,2.740379470484758e-05,4.413476608266458e-05,4.320967340363917e-05,-10.504829061281853,-10.02826273954771,-10.049446166400324,389,eligible_regular_session
2010-12-06,2010-12-07,train,3.8484401102858135e-05,0.0004088441216104,1.9907101239902577e-05,3.54870636615333e-05,4.295773771508036e-05,-10.82443404366204,-10.24634233179461,-10.055293769413758,389,eligible_regular_session
2010-12-07,2010-12-08,train,2.8634503500460716e-05,-0.006670954066977,3.8484401102858135e-05,3.0448810067463463e-05,4.03340329225605e-05,-10.16525756493205,-10.399463642816164,-10.118314955998619,389,eligible_regular_session
2010-12-08,2010-12-09,train,2.5059182764033276e-05,0.0022007768655808,2.8634503500460716e-05,2.7966892594896443e-05,4.050469434488878e-05,-10.460898151173586,-10.484489154709264,-10.114092680818457,389,eligible_regular_session
2010-12-09,2010-12-10,train,1.4687152264919569e-05,-0.00072986192631,2.5059182764033276e-05,2.7897796662420458e-05,4.030200326842108e-05,-10.594270220199965,-10.486962844928561,-10.11910938135326,389,eligible_regular_session
2010-12-10,2010-12-13,train,1.5671007098482005e-05,0.0034742456250562,1.4687152264919569e-05,2.5354468174434857e-05,3.995919370992643e-05,-11.12853744192011,-10.582555584112393,-10.127651781816757,389,eligible_regular_session
2010-12-13,2010-12-14,train,2.1059191975233185e-05,-0.0029139050819467,1.5671007098482005e-05,2.4507249346150736e-05,3.915875994552232e-05,-11.063698234453991,-10.61654159250128,-10.14788640715876,389,eligible_regular_session
2010-12-14,2010-12-15,train,2.3802864203456057e-05,-0.0004428501910203,2.1059191975233185e-05,2.102220752062575e-05,3.7944622968650564e-05,-10.768173419742217,-10.769931178018945,-10.179382751416806,389,eligible_regular_session
2010-12-15,2010-12-16,train,2.3776659280317497e-05,-0.0035224958863034,2.3802864203456057e-05,2.005587966122482e-05,3.7011507178491216e-05,-10.645704639844658,-10.816988197264655,-10.204281688847939,389,eligible_regular_session
2010-12-16,2010-12-17,train,9.902877508823198e-06,0.0044024873358215,2.3776659280317497e-05,1.9799374964481663e-05,3.503931493391609e-05,-10.646806160997855,-10.829860188212468,-10.25903984305992,389,eligible_regular_session
2010-12-17,2010-12-20,train,1.6101541362774745e-05,0.0011902082660866,9.902877508823198e-06,1.884252001326239e-05,3.392842327426759e-05,-11.522685185599537,-10.879394539095218,-10.291257450207592,389,eligible_regular_session
2010-12-20,2010-12-21,train,8.500559455029161e-06,-1.6036434780108665e-05,1.6101541362774745e-05,1.8928626866120938e-05,3.130129787132918e-05,-11.036595553738026,-10.8748351328214,-10.371850995740164,389,eligible_regular_session
2010-12-21,2010-12-22,train,5.698957642366414e-06,0.0029853866054734,8.500559455029161e-06,1.6416900362080132e-05,2.9944067794963135e-05,-11.675378578395204,-11.017199243861993,-10.416179323306363,389,eligible_regular_session
2010-12-22,2010-12-23,train,6.43841351256214e-06,0.0025531014945994,5.698957642366414e-06,1.2796119049862203e-05,2.8503065461317087e-05,-12.075227269606762,-11.266368632242397,-10.465498916427622,389,eligible_regular_session
2010-12-23,2010-12-27,train,6.084369171995852e-06,-0.0003420992996461,6.43841351256214e-06,9.328469896311131e-06,2.7702994698272314e-05,-11.953228397177941,-11.58243955480596,-10.49397003876366,389,eligible_regular_session
2010-12-27,2010-12-28,train,5.424044206917316e-06,0.0037277216473669,6.084369171995852e-06,8.564768228945664e-06,2.6162113704176226e-05,-12.009787506250367,-11.667853486805853,-10.551198235550041,389,eligible_regular_session
2010-12-28,2010-12-29,train,3.688988614455263e-06,-0.0009053080253647,5.424044206917316e-06,6.429268797774177e-06,2.353885240028821e-05,-12.124668857116525,-11.954649743479,-10.656858208370293,389,eligible_regular_session
2010-12-29,2010-12-30,train,8.256858660477722e-06,-0.0003809009941543,3.688988614455263e-06,5.4669546296593965e-06,2.2436165696268636e-05,-12.510158225704386,-12.116788837032365,-10.704836361059813,389,eligible_regular_session
2010-12-30,2010-12-31,train,8.419522995249876e-06,-0.0003973552089919,8.256858660477722e-06,5.97853483328166e-06,1.9941222301492218e-05,-11.704466350214823,-12.027335031178785,-10.822721496337762,389,eligible_regular_session
2010-12-31,2011-01-03,train,1.8682990317918817e-05,0.0011055217557662,8.419522995249876e-06,6.374756729819207e-06,1.7429579297948694e-05,-11.68495738271029,-11.963164627676257,-10.957341835387512,389,eligible_regular_session
2011-01-03,2011-01-04,train,1.8003025689463947e-05,0.0052440986202868,1.8682990317918817e-05,8.8944809590038e-06,1.6413165636795194e-05,-10.887897056716177,-11.630079590544096,-11.017426762460413,389,eligible_regular_session
2011-01-04,2011-01-05,train,1.5961660172033852e-05,-0.0029475476146584,1.8003025689463947e-05,1.1410277255513127e-05,1.60767276032975e-05,-10.92497072033519,-11.380996095041683,-11.038137822181485,389,eligible_regular_session
2011-01-05,2011-01-06,train,1.9942492910091225e-05,0.0073439550073433,1.5961660172033852e-05,1.3864811567028842e-05,1.5556630579078697e-05,-11.045320950548273,-11.186156469538554,-11.071023606424022,389,eligible_regular_session
2011-01-06,2011-01-07,train,3.9432068164184446e-05,-0.0020937653457708,1.9942492910091225e-05,1.6201938416951544e-05,1.555823929136e-05,-10.82265778067874,-11.030379667516689,-11.070920201698923,389,eligible_regular_session
2011-01-07,2011-01-10,train,2.8139729665570697e-05,-0.0030152670624623,3.9432068164184446e-05,2.2404447450738456e-05,1.560131506687483e-05,-10.14093115991123,-10.706251071903141,-11.068155348103113,389,eligible_regular_session
2011-01-10,2011-01-11,train,1.978600048204032e-05,0.0020570868353379,2.8139729665570697e-05,2.4295795320268834e-05,1.55788253471071e-05,-10.478328113091386,-10.625207254677253,-11.069597915286534,389,eligible_regular_session
2011-01-11,2011-01-12,train,1.0898091194690305e-05,9.4167869992564e-05,1.978600048204032e-05,2.4652390278784107e-05,1.533913524338015e-05,-10.830535916700546,-10.610636693463386,-11.085103136275169,389,eligible_regular_session
2011-01-12,2011-01-13,train,1.5992270206354462e-05,0.0038964832927378,1.0898091194690305e-05,2.3639676483315398e-05,1.5166905194733365e-05,-11.426922903817614,-10.652584050658962,-11.096394793673872,389,eligible_regular_session
2011-01-13,2011-01-14,train,1.9497745563527785e-05,-0.0017825524793208,1.5992270206354462e-05,2.284963194256805e-05,1.5181508063273023e-05,-11.04340506456359,-10.686575548300045,-11.095432445524564,389,eligible_regular_session
2011-01-14,2011-01-18,train,1.3228002415828413e-05,0.0084034107963793,1.9497745563527785e-05,1.8862767422436718e-05,1.5110533226377321e-05,-10.84521171120495,-10.878320556505638,-11.10011849266779,389,eligible_regular_session
2011-01-18,2011-01-19,train,2.3872262718566917e-05,0.0027528628581927,1.3228002415828413e-05,1.588042197248826e-05,1.4629857690576068e-05,-11.233174580214838,-11.050423529923501,-11.132446070212902,389,eligible_regular_session
2011-01-19,2011-01-20,train,3.7157030293945985e-05,-0.0092022688077216,2.3872262718566917e-05,1.6697674419793577e-05,1.4634203301405584e-05,-10.642793328701583,-11.000241104538409,-11.132149077197296,389,eligible_regular_session
2011-01-20,2011-01-21,train,2.126061173766055e-05,0.0008909522054273,3.7157030293945985e-05,2.1949462239644713e-05,1.5873028428002077e-05,-10.20035756395203,-10.726767918076023,-11.050889214409851,389,eligible_regular_session
2011-01-21,2011-01-24,train,2.1576979678153988e-05,-0.0017050435257482,2.126061173766055e-05,2.300313054590593e-05,1.610753162686052e-05,-10.758654411350584,-10.679880240605781,-11.036223592448934,389,eligible_regular_session
2011-01-24,2011-01-25,train,3.6073630713577575e-05,0.0057109490457608,2.1576979678153988e-05,2.341897736883117e-05,1.6701914364275286e-05,-10.743883567236548,-10.661963865614345,-10.999987212520043,389,eligible_regular_session
2011-01-25,2011-01-26,train,2.861860792968273e-05,0.0033978016817895,3.6073630713577575e-05,2.7988103028381003e-05,1.808258132205761e-05,-10.229948410682297,-10.483731029924723,-10.92056144095353,389,eligible_regular_session
2011-01-26,2011-01-27,train,1.9174257009338317e-05,0.002516948256679,2.861860792968273e-05,2.8937372070604166e-05,1.9090771977381276e-05,-10.461453424792412,-10.450376647013842,-10.866305482208139,389,eligible_regular_session
2011-01-27,2011-01-28,train,6.602420789964066e-05,0.0025043453826427,1.9174257009338317e-05,2.534081741368263e-05,1.968576687907866e-05,-10.861941959344941,-10.583094125750883,-10.835614676792288,389,eligible_regular_session
2011-01-28,2011-01-31,train,3.462990174783748e-05,-0.0183132410482047,6.602420789964066e-05,3.4293536646078654e-05,2.2440319774202447e-05,-9.625489096829329,-10.280553657523052,-10.704651227224037,389,eligible_regular_session
2011-01-31,2011-02-01,train,1.979811311982395e-05,0.0043564564225788,3.462990174783748e-05,3.6904121060015356e-05,2.3846724916628917e-05,-10.270793036751847,-10.20718733131051,-10.643863670116675,389,eligible_regular_session
2011-02-01,2011-02-02,train,1.838303428884088e-05,0.0113242432420983,1.979811311982395e-05,3.3649017541264633e-05,2.437132739205374e-05,-10.829923921783418,-10.299526698696056,-10.622103223527624,389,eligible_regular_session
2011-02-02,2011-02-03,train,2.699002578053e-05,-0.000490722291706,1.838303428884088e-05,3.1601902813096266e-05,2.482421426903515e-05,-10.904082368217992,-10.362293223579982,-10.603690999328087,389,eligible_regular_session
2011-02-03,2011-02-04,train,2.5497316469026335e-05,0.0037249985587664,2.699002578053e-05,3.3165056567334596e-05,2.5201806790062934e-05,-10.520043175746599,-10.314013749354723,-10.588594867998706,389,eligible_regular_session
2011-02-04,2011-02-07,train,1.4965700471348548e-05,0.0026970978632329,2.5497316469026335e-05,2.5059678281211733e-05,2.554245637095213e-05,-10.576937347846414,-10.594250446519233,-10.575168534578518,389,eligible_regular_session
2011-02-07,2011-02-08,train,1.2552465885041204e-05,0.0041336816661232,1.4965700471348548e-05,2.1126838025913946e-05,2.5497185475466437e-05,-11.109749610448088,-10.764966381362083,-10.576942485402618,389,eligible_regular_session
2011-02-08,2011-02-09,train,1.7770649193227497e-05,0.004540440352183,1.2552465885041204e-05,1.9677708578957395e-05,2.5161275156145978e-05,-11.285593426823263,-10.836024107115199,-10.590204445534521,389,eligible_regular_session
2011-02-09,2011-02-10,train,3.6301107760502294e-05,-0.0002649678458096,1.7770649193227497e-05,1.955523155983472e-05,2.4176665202920667e-05,-10.937962383362752,-10.84226770836259,-10.630122637800811,389,eligible_regular_session
2011-02-10,2011-02-11,train,2.4979803464888815e-05,0.0044748912341202,3.6301107760502294e-05,2.1417447955829177e-05,2.454763693450846e-05,-10.223662300340852,-10.751304643094628,-10.61489496357008,389,eligible_regular_session
2011-02-11,2011-02-14,train,9.296190185079913e-06,0.0091145381848627,2.4979803464888815e-05,2.1313945355001675e-05,2.4783718888274308e-05,-10.5974429209964,-10.756148987976543,-10.605323616822039,389,eligible_regular_session
2011-02-14,2011-02-15,train,1.723043033086305e-05,0.0025252728462371,9.296190185079913e-06,2.018004329774795e-05,2.4710905206019288e-05,-11.585905899255916,-10.81081639746391,-10.608265905449008,389,eligible_regular_session
2011-02-15,2011-02-16,train,2.142351564095449e-05,-0.0011213167991459,1.723043033086305e-05,2.1115636186912314e-05,2.4767185211678763e-05,-10.968833532062321,-10.765496740412917,-10.605990957913365,389,eligible_regular_session
2011-02-16,2011-02-17,train,1.2083750145542576e-05,0.0035534668663657,2.142351564095449e-05,2.1846209476457716e-05,2.4854720215198165e-05,-10.751021377516244,-10.731483130810275,-10.602462875161818,389,eligible_regular_session
2011-02-17,2011-02-18,train,1.1504098842878212e-05,0.0055587494956003,1.2083750145542576e-05,1.700273795346577e-05,2.480270874836699e-05,-11.32364897112311,-10.982136170789975,-10.604557687033338,389,eligible_regular_session
2011-02-18,2011-02-22,train,5.848658823846588e-05,0.0024382163151521,1.1504098842878212e-05,1.4307597029063652e-05,2.4240519481290227e-05,-11.372807164978143,-11.154719900993774,-10.627484966246499,389,eligible_regular_session
2011-02-22,2011-02-23,train,6.799071941105145e-05,-0.0130070115837726,5.848658823846588e-05,2.4145676639740847e-05,2.521004484240477e-05,-9.746713090891681,-10.631405215020632,-10.588268038011377,389,eligible_regular_session
2011-02-23,2011-02-24,train,7.052570314479531e-05,-0.0046149644630714,6.799071941105145e-05,3.4297734455778524e-05,2.733414064574072e-05,-9.59613934135155,-10.280431256825771,-10.507374063984521,389,eligible_regular_session
2011-02-24,2011-02-25,train,1.958945836578671e-05,-0.000114828580194,7.052570314479531e-05,4.411817195654669e-05,2.9559082621497144e-05,-9.55953333097639,-10.028638797879186,-10.429119496821293,389,eligible_regular_session
2011-02-25,2011-02-28,train,1.9046497954255768e-05,0.0070558293987804,1.958945836578671e-05,4.561931360059551e-05,2.8809802060233924e-05,-10.840518974895069,-9.995179387240613,-10.454794879414385,389,eligible_regular_session
2011-02-28,2011-03-01,train,6.136984134829376e-05,0.0032516428307628,1.9046497954255768e-05,4.712779342287103e-05,2.8374706152259974e-05,-10.868627307713453,-9.962647637075005,-10.47001243808382,389,eligible_regular_session
2011-03-01,2011-03-02,train,5.632071445059859e-05,-0.0185050024880661,6.136984134829376e-05,4.7704444044836595e-05,3.0292687258576126e-05,-9.698592026733731,-9.950485997851294,-10.404604219178694,389,eligible_regular_session
2011-03-02,2011-03-03,train,3.81526898018387e-05,0.0028471513297746,5.632071445059859e-05,4.5370443052746035e-05,2.985161937452876e-05,-9.784448160637444,-10.000649699012166,-10.41927146919419,389,eligible_regular_session
2011-03-03,2011-03-04,train,5.259985625353449e-05,0.0100277961554573,3.81526898018387e-05,3.889584038415471e-05,3.0011746104256083e-05,-10.173914296773267,-10.154623244055994,-10.413921716124117,389,eligible_regular_session
2011-03-04,2011-03-07,train,6.528555243006474e-05,-0.0072789034223295,5.259985625353449e-05,4.549791996170426e-05,3.150273442851566e-05,-9.852797171046882,-9.997843948179716,-10.365436208645752,389,eligible_regular_session
2011-03-07,2011-03-08,train,4.1763175311095176e-05,-0.0108167425902311,6.528555243006474e-05,5.474573085686607e-05,3.363466707129856e-05,-9.636739795317837,-9.812811167524947,-10.299953264817288,389,eligible_regular_session
2011-03-08,2011-03-09,train,6.133520324652465e-05,0.0076386096547648,4.1763175311095176e-05,5.082439764942634e-05,3.430617386814243e-05,-10.083495580137484,-9.887134049982437,-10.280185223833989,389,eligible_regular_session
2011-03-09,2011-03-10,train,0.0001010677505606,0.0004849844369592,6.133520324652465e-05,5.182729540861155e-05,3.593516872166508e-05,-9.699156601773064,-9.867593609091935,-10.233794111864544,389,eligible_regular_session
2011-03-10,2011-03-11,train,5.020820515446563e-05,-0.0104447612614634,0.0001010677505606,6.441030756036382e-05,3.984889827117651e-05,-9.199719468377479,-9.650236882376294,-10.13041580000668,389,eligible_regular_session
2011-03-11,2011-03-14,train,5.62774495091941e-05,0.009289852667343,5.020820515446563e-05,6.393197734055004e-05,4.156052278342308e-05,-9.899332095330827,-9.657690893888418,-10.088359812807957,389,eligible_regular_session
2011-03-14,2011-03-15,train,0.0001325309271086,-0.0006091848293172,5.62774495091941e-05,6.213035675637591e-05,4.331083188869429e-05,-9.785216644634202,-9.686275851809938,-10.047107795148152,389,eligible_regular_session
2011-03-15,2011-03-16,train,0.0002689714465316,0.0033139528859549,0.0001325309271086,8.028390711587688e-05,4.76849145863351e-05,-8.928694527633995,-9.429941366612082,-9.950895466141144,389,eligible_regular_session
2011-03-16,2011-03-17,train,8.602149923870846e-05,-0.0160614643425984,0.0002689714465316,0.00012181115577289194,5.877544381664014e-05,-8.220905330719074,-9.013038615972226,-9.7417864124541,389,eligible_regular_session
2011-03-17,2011-03-18,train,5.485373321639965e-05,0.0027287935934142,8.602149923870846e-05,0.00011880190550851363,6.226295786453236e-05,-9.360913301805574,-9.03805311153041,-9.684143885815041,389,eligible_regular_session
2011-03-18,2011-03-21,train,3.099855404059014e-05,-0.0030832060080398,5.485373321639965e-05,0.00011973101112090043,6.397310799569311e-05,-9.810840311272939,-9.030262905262408,-9.65704775047543,389,eligible_regular_session
2011-03-21,2011-03-22,train,2.6113153732007968e-05,0.0066082855344395,3.099855404059014e-05,0.00011467523202717965,6.440833701385837e-05,-10.381569998418916,-9.073406494137284,-9.650267476495836,389,eligible_regular_session
2011-03-22,2011-03-23,train,3.5252784015505153e-05,-0.0030487710834746,2.6113153732007968e-05,9.339167735186125e-05,6.504603717687952e-05,-10.55307139618164,-9.27870832428158,-9.640415274509715,389,eligible_regular_session
2011-03-23,2011-03-24,train,2.8662648142873544e-05,0.004828445392431,3.5252784015505153e-05,4.6647944848642274e-05,6.612552286654438e-05,-10.252966052661419,-9.972881686332842,-9.623955760572546,389,eligible_regular_session
2011-03-24,2011-03-25,train,2.0809856400128703e-05,0.0056507707674337,2.8662648142873544e-05,3.517617462947529e-05,6.476988922583564e-05,-10.45991574126771,-10.255141561648598,-9.644669735040548,389,eligible_regular_session
2011-03-25,2011-03-28,train,1.6458852436764416e-05,0.0010965581360742,2.0809856400128703e-05,2.8367399266221103e-05,6.262530454352097e-05,-10.780083818104947,-10.470269985315293,-9.678341135600675,389,eligible_regular_session
2011-03-28,2011-03-29,train,1.874092289146808e-05,-0.0045458604040689,1.6458852436764416e-05,2.5459458945455957e-05,6.016772042042866e-05,-11.014647083446853,-10.578423216221234,-9.718374555099873,389,eligible_regular_session
2011-03-29,2011-03-30,train,1.7302376155017993e-05,0.0072958872676915,1.874092289146808e-05,2.3985012777347978e-05,6.012915062614144e-05,-10.884801035223157,-10.638081390287939,-9.719015798638019,389,eligible_regular_session
2011-03-30,2011-03-31,train,1.585198357343838e-05,0.0026385040674375,1.7302376155017993e-05,2.039493120525055e-05,6.004987236253973e-05,-10.964666715891148,-10.800224158318827,-9.720335134960278,389,eligible_regular_session
2011-03-31,2011-04-01,train,1.7763459299282732e-05,-0.0011079498410621,1.585198357343838e-05,1.7832798291363512e-05,5.798087882731903e-05,-11.052215918881993,-10.93447119553395,-9.755397277163784,389,eligible_regular_session
2011-04-01,2011-04-04,train,1.6632496832004058e-05,-0.0005554263039563,1.7763459299282732e-05,1.7223518871194323e-05,5.6228276320441034e-05,-10.938367059002465,-10.969234731920189,-9.786090790221403,389,eligible_regular_session
2011-04-04,2011-04-05,train,2.2758476800526393e-05,-0.0017844026987298,1.6632496832004058e-05,1.7258247750242247e-05,5.525008573090309e-05,-11.004152135800608,-10.96722039830602,-9.803640665877062,389,eligible_regular_session
2011-04-05,2011-04-06,train,1.9391072067146756e-05,0.0011937700144711,2.2758476800526393e-05,1.8061758532053912e-05,5.389365939213e-05,-10.690572875351377,-10.921713643062706,-9.828497723478687,389,eligible_regular_session
2011-04-06,2011-04-07,train,4.968792355152715e-05,-0.001257146443517,1.9391072067146756e-05,1.8479497714479664e-05,5.1807546648361e-05,-10.85069780054516,-10.898848672072516,-9.867974731118034,389,eligible_regular_session
2011-04-07,2011-04-08,train,2.5270461520550015e-05,-0.0006223312127494,4.968792355152715e-05,2.524668571009742e-05,5.216776247747155e-05,-9.90974864127859,-10.586815669864166,-9.861045830914877,389,eligible_regular_session
2011-04-08,2011-04-11,train,2.32323792392637e-05,-0.0078082326482357,2.5270461520550015e-05,2.674808615435088e-05,5.0528456035381795e-05,-10.585874373155562,-10.529047632813512,-9.892973894532354,389,eligible_regular_session
2011-04-11,2011-04-12,train,3.1843002198953123e-05,-0.0047459861276572,2.32323792392637e-05,2.80680626358028e-05,4.699048461168469e-05,-10.669963595451005,-10.4808781890033,-9.965565431821549,389,eligible_regular_session
2011-04-12,2011-04-13,train,2.854814082750879e-05,-0.0033882885868861,3.1843002198953123e-05,2.988496771548815e-05,4.615570265916139e-05,-10.354692911265005,-10.418154955980153,-9.983490036736809,389,eligible_regular_session
2011-04-13,2011-04-14,train,2.9249863084393214e-05,-0.0038420700261441,2.854814082750879e-05,3.171638146756056e-05,4.48952795372666e-05,-10.463918743859747,-10.35867724502018,-10.011177901543205,389,eligible_regular_session
2011-04-14,2011-04-15,train,2.5107016699508267e-05,0.0046662074967802,2.9249863084393214e-05,2.7628769374133766e-05,4.020068571798447e-05,-10.43963566517281,-10.496652959502086,-10.121626504823475,389,eligible_regular_session
2011-04-15,2011-04-18,train,5.678164958549123e-05,0.0030737145914852,2.5107016699508267e-05,2.759608040992542e-05,2.9115938907434844e-05,-10.59236320111209,-10.497836809459269,-10.444224804957653,389,eligible_regular_session
2011-04-18,2011-04-19,train,1.9787767542900567e-05,-0.0009879493962594,5.678164958549123e-05,3.430593447917092e-05,2.778685483228861e-05,-9.776297355113714,-10.280192201872625,-10.49094749685484,389,eligible_regular_session
2011-04-19,2011-04-20,train,2.626231624385845e-05,0.0042835774140301,1.9787767542900567e-05,3.189488754796041e-05,2.6192947301675016e-05,-10.830446612044982,-10.353064825971494,-10.550020370393504,389,eligible_regular_session
2011-04-20,2011-04-21,train,1.1218267667543254e-05,0.0050639887572335,2.626231624385845e-05,3.143772263123035e-05,2.5977663765459936e-05,-10.547375488719739,-10.367502028420274,-10.55827347511245,389,eligible_regular_session
2011-04-21,2011-04-25,train,1.1478726008141628e-05,0.0010550536923461,1.1218267667543254e-05,2.7831403547860355e-05,2.5300623489802452e-05,-11.397967066622293,-10.489345550789068,-10.584681518668745,389,eligible_regular_session
2011-04-25,2011-04-26,train,1.2988871586866607e-05,-0.0011079089354246,1.1478726008141628e-05,2.5105745409587023e-05,2.4219984489467748e-05,-11.37501514813158,-10.592413837239963,-10.62833246024136,389,eligible_regular_session
2011-04-26,2011-04-27,train,1.968036911410256e-05,0.0065014844265746,1.2988871586866607e-05,1.63471898098621e-05,2.350754010055834e-05,-11.251417598886665,-11.021454552466222,-10.65818933293432,389,eligible_regular_session
2011-04-27,2011-04-28,train,1.4111074976567627e-05,0.0049249162258717,1.968036911410256e-05,1.63257101241025e-05,2.3456199769375335e-05,-10.835888910718161,-11.022769384568514,-10.660375715525523,389,eligible_regular_session
2011-04-28,2011-04-29,train,8.5103393811379e-06,0.0049302024408425,1.4111074976567627e-05,1.3895461870644336e-05,2.3349482612093663e-05,-11.16855060956086,-11.18394825526148,-10.664935732035174,389,eligible_regular_session
2011-04-29,2011-05-02,train,1.7928600352474543e-05,0.0022910695065682,8.5103393811379e-06,1.3353876213363265e-05,2.2884456088896837e-05,-11.674228735899465,-11.22370386220139,-10.685052651285668,389,eligible_regular_session
2011-05-02,2011-05-03,train,2.6858509638295465e-05,-0.0053344793133373,1.7928600352474543e-05,1.4643851082229845e-05,2.2912920825144864e-05,-10.929113335163617,-11.131490031958357,-10.683809578348681,389,eligible_regular_session
2011-05-03,2011-05-04,train,5.2242355087833654e-05,-0.0018045560718529,2.6858509638295465e-05,1.741777869251562e-05,2.3413217464456545e-05,-10.524927854696934,-10.958019109451582,-10.662209846159316,389,eligible_regular_session
2011-05-04,2011-05-05,train,7.275191903936522e-05,-0.0064004835713651,5.2242355087833654e-05,2.3930175887261837e-05,2.498044000029977e-05,-9.859616991932754,-10.64037030599738,-10.597417439318695,389,eligible_regular_session
2011-05-05,2011-05-06,train,8.224589782444413e-05,-0.0052897526292304,7.275191903936522e-05,3.5658344699821356e-05,2.7531322827907098e-05,-9.528455273712604,-10.241527365568498,-10.50018618954979,389,eligible_regular_session
2011-05-06,2011-05-09,train,3.3027857579896914e-05,-0.0034418312914207,8.224589782444413e-05,5.0405456388482605e-05,3.023529651081245e-05,-9.40579704403741,-9.895411127070581,-10.406500557413944,389,eligible_regular_session
2011-05-09,2011-05-10,train,1.7363030732845992e-05,0.0040265164050803,3.3027857579896914e-05,5.3425307833967075e-05,3.085515039775564e-05,-10.318159183520336,-9.83722599479219,-10.386206871863287,389,eligible_regular_session
2011-05-10,2011-05-11,train,4.175568867686359e-05,0.0059786823273426,1.7363030732845992e-05,5.152621205287718e-05,2.9385837087815582e-05,-10.961167282584489,-9.87341990787632,-10.434997731396587,389,eligible_regular_session
2011-05-11,2011-05-12,train,4.714328153798372e-05,-0.0085107528177022,4.175568867686359e-05,4.942887877068317e-05,3.0135165594920746e-05,-10.083674860216119,-9.9149757140772,-10.409817775941635,389,eligible_regular_session
2011-05-12,2011-05-13,train,5.445604862199548e-05,0.0069046865882969,4.714328153798372e-05,4.4307151270406874e-05,3.122202479031711e-05,-9.962319050278715,-10.02436446571543,-10.374386789428542,389,eligible_regular_session
2011-05-13,2011-05-16,train,3.941093502153744e-05,-0.0084926990615385,5.445604862199548e-05,3.874918142991714e-05,3.224989053681904e-05,-9.818116628951469,-10.158400926777276,-10.341995908935415,389,eligible_regular_session
2011-05-16,2011-05-17,train,5.8442826185997275e-05,-0.0023512895968881,3.941093502153744e-05,4.0025796918245245e-05,3.274365390927489e-05,-10.141467241549401,-10.125986388767647,-10.326801388422172,389,eligible_regular_session
2011-05-17,2011-05-18,train,2.473427390932275e-05,0.0033465518065186,5.8442826185997275e-05,4.8241756008875505e-05,3.407060677752961e-05,-9.747461611778872,-9.939285604697178,-10.287075516719153,389,eligible_regular_session
2011-05-18,2011-05-19,train,3.6766360945538344e-05,0.0091199594976472,2.473427390932275e-05,4.483747305536734e-05,3.405366392343027e-05,-10.607320668503304,-10.012466316045728,-10.287572926945328,389,eligible_regular_session
2011-05-19,2011-05-20,train,3.142101757636259e-05,-0.0008110572091086,3.6766360945538344e-05,4.2762088936878256e-05,3.3143878076159686e-05,-10.210927235578712,-10.059858620407642,-10.314652531805653,389,eligible_regular_session
2011-05-20,2011-05-23,train,5.201620844089164e-05,-0.0062218833402032,3.142101757636259e-05,3.815508272775168e-05,3.367266216858978e-05,-10.368033539398887,-10.173851579022914,-10.298824261430697,389,eligible_regular_session
2011-05-23,2011-05-24,train,3.2365213804790054e-05,-0.0017897096499716,5.201620844089164e-05,4.067613741162252e-05,3.484329363209129e-05,-9.863955187165066,-10.10986894184209,-10.264649874509885,389,eligible_regular_session
2011-05-24,2011-05-25,train,2.862171919466629e-05,-0.0027008589364055,3.2365213804790054e-05,3.5460614935381074e-05,3.5804518456511594e-05,-10.338426359939183,-10.247087915805265,-10.237436458652882,389,eligible_regular_session
2011-05-25,2011-05-26,train,3.362176440226005e-05,0.0062370343525582,2.862171919466629e-05,3.6238103992449784e-05,3.658374541953545e-05,-10.461344715945243,-10.22539939624727,-10.215906530425226,389,eligible_regular_session
2011-05-26,2011-05-27,train,1.8903558378669343e-05,0.0059546729325048,3.362176440226005e-05,3.560918468379413e-05,3.752160418387151e-05,-10.300336950627377,-10.242906956645934,-10.190593679306563,389,eligible_regular_session
2011-05-27,2011-05-31,train,2.4937482014551657e-05,0.0017443875759723,1.8903558378669343e-05,3.3105692844255474e-05,3.7486294604988184e-05,-10.876160379616334,-10.315805301117281,-10.191535168991294,389,eligible_regular_session
2011-05-31,2011-06-01,train,4.735911641946288e-05,0.0028819214870661,2.4937482014551657e-05,2.7689947558987483e-05,3.797840401580564e-05,-10.599138584535439,-10.494441114644248,-10.178492875163817,389,eligible_regular_session
2011-06-01,2011-06-02,train,7.799935684464301e-05,-0.0206872779504319,4.735911641946288e-05,3.0688728081922045e-05,3.974425751754769e-05,-9.9577512242462,-10.391615134247436,-10.133045192267355,389,eligible_regular_session
2011-06-02,2011-06-03,train,5.858999797495571e-05,-0.0015522045939065,7.799935684464301e-05,4.056425561191739e-05,4.247474644900988e-05,-9.458809976890178,-10.112623282786853,-10.066600859841166,389,eligible_regular_session
2011-06-03,2011-06-06,train,4.003441133277385e-05,-0.0009455102423611,5.858999797495571e-05,4.555790232645652e-05,4.391708682794899e-05,-9.744946558970545,-9.996526462445773,-10.033207092016852,389,eligible_regular_session
2011-06-06,2011-06-07,train,3.940747913804896e-05,-0.0085313123890945,4.003441133277385e-05,4.978407291727742e-05,4.336218029362809e-05,-10.125771190362595,-9.907815446025495,-10.045922918572424,389,eligible_regular_session
2011-06-07,2011-06-08,train,5.724926030567558e-05,-0.0048142719397514,3.940747913804896e-05,5.267807234197688e-05,4.1846523934477345e-05,-10.141554933836225,-9.85131127359664,-10.08150182458654,389,eligible_regular_session
2011-06-08,2011-06-09,train,2.8587975796368877e-05,-0.0032931731597426,5.724926030567558e-05,5.4656101119219416e-05,4.071031313816969e-05,-9.768095836038276,-9.814449709697067,-10.109029103556354,389,eligible_regular_session
2011-06-09,2011-06-10,train,6.32669196774572e-05,0.005834049964665,2.8587975796368877e-05,4.477382490956459e-05,4.050850032982751e-05,-10.462524355242941,-10.013886854704387,-10.113998721187391,389,eligible_regular_session
2011-06-10,2011-06-13,train,5.361235215919394e-05,-0.0105225012042759,6.32669196774572e-05,4.570920925006489e-05,4.259504073640074e-05,-9.668147961347737,-9.993210765046893,-10.06377272610414,389,eligible_regular_session
2011-06-13,2011-06-14,train,2.8045199901923804e-05,-0.0011475282246429,5.361235215919394e-05,4.842479741534891e-05,4.3133979985597576e-05,-9.833731065705978,-9.935498532152367,-10.051199472739842,389,eligible_regular_session
2011-06-14,2011-06-15,train,8.691250902056245e-05,0.0056444762125332,2.8045199901923804e-05,4.615234156812388e-05,4.2265885365776674e-05,-10.481693067130507,-9.98356286009835,-10.071530289836938,389,eligible_regular_session
2011-06-15,2011-06-16,train,8.64024497545426e-05,-0.0103640093532588,8.691250902056245e-05,5.2084991311101245e-05,4.3741179020256986e-05,-9.350608588750132,-9.862633725349394,-10.037220587883304,389,eligible_regular_session
2011-06-16,2011-06-17,train,5.642881655954209e-05,0.0014370881702596,8.64024497545426e-05,6.3647886102736e-05,4.587715696266631e-05,-9.356494528915682,-9.662144444781243,-9.989543234435107,389,eligible_regular_session
2011-06-17,2011-06-20,train,3.7181285693318024e-05,-0.0031726861704495,5.642881655954209e-05,6.228026547915298e-05,4.5785611070554715e-05,-9.78253059803475,-9.683865948336512,-9.99154068497066,389,eligible_regular_session
2011-06-20,2011-06-21,train,2.3039379714176837e-05,0.0078308566760834,3.7181285693318024e-05,5.89940521859778e-05,4.635138433346359e-05,-10.199704996028998,-9.73807392954742,-9.979259399441275,389,eligible_regular_session
2011-06-21,2011-06-22,train,3.8817493772974254e-05,0.0100324001514333,2.3039379714176837e-05,5.7992888148428394e-05,4.5727430641128976e-05,-10.678305644626732,-9.755190173066618,-9.992812207284338,389,eligible_regular_session
2011-06-22,2011-06-23,train,0.0001175733734946,-0.0032652267162637,3.8817493772974254e-05,4.837388509891076e-05,4.6063634104611324e-05,-10.1566395425091,-9.936550453930856,-9.985486767322177,389,eligible_regular_session
2011-06-23,2011-06-24,train,5.4516151990450354e-05,0.005741821983077,0.0001175733734946,5.4608069846922235e-05,4.904350524341625e-05,-9.048447963997933,-9.815328886740488,-9.92280279165953,389,eligible_regular_session
2011-06-24,2011-06-27,train,3.447241210635184e-05,-0.0109097121063963,5.4516151990450354e-05,5.422553693310389e-05,5.005036607003716e-05,-9.817013533405786,-9.822358599352848,-9.902480738143137,389,eligible_regular_session
2011-06-27,2011-06-28,train,2.145285159175189e-05,0.0080710435112255,3.447241210635184e-05,5.3683762215710654e-05,5.031630665693196e-05,-10.275351202908091,-9.832399981771088,-9.897181345385583,389,eligible_regular_session
2011-06-28,2011-06-29,train,3.514583945358576e-05,0.0101227049872172,2.145285159175189e-05,5.336645659122566e-05,4.976317425645432e-05,-10.74965298008575,-9.838328163091697,-9.908235320240472,389,eligible_regular_session
2011-06-29,2011-06-30,train,2.6124916477222992e-05,0.0049756877127283,3.514583945358576e-05,5.263212572734797e-05,5.050145975985962e-05,-10.256004312187436,-9.85218386938293,-9.8935083159649,389,eligible_regular_session
2011-06-30,2011-07-01,train,3.388510171368572e-05,0.0066783665565516,2.6124916477222992e-05,3.4342434323872566e-05,5.05554340536174e-05,-10.552621044728506,-10.279128816135206,-9.892440119687471,389,eligible_regular_session
2011-07-01,2011-07-05,train,2.55657531261386e-05,0.0142799949615134,3.388510171368572e-05,3.021622426851964e-05,4.994297883971844e-05,-10.292535117648795,-10.40713155040402,-9.904628626519125,389,eligible_regular_session
2011-07-05,2011-07-06,train,2.6487527570726972e-05,0.0001046275261028,2.55657531261386e-05,2.8434892472476993e-05,4.755963321615006e-05,-10.574256870600097,-10.467893558732724,-9.953526198195188,389,eligible_regular_session
2011-07-06,2011-07-07,train,1.6851193651674217e-05,0.0028266773229461,2.6487527570726972e-05,2.944182766827201e-05,4.6100430015957835e-05,-10.538836593474619,-10.433094184907182,-9.984688280110213,389,eligible_regular_session
2011-07-07,2011-07-08,train,3.676108457079456e-05,0.0045778196820414,1.6851193651674217e-05,2.57828985078897e-05,4.504664739408968e-05,-10.991089063812957,-10.565799134349323,-10.007811996344254,389,eligible_regular_session
2011-07-08,2011-07-11,train,4.5072771872317715e-05,-0.0001339415272824,3.676108457079456e-05,2.7910132126604015e-05,4.492635673194176e-05,-10.211070756809889,-10.486520776403458,-10.010485925818735,389,eligible_regular_session
2011-07-11,2011-07-12,train,5.462102877942961e-05,-0.010560731336979,4.5072771872317715e-05,3.014766615833041e-05,4.437287998497094e-05,-10.007232221659232,-10.409403045471109,-10.022882086296526,389,eligible_regular_session
2011-07-12,2011-07-13,train,5.07772199557907e-05,-0.0029871075032741,5.462102877942961e-05,3.5958721288988616e-05,4.5556200575110065e-05,-9.815091606881346,-10.233138908253705,-9.996563816736547,389,eligible_regular_session
2011-07-13,2011-07-14,train,6.381039995438472e-05,-0.0018801700723825,5.07772199557907e-05,4.0816659766001364e-05,4.498848695139795e-05,-9.888062730019987,-10.106420232299113,-10.009103946452495,389,eligible_regular_session
2011-07-14,2011-07-15,train,5.738836225433086e-05,-0.0094436444468955,6.381039995438472e-05,5.020850102654345e-05,4.545203457845208e-05,-9.659594372208588,-9.89932620244529,-9.998852973140252,389,eligible_regular_session
2011-07-15,2011-07-18,train,4.659688505189373e-05,0.0019239915439083,5.738836225433086e-05,5.433395656325072e-05,4.678581468537967e-05,-9.765669023377335,-9.82036117540213,-9.969930505999537,389,eligible_regular_session
2011-07-18,2011-07-19,train,3.385635767683315e-05,-0.0043491123840625,4.659688505189373e-05,5.4638779199165925e-05,4.495328632316746e-05,-9.973976863446822,-9.814766685572755,-10.009886689081334,389,eligible_regular_session
2011-07-19,2011-07-20,train,2.603166952466955e-05,0.0106564597956446,3.385635767683315e-05,5.0485844978646625e-05,4.256482759236248e-05,-10.293383757132982,-9.893817558426175,-10.064482289091938,389,eligible_regular_session
2011-07-20,2011-07-21,train,4.957787491771387e-05,-0.0034107241129462,2.603166952466955e-05,4.55367348924224e-05,4.1183139090777363e-05,-10.556196702533235,-9.99699119747434,-10.097481630742015,389,eligible_regular_session
2011-07-21,2011-07-22,train,2.7287554775307543e-05,0.0100294391928247,4.957787491771387e-05,4.269022988508823e-05,4.1746620419158996e-05,-9.911965893959685,-10.061540472222061,-10.083892057987976,389,eligible_regular_session
2011-07-22,2011-07-25,train,3.3568403741631396e-05,0.0009522180703575,2.7287554775307543e-05,3.667006838928357e-05,4.193971928557403e-05,-10.509079828749593,-10.213549710890044,-10.079277225751479,389,eligible_regular_session
2011-07-25,2011-07-26,train,3.0742088675553084e-05,0.0017809576978326,3.3568403741631396e-05,3.406437212723111e-05,4.170112428414935e-05,-10.301925298247903,-10.287258525517752,-10.084982468272383,389,eligible_regular_session
2011-07-26,2011-07-27,train,6.792542245029776e-05,-0.0033800653482442,3.0742088675553084e-05,3.344151832697509e-05,3.77542477014654e-05,-10.38987787565743,-10.305712366263721,-10.18441256670623,389,eligible_regular_session
2011-07-27,2011-07-28,train,5.288484697716184e-05,-0.0158518775723324,6.792542245029776e-05,4.182026891210073e-05,3.836375999509483e-05,-9.597100183307232,-10.082129433757279,-10.16839729411087,389,eligible_regular_session
2011-07-28,2011-07-29,train,0.0001051690531344,-0.0024411413321717,5.288484697716184e-05,4.248166332399032e-05,3.920068885285892e-05,-9.84739370669016,-10.06643802633598,-10.146816238545243,389,eligible_regular_session
2011-07-29,2011-08-01,train,0.000149535876204,0.0022535002663766,0.0001051690531344,5.805796299580882e-05,4.300597074116111e-05,-9.15994147266389,-9.754068684450905,-10.05417159746449,389,eligible_regular_session
2011-08-01,2011-08-02,train,9.268054510975075e-05,-0.0128875624017684,0.000149535876204,8.125145748828254e-05,4.820551786617993e-05,-8.807974219314138,-9.417961798597993,-9.940037064908438,389,eligible_regular_session
2011-08-02,2011-08-03,train,0.0001813892024696,-0.0208174050835224,9.268054510975075e-05,9.363914877512207e-05,5.1230773713113024e-05,-9.28635197678435,-9.27606200578098,-9.87917015739223,389,eligible_regular_session
2011-08-03,2011-08-04,train,0.0002791337865835,0.0052643838130413,0.0001813892024696,0.00011633190477898251,5.7935505565654574e-05,-8.61486554537566,-9.05906320434218,-9.756180139124488,389,eligible_regular_session
2011-08-04,2011-08-05,train,0.0008088919372075,-0.0396526639304271,0.0002791337865835,0.00016158169270025016,6.946132526826191e-05,-8.183819369272088,-8.730499706040797,-9.574740431241215,389,eligible_regular_session
2011-08-05,2011-08-08,train,0.0008664084709711,-0.007035526302339,0.0008088919372075,0.0003023262695148701,0.00010502516206993342,-7.119845225591107,-8.104003761129105,-9.161310597754262,387,eligible_regular_session
2011-08-08,2011-08-09,train,0.0012116285485764,-0.0524042934583445,0.0008664084709711,0.0004457007884682902,0.00014364140194808914,-7.051154085119496,-7.71586270895726,-8.848190628503026,386,eligible_regular_session
2011-08-09,2011-08-10,train,0.0009085643915159,0.0369950515192192,0.0012116285485764,0.00066949038916162,0.00019704446849379848,-6.7157899163812935,-7.308993748183851,-8.53208112630419,389,eligible_regular_session
2011-08-10,2011-08-11,train,0.0004673639842809,-0.0333639359793577,0.0009085643915159,0.0008149254269708801,0.00023629408756850676,-7.003644795902316,-7.112413949559078,-8.350433394954068,389,eligible_regular_session
2011-08-11,2011-08-12,train,0.0002675678500792,0.0327209270261481,0.0004673639842809,0.0008525714665103601,0.00025505513100039176,-7.668402194282227,-7.067253520636575,-8.274030836172164,389,eligible_regular_session
2011-08-12,2011-08-15,train,7.942919404343696e-05,8.482339773694654e-05,0.0002675678500792,0.0007443066490847,0.0002649092505514558,-8.226137378634819,-7.203057445298663,-8.236123241376923,389,eligible_regular_session
2011-08-15,2011-08-16,train,0.0001892814693939,0.0131026871289978,7.942919404343696e-05,0.0005869107936991674,0.00026561919573732184,-9.440644574123363,-7.4406377195328615,-8.233446869866183,389,eligible_regular_session
2011-08-16,2011-08-17,train,0.00012124683707,-0.0009890285696699,0.0001892814693939,0.0003824413778626674,0.0002716143369709386,-8.572275394694275,-7.868935176933031,-8.211127376592882,389,eligible_regular_session
2011-08-17,2011-08-18,train,0.0004527582076572,-0.0028449521322311,0.00012124683707,0.00022497786697348734,0.0002750075166081253,-9.017682114507545,-8.399508529605125,-8.19871212755079,389,eligible_regular_session
2011-08-18,2011-08-19,train,0.0002780505251316,-0.0297096015890018,0.0004527582076572,0.00022205671164874738,0.0002940485097890511,-7.7001523329118395,-8.412577750838562,-8.131765804953991,389,eligible_regular_session
2011-08-19,2011-08-22,train,0.0002458658427203,-0.0086629760735019,0.0002780505251316,0.0002241532466592274,0.0003055039123166388,-8.187707715709575,-8.403180603152633,-8.093547973160847,389,eligible_regular_session
2011-08-22,2011-08-23,train,0.0002046389905533,-0.0116879617745607,0.0002458658427203,0.0002574405763946,0.0003144260926713018,-8.310724525587453,-8.26472163577538,-8.064761508895797,389,eligible_regular_session
2011-08-23,2011-08-24,train,0.0001749774524051,0.0289338630520887,0.0002046389905533,0.00026051208062648,0.0003224875215703015,-8.494263152938617,-8.25286132308037,-8.0394461152823,389,eligible_regular_session
2011-08-24,2011-08-25,train,0.0002579495774033,0.0171111232380749,0.0001749774524051,0.0002712582036935,0.0003289152056004591,-8.650853435741212,-8.21243940953561,-8.019710574155155,389,eligible_regular_session
2011-08-25,2011-08-26,train,0.0003554806158807,-0.0199245148218694,0.0002579495774033,0.00023229647764272003,0.00033924281872444763,-8.26274642856416,-8.367496081270067,-7.988794427566349,389,eligible_regular_session
2011-08-26,2011-08-29,train,6.209118459643059e-05,0.0196073776729952,0.0003554806158807,0.00024778249579254,0.00035231350933492047,-7.942039836562868,-8.302959229712428,-7.9509891272412325,389,eligible_regular_session
2011-08-29,2011-08-30,train,0.0001362884281617,0.0177448892109303,6.209118459643059e-05,0.0002110275641677661,0.00035273197922670537,-9.686906534070312,-8.46352179715414,-7.949802055065851,389,eligible_regular_session
2011-08-30,2011-08-31,train,0.0001295963881861,0.0072976114432061,0.0001362884281617,0.0001973574516894461,0.00035414649627340085,-8.900737122633402,-8.530493997817585,-7.945799899154254,389,eligible_regular_session
2011-08-31,2011-09-01,train,0.0002186584017214,-0.0006237484198159,0.0001295963881861,0.0001882812388456461,0.00035324015590895084,-8.95108564336886,-8.577573761648187,-7.948362403995435,389,eligible_regular_session
2011-09-01,2011-09-02,train,0.0001386294884307,-0.0120044703397391,0.0002186584017214,0.0001804230037092661,0.0003589664221185713,-8.427999855408412,-8.620206443446994,-7.9322817055535015,389,eligible_regular_session
2011-09-02,2011-09-06,train,0.0002052524533693,-0.014988044368629,0.0001386294884307,0.0001370527782192661,0.00035702279875316666,-8.88370573459825,-8.895144463846584,-7.937710916170041,389,eligible_regular_session
2011-09-06,2011-09-07,train,8.060759415779014e-05,0.0083843300968772,0.0002052524533693,0.00016568503197384002,0.00035366455633433944,-8.491269856624976,-8.705421969694987,-7.947161675045611,389,eligible_regular_session
2011-09-07,2011-09-08,train,0.0001602432384795,0.0199229586263892,8.060759415779014e-05,0.00015454886517305804,0.00032056072255935264,-9.42591769257017,-8.775000232195003,-8.045438837585541,389,eligible_regular_session
2011-09-08,2011-09-09,train,0.0002345845720244,-0.0043243856352917,0.0001602432384795,0.00016067823523173804,0.0002884623029006435,-8.738817656629331,-8.73610673165687,-8.150946146409302,389,eligible_regular_session
2011-09-09,2011-09-12,train,0.000215253311818,-0.0198467881299433,0.0002345845720244,0.00016386346929233802,0.0002440512130573708,-8.35769438680422,-8.716476981179252,-8.31813246511542,389,eligible_regular_session
2011-09-12,2011-09-13,train,0.0001856887601845,0.0143508303623719,0.000215253311818,0.00017918823396979804,0.0002125370730711026,-8.443695028860743,-8.627073718229749,-8.45639412330537,389,eligible_regular_session
2011-09-13,2011-09-14,train,0.0001779966530036,0.0080887545735066,0.0001856887601845,0.00017527549533283802,0.00019973365379399353,-8.591438618176795,-8.649151562842784,-8.518525809988104,389,eligible_regular_session
2011-09-14,2011-09-15,train,0.0001237509651789,0.0103371232152122,0.0001779966530036,0.000194753307102,0.00019566223574510262,-8.633745811199535,-8.543776892089303,-8.539120672315708,389,eligible_regular_session
2011-09-15,2011-09-16,train,9.610992141730436e-05,0.0098187943033972,0.0001237509651789,0.00018745485244188,0.0001976768617058055,-8.997239357120435,-8.581972528524288,-8.528876872038198,389,eligible_regular_session
2011-09-16,2011-09-19,train,0.0001384958681034,0.0038403580983449,9.610992141730436e-05,0.00015975992232046088,0.00019344179134323297,-9.250018006762291,-8.741838355083292,-8.550533910681441,389,eligible_regular_session
2011-09-19,2011-09-20,train,9.960830324380264e-05,0.0009719182858528,0.0001384958681034,0.00014440843357754087,0.00019422583820838748,-8.884670065970347,-8.842864928934413,-8.546488961480582,389,eligible_regular_session
2011-09-20,2011-09-21,train,0.0002757459980789,-0.0057393726481652,9.960830324380264e-05,0.0001271923421894014,0.00017817356982596035,-9.214265030946832,-8.969810111784032,-8.63275237140266,389,eligible_regular_session
2011-09-21,2011-09-22,train,0.0004838501091528,-0.0296857939032894,0.0002757459980789,0.0001467422112044614,0.00017806881859629218,-8.196030412795812,-8.826833175932334,-8.633340461063472,389,eligible_regular_session
2011-09-22,2011-09-23,train,0.0002718456953626,-0.0175406918121471,0.0004838501091528,0.00021876203999924142,0.00018888628525231489,-7.633735391045119,-8.427525994244663,-8.574365389309518,389,eligible_regular_session
2011-09-23,2011-09-26,train,0.0002448602044684,0.0117791578529807,0.0002718456953626,0.00025390919478830053,0.00019194113547091945,-8.210275949102826,-8.278533855697857,-8.558321819032576,389,eligible_regular_session
2011-09-26,2011-09-27,train,0.0001939592795702,0.0161129548337727,0.0002448602044684,0.00027518206206130055,0.00019511762420106944,-8.314823104276789,-8.198077635492787,-8.54190798022202,389,eligible_regular_session
2011-09-27,2011-09-28,train,0.0001750163235316,0.0005957700503893,0.0001939592795702,0.00029405225732658,0.00019220897429956488,-8.54786232005553,-8.131753060411768,-8.556927370012602,389,eligible_regular_session
2011-09-28,2011-09-29,train,0.000276125426118,-0.0229399385506957,0.0001750163235316,0.00027390632241712,0.00018400605192006036,-8.650631311067391,-8.202724399022182,-8.600541910026289,389,eligible_regular_session
2011-09-29,2011-09-30,train,0.0002522667700927,-0.0025407283591881,0.000276125426118,0.00023236138581015996,0.0001937348810801317,-8.194655353018304,-8.367216700792657,-8.549019925910365,389,eligible_regular_session
2011-09-30,2011-10-03,train,0.0003922467229132,-0.0167174349318029,0.0002522667700927,0.00022844560075618,0.00019900662389517714,-8.285023418907882,-8.384212447062362,-8.522172447888332,389,eligible_regular_session
2011-10-03,2011-10-04,train,0.0005545200817456,-0.0245229211455739,0.0003922467229132,0.00025792290444514004,0.0002109452754736817,-7.843619520973157,-8.26284983767832,-8.463911816071933,389,eligible_regular_session
2011-10-04,2011-10-05,train,0.0002560156451112,0.0293614474444284,0.0005545200817456,0.00033003506488022,0.0002262117154747817,-7.497407535877245,-8.016311651935858,-8.394039203073566,389,eligible_regular_session
2011-10-05,2011-10-06,train,0.0001768302809393,0.018575675196885,0.0002560156451112,0.00034623492919614,0.00023154744986934986,-8.270272001636453,-7.968393027197322,-8.37072573840263,389,eligible_regular_session
2011-10-06,2011-10-07,train,0.0002172856318099,0.019278603253208,0.0001768302809393,0.0003263759001604,0.0002302555329407135,-8.640320150145046,-8.027460772893173,-8.376320852973327,389,eligible_regular_session
2011-10-07,2011-10-10,train,0.0001006219882107,-0.0100065420537443,0.0002172856318099,0.00031937967250384,0.0002364681710158094,-8.434297794333476,-8.049129966964315,-8.349696942532116,389,eligible_regular_session
2011-10-10,2011-10-11,train,0.0001082785532921,0.0222046055558028,0.0001006219882107,0.00026105472556333997,0.00023375811418540943,-9.204139753498824,-8.25078049613273,-8.361223677305302,389,eligible_regular_session
2011-10-11,2011-10-12,train,0.0001081096063828,0.0056139143902794,0.0001082785532921,0.00017180641987264,0.0002280169315157594,-9.130803454111826,-8.669142180819863,-8.386090670733015,389,eligible_regular_session
2011-10-12,2011-10-13,train,0.0001288423417316,0.0036094681829817,0.0001081096063828,0.00014222521212696,0.0002231467630868867,-9.132364971561607,-8.858098755840118,-8.407680872542548,389,eligible_regular_session
2011-10-13,2011-10-14,train,6.967470981775612e-05,0.001896223923333,0.0001288423417316,0.00013262762428541998,0.0002205628349753912,-8.956921058165051,-8.92796517396542,-8.419327937797647,389,eligible_regular_session
2011-10-14,2011-10-17,train,9.352250240150972e-05,0.0080310515529948,6.967470981775612e-05,0.00010310543988699121,0.0002156391102851256,-9.57167314940212,-9.179758405122898,-8.441904333316208,389,eligible_regular_session
2011-10-17,2011-10-18,train,0.0001898907097499,-0.016426540454541,9.352250240150972e-05,0.00010168554272515318,0.00021426508924978968,-9.27730848322956,-9.19362542110975,-8.448296574729278,389,eligible_regular_session
2011-10-18,2011-10-19,train,0.0001445498251896,0.0196731440931786,0.0001898907097499,0.00011800797401671317,0.00021852785235581672,-8.569061863144219,-9.044758359368968,-8.42859708081633,389,eligible_regular_session
2011-10-19,2011-10-20,train,0.0002067297920631,-0.0115556877989064,0.0001445498251896,0.00012529601777807318,0.00021880303222337127,-8.841886298844747,-8.98483147806711,-8.427338629087561,389,eligible_regular_session
2011-10-20,2011-10-21,train,7.264083167156019e-05,0.0038552835414614,0.0002067297920631,0.00014087350784437318,0.00022367219080606662,-8.484097969765603,-8.86764817771457,-8.405329011875978,389,eligible_regular_session
2011-10-21,2011-10-24,train,5.012227893011199e-05,0.0120004202550274,7.264083167156019e-05,0.000141466732215134,0.00021444013778755118,-9.529983374513758,-8.86344597654346,-8.447479936459205,389,eligible_regular_session
2011-10-24,2011-10-25,train,0.0001849800461179,0.0121308849037047,5.012227893011199e-05,0.00013278668752085443,0.00019472523641379265,-9.901044959494612,-8.926766570518643,-8.543921037068396,389,eligible_regular_session
2011-10-25,2011-10-26,train,0.0001489258719994,-0.0161913526199802,0.0001849800461179,0.00013180455479445445,0.0001907767978117608,-8.595262597525293,-8.934190378113218,-8.56440641110471,389,eligible_regular_session
2011-10-26,2011-10-27,train,0.0001184959007202,0.002846305556886,0.0001489258719994,0.00013267976415641444,0.00018641614633589716,-8.812061879174404,-8.927572121423825,-8.587529037490553,389,eligible_regular_session
2011-10-27,2011-10-28,train,6.8108914073995e-05,0.0187238709834639,0.0001184959007202,0.00011503298588783444,0.00018298599275180628,-9.040632191065924,-9.07029163692272,-8.606100950392223,389,eligible_regular_session
2011-10-28,2011-10-31,train,8.084865524306877e-05,0.0037349116902602,6.8108914073995e-05,0.0001141266023683214,0.00017812656504918788,-9.594402456546929,-9.078202178680488,-8.633016220738902,389,eligible_regular_session
2011-10-31,2011-11-01,train,0.000333223815242,-0.0170787540943436,8.084865524306877e-05,0.00012027187763091274,0.00016925034819123644,-9.422931604818274,-9.025755730965884,-8.684131588914116,389,eligible_regular_session
2011-11-01,2011-11-02,train,0.0001337671778412,-0.0117329718553368,0.000333223815242,0.00014992063145573276,0.000172930213879841,-8.006696175910028,-8.805404527531774,-8.66262243282711,389,eligible_regular_session
2011-11-02,2011-11-03,train,0.0001271187360802,0.0065818507851931,0.0001337671778412,0.00014688889262409274,0.00016118114364929552,-8.91940974797733,-8.825834089460091,-8.732981709614142,389,eligible_regular_session
2011-11-03,2011-11-04,train,0.000102918180339,0.0110184727529278,0.0001271187360802,0.00014861345969609274,0.0001417538097554137,-8.970388978514947,-8.814161853092713,-8.86141873913618,389,eligible_regular_session
2011-11-04,2011-11-07,train,0.0001036659406356,-0.0007180125721329,0.000102918180339,0.00015557531294909375,0.00013479483408395008,-9.181576251050986,-8.768380615946858,-8.911756683039767,389,eligible_regular_session
2011-11-07,2011-11-08,train,0.0001013101043467,0.0070045577038767,0.0001036659406356,0.0001601387700276,0.0001314691822519637,-9.174336937992788,-8.73946980595625,-8.93673808931037,389,eligible_regular_session
2011-11-08,2011-11-09,train,0.0001959660692904,0.0073097267443674,0.0001013101043467,0.00011375602784854,0.0001261975673672728,-9.197324404924883,-9.081454509462167,-8.977661884055047,389,eligible_regular_session
2011-11-09,2011-11-10,train,0.0001305941560038,-0.0249325737452061,0.0001959660692904,0.00012619580613838002,0.00013053138923453192,-8.537569029585343,-8.977675840276389,-8.943896829591544,389,eligible_regular_session
2011-11-10,2011-11-11,train,5.589695316472111e-05,0.0005809684584578,0.0001305941560038,0.0001268908901231,0.00013154573481233644,-8.943416089414098,-8.972182973660834,-8.936155973562801,389,eligible_regular_session
2011-11-11,2011-11-14,train,6.561651268615734e-05,0.010657096703279,5.589695316472111e-05,0.00011748664468824422,0.00012917243239333285,-9.792000684392058,-9.04918589306781,-8.954362360951356,389,eligible_regular_session
2011-11-14,2011-11-15,train,8.29136386803581e-05,-0.0066734338592341,6.561651268615734e-05,0.00010987675909835568,0.00012629853107308544,-9.631683175913047,-9.11615119209068,-8.976862159134011,389,eligible_regular_session
2011-11-15,2011-11-16,train,9.254483279264614e-05,0.0071484152721055,8.29136386803581e-05,0.00010619746596508733,0.0001269003005668401,-9.397710989688338,-9.15021031041016,-8.972108814713717,389,eligible_regular_session
2011-11-16,2011-11-17,train,0.000193448426641,-0.0109700613596625,9.254483279264614e-05,8.551321866553654e-05,0.0001268558610391645,-9.287817352025327,-9.366839589696287,-8.972459068499468,389,eligible_regular_session
2011-11-17,2011-11-18,train,9.231918307920794e-05,-0.0163760275507077,0.000193448426641,9.808407279297653e-05,0.0001270175754433054,-8.55049961000668,-9.229685561424649,-8.971185091763235,389,eligible_regular_session
2011-11-18,2011-11-21,train,0.000111846256068,-0.0028991836073444,9.231918307920794e-05,0.0001053685187758739,0.00012464345534737847,-9.290258604039044,-9.15804664981262,-8.990053253605927,389,eligible_regular_session
2011-11-21,2011-11-22,train,0.0001005259585736,-0.0094804827428564,0.000111846256068,0.00011461446745224244,0.00012033056734760123,-9.098385343382283,-9.073936518612852,-9.0252678745947,389,eligible_regular_session
2011-11-22,2011-11-23,train,0.0001080018363286,-0.0023286616521147,0.0001005259585736,0.00011813693143089081,0.00012159807311587575,-9.205094569552688,-9.043666170428857,-9.014789434644307,389,eligible_regular_session
2011-11-23,2011-11-28,train,0.0001353019571623,-0.0152829844839339,0.0001080018363286,0.00012122833213808158,0.0001242289620885343,-9.133362327942011,-9.01783474813197,-8.993384226530619,389,eligible_regular_session
2011-11-28,2011-11-29,train,8.955307342307405e-05,0.0138268555483879,0.0001353019571623,0.00010959903824234159,0.00012197086713600703,-8.908001557538865,-9.118681958649978,-9.011728335713991,389,eligible_regular_session
2011-11-29,2011-11-30,train,0.0001121934365627,0.0014065641970691,8.955307342307405e-05,0.00010904581631111481,0.00011927210356435584,-9.320679109297485,-9.12374243092086,-9.034103090534543,389,eligible_regular_session
2011-11-30,2011-12-01,train,5.7170232711222955e-05,0.0281067229971474,0.0001121934365627,0.00010911525241005481,0.00011898562792083313,-9.095286064245379,-9.123105872787994,-9.036507845920996,389,eligible_regular_session
2011-12-01,2011-12-02,train,7.253951439807179e-05,1.6076136583244457e-05,5.7170232711222955e-05,0.0001004441072375794,0.0001184884151316162,-9.76947720218377,-9.205909132061945,-9.040695364770558,389,eligible_regular_session
2011-12-02,2011-12-05,train,9.240218598193816e-05,-0.0059583095836306,7.253951439807179e-05,9.335164285147376e-05,0.00011811072691138907,-9.531379118396167,-9.279137089293974,-9.04388800983072,389,eligible_regular_session
2011-12-05,2011-12-06,train,5.1282211482322934e-05,0.0023733306245411,9.240218598193816e-05,8.477168861540139e-05,0.0001071642892177499,-9.289359921783294,-9.375548931577733,-9.141147487794106,389,eligible_regular_session
2011-12-06,2011-12-07,train,7.389914355066683e-05,0.0012321097261831,5.1282211482322934e-05,7.711751622725117e-05,0.00010341497256507365,-9.87816662065142,-9.470180114777474,-9.176760804002646,389,eligible_regular_session
2011-12-07,2011-12-08,train,0.0001274784683834,0.0053529869439716,7.389914355066683e-05,6.945865762484452e-05,0.00010099590017736761,-9.51280931937813,-9.574778836708337,-9.200430634250196,389,eligible_regular_session
2011-12-08,2011-12-09,train,6.741469759364721e-05,-0.0172126542381924,0.0001274784683834,8.352030475927995e-05,0.00010211227690665852,-8.967563083051166,-9.390420784898865,-9.189437596078612,389,eligible_regular_session
2011-12-09,2011-12-12,train,6.512647604796094e-05,0.0132321615007316,6.741469759364721e-05,8.249534139839502e-05,0.0001004644931320243,-9.604647498631126,-9.402768734116252,-9.205706195059971,389,eligible_regular_session
2011-12-12,2011-12-13,train,8.665937840720357e-05,-0.0075608790652015,6.512647604796094e-05,7.704019941159959e-05,9.881978275480889e-05,-9.639179393303657,-9.471183202061352,-9.222212742942034,389,eligible_regular_session
2011-12-13,2011-12-14,train,0.0001069085045493,-0.0139953094896426,8.665937840720357e-05,8.411563279657571e-05,9.385129680557267e-05,-9.353525314454561,-9.383318124828216,-9.273798977173492,389,eligible_regular_session
2011-12-14,2011-12-15,train,6.816979587401206e-05,-0.0073854486086085,0.0001069085045493,9.071750499630234e-05,9.27746762849136e-05,-9.14353718697702,-9.30776022060837,-9.285336840272812,389,eligible_regular_session
2011-12-15,2011-12-16,train,5.175890847955759e-05,-0.0045961620950195,6.816979587401206e-05,7.885577049442476e-05,9.333253277169955e-05,-9.59350896696091,-9.447890064044339,-9.279341820945996,389,eligible_regular_session
2011-12-16,2011-12-19,train,6.587339876411232e-05,-0.0006720210054582,5.175890847955759e-05,7.572461267160683e-05,9.270264167139955e-05,-9.868913996101451,-9.488407315998266,-9.286113588803895,389,eligible_regular_session
2011-12-19,2011-12-20,train,6.44505548025596e-05,-0.0139002703635269,6.587339876411232e-05,7.587399721483711e-05,9.192808531157019e-05,-9.627775858584323,-9.486436524950866,-9.294503967983415,389,eligible_regular_session
2011-12-20,2011-12-21,train,6.490738721629087e-05,0.0189573738688293,6.44505548025596e-05,7.143223249390831e-05,9.065107267565718e-05,-9.649612220352985,-9.546761354996168,-9.3084927876767,389,eligible_regular_session
2011-12-21,2011-12-22,train,3.485009455575045e-05,0.0015617581805676,6.490738721629087e-05,6.303200902730649e-05,8.480829815635222e-05,-9.642549116135596,-9.671867880803063,-9.375117164336604,389,eligible_regular_session
2011-12-22,2011-12-23,train,1.2252097722637512e-05,0.0059747033424,3.485009455575045e-05,5.636806876365417e-05,8.219606685983142e-05,-10.264454707540462,-9.783607716460265,-9.406403105467454,389,eligible_regular_session
2011-12-23,2011-12-27,train,1.5665047655887303e-05,0.0062943645919943,1.2252097722637512e-05,4.846670661227015e-05,7.766905966231494e-05,-11.309813392969604,-9.934633457346163,-9.463053582438569,389,eligible_regular_session
2011-12-27,2011-12-28,train,3.551054889351605e-05,0.0019060505060784,1.5665047655887303e-05,3.8425036390625145e-05,7.381174552969164e-05,-11.064078591375962,-10.166801321484106,-9.513992685502568,389,eligible_regular_session
2011-12-28,2011-12-29,train,2.3626139496239728e-05,-0.0130728092065455,3.551054889351605e-05,3.263703520881644e-05,7.05166870099151e-05,-10.245680753693765,-10.330062865057162,-9.559661180977834,389,eligible_regular_session
2011-12-29,2011-12-30,train,1.1730910955486343e-05,0.0075087848820241,2.3626139496239728e-05,2.4380785664806207e-05,6.544051347963962e-05,-10.653156853102557,-10.621715208638502,-9.634369019129057,389,eligible_regular_session
2011-12-30,2012-01-03,train,3.926577811570911e-05,-0.0026833931630424,1.1730910955486343e-05,1.975694894475339e-05,6.190314245838566e-05,-11.35328323800003,-10.832005283196217,-9.689939612867871,389,eligible_regular_session
2012-01-03,2012-01-04,train,2.5760707465651292e-05,0.0039883542831167,3.926577811570911e-05,2.5159685023367706e-05,5.8588248892613336e-05,-10.145157204303125,-10.590267645154446,-9.74497641233308,389,eligible_regular_session
2012-01-04,2012-01-05,train,4.664962299141938e-05,0.0027440451874861,2.5760707465651292e-05,2.7178816985320504e-05,5.7160543199632805e-05,-10.566660193376544,-10.513072675379087,-9.769646701805131,389,eligible_regular_session
2012-01-05,2012-01-06,train,3.308536005176977e-05,0.0066967945215757,4.664962299141938e-05,2.940663180490117e-05,5.598372995387587e-05,-9.972845712345178,-10.434290337461807,-9.790449445980972,389,eligible_regular_session
2012-01-06,2012-01-09,train,2.4829499047808112e-05,-0.0030560627181165,3.308536005176977e-05,3.1298475916007176e-05,5.328751059341368e-05,-10.31641966793079,-10.371941154383022,-9.839808577075617,389,eligible_regular_session
2012-01-09,2012-01-10,train,2.4374924692890432e-05,0.0006405349466763,2.4829499047808112e-05,3.391819353447153e-05,5.208511457366301e-05,-10.603478133927299,-10.291559005107592,-9.862631358786343,389,eligible_regular_session
2012-01-10,2012-01-11,train,2.3123853286373707e-05,0.0014794678164592,2.4374924692890432e-05,3.0940022849907796e-05,4.9834013716491346e-05,-10.62195563060758,-10.383459974296427,-9.906812800721108,389,eligible_regular_session
2012-01-11,2012-01-12,train,2.391744619716617e-05,0.0031312272237321,2.3123853286373707e-05,3.0412652014052283e-05,4.509062212117197e-05,-10.674645863411564,-10.400651851460145,-10.006836268306172,389,eligible_regular_session
2012-01-12,2012-01-13,train,4.28704403449965e-05,0.0003706020008599,2.391744619716617e-05,2.586621665520164e-05,4.311347433042283e-05,-10.640902398914077,-10.562572816944998,-10.051674980236816,389,eligible_regular_session
2012-01-13,2012-01-17,train,2.8298102681966837e-05,0.0010014245906436,4.28704403449965e-05,2.7823232713846987e-05,4.2101836343924456e-05,-10.057328005772046,-10.489639177146937,-10.075419199606669,389,eligible_regular_session
2012-01-17,2012-01-18,train,2.8508519612280255e-05,-0.0028022791666214,2.8298102681966837e-05,2.8516953440678726e-05,3.944905108368642e-05,-10.472715798602609,-10.465011789979624,-10.14050056460715,389,eligible_regular_session
2012-01-18,2012-01-19,train,1.727866942617896e-05,0.0120557077657006,2.8508519612280255e-05,2.9343672424556696e-05,3.588541540473097e-05,-10.465307581597244,-10.436433625237811,-10.23517960115005,389,eligible_regular_session
2012-01-19,2012-01-20,train,1.4019452945991583e-05,0.0023917078589677,1.727866942617896e-05,2.8174635652517742e-05,3.357218238437492e-05,-10.966037798352907,-10.477088429709706,-10.301812739124859,389,eligible_regular_session
2012-01-20,2012-01-23,train,2.236747813489446e-05,0.0019560466706705,1.4019452945991583e-05,2.6195037002282825e-05,3.185675258739465e-05,-11.175064696663222,-10.549940592534643,-10.354261186254407,389,eligible_regular_session
2012-01-23,2012-01-24,train,1.9401941587707004e-05,0.000729699563394,2.236747813489446e-05,2.2094444560262418e-05,2.987921074061202e-05,-10.707902523064226,-10.720184358404843,-10.418347612352001,389,eligible_regular_session
2012-01-24,2012-01-25,train,5.223615651962808e-05,0.0034064572668892,1.9401941587707004e-05,2.0315212341410454e-05,2.7831546503573266e-05,-10.850137415062278,-10.804140576134689,-10.48934041431273,389,eligible_regular_session
2012-01-25,2012-01-26,train,3.317306032074245e-05,0.0092521336964611,5.223615651962808e-05,2.5060739722880017e-05,2.7255581471906777e-05,-9.859735649216773,-10.594208090860173,-10.510252233171597,389,eligible_regular_session
2012-01-26,2012-01-27,train,3.3780051504277695e-05,-0.0084124855183701,3.317306032074245e-05,2.823961790179272e-05,2.7179352643042776e-05,-10.313772447556536,-10.474784675820546,-10.513052966925843,389,eligible_regular_session
2012-01-27,2012-01-30,train,2.737395833826585e-05,0.0016418991944433,3.3780051504277695e-05,3.2191737613449944e-05,2.815789599675369e-05,-10.295640121888397,-10.343800734195852,-10.477682745490185,389,eligible_regular_session
2012-01-30,2012-01-31,train,4.430681726679162e-05,0.00567534511663,2.737395833826585e-05,3.319303365412422e-05,2.869011920958908e-05,-10.505918422121786,-10.313170533754215,-10.458957772887647,389,eligible_regular_session
2012-01-31,2012-02-01,train,3.279073325904396e-05,-0.0042035552621257,4.430681726679162e-05,3.8174008789941144e-05,2.9089949590192515e-05,-10.024372004111932,-10.173355672096708,-10.445117818349951,389,eligible_regular_session
2012-02-01,2012-02-02,train,1.5848448194726793e-05,0.0029421240047774,3.279073325904396e-05,3.4284924137824315e-05,2.950652203395634e-05,-10.325364605081324,-10.280804829923284,-10.430899233157561,389,eligible_regular_session
2012-02-02,2012-02-03,train,1.6959655694599797e-05,-0.0005958015026033,1.5848448194726793e-05,3.082000171262119e-05,2.9693682817558184e-05,-11.05243896812953,-10.387346672503805,-10.424576234524935,389,eligible_regular_session
2012-02-03,2012-02-06,train,1.5110807925962618e-05,0.0072702078802681,1.6959655694599797e-05,2.7455922550685605e-05,2.8679768162053214e-05,-10.984673228832541,-10.50292865551477,-10.459318625875945,389,eligible_regular_session
2012-02-06,2012-02-07,train,1.7882722438761512e-05,0.0034798194612424,1.5110807925962618e-05,2.5003292468224956e-05,2.8195681819340093e-05,-11.100100313488783,-10.596503043038592,-10.476341718719095,389,eligible_regular_session
2012-02-07,2012-02-08,train,1.6626995493008505e-05,0.0037561453346716,1.7882722438761512e-05,1.9718473502618933e-05,2.6888095430582914e-05,-10.931675538133838,-10.833954620375287,-10.523826918359173,389,eligible_regular_session
2012-02-08,2012-02-09,train,2.9644566883541576e-05,0.0016680323684848,1.6626995493008505e-05,1.6485725949411843e-05,2.6139987950639224e-05,-11.004482948970692,-11.01301564544252,-10.552044310723193,389,eligible_regular_session
2012-02-09,2012-02-10,train,2.7978107287902807e-05,-0.0001035418716858,2.9644566883541576e-05,1.9244949687174804e-05,2.6358854670445287e-05,-10.426231691013154,-10.858261885564286,-10.543706298801798,389,eligible_regular_session
2012-02-10,2012-02-13,train,1.700558585098752e-05,-0.0004691322257006,2.7978107287902807e-05,2.1448640005835406e-05,2.6522635697491308e-05,-10.484088236193577,-10.749849317591659,-10.537512012310065,389,eligible_regular_session
2012-02-13,2012-02-14,train,2.510388857737993e-05,0.0006512729655897,1.700558585098752e-05,2.1827595590840386e-05,2.6244532632246483e-05,-10.981968688408616,-10.732335535894546,-10.548052871296399,389,eligible_regular_session
2012-02-14,2012-02-15,train,4.808208020745822e-05,0.0015934604802798,2.510388857737993e-05,2.3271828818564068e-05,2.6298461831347106e-05,-10.592487800424337,-10.668266992480618,-10.54600010599101,389,eligible_regular_session
2012-02-15,2012-02-16,train,2.46029959985142e-05,-0.0075048369623814,4.808208020745822e-05,2.9562845761454014e-05,2.653535455236809e-05,-9.942601003127113,-10.428992195832816,-10.53703258008655,389,eligible_regular_session
2012-02-16,2012-02-17,train,1.331193322541131e-05,0.01121161033133,2.46029959985142e-05,2.855453158444854e-05,2.6367395157665697e-05,-10.612642333884093,-10.463694909958582,-10.543382342999026,389,eligible_regular_session
2012-02-17,2012-02-21,train,1.9031374694001616e-05,0.0009333466296232,1.331193322541131e-05,2.5621296771950236e-05,2.567664123098984e-05,-11.226849690017946,-10.572086647165753,-10.569928880882442,389,eligible_regular_session
2012-02-21,2012-02-22,train,2.478047465535031e-05,-0.0017529002511791,1.9031374694001616e-05,2.602645454055306e-05,2.5756309652254506e-05,-10.869421641009803,-10.556397054898119,-10.5668309258317,389,eligible_regular_session
2012-02-22,2012-02-23,train,1.8485138190013977e-05,-0.0025308460202849,2.478047465535031e-05,2.5961771756147132e-05,2.62454470026799e-05,-10.605454527170686,-10.558885418990897,-10.548018031487358,389,eligible_regular_session
2012-02-23,2012-02-24,train,9.979444923944974e-06,0.0052803170260935,1.8485138190013977e-05,2.004238335265828e-05,2.6068977005185337e-05,-10.898543489811685,-10.817661359045827,-10.554764571096213,389,eligible_regular_session
2012-02-24,2012-02-27,train,2.7525754862346165e-05,0.000117156037331,9.979444923944974e-06,1.7117673137744437e-05,2.564068170228706e-05,-11.514983088030876,-10.975399111339314,-10.571330338812551,389,eligible_regular_session
2012-02-27,2012-02-28,train,2.0990823445512844e-05,0.0058507997273829,2.7525754862346165e-05,1.9960437465131406e-05,2.4517481626956066e-05,-10.50038845112318,-10.82175837023038,-10.616124159065102,389,eligible_regular_session
2012-02-28,2012-02-29,train,3.618182216555968e-05,0.0031822521563224,2.0990823445512844e-05,2.0352327215433654e-05,2.3963743587172902e-05,-10.771425194529005,-10.802315293133448,-10.638968553717513,389,eligible_regular_session
2012-02-29,2012-03-01,train,3.5399317306926933e-05,-0.0058391342999359,3.618182216555968e-05,2.2632596717475527e-05,2.4072914980867534e-05,-10.226953715374805,-10.696119358216992,-10.6344232091866,389,eligible_regular_session
2012-03-01,2012-03-02,train,1.8964848124657696e-05,0.0038920197230235,3.5399317306926933e-05,2.601543254085812e-05,2.4437704024897584e-05,-10.248818023125564,-10.556820636765643,-10.619383371408627,389,eligible_regular_session
2012-03-02,2012-03-05,train,2.280391736918927e-05,-0.0022461103619198,1.8964848124657696e-05,2.7812513181000665e-05,2.3285796336618773e-05,-10.872923391046477,-10.490024524114308,-10.667666982560558,389,eligible_regular_session
2012-03-05,2012-03-06,train,3.3511029520551556e-05,-0.0020064741130185,2.280391736918927e-05,2.6868145682369286e-05,2.2831850159807193e-05,-10.688578222324162,-10.524569148422753,-10.687354059978764,389,eligible_regular_session
2012-03-06,2012-03-07,train,1.9767125631993323e-05,-0.0075412174872712,3.3511029520551556e-05,2.9372186897377026e-05,2.3634694765526497e-05,-10.303635933901209,-10.435462355281405,-10.652794808313722,389,eligible_regular_session
2012-03-07,2012-03-08,train,1.6706458929655724e-05,0.0046824265202854,1.9767125631993323e-05,2.6089247590663755e-05,2.3762307035408027e-05,-10.831490321741773,-10.553987298224829,-10.64740997073365,389,eligible_regular_session
2012-03-08,2012-03-09,train,1.3887337640374751e-05,0.0039755650786259,1.6706458929655724e-05,2.2350675915209512e-05,2.383483662648498e-05,-10.999715151059974,-10.708653995070732,-10.64436232368445,389,eligible_regular_session
2012-03-09,2012-03-12,train,1.815185303277536e-05,0.0013724533293681,1.3887337640374751e-05,2.1335173818352925e-05,2.3653228226558314e-05,-11.18453309412899,-10.755153494258696,-10.652010952275727,389,eligible_regular_session
2012-03-12,2012-03-13,train,2.5298475995933923e-05,0.0004230859073383,1.815185303277536e-05,2.040476095107014e-05,2.372253993291135e-05,-10.916737906995085,-10.79974230438855,-10.64908490976505,389,eligible_regular_session
2012-03-13,2012-03-14,train,1.6627689479785665e-05,0.0133975641868105,2.5298475995933923e-05,1.8762250246146614e-05,2.3524990347111007e-05,-10.584766401360005,-10.883663672424584,-10.657447282817634,389,eligible_regular_session
2012-03-14,2012-03-15,train,1.9800325542766653e-05,-0.0014978914070314,1.6627689479785665e-05,1.8134363015705084e-05,2.3009062264923858e-05,-11.004441211286043,-10.91770191042831,-10.67962240811885,389,eligible_regular_session
2012-03-15,2012-03-16,train,9.82210984742148e-06,0.0045735926623474,1.9800325542766653e-05,1.875313633832727e-05,2.3136095887277458e-05,-10.829812178845074,-10.884149548158696,-10.674116567491085,389,eligible_regular_session
2012-03-16,2012-03-19,train,1.489254405297012e-05,9.258896559797829e-05,9.82210984742148e-06,1.7940090779736617e-05,2.2441469581370256e-05,-11.530874606595722,-10.92847264116044,-10.704599990088237,389,eligible_regular_session
2012-03-19,2012-03-20,train,1.7317852175003086e-05,0.0043509858343263,1.489254405297012e-05,1.728822898377557e-05,2.0932854301620797e-05,-11.11464986938381,-10.965484693603564,-10.7741906571006,389,eligible_regular_session
2012-03-20,2012-03-21,train,1.7364146285743476e-05,0.0013953556860826,1.7317852175003086e-05,1.56921042195894e-05,2.060171140055211e-05,-10.963772670891306,-11.062352888064373,-10.790136407922795,389,eligible_regular_session
2012-03-21,2012-03-22,train,2.242470416335791e-05,-0.0022567025427568,1.7364146285743476e-05,1.5839395580780964e-05,2.078590290329448e-05,-10.961103035905452,-11.053010330085,-10.781235546063911,389,eligible_regular_session
2012-03-22,2012-03-23,train,1.925293190920747e-05,-0.0017358002306907,2.242470416335791e-05,1.6364271304899216e-05,2.0940145151901586e-05,-10.705347342375868,-11.020410178659148,-10.773842420745451,389,eligible_regular_session
2012-03-23,2012-03-26,train,1.2353320472089946e-05,0.003060199401803,1.925293190920747e-05,1.8250435717256413e-05,2.068889320889509e-05,-10.857847201856194,-10.911321603302616,-10.785913561649515,389,eligible_regular_session
2012-03-26,2012-03-27,train,1.2630464209292971e-05,0.0081449665029923,1.2353320472089946e-05,1.7742591001080378e-05,2.0410174221716727e-05,-11.301585666890935,-10.939542537571818,-10.799477045083082,389,eligible_regular_session
2012-03-27,2012-03-28,train,3.091894845738734e-05,-0.0037518193679105,1.2630464209292971e-05,1.6805113407938357e-05,2.0530675098323454e-05,-11.279398867780632,-10.993827348345926,-10.793590443970748,389,eligible_regular_session
2012-03-28,2012-03-29,train,3.3231544563252314e-05,-0.0045721830140405,3.091894845738734e-05,1.9516073842267127e-05,2.0684911170825325e-05,-10.38414134331665,-10.84427213233947,-10.786106052436464,389,eligible_regular_session
2012-03-29,2012-03-30,train,1.917815489516528e-05,0.0028910935257161,3.3231544563252314e-05,2.1677441922246006e-05,2.124130758526803e-05,-10.312010995689345,-10.739238380870821,-10.759562801090507,389,eligible_regular_session
2012-03-30,2012-04-02,train,2.006191936478901e-05,0.0002130061566833,1.917815489516528e-05,2.166248651943757e-05,2.0468413618431922e-05,-10.861738692554312,-10.73992852522222,-10.796627659172456,389,eligible_regular_session
2012-04-02,2012-04-03,train,4.094031307008579e-05,0.0082310233947447,2.006191936478901e-05,2.3204206297977382e-05,1.977125916651656e-05,-10.816687098811775,-10.671176989778646,-10.83128123204024,389,eligible_regular_session
2012-04-03,2012-04-04,train,2.818188813268645e-05,-0.0034125264945665,4.094031307008579e-05,2.886617607013595e-05,2.077014393676329e-05,-10.103395330713818,-10.452840026469294,-10.781993990068331,389,eligible_regular_session
2012-04-04,2012-04-05,train,1.766403645484858e-05,-0.0039164680618954,2.818188813268645e-05,2.8318764005195767e-05,2.101459715328589e-05,-10.47683105115895,-10.471985933975507,-10.770293259175304,389,eligible_regular_session
2012-04-05,2012-04-09,train,2.026656448320979e-05,0.0023852085471783,1.766403645484858e-05,2.520526238351502e-05,2.029427928666303e-05,-10.943979824078207,-10.588457760505088,-10.805171520170788,389,eligible_regular_session
2012-04-09,2012-04-10,train,4.993933956929248e-05,-0.0017562820491516,2.026656448320979e-05,2.5422944301123927e-05,2.031698105262741e-05,-10.806538099619859,-10.57985847274492,-10.804053516536358,389,eligible_regular_session
2012-04-10,2012-04-11,train,2.766534292769758e-05,-0.0150831320385213,4.993933956929248e-05,3.1398428342024624e-05,2.1827566536247263e-05,-9.904701497683622,-10.368752719104513,-10.732336866989963,389,eligible_regular_session
2012-04-11,2012-04-12,train,1.666783580008172e-05,0.0004018308930512,2.766534292769758e-05,2.8743434313546972e-05,2.245383950385285e-05,-10.495330085967277,-10.457101188504417,-10.704048933728556,389,eligible_regular_session
2012-04-12,2012-04-13,train,2.8923112692975995e-05,0.0116000488751288,1.666783580008172e-05,2.644062384702603e-05,2.2386384175094046e-05,-11.00202969565959,-10.5406089484397,-10.707057633244737,389,eligible_regular_session
2012-04-13,2012-04-16,train,4.1879154549641e-05,-0.009637421308572,2.8923112692975995e-05,2.869243909465151e-05,2.255114038859596e-05,-10.450869535311448,-10.45887691608613,-10.699724921737923,389,eligible_regular_session
2012-04-16,2012-04-17,train,2.268649244408239e-05,-0.0051697011138597,4.1879154549641e-05,3.301495710793775e-05,2.3698934255407566e-05,-10.080722359614585,-10.318549853487514,-10.650080478960549,389,eligible_regular_session
2012-04-17,2012-04-18,train,2.6094578662390287e-05,0.0105235218561703,2.268649244408239e-05,2.7564387682895737e-05,2.3830123660012826e-05,-10.693740857103553,-10.498985919741065,-10.644560077609311,389,eligible_regular_session
2012-04-18,2012-04-19,train,6.224072282458708e-05,-0.0007866600194217,2.6094578662390287e-05,2.725023482983428e-05,2.45697813334205e-05,-10.553782979295848,-10.510448419283556,-10.613993271209475,389,eligible_regular_session
2012-04-19,2012-04-20,train,2.555277132598217e-05,-0.0060109826777214,6.224072282458708e-05,3.6364812234735355e-05,2.6721971277584904e-05,-9.684501064655997,-10.221908947722252,-10.53002443665838,389,eligible_regular_session
2012-04-20,2012-04-23,train,3.881761812352068e-05,-0.0024419328755877,2.555277132598217e-05,3.5690743961336586e-05,2.7096285784447593e-05,-10.574764780426316,-10.240619175587375,-10.516113895396083,389,eligible_regular_session
2012-04-23,2012-04-24,train,2.6161384990873697e-05,-0.0001536182589294,3.881761812352068e-05,3.507843667611252e-05,2.8071443595255647e-05,-10.156636339047589,-10.25792395598831,-10.480757740510468,389,eligible_regular_session
2012-04-24,2012-04-25,train,2.9897832595628423e-05,0.0026345861024546,2.6161384990873697e-05,3.577341518547078e-05,2.824129272377909e-05,-10.5512260897005,-10.238305533000684,-10.474725370049152,389,eligible_regular_session
2012-04-25,2012-04-26,train,1.832140286674445e-05,0.0056678211694268,2.9897832595628423e-05,3.653406597211841e-05,2.8725151845889134e-05,-10.417724568635569,-10.217265418338204,-10.457737448050594,389,eligible_regular_session
2012-04-26,2012-04-27,train,2.0790094807947753e-05,0.0085780796537822,1.832140286674445e-05,2.7750201980549887e-05,2.8996428318373433e-05,-10.9074406259544,-10.492267439219946,-10.448337896998192,389,eligible_regular_session
2012-04-27,2012-04-30,train,1.5488511093911775e-05,-0.0002920571170501,2.0790094807947753e-05,2.6797666676943005e-05,2.9367320618312283e-05,-10.781033895837904,-10.527195738530951,-10.435628045437204,389,eligible_regular_session
2012-04-30,2012-05-01,train,3.896158037949753e-05,-0.0027077344104498,1.5488511093911775e-05,2.2131845271021222e-05,2.8665937101790667e-05,-11.075412028625877,-10.718493024141118,-10.459801000640265,389,eligible_regular_session
2012-05-01,2012-05-02,train,1.8191723917108197e-05,0.0062579364723101,3.896158037949753e-05,2.4691884348745988e-05,2.892639327525636e-05,-10.152934515857162,-10.609035937197604,-10.450756117496413,389,eligible_regular_session
2012-05-02,2012-05-03,train,2.7654113765160144e-05,0.0026564423599281,1.8191723917108197e-05,2.2350662613041944e-05,2.8881555503526493e-05,-10.914543797131707,-10.708654590228193,-10.452307384464664,388,eligible_regular_session
2012-05-03,2012-05-04,train,3.100702964656865e-05,-0.0078960117882809,2.7654113765160144e-05,2.421720479272508e-05,2.9226655248997904e-05,-10.495736061129108,-10.62844723555293,-10.440429414092042,388,eligible_regular_session
2012-05-04,2012-05-07,train,3.193179390262022e-05,-0.0111286597157541,3.100702964656865e-05,2.6260591760449262e-05,2.8775142366110767e-05,-10.381296616393387,-10.547441154672953,-10.455998655806074,389,eligible_regular_session
2012-05-07,2012-05-08,train,5.0602760648759475e-05,0.0037748868833079,3.193179390262022e-05,2.954924832219095e-05,2.8945592628380483e-05,-10.351908370459968,-10.429452251925014,-10.450092606350951,389,eligible_regular_session
2012-05-08,2012-05-09,train,8.449519869738234e-05,0.0003960686570773,5.0602760648759475e-05,3.187748437604334e-05,3.044280736446734e-05,-9.891504424883223,-10.35361061631374,-10.399660803058204,389,eligible_regular_session
2012-05-09,2012-05-10,train,4.2776905826325554e-05,0.0010638298875648,8.449519869738234e-05,4.513817933209816e-05,3.3362290737838816e-05,-9.378815845364793,-10.005782121192077,-10.30808431562981,389,eligible_regular_session
2012-05-10,2012-05-11,train,3.989362514248844e-05,-0.0025454666207307,4.2776905826325554e-05,4.8162737744331246e-05,3.303672556770396e-05,-10.059512184501152,-9.940924911728697,-10.317890719316436,389,eligible_regular_session
2012-05-11,2012-05-14,train,3.555852544386278e-05,0.0025372557264642,3.989362514248844e-05,4.994005684351521e-05,3.359255657746718e-05,-10.129294017698133,-9.904687134877108,-10.301206045969131,389,eligible_regular_session
2012-05-14,2012-05-15,train,5.062313471019086e-05,-0.0036551929458659,3.555852544386278e-05,5.066540315176372e-05,3.4451224288548135e-05,-10.244330614886358,-9.890267263891197,-10.275966023006953,389,eligible_regular_session
2012-05-15,2012-05-16,train,6.803313644099608e-05,-0.0049403548228812,5.062313471019086e-05,5.066947796405e-05,3.543758892569426e-05,-9.891101878447172,-9.89018684119284,-10.247737467112417,389,eligible_regular_session
2012-05-16,2012-05-17,train,7.801230453947821e-05,-0.0076024263683589,6.803313644099608e-05,4.737706551277274e-05,3.662640628439222e-05,-9.595515670877665,-9.957372296297901,-10.21474109452071,389,eligible_regular_session
2012-05-17,2012-05-18,train,7.63886477195868e-05,-0.0148202679850949,7.801230453947821e-05,5.442414525540328e-05,3.914121592509204e-05,-9.458643993209854,-9.818702655966469,-10.148334530431566,389,eligible_regular_session
2012-05-18,2012-05-21,train,4.663869112230045e-05,-0.0093818761000655,7.63886477195868e-05,6.172314977082295e-05,4.142730997314642e-05,-9.47967646289016,-9.692851498543614,-10.091570233426697,389,eligible_regular_session
2012-05-21,2012-05-22,train,6.055873742935616e-05,0.0140507856055342,4.663869112230045e-05,6.393918290651048e-05,4.071812671395158e-05,-9.973080079731336,-9.65757819348038,-10.108837190858036,389,eligible_regular_session
2012-05-22,2012-05-23,train,9.265684194322842e-05,-0.0014647124610952,6.055873742935616e-05,6.592630345034354e-05,4.230930699137767e-05,-9.71189679731271,-9.626973054204894,-10.070503472676824,389,eligible_regular_session
2012-05-23,2012-05-24,train,7.876064167504251e-05,0.0067715883564586,9.265684194322842e-05,7.085104455079002e-05,4.475654443772802e-05,-9.286607760757875,-9.554930848805848,-10.014272879517579,389,eligible_regular_session
2012-05-24,2012-05-25,train,3.6327322429192306e-05,-0.0006283190401905,7.876064167504251e-05,7.100071197790287e-05,4.714741974155387e-05,-9.449097157006598,-9.55282065311545,-9.962231274845578,389,eligible_regular_session
2012-05-25,2012-05-29,train,4.9823890099182064e-05,-0.0024712333866997,3.6327322429192306e-05,6.298844691982397e-05,4.743966927944314e-05,-10.222940415818222,-9.672559230614334,-9.95605177464305,389,eligible_regular_session
2012-05-29,2012-05-30,train,5.200694735973542e-05,0.0048310726815418,4.9823890099182064e-05,6.362548671520029e-05,4.887160051728122e-05,-9.907015968095825,-9.662496433375102,-9.926314096711412,389,eligible_regular_session
2012-05-30,2012-05-31,train,7.597012413046171e-05,-0.0067377621260891,5.200694735973542e-05,6.191512870127615e-05,5.029054836054429e-05,-9.864133245235108,-9.68974600262254,-9.897693403871976,389,eligible_regular_session
2012-05-31,2012-06-01,train,8.063571912959095e-05,-0.0023857173227927,7.597012413046171e-05,5.8577785138722806e-05,5.3039712589478376e-05,-9.485170398509954,-9.745155026451155,-9.844469630851757,389,eligible_regular_session
2012-06-01,2012-06-04,train,7.196209778934608e-05,-0.0149963009941142,8.063571912959095e-05,5.8952800629632484e-05,5.4933991623573535e-05,-9.425568841240926,-9.738773423549043,-9.809378245789974,389,eligible_regular_session
2012-06-04,2012-06-05,train,5.4637283411548514e-05,-0.0003207196663845,7.196209778934608e-05,6.607975570166325e-05,5.737809952685707e-05,-9.539370997148074,-9.624648125767113,-9.765847868788125,389,eligible_regular_session
2012-06-05,2012-06-06,train,3.206710988479632e-05,0.0088606097624182,5.4637283411548514e-05,6.704243436413654e-05,5.860460723805655e-05,-9.814794061881559,-9.610184790335508,-9.744697242662001,389,eligible_regular_session
2012-06-06,2012-06-07,train,6.164380734836784e-05,0.0156250783036861,3.206710988479632e-05,6.305446686914872e-05,5.865279270343053e-05,-10.347679667285048,-9.671511651605284,-9.743875367571638,389,eligible_regular_session
2012-06-07,2012-06-08,train,3.671170663246139e-05,-0.00742528907488,6.164380734836784e-05,6.0189203512729946e-05,6.0003338769146336e-05,-9.694137781925281,-9.718017565375852,-9.721110351137924,389,eligible_regular_session
2012-06-08,2012-06-11,train,4.964873941755775e-05,0.0103296204963688,3.671170663246139e-05,5.140440101330402e-05,5.9371927222950964e-05,-10.212414871956694,-9.875786766341653,-9.731689048983162,389,eligible_regular_session
2012-06-11,2012-06-12,train,6.677887844353695e-05,-0.0195497223337592,4.964873941755775e-05,4.6941729338946364e-05,5.7787997255686214e-05,-9.910537557169874,-9.966603526742686,-9.758729463786477,389,eligible_regular_session
2012-06-12,2012-06-13,train,4.81325370344317e-05,0.0083139114077076,6.677887844353695e-05,4.937004834534405e-05,5.8878996011014e-05,-9.614123718385592,-9.916166626448609,-9.740026135132407,389,eligible_regular_session
2012-06-13,2012-06-14,train,8.843322128547645e-05,-0.0030830940388625,4.81325370344317e-05,5.258313377527113e-05,5.9253492006102326e-05,-9.941552163916494,-9.85311514030027,-9.733685842873886,389,eligible_regular_session
2012-06-14,2012-06-15,train,2.1188379884337496e-05,0.00956612217121,8.843322128547645e-05,5.794101656269285e-05,6.165688727163023e-05,-9.333262852521422,-9.756085020683907,-9.69392561891433,389,eligible_regular_session
2012-06-15,2012-06-18,train,3.8961747875652014e-05,0.0073836923429642,2.1188379884337496e-05,5.483635121306807e-05,6.031894387045507e-05,-10.762057645221581,-9.811157240621064,-9.715864343196781,389,eligible_regular_session
2012-06-18,2012-06-19,train,2.554453554522154e-05,0.0049051132295924,3.8961747875652014e-05,5.269895290468692e-05,5.8997517117484885e-05,-10.152930216858179,-9.850914971595621,-9.738015197698552,389,eligible_regular_session
2012-06-19,2012-06-20,train,9.642678701404744e-05,0.0056050274311983,2.554453554522154e-05,4.445208432502384e-05,5.661261852683685e-05,-10.575087137174107,-10.021098705652125,-9.779278655432787,389,eligible_regular_session
2012-06-20,2012-06-21,train,5.267597072944928e-05,-0.0029027168869186,9.642678701404744e-05,5.411093432094699e-05,5.752344304022143e-05,-9.246726521357786,-9.824474279392598,-9.76331798820276,389,eligible_regular_session
2012-06-21,2012-06-22,train,3.475957602915289e-05,-0.0234496125898709,5.267597072944928e-05,4.695948420974155e-05,5.7797864840546375e-05,-9.851351169787932,-9.966225366113324,-9.758558723443235,389,eligible_regular_session
2012-06-22,2012-06-25,train,4.204591685103757e-05,0.0029322345347345,3.475957602915289e-05,4.9673723438704636e-05,5.662517568599168e-05,-10.26705545473143,-9.910034468121227,-9.779056871543519,389,eligible_regular_session
2012-06-25,2012-06-26,train,4.633108312918847e-05,-0.0082616909832187,4.204591685103757e-05,5.029055723378174e-05,5.4324679090892105e-05,-10.076748278494584,-9.897693227432526,-9.820531939047841,389,eligible_regular_session
2012-06-26,2012-06-27,train,2.709478463919778e-05,0.0026394044811237,4.633108312918847e-05,5.4447866750575123e-05,5.2850608247898734e-05,-9.979697480238121,-9.818266887487313,-9.848041336766313,389,eligible_regular_session
2012-06-27,2012-06-28,train,6.496238081073118e-05,0.0054132934485902,2.709478463919778e-05,4.05814662756052e-05,5.243094743926262e-05,-10.516169297337342,-10.112199091257207,-9.856013540986883,389,eligible_regular_session
2012-06-28,2012-06-29,train,4.4366396728269656e-05,0.0032398819790125,6.496238081073118e-05,4.3038748291861577e-05,5.311906065342393e-05,-9.641702212370959,-10.053409724971807,-9.84297473643468,389,eligible_regular_session
2012-06-29,2012-07-02,train,4.247712099719265e-05,0.0148493955604321,4.4366396728269656e-05,4.496011243168493e-05,5.277176289744822e-05,-10.023028205511217,-10.00973485167723,-9.849534303914101,389,eligible_regular_session
2012-07-02,2012-07-05,train,2.847572200784481e-05,0.0026768083512308,4.247712099719265e-05,4.504635326091595e-05,5.124935366411781e-05,-10.06654495646306,-10.007818525889759,-9.878807551457129,389,eligible_regular_session
2012-07-05,2012-07-06,train,3.270399006605256e-05,-0.0014173621906093,2.847572200784481e-05,4.147528103664721e-05,4.887844470403844e-05,-10.466458693101918,-10.090412945861363,-9.92617406226431,389,eligible_regular_session
2012-07-06,2012-07-09,train,2.740529731375775e-05,-0.003537192065416,3.270399006605256e-05,4.259712212201817e-05,4.709398526207056e-05,-10.328013467136365,-10.063723862792116,-9.963365266538664,389,eligible_regular_session
2012-07-09,2012-07-10,train,3.896990389278203e-05,-0.0001700535672833,2.740529731375775e-05,3.5085705422623486e-05,4.5856167712170977e-05,-10.504774230637697,-10.257716763359154,-9.990000848959296,389,eligible_regular_session
2012-07-10,2012-07-11,train,5.301895636577458e-05,-0.0122623649239222,3.896990389278203e-05,3.400640685552596e-05,4.616993107617033e-05,-10.152720904801402,-10.288961614172885,-9.983181814273644,389,eligible_regular_session
2012-07-11,2012-07-12,train,4.8608434105368256e-05,0.0007232464385951,5.301895636577458e-05,3.611477392924235e-05,4.577789239514336e-05,-9.84486104108108,-10.22880852622791,-9.991709282176698,389,eligible_regular_session
2012-07-12,2012-07-13,train,2.359527187527864e-05,0.0002172585722671,4.8608434105368256e-05,4.014131634874704e-05,4.631865273482095e-05,-9.931713500851648,-10.123104421193904,-9.979965811158358,389,eligible_regular_session
2012-07-13,2012-07-16,train,2.5006560464587376e-05,0.0132117212893397,2.359527187527864e-05,3.8319572710592245e-05,4.51344042101719e-05,-10.654464210272158,-10.16954975548244,-10.005865759474716,389,eligible_regular_session
2012-07-16,2012-07-17,train,4.394322314349958e-05,-0.0001403513958033,2.5006560464587376e-05,3.7839825340758175e-05,4.3235662483856004e-05,-10.596372348938312,-10.18214842952174,-10.048844882809185,389,eligible_regular_session
2012-07-17,2012-07-18,train,2.303176657439007e-05,0.0033136333675313,4.394322314349958e-05,3.883448919090168e-05,4.304523912517727e-05,-10.032612140409466,-10.15620180949701,-10.053258922632772,389,eligible_regular_session
2012-07-18,2012-07-19,train,3.258117338458255e-05,0.0091709852127653,2.303176657439007e-05,3.283705123262479e-05,4.00724457292188e-05,-10.678636139544674,-10.323953069353582,-10.124821598762127,389,eligible_regular_session
2012-07-19,2012-07-20,train,2.676808097943224e-05,0.0011412995332441,3.258117338458255e-05,2.963159908846764e-05,4.059029997922994e-05,-10.331775939951424,-10.426669229273875,-10.11198143666948,389,eligible_regular_session
2012-07-20,2012-07-23,train,4.094292445063313e-05,-0.00604209346117,2.676808097943224e-05,3.0266160909298365e-05,4.003604239303813e-05,-10.528300388491557,-10.405480271209958,-10.125730449735094,389,eligible_regular_session
2012-07-23,2012-07-24,train,5.757712991986846e-05,0.0019419352812171,4.094292445063313e-05,3.345343370650751e-05,4.073596916146593e-05,-10.103331547682583,-10.305356124744856,-10.108399092623491,389,eligible_regular_session
2012-07-24,2012-07-25,train,4.447293064159387e-05,-0.0094541371166407,5.757712991986846e-05,3.618021506178129e-05,3.897007565718507e-05,-9.762385119109936,-10.226998133797508,-10.152716497194318,389,eligible_regular_session
2012-07-25,2012-07-26,train,5.083197467685238e-05,-0.0011727928377128,4.447293064159387e-05,4.046844787522205e-05,3.859721019864619e-05,-10.020629854070606,-10.114987952289809,-10.162330558751899,389,eligible_regular_session
2012-07-26,2012-07-27,train,4.7670086519923505e-05,0.0077375537389515,5.083197467685238e-05,4.411860813367602e-05,3.932777377354162e-05,-9.886984978610586,-10.028628911364088,-10.143579576897295,389,eligible_regular_session
2012-07-27,2012-07-30,train,3.072456626733871e-05,0.0149763255111023,4.7670086519923505e-05,4.829900924177426e-05,3.958341784940006e-05,-9.951206473772817,-9.938099510108799,-10.137100268577175,389,eligible_regular_session
2012-07-30,2012-07-31,train,2.8101204562181543e-05,7.219304419961449e-06,3.072456626733871e-05,4.625533760511538e-05,3.887403071931599e-05,-10.390448019215926,-9.981333692986624,-10.155184121040898,389,eligible_regular_session
2012-07-31,2012-08-01,train,4.530584631047361e-05,-0.002743287365934,2.8101204562181543e-05,4.0360152533578e-05,3.891977707945161e-05,-10.479698115561787,-10.117667583160488,-10.154008028323418,389,eligible_regular_session
2012-08-01,2012-08-02,train,7.048166066151296e-05,-0.0060019751776609,4.530584631047361e-05,4.052673566735395e-05,3.8026298238530814e-05,-10.002074476176155,-10.113548661713637,-10.17723257869152,389,eligible_regular_session
2012-08-02,2012-08-03,train,2.9615195578979383e-05,-0.0017934335874755,7.048166066151296e-05,4.445667286428607e-05,3.921335569004187e-05,-9.560158014447177,-10.02099548658999,-10.146493162816476,389,eligible_regular_session
2012-08-03,2012-08-06,train,1.3802275983165292e-05,0.0102414517541087,2.9615195578979383e-05,4.0845694676097244e-05,3.862872271648673e-05,-10.427222964205848,-10.105709135698538,-10.16151444638135,389,eligible_regular_session
2012-08-06,2012-08-07,train,1.0443409145504343e-05,-8.607148241915846e-05,1.3802275983165292e-05,3.7461236619262554e-05,3.796174789718311e-05,-11.19067705308364,-10.192203849767031,-10.178931539519104,389,eligible_regular_session
2012-08-07,2012-08-08,train,1.3462987746495595e-05,0.0010212645284068,1.0443409145504343e-05,3.392967753592712e-05,3.6949903309885464e-05,-11.469539482310239,-10.29122048301739,-10.205947527356019,389,eligible_regular_session
2012-08-08,2012-08-09,train,1.5171101743058229e-05,0.0034222752571355,1.3462987746495595e-05,2.7561105823131517e-05,3.6316161965919005e-05,-11.2155662861291,-10.499104988417256,-10.22324768255946,389,eligible_regular_session
2012-08-09,2012-08-10,train,1.543291243885607e-05,0.0012698414404759,1.5171101743058229e-05,1.6498994039440567e-05,3.523439823184065e-05,-11.096118140803416,-11.012211146222953,-10.25348773003581,389,eligible_regular_session
2012-08-10,2012-08-13,train,1.612055758992071e-05,0.0047712702263273,1.543291243885607e-05,1.3662537411415906e-05,3.352594168970799e-05,-11.079008157692462,-11.200852966209856,-10.303191040012562,389,eligible_regular_session
2012-08-13,2012-08-14,train,2.009553138065655e-05,0.0001709438240022,1.612055758992071e-05,1.4126193732766991e-05,3.204922002991492e-05,-11.035415231538558,-11.167479772448411,-10.348237710933818,389,eligible_regular_session
2012-08-14,2012-08-15,train,1.3031366401525424e-05,-0.003299605476908,2.009553138065655e-05,1.605661817979743e-05,3.1890140916523006e-05,-10.815013086986179,-11.039389445729249,-10.353213658120994,389,eligible_regular_session
2012-08-15,2012-08-16,train,1.0245556063226172e-05,0.0023008739933495,1.3031366401525424e-05,1.5970293910803398e-05,3.134581391365656e-05,-11.248151306513934,-11.044780191974118,-10.370429827276002,389,eligible_regular_session
2012-08-16,2012-08-17,train,7.722997155144124e-06,0.0057606009165225,1.0245556063226172e-05,1.4985184774836985e-05,2.9814101773644128e-05,-11.48866650119912,-11.10844852661855,-10.420529062502618,389,eligible_regular_session
2012-08-17,2012-08-20,train,1.1279851682660996e-05,0.0012204457905097,7.722997155144124e-06,1.3443201718094597e-05,2.9118248618223856e-05,-11.771308036738716,-11.217037028167367,-10.444145480049437,389,eligible_regular_session
2012-08-20,2012-08-21,train,1.98623128636556e-05,0.0014326599460225,1.1279851682660996e-05,1.2475060536642653e-05,2.8150006722681968e-05,-11.392492460681073,-11.29177906370178,-10.477962964562192,389,eligible_regular_session
2012-08-21,2012-08-22,train,3.0604370986465676e-05,-0.0054055711488703,1.98623128636556e-05,1.2428416833242463e-05,2.783610817196485e-05,-10.82668644773648,-11.295525027146994,-10.489176524943638,389,eligible_regular_session
2012-08-22,2012-08-23,train,2.512463129651425e-05,0.0016282382523619,3.0604370986465676e-05,1.594301775023051e-05,2.7366173923593598e-05,-10.39436771651203,-11.046489583183929,-10.506202835564102,389,eligible_regular_session
2012-08-23,2012-08-24,train,2.1350823567905737e-05,-0.0059934699349582,2.512463129651425e-05,1.891883279688813e-05,2.5891060349804774e-05,-10.591661866458312,-10.87535268773994,-10.561612809079486,389,eligible_regular_session
2012-08-24,2012-08-27,train,1.5145045598323531e-05,0.0080330861131912,2.1350823567905737e-05,2.1644398079440456e-05,2.484005548281895e-05,-10.754420244424454,-10.74076388621466,-10.603053067293642,389,eligible_regular_session
2012-08-27,2012-08-28,train,1.842017879920509e-05,-0.0019055383243071,1.5145045598323531e-05,2.241743686257296e-05,2.321792234288582e-05,-11.097837102705615,-10.70567147055897,-10.670586062748406,389,eligible_regular_session
2012-08-28,2012-08-29,train,1.1034667344938306e-05,0.0011430073694036,1.842017879920509e-05,2.2129010049682858e-05,2.188838108285316e-05,-10.902063820386989,-10.718621138309798,-10.729554606092128,389,eligible_regular_session
2012-08-29,2012-08-30,train,1.3363176238282886e-05,0.0003474179437315,1.1034667344938306e-05,1.821506932137738e-05,2.099338567728951e-05,-11.414468664161856,-10.913261321780691,-10.771303137601729,389,eligible_regular_session
2012-08-30,2012-08-31,train,5.2856859902600226e-05,-0.0024473528374714,1.3363176238282886e-05,1.5862778309731112e-05,2.0323475298930478e-05,-11.223007675725574,-11.051535179940968,-10.803733921387025,389,eligible_regular_session
2012-08-31,2012-09-04,train,2.543314012868666e-05,0.0004548749882977,5.2856859902600226e-05,2.2163985576670007e-05,2.066670318948169e-05,-9.847923054589696,-10.71704185771421,-10.78698669435587,389,eligible_regular_session
2012-09-04,2012-09-05,train,2.13723784194524e-05,-0.0007256326483144,2.543314012868666e-05,2.4221604482742633e-05,1.8619043165262315e-05,-10.579457504883802,-10.628265575842649,-10.89132567490822,389,eligible_regular_session
2012-09-05,2012-09-06,train,2.182478089721524e-05,-0.0012249841286831,2.13723784194524e-05,2.4812044406792095e-05,1.8244369658011083e-05,-10.753411197706376,-10.604181361124548,-10.91165403742516,389,eligible_regular_session
2012-09-06,2012-09-07,train,1.2533747277069824e-05,0.0142833952515068,2.182478089721524e-05,2.697006711724748e-05,1.860902897228608e-05,-10.732464495362757,-10.520782932226652,-10.891863666409943,389,eligible_regular_session
2012-09-07,2012-09-10,train,1.1578363011267576e-05,0.0035324523847838,1.2533747277069824e-05,2.680418132500487e-05,1.8704044341902697e-05,-11.287085769356144,-10.526952663027519,-10.886770782519735,389,eligible_regular_session
2012-09-10,2012-09-11,train,1.3181667306740311e-05,-0.0051713243470747,1.1578363011267576e-05,1.8548481946738342e-05,1.8618379581210512e-05,-11.366372459260575,-10.895122608014903,-10.891361315616031,389,eligible_regular_session
2012-09-11,2012-09-12,train,1.555026077850575e-05,0.0025136869453039,1.3181667306740311e-05,1.6098187382349072e-05,1.8527950743196062e-05,-11.236683534103136,-11.036803877259281,-10.896230115083481,389,eligible_regular_session
2012-09-12,2012-09-13,train,7.498693609806758e-05,-0.0005428541734731,1.555026077850575e-05,1.493376385415974e-05,1.8533284758634685e-05,-11.071433149157738,-11.111885878107381,-10.89594226631626,389,eligible_regular_session
2012-09-13,2012-09-14,train,2.6526934000553568e-05,0.0157931638212459,7.498693609806758e-05,2.556619489433021e-05,2.1209029236277725e-05,-9.498196644959094,-10.574239591063185,-10.761083559587517,389,eligible_regular_session
2012-09-14,2012-09-17,train,1.5472239509956935e-05,0.0012224397729325,2.6526934000553568e-05,2.8364832239026956e-05,2.1501365719000314e-05,-10.537349963754492,-10.47036048156858,-10.747394103034114,389,eligible_regular_session
2012-09-17,2012-09-18,train,1.558666450454681e-05,-0.0019905949283614,1.5472239509956935e-05,2.914360753876483e-05,2.1612314496656293e-05,-11.0764631391536,-10.443274964627683,-10.742247290142364,389,eligible_regular_session
2012-09-18,2012-09-19,train,1.584235422008643e-05,0.0003426840418163,1.558666450454681e-05,2.962460697832613e-05,2.1855092153079957e-05,-11.069094848744513,-10.426905225151373,-10.731076613090512,389,eligible_regular_session
2012-09-19,2012-09-20,train,2.026531166555915e-05,0.0008490185445399,1.584235422008643e-05,2.968302566664227e-05,2.2224153837850064e-05,-11.05282355761614,-10.424935201914755,-10.714330849826764,389,eligible_regular_session
2012-09-20,2012-09-21,train,1.0625468407901514e-05,0.0033060602293865,2.026531166555915e-05,1.873870078014058e-05,2.2632583837072708e-05,-10.806599918502677,-10.884919612258486,-10.696119927325638,389,eligible_regular_session
2012-09-21,2012-09-24,train,1.570967922966273e-05,-0.0028181749776261,1.0625468407901514e-05,1.5558407661610167e-05,2.2212727270902064e-05,-11.452256758675974,-11.070909379822748,-10.7148451328689,389,eligible_regular_session
2012-09-24,2012-09-25,train,3.0512781328974073e-05,0.0027005036046996,1.570967922966273e-05,1.5605895605551327e-05,2.1535695827411023e-05,-11.061233524131632,-11.067861791671078,-10.745798728514636,389,eligible_regular_session
2012-09-25,2012-09-26,train,3.188191832322779e-05,-0.0129955180755085,3.0512781328974073e-05,1.859111897043678e-05,2.178061173797738e-05,-10.39736490216565,-10.892826565980165,-10.734490353710767,389,eligible_regular_session
2012-09-26,2012-09-27,train,2.4400284673752043e-05,-0.0051000107064056,3.188191832322779e-05,2.1799031791065053e-05,2.2259297863219287e-05,-10.35347153260204,-10.733645002409425,-10.712750755147178,389,eligible_regular_session
2012-09-27,2012-09-28,train,3.396826661154064e-05,0.0061629097562305,2.4400284673752043e-05,2.2626026392703632e-05,2.267999054846604e-05,-10.620915758776125,-10.6964097039839,-10.69402749583911,389,eligible_regular_session
2012-09-28,2012-10-01,train,4.830819184103752e-05,-0.0009506000944811,3.396826661154064e-05,2.7294586033431455e-05,2.3386721812663113e-05,-10.290083804131072,-10.508822189233861,-10.663342140561126,389,eligible_regular_session
2012-10-01,2012-10-02,train,4.101205534463594e-05,-0.0006507036828218,4.830819184103752e-05,3.3814288555706414e-05,2.5080972926122165e-05,-9.937909408352656,-10.294627106469468,-10.593401050044397,389,eligible_regular_session
2012-10-02,2012-10-03,train,2.5331347287960737e-05,-0.0019834900019955,4.101205534463594e-05,3.5914143358838786e-05,2.6337740158229125e-05,-10.101644501683138,-10.23437937462678,-10.544507660385587,389,eligible_regular_session
2012-10-03,2012-10-04,train,2.2393696842509325e-05,0.00211814055465,2.5331347287960737e-05,3.460402915178538e-05,2.5086580493927327e-05,-10.583467905947087,-10.271540433206743,-10.59317749647456,389,eligible_regular_session
2012-10-04,2012-10-05,train,2.029288137680346e-05,0.0045675019226316,2.2393696842509325e-05,3.4202711585536835e-05,2.494842398091927e-05,-10.70673102966055,-10.283205630911885,-10.598699904859295,389,eligible_regular_session
2012-10-05,2012-10-08,train,1.3240873582769284e-05,-0.0041878082074487,2.029288137680346e-05,3.146763453858939e-05,2.4899355933526135e-05,-10.805240404509444,-10.366551015312353,-10.600668620951595,389,eligible_regular_session
2012-10-08,2012-10-09,train,2.6727209501267832e-05,0.0006939124918171,1.3240873582769284e-05,2.445417088693575e-05,2.4509178328324047e-05,-11.232202029060335,-10.618709768169213,-10.61646288492238,389,eligible_regular_session
2012-10-09,2012-10-10,train,3.0634970550891206e-05,-0.0084200989963871,2.6727209501267832e-05,2.159720171826213e-05,2.5154335702151228e-05,-10.529828429025583,-10.742946801746948,-10.59048028255291,389,eligible_regular_session
2012-10-10,2012-10-11,train,2.078727229541371e-05,-0.0059018162050314,3.0634970550891206e-05,2.2657926370848222e-05,2.6020545135770483e-05,-10.39336837307678,-10.695000817105678,-10.556624134454854,389,eligible_regular_session
2012-10-11,2012-10-12,train,2.858711361921586e-05,-0.0053314528134317,2.078727229541371e-05,2.23366414614291e-05,2.6366254453437455e-05,-10.781169667423987,-10.709282113072247,-10.5434256058582,389,eligible_regular_session
2012-10-12,2012-10-15,train,2.39890595378553e-05,-0.0029838982597768,2.858711361921586e-05,2.399548790991158e-05,2.695883867346973e-05,-10.462554514431563,-10.637644749044934,-10.521199348757838,389,eligible_regular_session
2012-10-15,2012-10-16,train,1.1173037016500506e-05,0.0065699184647144,2.39890595378553e-05,2.6145125100928783e-05,2.4640753375278267e-05,-10.637912684138069,-10.551847805446403,-10.611108844470985,389,eligible_regular_session
2012-10-16,2012-10-17,train,1.360915313340609e-05,0.0061302715451264,1.1173037016500506e-05,2.303429060397532e-05,2.3942848966912218e-05,-11.4020070913731,-10.678526556491885,-10.639840860449077,389,eligible_regular_session
2012-10-17,2012-10-18,train,2.62210684536205e-05,0.0045142776991758,1.360915313340609e-05,1.9629127120478292e-05,2.3858163222523545e-05,-11.204767967086546,-10.838496017272913,-10.643384125711059,389,eligible_regular_session
2012-10-18,2012-10-19,train,3.3398541186630985e-05,-0.0003635553004219,2.62210684536205e-05,2.071588635211965e-05,2.434154522020871e-05,-10.548947330892963,-10.78460969541306,-10.623325987612708,389,eligible_regular_session
2012-10-19,2012-10-22,train,4.3263069373364254e-05,-0.0149045615842542,3.3398541186630985e-05,2.1678171865602677e-05,2.5139553718688008e-05,-10.306998335982465,-10.73920470849057,-10.591068106801902,389,eligible_regular_session
2012-10-22,2012-10-23,train,4.575718026422175e-05,0.0014448700909288,4.3263069373364254e-05,2.5532973832704467e-05,2.6184906341770063e-05,-10.048211188191079,-10.575539849644052,-10.5503274070286,389,eligible_regular_session
2012-10-23,2012-10-24,train,3.904678518287345e-05,-0.0061851141340174,4.575718026422175e-05,3.2449802482248716e-05,2.778180233523916e-05,-9.992161832891377,-10.33581620166633,-10.491129343864321,389,eligible_regular_session
2012-10-24,2012-10-25,train,3.6919071222872086e-05,-0.0062044549779467,3.904678518287345e-05,3.753732889214219e-05,2.8842579878566923e-05,-10.150750010730174,-10.190174682983105,-10.453657794674347,389,eligible_regular_session
2012-10-25,2012-10-26,train,4.9561908583472655e-05,-0.0031729345145925,3.6919071222872086e-05,3.9676929445992505e-05,2.9133774873744102e-05,-10.206782305122973,-10.134740661455309,-10.443612408236403,389,eligible_regular_session
2012-10-26,2012-10-31,train,3.44753491263507e-05,-0.0005452775208132,4.9561908583472655e-05,4.290960292536084e-05,2.993741079466433e-05,-9.912287991382442,-10.05641491266572,-10.416401662516517,389,eligible_regular_session
2012-10-31,2012-11-01,train,2.233923703479593e-05,-0.0008137013599085,3.44753491263507e-05,4.115205887595813e-05,3.039536826978245e-05,-10.275266007393453,-10.098236598655204,-10.401220320706623,389,eligible_regular_session
2012-11-01,2012-11-02,train,3.406032340598767e-05,0.0083180167425392,2.233923703479593e-05,3.646847023007296e-05,2.986677601629405e-05,-10.70916591733275,-10.219062500004442,-10.418763865398356,389,eligible_regular_session
2012-11-02,2012-11-05,train,2.3916504907542977e-05,-0.0125384023766769,3.406032340598767e-05,3.547117787469581e-05,2.9219145632882695e-05,-10.287377387590205,-10.246790082098421,-10.44068639119025,389,eligible_regular_session
2012-11-05,2012-11-06,train,2.7027778705620335e-05,0.0040094101476904,2.3916504907542977e-05,3.287066461162999e-05,2.8442075158469376e-05,-10.640941755463206,-10.322929951094016,-10.46764098950023,389,eligible_regular_session
2012-11-06,2012-11-07,train,7.802846932206337e-05,0.0056038291910414,2.7027778705620335e-05,2.8363838636059522e-05,2.85191856774539e-05,-10.51864537990516,-10.470395511579056,-10.46493351550976,389,eligible_regular_session
2012-11-07,2012-11-08,train,6.227320219428603e-05,-0.015029316255774,7.802846932206337e-05,3.7074462675202056e-05,3.1048038971979084e-05,-9.458436806559302,-10.202582162959608,-10.379974908681403,389,eligible_regular_session
2012-11-08,2012-11-09,train,7.574069671381558e-05,-0.0127022701320802,6.227320219428603e-05,4.506125570710008e-05,3.295623537277375e-05,-9.683979366051915,-10.007487755902837,-10.320330077505432,389,eligible_regular_session
2012-11-09,2012-11-12,train,1.614814605481181e-05,0.0040237703365125,7.574069671381558e-05,5.339733036866566e-05,3.579713642418495e-05,-9.488194936776457,-9.83774980634397,-10.2376426559081,389,eligible_regular_session
2012-11-12,2012-11-13,train,4.599942046003656e-05,-0.001549501066672,1.614814605481181e-05,5.1843658598119425e-05,3.531626990389149e-05,-11.03370531025279,-9.867277933601137,-10.25116679641559,389,eligible_regular_session
2012-11-13,2012-11-14,train,5.885115926818383e-05,0.0012518925589824,4.599942046003656e-05,5.563798694900267e-05,3.601465399067082e-05,-9.986881760249402,-9.796644371488007,-10.231584647036284,389,eligible_regular_session
2012-11-14,2012-11-15,train,6.198081248058308e-05,-0.0159903880945235,5.885115926818383e-05,5.180252493822676e-05,3.774483067125128e-05,-9.740499025757293,-9.868071665905575,-10.184662027506704,389,eligible_regular_session
2012-11-15,2012-11-16,train,8.492103855250647e-05,-0.0013143032024912,6.198081248058308e-05,5.174404699548617e-05,3.9262726074040706e-05,-9.688685696936426,-9.869201166339352,-10.145234935101678,389,eligible_regular_session
2012-11-16,2012-11-19,train,2.7953156566522396e-05,0.0043997904248917,8.492103855250647e-05,5.358011536322434e-05,4.203236148379757e-05,-9.373788691428842,-9.834332540747772,-10.077070724853524,389,eligible_regular_session
2012-11-19,2012-11-20,train,3.8687968913555715e-05,0.0117833655534932,2.7953156566522396e-05,5.594111746556646e-05,4.279509419061675e-05,-10.484980428549552,-9.79121089424471,-10.059087083660655,389,eligible_regular_session
2012-11-20,2012-11-21,train,1.3920725356087244e-05,0.0028359396543734,3.8687968913555715e-05,5.4478827156270306e-05,4.393504036244173e-05,-10.15998188704866,-9.817698424323353,-10.03279837033152,389,eligible_regular_session
2012-11-21,2012-11-26,train,2.0678392306566455e-05,0.0021158545795467,1.3920725356087244e-05,4.549274037385098e-05,4.33759338580084e-05,-11.18213179550131,-9.997957796960234,-10.045605790061387,389,eligible_regular_session
2012-11-26,2012-11-27,train,3.873654425126338e-05,0.0017509773643626,2.0678392306566455e-05,3.723225633904766e-05,4.279774527255093e-05,-10.78642125280804,-10.198335066515929,-10.059025137312068,389,eligible_regular_session
2012-11-27,2012-11-28,train,5.501904570901541e-05,-0.0036751235778911,3.873654425126338e-05,2.7995357478799036e-05,4.2591994130637246e-05,-10.158727107597155,-10.483471865864733,-10.06384425355593,389,eligible_regular_session
2012-11-28,2012-11-29,train,3.873566283938569e-05,0.011630112180861,5.501904570901541e-05,3.3408535307297644e-05,4.3012988014491504e-05,-9.807831147056367,-10.306699142505796,-10.054008441029039,389,eligible_regular_session
2012-11-29,2012-11-30,train,2.572106470976051e-05,0.0005723229046515,3.873566283938569e-05,3.3418074092463634e-05,4.299884608978752e-05,-10.158749861870225,-10.306413663852412,-10.054337277752001,389,eligible_regular_session
2012-11-30,2012-12-03,train,3.082959499903744e-05,0.0004308655165878,2.572106470976051e-05,3.5778141963198286e-05,4.248984579373699e-05,-10.56820026327123,-10.238173410712287,-10.066245433080736,389,eligible_regular_session
2012-12-03,2012-12-04,train,3.747880830167232e-05,-0.0089284415371323,3.082959499903744e-05,3.7808382501692485e-05,4.163837699444448e-05,-10.387035452739026,-10.182979720619658,-10.086488292055796,389,eligible_regular_session
2012-12-04,2012-12-05,train,4.72184658417031e-05,-0.0012784819060581,3.747880830167232e-05,3.7556835311774276e-05,4.1774897866050006e-05,-10.191734896679257,-10.189655164049041,-10.083214928343974,389,eligible_regular_session
2012-12-05,2012-12-06,train,2.3773783667421765e-05,0.0020736581919036,4.72184658417031e-05,3.599671933831181e-05,4.2905771902727606e-05,-9.960725516421679,-10.232082753152048,-10.056504197893302,389,eligible_regular_session
2012-12-06,2012-12-07,train,2.9698226543092573e-05,0.0048563573581795,2.3773783667421765e-05,3.300434350391903e-05,4.2438201914610976e-05,-10.64692711099205,-10.318871383828242,-10.067461612820765,389,eligible_regular_session
2012-12-07,2012-12-10,train,1.4066732698637104e-05,0.0002820993854836,2.9698226543092573e-05,3.379977587058544e-05,4.270100744349959e-05,-10.424423226292259,-10.295056386545054,-10.061288044483437,389,eligible_regular_session
2012-12-10,2012-12-11,train,2.159542438217306e-05,0.0019687476589638,1.4066732698637104e-05,3.0447203410505377e-05,4.211186898863672e-05,-11.171697931385527,-10.399516410045633,-10.075180933288376,389,eligible_regular_session
2012-12-11,2012-12-12,train,2.669582511768613e-05,0.0036197356993011,2.159542438217306e-05,2.7270526626605518e-05,3.954673058227807e-05,-10.743029099872833,-10.509704049719883,-10.138027532596713,389,eligible_regular_session
2012-12-12,2012-12-13,train,2.2557813689005217e-05,-0.0020698005417409,2.669582511768613e-05,2.3165998481802128e-05,3.792957707879626e-05,-10.53100336741746,-10.672824936989729,-10.179779352370547,389,eligible_regular_session
2012-12-13,2012-12-14,train,1.684960958193689e-05,-0.0053392660317455,2.2557813689005217e-05,2.2922804486118816e-05,3.5512173304941234e-05,-10.699429046978935,-10.683378313824775,-10.245635010264756,389,eligible_regular_session
2012-12-14,2012-12-17,train,1.88647749526652e-05,-0.0017178187224928,1.684960958193689e-05,2.035308109388768e-05,3.5544058010719645e-05,-10.991183071645798,-10.80227825243122,-10.244737560250082,389,eligible_regular_session
2012-12-17,2012-12-18,train,1.9060784318008188e-05,0.0090453866166837,1.88647749526652e-05,2.13126895446933e-05,3.431066503311187e-05,-10.87821413397695,-10.756207909367438,-10.280054318212343,389,eligible_regular_session
2012-12-18,2012-12-19,train,1.863627402856492e-05,0.0101930032373082,1.9060784318008188e-05,2.0805761531860326e-05,3.25020116262857e-05,-10.867877510636891,-10.780280612889458,-10.334208574350667,389,eligible_regular_session
2012-12-19,2012-12-20,train,2.454109988297844e-05,-0.007892076802937,1.863627402856492e-05,1.919385131403608e-05,3.053180533301215e-05,-10.890400659859141,-10.860920574280238,-10.396741619883167,389,eligible_regular_session
2012-12-20,2012-12-21,train,4.736439067039014e-05,0.0045482241411625,2.454109988297844e-05,1.959050855283073e-05,2.778726266621541e-05,-10.615161299678624,-10.840465366526974,-10.490932819737319,389,eligible_regular_session
2012-12-21,2012-12-26,train,2.05406571918201e-05,-0.0040119925012156,4.736439067039014e-05,2.5693464770521378e-05,2.8669591489118494e-05,-9.957639863273728,-10.569273887484822,-10.459673526893269,389,eligible_regular_session
2012-12-26,2012-12-27,train,6.357710401240672e-05,-0.0051837607649812,2.05406571918201e-05,2.6028641218352357e-05,2.7844713683585062e-05,-10.793104358268796,-10.556313040921438,-10.488867423482779,389,eligible_regular_session
2012-12-27,2012-12-28,train,4.465097065358827e-05,-0.0012546434018424,6.357710401240672e-05,3.493190515723207e-05,3.0101821804326848e-05,-9.663257152238609,-10.262109958484833,-10.41092486298032,389,eligible_regular_session
2012-12-28,2012-12-31,train,8.8229881475298e-05,-0.0056860738151879,4.465097065358827e-05,4.0134844482236736e-05,3.119148445646421e-05,-10.016634511715948,-10.12326566125465,-10.37536543448981,389,eligible_regular_session
2012-12-31,2013-01-02,train,4.3929584222428904e-05,0.0193700882346938,8.8229881475298e-05,5.287260080070065e-05,3.3441181603011235e-05,-9.33556486009172,-9.847625296554952,-10.305722435353761,389,eligible_regular_session
2013-01-02,2013-01-03,train,2.492456079065962e-05,0.0123383553683852,4.3929584222428904e-05,5.2185639511108405e-05,3.293711517180276e-05,-10.032922564568862,-9.860703206075225,-10.320910415319478,389,eligible_regular_session
2013-01-03,2013-01-04,train,1.6334615398792275e-05,-0.0013424199817414,2.492456079065962e-05,5.306242023087631e-05,3.230933780595157e-05,-10.599656863508955,-9.844041597198878,-10.340154273356415,389,eligible_regular_session
2013-01-04,2013-01-07,train,1.4519500176012796e-05,0.0037242718369393,1.6334615398792275e-05,4.3613922508153415e-05,3.1882681019089385e-05,-11.022224057798626,-10.04013413500071,-10.353447610367148,389,eligible_regular_session
2013-01-07,2013-01-08,train,1.701857256630911e-05,-0.000184690524191,1.4519500176012796e-05,3.758762841263832e-05,3.114131307258826e-05,-11.140017972299729,-10.18883559328996,-10.376975225697631,389,eligible_regular_session
2013-01-08,2013-01-09,train,1.426330212641732e-05,-0.0020362905423959,1.701857256630911e-05,2.3345366630840543e-05,3.0211302357344483e-05,-10.981205306355607,-10.665112024766835,-10.40729445335441,389,eligible_regular_session
2013-01-09,2013-01-10,train,1.839219309990348e-05,0.0004518350741956,1.426330212641732e-05,1.7412110211638225e-05,2.871334037028603e-05,-11.157820604117902,-10.958344604657325,-10.458148721930316,389,eligible_regular_session
2013-01-10,2013-01-11,train,9.568279944039152e-06,0.0022648063682478,1.839219309990348e-05,1.6105636673486998e-05,2.8468722617217016e-05,-10.9035842714337,-11.03634124330265,-10.466704525358573,389,eligible_regular_session
2013-01-11,2013-01-14,train,1.3589519654568584e-05,0.0001155185595441,9.568279944039152e-06,1.475236958253637e-05,2.7553725044532776e-05,-11.55705710281872,-11.124106838417738,-10.499372821177575,389,eligible_regular_session
2013-01-14,2013-01-15,train,1.2151560543181532e-05,0.0001359905896608,1.3589519654568584e-05,1.4566373478247529e-05,2.753203354252966e-05,-11.206211675932249,-11.136794872084826,-10.500160375118218,389,eligible_regular_session
2013-01-15,2013-01-16,train,8.668811862137758e-06,0.0046429384243225,1.2151560543181532e-05,1.3592971073622014e-05,2.7102767004393682e-05,-11.31805295665737,-11.205957731648297,-10.515874731807664,389,eligible_regular_session
2013-01-16,2013-01-17,train,1.1536831720331608e-05,0.0014882825998285,8.668811862137758e-06,1.2474073020766103e-05,2.6283357310959665e-05,-11.6557788166852,-11.291858226040207,-10.546574620948812,389,eligible_regular_session
2013-01-17,2013-01-18,train,1.1766803349109014e-05,0.0032795450206608,1.1536831720331608e-05,1.1103000744851726e-05,2.5782403585110865e-05,-11.369965882210998,-11.40829514880652,-10.5658183303109,389,eligible_regular_session
2013-01-18,2013-01-22,train,1.0261113468661391e-05,0.0036139824788478,1.1766803349109014e-05,1.15427054258657e-05,2.5551366938164142e-05,-11.350228266689012,-11.369456885377682,-10.574819742230432,389,eligible_regular_session
2013-01-22,2013-01-23,train,7.451793339658414e-06,0.0041847669946544,1.0261113468661391e-05,1.0877024188684261e-05,2.516029141616397e-05,-11.487149198899424,-11.428857866017186,-10.590243543680671,389,eligible_regular_session
2013-01-23,2013-01-24,train,1.562497858971537e-05,0.0003814201589987,7.451793339658414e-06,9.937070747979638e-06,2.463261000805716e-05,-11.807055837807757,-11.519238274088622,-10.611439382787678,389,eligible_regular_session
2013-01-24,2013-01-25,train,1.6927367935698814e-05,0.0025444965584003,1.562497858971537e-05,1.1328304093495158e-05,2.4495732942654907e-05,-11.066639732600963,-11.388206176961566,-10.617011621188105,389,eligible_regular_session
2013-01-25,2013-01-28,train,1.208014632884425e-05,0.0030191468690574,1.6927367935698814e-05,1.2406411336568601e-05,2.4149654217778565e-05,-10.986578841377563,-11.297297175702438,-10.631240496072605,389,eligible_regular_session
2013-01-28,2013-01-29,train,1.322244826306511e-05,-0.0016917660340121,1.208014632884425e-05,1.2469079932515646e-05,2.2545824929526478e-05,-11.32394725221605,-11.292258583471082,-10.699960656406835,389,eligible_regular_session
2013-01-29,2013-01-30,train,1.662592813708135e-05,0.0059264852446787,1.322244826306511e-05,1.3061346891396392e-05,2.2213179069128522e-05,-11.233594546809158,-11.245853308392558,-10.714824793464993,389,eligible_regular_session
2013-01-30,2013-01-31,train,1.6632391515392425e-05,-0.0037150675585274,1.662592813708135e-05,1.489617385088098e-05,2.0079034711159184e-05,-11.004547145186303,-11.114406166520158,-10.815834336449676,389,eligible_regular_session
2013-01-31,2013-02-01,train,1.7667663235592425e-05,-0.001213948549603,1.6632391515392425e-05,1.5097656436016389e-05,1.8805462932150286e-05,-11.004158467799112,-11.100971029101435,-10.881363148841642,389,eligible_regular_session
2013-02-01,2013-02-04,train,1.9591020023600768e-05,0.0055801275396218,1.7667663235592425e-05,1.524571549599511e-05,1.559808937580003e-05,-10.943774525109387,-11.091212045467291,-11.068362127119824,389,eligible_regular_session
2013-02-04,2013-02-05,train,1.347400006912891e-05,-0.0069758660387152,1.9591020023600768e-05,1.6747890234946416e-05,1.4491791003126025e-05,-10.840439258777295,-10.997238263748939,-11.14192820656966,389,eligible_regular_session
2013-02-05,2013-02-06,train,1.4432252147017307e-05,0.0063594696610885,1.347400006912891e-05,1.6798200596159174e-05,1.3971310970329176e-05,-11.214748650295265,-10.994238784662942,-11.178504547270844,389,eligible_regular_session
2013-02-06,2013-02-07,train,2.468224911587822e-05,0.0031862877589231,1.4432252147017307e-05,1.6359465398146365e-05,1.3884839913430313e-05,-11.146045123412392,-11.020703904698507,-11.184712966733242,389,eligible_regular_session
2013-02-07,2013-02-08,train,8.922079698192146e-06,-0.0014831198549987,2.468224911587822e-05,1.7969436918243525e-05,1.4346783047060557e-05,-10.609426231965895,-10.926838192203787,-11.151984818795455,389,eligible_regular_session
2013-02-08,2013-02-11,train,8.888830880332485e-06,0.0032936779994324,8.922079698192146e-06,1.622032021076347e-05,1.3978760643964335e-05,-11.626981488526058,-11.029245767747861,-11.17797147716538,389,eligible_regular_session
2013-02-11,2013-02-12,train,6.944545921870254e-06,0.0002373386438005,8.888830880332485e-06,1.4079882382109815e-05,1.3734466496415022e-05,-11.6307150266105,-11.170763560812606,-11.19560208180594,389,eligible_regular_session
2013-02-12,2013-02-13,train,1.0656209304140726e-05,0.0015872130625292,6.944545921870254e-06,1.2773991552658082e-05,1.3214118897413512e-05,-11.877553965915586,-11.268099364116932,-11.23422468656041,389,eligible_regular_session
2013-02-13,2013-02-14,train,1.0281116241440686e-05,-0.0007299390397587,1.0656209304140726e-05,1.2018782984082766e-05,1.3263570231963585e-05,-11.449367802454042,-11.329039883227626,-11.230489361184652,389,eligible_regular_session
2013-02-14,2013-02-15,train,1.2978575026229786e-05,0.0041233097544518,1.0281116241440686e-05,9.13855640919526e-06,1.3113188258639588e-05,-11.485201720034317,-11.603008127073558,-11.241892096876573,389,eligible_regular_session
2013-02-15,2013-02-19,train,8.85910394001065e-06,-0.0021500364977917,1.2978575026229786e-05,9.949855474802787e-06,1.3150779826050874e-05,-11.252210634977573,-11.517952532044712,-11.239029498737533,389,eligible_regular_session
2013-02-19,2013-02-20,train,2.4012262075564477e-05,0.0051809005925381,8.85910394001065e-06,9.94391008673842e-06,1.3159429465954185e-05,-11.634064933900797,-11.518550245757883,-11.238371986657798,389,eligible_regular_session
2013-02-20,2013-02-21,train,2.8269371046895523e-05,-0.0116973471501234,2.4012262075564477e-05,1.3357453317477263e-05,1.3726494482101135e-05,-10.63694593827623,-11.223436027975373,-11.19618268891172,389,eligible_regular_session
2013-02-21,2013-02-22,train,1.663248463667035e-05,-0.0030898574344547,2.8269371046895523e-05,1.6880085666028224e-05,1.4476611195636887e-05,-10.473731634582125,-10.989375993807668,-11.142976231847296,389,eligible_regular_session
2013-02-22,2013-02-25,train,4.8412783219279766e-05,0.0044845200729335,1.663248463667035e-05,1.8150359345074158e-05,1.4766218976000927e-05,-11.004152869024146,-10.916820198822728,-11.12316848769319,389,eligible_regular_session
2013-02-25,2013-02-26,train,4.934726853693225e-05,-0.0227144342410156,4.8412783219279766e-05,2.523720098368416e-05,1.6628082152347354e-05,-9.935746663013383,-10.587191422491232,-11.004417595983048,389,eligible_regular_session
2013-02-26,2013-02-27,train,2.700550107164201e-05,0.0021999707965237,4.934726853693225e-05,3.3334833903068475e-05,1.8160913513584482e-05,-9.916628142412284,-10.308907644565478,-10.91623888244483,389,eligible_regular_session
2013-02-27,2013-02-28,train,2.2958979116896e-05,0.0131472505391641,2.700550107164201e-05,3.393348170228398e-05,1.8619010474309177e-05,-10.519469969318664,-10.291108370159588,-10.891327430690273,389,eligible_regular_session
2013-02-28,2013-03-01,train,4.326377895488292e-05,-0.0005212233692043,2.2958979116896e-05,3.2871403316284074e-05,1.911350287376607e-05,-10.681801451051268,-10.322907478279351,-10.865115515946215,389,eligible_regular_session
2013-03-01,2013-03-04,train,2.2005745378569163e-05,0.0060315367679322,4.326377895488292e-05,3.819766217992659e-05,2.047901790521234e-05,-10.048194786772736,-10.17273624370287,-10.796109712789843,389,eligible_regular_session
2013-03-04,2013-03-05,train,1.849435142454539e-05,0.0068230457710396,2.2005745378569163e-05,3.291625461178447e-05,2.0723555052552695e-05,-10.72420698512929,-10.321543961052509,-10.784239579395052,389,eligible_regular_session
2013-03-05,2013-03-06,train,1.3892303697115152e-05,0.0043877707774299,1.849435142454539e-05,2.6745671189307098e-05,2.0808189593877827e-05,-10.898045200905154,-10.529137922416089,-10.78016391827361,389,eligible_regular_session
2013-03-06,2013-03-07,train,1.2117171029561693e-05,-0.0017823988022606,1.3892303697115152e-05,2.4123031714401724e-05,2.063658234212886e-05,-11.18417556202604,-10.632343501035427,-10.788445215260673,389,eligible_regular_session
2013-03-07,2013-03-08,train,1.3730569979446024e-05,0.0011465922529981,1.2117171029561693e-05,2.1954670096934863e-05,2.0296861933308903e-05,-11.320887017970755,-10.726530680393033,-10.805044268432022,389,eligible_regular_session
2013-03-08,2013-03-11,train,6.7016580831912205e-06,0.0002063877000258,1.3730569979446024e-05,1.6048028301847485e-05,2.030852420195968e-05,-11.195885825612256,-11.039924563171505,-10.804469848628077,389,eligible_regular_session
2013-03-11,2013-03-12,train,1.344623684315663e-05,0.0043665941733324,6.7016580831912205e-06,1.2987210842771896e-05,1.995713356269486e-05,-11.913155587081098,-11.251545466058435,-10.821923906477151,389,eligible_regular_session
2013-03-12,2013-03-13,train,1.1998781211142777e-05,-0.0016281250881633,1.344623684315663e-05,1.1977587926494145e-05,1.9446405732116605e-05,-11.216811279677453,-11.33247332724391,-10.847848300240495,389,eligible_regular_session
2013-03-13,2013-03-14,train,7.1130368039268015e-06,0.0014808140743553,1.1998781211142777e-05,1.159888342929967e-05,1.9586255800887086e-05,-11.330705479072524,-11.364601720579726,-10.840682472356436,389,eligible_regular_session
2013-03-14,2013-03-15,train,9.256215616579046e-06,0.003268395629341,7.1130368039268015e-06,1.059805658417269e-05,1.950553788832319e-05,-11.853581288048467,-11.454839914771073,-10.844812138440329,389,eligible_regular_session
2013-03-15,2013-03-18,train,2.263616868726623e-05,-0.0007879489073701,9.256215616579046e-06,9.703185711599295e-06,1.961061378353723e-05,-11.590215273553914,-11.543056302498037,-10.839439618728386,389,eligible_regular_session
2013-03-18,2013-03-19,train,4.537277609944598e-05,0.0022120977828662,2.263616868726623e-05,1.2890087832414295e-05,2.0155157391861113e-05,-10.695961546544144,-11.25905192703994,-10.812050352352895,389,eligible_regular_session
2013-03-19,2013-03-20,train,1.7905316584878042e-05,-0.0047353911745691,4.537277609944598e-05,1.9275395683672165e-05,2.1750232839952265e-05,-10.000598278162824,-10.856681110389804,-10.735886095201721,389,eligible_regular_session
2013-03-20,2013-03-21,train,2.530995876722743e-05,0.0011680894723951,1.7905316584878042e-05,2.0456702758419222e-05,2.197417563807264e-05,-10.930412873303085,-10.797199965930218,-10.725642628722506,389,eligible_regular_session
2013-03-21,2013-03-22,train,1.5561531916617647e-05,-0.0033709856204613,2.530995876722743e-05,2.4096087151079347e-05,2.2721941766582495e-05,-10.584312612518508,-10.63346108952567,-10.6921795026848,389,eligible_regular_session
2013-03-22,2013-03-25,train,3.149317832276757e-05,0.0035910147478273,1.5561531916617647e-05,2.535715041108707e-05,2.2337817668448547e-05,-11.070708591835347,-10.582449800202136,-10.709229456272697,389,eligible_regular_session
2013-03-25,2013-03-26,train,1.5158868063118451e-05,-0.0062490770366771,3.149317832276757e-05,2.7128552338187335e-05,2.248435436280637e-05,-10.365739596767428,-10.514923792901904,-10.702690852282998,389,eligible_regular_session
2013-03-26,2013-03-27,train,1.6160037109933945e-05,0.0036708103219731,1.5158868063118451e-05,2.108577073092183e-05,2.241737179128128e-05,-11.096924846558904,-10.76691211791606,-10.705674373272002,389,eligible_regular_session
2013-03-27,2013-03-28,train,1.033547913384212e-05,0.0052079776501573,1.6160037109933945e-05,2.0736714835933007e-05,2.0951337877220105e-05,-11.032969208467158,-10.7836047652051,-10.773308053147288,389,eligible_regular_session
2013-03-28,2013-04-01,train,1.7971950609202874e-05,0.0034659424805856,1.033547913384212e-05,1.7741818909255943e-05,1.9178074722534192e-05,-11.479928005591447,-10.9395860548137,-10.861742872977251,389,eligible_regular_session
2013-04-01,2013-04-02,train,1.314262915051901e-05,-0.0037123813030855,1.7971950609202874e-05,1.8223902647772992e-05,1.876745879242332e-05,-10.9266983149683,-10.91277649325281,-10.883386103189778,389,eligible_regular_session
2013-04-02,2013-04-03,train,2.4856306598964293e-05,0.0022445124103407,1.314262915051901e-05,1.4553792813323282e-05,1.8321261066678915e-05,-11.23964947736413,-11.137658923861247,-10.907448365569937,389,eligible_regular_session
2013-04-03,2013-04-04,train,2.769247312117435e-05,-0.0106913177551947,2.4856306598964293e-05,1.649328052049245e-05,1.748455777777352e-05,-10.602399050941385,-11.012557501185226,-10.95419247928873,389,eligible_regular_session
2013-04-04,2013-04-05,train,2.578812954293479e-05,0.0037179180129738,2.769247312117435e-05,1.879976772274053e-05,1.7743045402437394e-05,-10.494349910173314,-10.881666043378072,-10.939516927133168,389,eligible_regular_session
2013-04-05,2013-04-08,train,1.732998101468267e-05,0.0048147763079355,2.578812954293479e-05,2.1890297804559064e-05,1.8074580771455098e-05,-10.565596267148077,-10.729467041928208,-10.92100398402217,389,eligible_regular_session
2013-04-08,2013-04-09,train,1.81698609533302e-05,0.0060266084034604,1.732998101468267e-05,2.176190388565502e-05,1.8230838831344524e-05,-10.963072549754806,-10.735349645058799,-10.912395956544891,389,eligible_regular_session
2013-04-09,2013-04-10,train,1.7349658795946546e-05,0.0017738873192484,1.81698609533302e-05,2.276735024621726e-05,1.8505961100606733e-05,-10.915746328126465,-10.690183055050293,-10.897417656127825,389,eligible_regular_session
2013-04-10,2013-04-11,train,1.6042118410504163e-05,0.0097162809793216,1.7349658795946546e-05,2.126602068561371e-05,1.8670465137720392e-05,-10.961937717704464,-10.7584000320276,-10.888567687077684,389,eligible_regular_session
2013-04-11,2013-04-12,train,1.97095499272285e-05,0.0034021017661845,1.6042118410504163e-05,1.8935949743479676e-05,1.909503151623462e-05,-11.040292893766134,-10.874448339775986,-10.866082386791449,389,eligible_regular_session
2013-04-12,2013-04-15,train,6.030348612313889e-05,-0.0006040813428181,1.97095499272285e-05,1.7720233820338413e-05,1.937972756551061e-05,-10.8344072718027,-10.940803417595705,-10.851283009107654,389,eligible_regular_session
2013-04-15,2013-04-16,train,3.144194704227873e-05,-0.0189424615323718,6.030348612313889e-05,2.631493484202966e-05,2.1575395970601342e-05,-9.716120642914863,-10.545373915238752,-10.74395696794877,389,eligible_regular_session
2013-04-16,2013-04-17,train,6.250190391015859e-05,0.0088172627968783,3.144194704227873e-05,2.8969352059819367e-05,2.2681255526890068e-05,-10.36736766349512,-10.449272112335125,-10.693971722308452,389,eligible_regular_session
2013-04-17,2013-04-18,train,5.933598888127618e-05,-0.0084435792515632,6.250190391015859e-05,3.7999801082661774e-05,2.5101514085689138e-05,-9.680313539123356,-10.177929632918385,-10.592582391506834,389,eligible_regular_session
2013-04-18,2013-04-19,train,2.8351826751503253e-05,-0.0080234025168549,5.933598888127618e-05,4.6658575176816175e-05,2.6769687730871408e-05,-9.732294540915834,-9.972653828124926,-10.528240365390918,389,eligible_regular_session
2013-04-19,2013-04-22,train,3.628213934192015e-05,0.0088079556393022,2.8351826751503253e-05,4.838703054167113e-05,2.5996008215055833e-05,-10.470819094187275,-9.936278744165518,-10.55756756191992,389,eligible_regular_session
2013-04-22,2013-04-23,train,8.507306218356037e-05,0.0031086281383125,3.628213934192015e-05,4.358276118542738e-05,2.6831318340375925e-05,-10.224184966927735,-10.04084887145014,-10.525940757932725,389,eligible_regular_session
2013-04-23,2013-04-24,train,1.974164874421648e-05,0.0064431902449531,8.507306218356037e-05,5.430898421368371e-05,2.9547823041118328e-05,-9.37200011557918,-9.820820889578279,-10.429500487177286,389,eligible_regular_session
2013-04-24,2013-04-25,train,1.6946532164674523e-05,0.0004436219906459,1.974164874421648e-05,4.575693318049529e-05,2.973782835146373e-05,-10.832780004436838,-9.992167232795659,-10.423090640732811,389,eligible_regular_session
2013-04-25,2013-04-26,train,1.976353145372176e-05,0.0020774471929181,1.6946532164674523e-05,3.727904183717496e-05,2.90766171624595e-05,-10.985447337124224,-10.197079270269697,-10.445576240729363,389,eligible_regular_session
2013-04-26,2013-04-29,train,1.0998794897648576e-05,-0.0004169351536727,1.976353145372176e-05,3.556138277761865e-05,2.9285920043850565e-05,-10.831672164318974,-10.244250262314797,-10.438403702018281,389,eligible_regular_session
2013-04-29,2013-04-30,train,1.7348127740879805e-05,0.0040310083353635,1.0998794897648576e-05,3.0504713888764345e-05,2.9051318125110317e-05,-11.417724845926685,-10.397629332563127,-10.446446701337381,389,eligible_regular_session
2013-04-30,2013-05-01,train,3.032843760683309e-05,0.0026834040139651,1.7348127740879805e-05,1.6959727000228228e-05,2.937007487997567e-05,-10.96202596858272,-10.984669024414726,-10.435534263217477,389,eligible_regular_session
2013-05-01,2013-05-02,train,1.4887131365508916e-05,-0.007340291062782,3.032843760683309e-05,1.907708477275155e-05,2.9931733379867955e-05,-10.403424750718456,-10.86702269330574,-10.416591323313966,389,eligible_regular_session
2013-05-02,2013-05-03,train,1.3643134396496729e-05,0.0075206511701814,1.4887131365508916e-05,1.8665204612918427e-05,3.0011028935094766e-05,-11.115013384932233,-10.888849483272685,-10.413945612692075,389,eligible_regular_session
2013-05-03,2013-05-06,train,6.483156472737012e-06,0.004308638830082,1.3643134396496729e-05,1.744112520147342e-05,2.9501339289528057e-05,-11.202274137483093,-10.956679623131556,-10.431074896004013,389,eligible_regular_session
2013-05-06,2013-05-07,train,9.427025002832065e-06,0.001788637986873,6.483156472737012e-06,1.6537997516491108e-05,2.8537279441871818e-05,-11.94630305620937,-11.009849944834155,-10.464299274850559,389,eligible_regular_session
2013-05-07,2013-05-08,train,7.02307511065999e-06,0.0035245367403757,9.427025002832065e-06,1.4953776968881562e-05,2.779359287186715e-05,-11.571929993296212,-11.110546649976737,-10.490705036065485,389,eligible_regular_session
2013-05-08,2013-05-09,train,2.1828818358332263e-05,0.0050229453546628,7.02307511065999e-06,1.0292704469646941e-05,2.7325097148957024e-05,-11.86630938589086,-11.48407521761219,-10.50770496859392,389,eligible_regular_session
2013-05-09,2013-05-10,train,2.045218011027435e-05,-0.0029535044419472,2.1828818358332263e-05,1.1681041868211611e-05,2.7491413394638936e-05,-10.732279518123887,-11.357543383496855,-10.501636842243816,389,eligible_regular_session
2013-05-10,2013-05-13,train,1.3088496386804478e-05,0.0032010231351897,2.045218011027435e-05,1.3042851010967136e-05,2.7632437090744745e-05,-10.797421074298189,-11.24727038955273,-10.496520218403909,389,eligible_regular_session
2013-05-13,2013-05-14,train,1.1119758109669569e-05,0.0022118955028823,1.3088496386804478e-05,1.436391899378063e-05,2.749818154421294e-05,-11.243776851958444,-11.150791121147067,-10.50139068114313,389,eligible_regular_session
2013-05-14,2013-05-15,train,1.992214440628079e-05,0.0089722731124388,1.1119758109669569e-05,1.4702465615148128e-05,2.710773646159663e-05,-11.406787022105988,-11.127495349322865,-10.515691392532093,389,eligible_regular_session
2013-05-15,2013-05-16,train,1.85071673024308e-05,0.0066725997480797,1.992214440628079e-05,1.7282279474272292e-05,2.5272220929012163e-05,-10.823678660684056,-10.965828889267867,-10.585804752455687,389,eligible_regular_session
2013-05-16,2013-05-17,train,1.3657981780308223e-05,-0.0035434441100947,1.85071673024308e-05,1.6617949263091997e-05,2.468427639538272e-05,-10.897352479155408,-11.005027165855765,-10.609344100218333,389,eligible_regular_session
2013-05-17,2013-05-20,train,1.4584178847931447e-05,0.0070296943773433,1.3657981780308223e-05,1.5259109597098775e-05,2.246409811675315e-05,-11.201186461420393,-11.090333882624295,-10.703592162397454,389,eligible_regular_session
2013-05-20,2013-05-21,train,2.0181786686425213e-05,0.0003841721138299,1.4584178847931447e-05,1.5558246089324166e-05,2.0429924933419305e-05,-11.135573257365557,-11.070919764762419,-10.798509823472413,389,eligible_regular_session
2013-05-21,2013-05-22,train,8.132983218802049e-05,0.0009110198057657,2.0181786686425213e-05,1.7370651804675295e-05,2.0058559475915754e-05,-10.810730009474117,-10.960728453678664,-10.816854588780899,389,eligible_regular_session
2013-05-22,2013-05-23,train,5.710737273693248e-05,-0.0094392504999803,8.132983218802049e-05,2.9652189361023237e-05,2.2106181878011226e-05,-9.416997669134325,-10.425974595077173,-10.719653265568814,389,eligible_regular_session
2013-05-23,2013-05-24,train,2.8579960766107163e-05,0.0038785970365307,5.710737273693248e-05,3.737223044792357e-05,2.0835014175891773e-05,-9.770577329901425,-10.19458263072689,-10.778875612701714,389,eligible_regular_session
2013-05-24,2013-05-28,train,3.5733437824778986e-05,0.0045630689963064,2.8579960766107163e-05,4.0356626245083356e-05,2.123675563143226e-05,-10.462804758237912,-10.117754957521809,-10.759777121307035,389,eligible_regular_session
2013-05-28,2013-05-29,train,3.698694074729402e-05,-0.0003793318386181,3.5733437824778986e-05,4.458647804045287e-05,2.2090705888709735e-05,-10.239423673799052,-10.018079927856984,-10.720353585917872,389,eligible_regular_session
2013-05-29,2013-05-30,train,2.3223652846885135e-05,-0.0012305679441143,3.698694074729402e-05,4.794750885262663e-05,2.2873588129326655e-05,-10.204945660398378,-9.945403711005774,-10.685527669829847,389,eligible_regular_session
2013-05-30,2013-05-31,train,3.742280101806971e-05,0.0024081525747863,2.3223652846885135e-05,3.6326272984399555e-05,2.3429263490655593e-05,-10.670339279386516,-10.222969304816402,-10.661524740396365,389,eligible_regular_session
2013-05-31,2013-06-03,train,7.512732374895757e-05,-0.0107651146282994,3.742280101806971e-05,3.2389358640627e-05,2.434174863961877e-05,-10.19323038641705,-10.337680626130926,-10.62331763076608,389,eligible_regular_session
2013-06-03,2013-06-04,train,5.218472408711861e-05,0.0042949592692311,7.512732374895757e-05,4.169883123719709e-05,2.6378061646078976e-05,-9.49632623382079,-10.085037457437268,-10.54297789153704,389,eligible_regular_session
2013-06-04,2013-06-05,train,6.271663686710064e-05,-0.0051665166421005,5.218472408711861e-05,4.498908848966501e-05,2.8073406769788507e-05,-9.860720747912932,-10.009090575603944,-10.480687808022594,389,eligible_regular_session
2013-06-05,2013-06-06,train,6.342030749002667e-05,-0.0104989463879485,6.271663686710064e-05,5.0135027713626336e-05,3.0304020518452317e-05,-9.676883804738935,-9.900790638208518,-10.404230163873576,389,eligible_regular_session
2013-06-06,2013-06-07,train,3.876976539084179e-05,0.0091090707471977,6.342030749002667e-05,5.8174358642254636e-05,3.289207283742003e-05,-9.665726440394891,-9.752065873464888,-10.322278876416267,389,eligible_regular_session
2013-06-07,2013-06-10,train,3.179268152030293e-05,0.0090850801574043,3.876976539084179e-05,5.8443751516809066e-05,3.422583376414775e-05,-10.15786985760638,-9.74744577880934,-10.282529825825783,389,eligible_regular_session
2013-06-10,2013-06-11,train,4.3613083561954235e-05,-0.0031367997562231,3.179268152030293e-05,4.977682307107813e-05,3.5351724964586065e-05,-10.356274435535594,-9.907961082445098,-10.250163370077106,389,eligible_regular_session
2013-06-11,2013-06-12,train,5.170279493713686e-05,-0.0026656036420486,4.3613083561954235e-05,4.806249496604526e-05,3.634191883747797e-05,-10.040153370928595,-9.943008415436097,-10.222538694038072,389,eligible_regular_session
2013-06-12,2013-06-13,train,3.264156826625283e-05,-0.0138563519555715,5.170279493713686e-05,4.5859726580052494e-05,3.7762401329608084e-05,-9.869998717231487,-9.989923242609583,-10.18419662417491,389,eligible_regular_session
2013-06-13,2013-06-14,train,3.831491652542667e-05,0.0152272359935423,3.264156826625283e-05,3.9703978735297725e-05,3.8651177324128464e-05,-10.329923981649664,-10.134059155260132,-10.160933322227157,389,eligible_regular_session
2013-06-14,2013-06-17,train,3.3928282683879944e-05,-0.0048146457955404,3.831491652542667e-05,3.961300896221471e-05,3.9887320888481056e-05,-10.169671272183804,-10.136352984504319,-10.129452056787267,389,eligible_regular_session
2013-06-17,2013-06-18,train,1.9874066426908705e-05,0.000878959954043,3.3928282683879944e-05,4.004012919493011e-05,4.0523963537462835e-05,-10.29126159395096,-10.125628376875854,-10.113617066549606,389,eligible_regular_session
2013-06-18,2013-06-19,train,7.967549495862623e-05,0.0063714019688505,1.9874066426908705e-05,3.5292325767921e-05,4.05860953158482e-05,-10.826094870758117,-10.251845018002085,-10.11208502992144,389,eligible_regular_session
2013-06-19,2013-06-20,train,8.717739901654742e-05,-0.0133585293151932,7.967549495862623e-05,4.088686577221888e-05,4.358689136940811e-05,-9.437548485460198,-10.10470167675248,-10.040754109480513,389,eligible_regular_session
2013-06-20,2013-06-21,train,9.599388507029424e-05,-0.0186737122562037,8.717739901654742e-05,5.1794031922277795e-05,4.688658319525429e-05,-9.347565446233782,-9.868235629192103,-9.967778996034468,389,eligible_regular_session
2013-06-21,2013-06-24,train,0.0001215953022894,-0.0002072298091795,9.599388507029424e-05,6.332982563125132e-05,5.033258766724833e-05,-9.251226065709625,-9.667154160775407,-9.896857824485176,389,eligible_regular_session
2013-06-24,2013-06-25,train,6.183957939124654e-05,-0.005773860083264,0.0001215953022894,8.086322955235532e-05,5.216283630822013e-05,-9.014812221666949,-9.422751354500317,-9.861140264749483,389,eligible_regular_session
2013-06-25,2013-06-26,train,3.2810752467996576e-05,0.0031790913387373,6.183957939124654e-05,8.925633214522288e-05,5.2377936610688946e-05,-9.690966955272815,-9.323998191415386,-9.857025112354608,389,eligible_regular_session
2013-06-26,2013-06-27,train,2.384670298687377e-05,0.0035420159034007,3.2810752467996576e-05,7.988338364709695e-05,5.25702453244112e-05,-10.324754277148894,-9.434942691186379,-9.853360276520043,389,eligible_regular_session
2013-06-27,2013-06-28,train,3.6251329120926776e-05,0.0011599454203372,2.384670298687377e-05,6.721724444116222e-05,5.20299391954155e-05,-10.643864589729967,-9.607580729647065,-9.86369125130746,389,eligible_regular_session
2013-06-28,2013-07-01,train,2.804275060411075e-05,-0.0022573864335966,3.6251329120926776e-05,5.526873325128873e-05,5.1996502303307904e-05,-10.225034511930874,-9.803303211663666,-9.864334105043055,389,eligible_regular_session
2013-07-01,2013-07-02,train,3.341023051349261e-05,0.0002043729627877,2.804275060411075e-05,3.655822291423088e-05,5.2215552201363615e-05,-10.481780404884606,-10.216604419938507,-9.860130172557444,389,eligible_regular_session
2013-07-02,2013-07-05,train,3.897804563790312e-05,0.000737296386261,3.341023051349261e-05,3.08723531386801e-05,5.2033162632973753e-05,-10.306648402083566,-10.385649494992872,-9.863629299712654,389,eligible_regular_session
2013-07-05,2013-07-08,train,2.1863100714570338e-05,0.005197082662797,3.897804563790312e-05,3.2105811772661405e-05,5.039001362792581e-05,-10.152512002701997,-10.346473492108426,-9.89571754482279,389,eligible_regular_session
2013-07-08,2013-07-09,train,1.7520377396986785e-05,0.0008659962852079,2.1863100714570338e-05,3.170909131820072e-05,4.901175802008272e-05,-10.730710241058429,-10.358907125825848,-9.92345032904582,389,eligible_regular_session
2013-07-09,2013-07-10,train,3.684028987765353e-05,0.0030849724606221,1.7520377396986785e-05,2.7962900973412722e-05,4.695738258962299e-05,-10.952145931764127,-10.48463189156688,-9.966270121016048,389,eligible_regular_session
2013-07-10,2013-07-11,train,1.989095031963037e-05,0.0001089469671453,3.684028987765353e-05,2.9722408828121277e-05,4.5749199970878756e-05,-10.208918478050755,-10.423609290654827,-9.99233625337097,389,eligible_regular_session
2013-07-11,2013-07-12,train,1.1484236685937483e-05,0.0070443918432431,1.989095031963037e-05,2.701855278934883e-05,4.489107201309642e-05,-10.825245687475038,-10.518986787586527,-10.011271624566817,389,eligible_regular_session
2013-07-12,2013-07-15,train,6.058490675547368e-06,0.0028020574690763,1.1484236685937483e-05,2.15197909989557e-05,4.3967960884261625e-05,-11.374535185857106,-10.74653753466229,-10.03204935100585,389,eligible_regular_session
2013-07-15,2013-07-16,train,1.1414535768176006e-05,0.0009454072644302,6.058490675547368e-06,1.8358868991151108e-05,4.226093393487949e-05,-12.01404985234553,-10.905397776458553,-10.071647446283704,389,eligible_regular_session
2013-07-16,2013-07-17,train,1.573966494879813e-05,-0.0039529743392692,1.1414535768176006e-05,1.713770066538895e-05,4.042964942719946e-05,-11.38062294738804,-10.974229804004265,-10.115947145454816,389,eligible_regular_session
2013-07-17,2013-07-18,train,9.533594215607432e-06,0.0003153701311123,1.573966494879813e-05,1.2917575679617871e-05,3.9661381094587885e-05,-11.059326601809069,-11.256921718113023,-10.135132612115658,389,eligible_regular_session
2013-07-18,2013-07-19,train,1.0176674440381395e-05,0.0040456105196937,9.533594215607432e-06,1.0846104458813284e-05,3.835313917141428e-05,-11.560688763907493,-11.431704578500756,-10.168674177662313,389,eligible_regular_session
2013-07-19,2013-07-22,train,7.46655095299564e-06,0.0036832236056342,1.0176674440381395e-05,1.0584592009702066e-05,3.727352061489162e-05,-11.495412276009565,-11.456111198314712,-10.197227386501034,389,eligible_regular_session
2013-07-22,2013-07-23,train,7.376636937930562e-06,0.0005310016585819,7.46655095299564e-06,1.086620406519172e-05,3.670954263880466e-05,-11.80507738525813,-11.429853129853758,-10.212473819296296,389,eligible_regular_session
2013-07-23,2013-07-24,train,1.725681018712404e-05,-0.0032559485162746,7.376636937930562e-06,1.0058624299142633e-05,3.342323091059122e-05,-11.817192722681854,-11.507080152231966,-10.306259363509605,389,eligible_regular_session
2013-07-24,2013-07-25,train,1.5821101578877284e-05,-0.0070273195115174,1.725681018712404e-05,1.0362053346807813e-05,3.0245022327435615e-05,-10.96730369894087,-11.477360141273039,-10.406178938186605,389,eligible_regular_session
2013-07-25,2013-07-26,train,1.5704133430959655e-05,0.004994168046147,1.5821101578877284e-05,1.1619554819461785e-05,2.6600804896007568e-05,-11.05416596600868,-11.362821118852576,-10.534569083386017,389,eligible_regular_session
2013-07-26,2013-07-29,train,1.3335003021519084e-05,0.004336602450135,1.5704133430959655e-05,1.2725046617577436e-05,2.1787569947896644e-05,-11.061586604403717,-11.271938332070553,-10.734170936663316,389,eligible_regular_session
2013-07-29,2013-07-30,train,1.3407985488382169e-05,-0.0015887039401562,1.3335003021519084e-05,1.3898737031282124e-05,1.9582816476545397e-05,-11.225118173744715,-11.183712583014584,-10.840858086643452,389,eligible_regular_session
2013-07-30,2013-07-31,train,3.5320266614568185e-05,-0.0024105174145048,1.3407985488382169e-05,1.5105006741372446e-05,1.870087252292656e-05,-11.21966009653553,-11.100484296825014,-10.8869403762122,389,eligible_regular_session
2013-07-31,2013-08-01,train,1.5429012792182018e-05,-0.0020078960271154,3.5320266614568185e-05,1.8717698026861275e-05,1.9222398142367216e-05,-10.251053633713171,-10.886041063126665,-10.859434388929536,389,eligible_regular_session
2013-08-01,2013-08-02,train,1.0673015983439437e-05,0.0067677278406871,1.5429012792182018e-05,1.863928026952222e-05,1.8275929218333362e-05,-11.07926087340385,-10.890239361602394,-10.909925707200637,389,eligible_regular_session
2013-08-02,2013-08-05,train,6.454401815636133e-06,0.0024134932954708,1.0673015983439437e-05,1.763305678001818e-05,1.7486395826484665e-05,-11.447791872475296,-10.945735191443962,-10.954087360696104,389,eligible_regular_session
2013-08-05,2013-08-06,train,1.0425858838445856e-05,0.0005038639439624,6.454401815636133e-06,1.6256936538841587e-05,1.626113088567301e-05,-11.95074820788448,-11.026990876340303,-11.026732906098719,389,eligible_regular_session
2013-08-06,2013-08-07,train,1.3301723761001466e-05,-0.0041391371622482,1.0425858838445856e-05,1.5660511208854327e-05,1.4963304212970404e-05,-11.471221411087933,-11.064368223690858,-11.109909739955135,389,eligible_regular_session
2013-08-07,2013-08-08,train,1.0295023160970736e-05,-0.0005971720239785,1.3301723761001466e-05,1.1256802638140981e-05,1.4574150715080911e-05,-11.227616925044375,-11.39453793311263,-11.136261097402775,389,eligible_regular_session
2013-08-08,2013-08-09,train,1.8832717165802356e-05,-0.0002591711250753,1.0295023160970736e-05,1.0230004711898725e-05,1.4245725522534727e-05,-11.483849967757015,-11.490185517404685,-11.15905365957851,389,eligible_regular_session
2013-08-09,2013-08-12,train,1.371796027244197e-05,-0.0022973378123768,1.8832717165802356e-05,1.186194494837131e-05,1.3427199490177856e-05,-10.879914925875248,-11.342175185565816,-11.218228095593899,389,eligible_regular_session
2013-08-12,2013-08-13,train,1.570248633650907e-05,0.0029578717790949,1.371796027244197e-05,1.3314656639732477e-05,1.3146609033487473e-05,-11.196804614908107,-11.226645126508728,-11.239346700770072,389,eligible_regular_session
2013-08-13,2013-08-14,train,2.190710486504173e-05,0.0016896087200265,1.570248633650907e-05,1.436998213934512e-05,1.3338347653968e-05,-11.061691492765743,-11.15036910078677,-11.224867389168967,389,eligible_regular_session
2013-08-14,2013-08-15,train,3.199654836027443e-05,-0.0051786141792007,2.190710486504173e-05,1.6091058360153175e-05,1.4058739208035925e-05,-10.728699550694335,-11.037246821612154,-11.172266347861733,389,eligible_regular_session
2013-08-15,2013-08-16,train,2.2425273229205655e-05,-0.007161738863968,3.199654836027443e-05,2.0431363400013912e-05,1.499428523494949e-05,-10.349882524723684,-10.798439416167414,-11.107841413791736,389,eligible_regular_session
2013-08-16,2013-08-19,train,1.87445353284012e-05,-0.0021354897419878,2.2425273229205655e-05,2.114987461269457e-05,1.529817652042256e-05,-10.705321965959609,-10.76387658096736,-11.087776918340312,389,eligible_regular_session
2013-08-19,2013-08-20,train,1.5168429703540094e-05,-0.0046670994191355,1.87445353284012e-05,2.2155189623886418e-05,1.5716855661913184e-05,-10.884608297179348,-10.717438794383689,-11.060776812476979,389,eligible_regular_session
2013-08-20,2013-08-21,train,4.106200144519983e-05,0.0032788206236766,1.5168429703540094e-05,2.204837829729262e-05,1.5943753628420397e-05,-11.096294283241855,-10.722271505384148,-11.046443427479968,389,eligible_regular_session
2013-08-21,2013-08-22,train,1.1778225731663951e-05,-0.0029471031882501,4.106200144519983e-05,2.5879357613324242e-05,1.7470819559884225e-05,-10.100427403158148,-10.56206491038136,-10.954978522503994,389,eligible_regular_session
2013-08-22,2013-08-23,train,1.7496918119174623e-05,0.006333005358137,1.1778225731663951e-05,2.1835693087602146e-05,1.7670891777781196e-05,-11.34925800809117,-10.731964629483247,-10.943591804440896,389,eligible_regular_session
2013-08-23,2013-08-26,train,1.817543869017591e-05,0.0014319237149771,1.7496918119174623e-05,2.085002206559594e-05,1.7681805774692587e-05,-10.953485800019283,-10.77815555141806,-10.942974369392727,389,eligible_regular_session
2013-08-26,2013-08-27,train,3.5118572740973556e-05,-0.0047863256905688,1.817543869017591e-05,2.073620273795088e-05,1.7788821097933433e-05,-10.91543939782493,-10.78362946074195,-10.936940326164542,389,eligible_regular_session
2013-08-27,2013-08-28,train,2.0541106462149784e-05,-0.0090217180499878,3.5118572740973556e-05,2.472623134543757e-05,1.8671295612024976e-05,-10.256780429517084,-10.607645880060065,-10.888523207423374,389,eligible_regular_session
2013-08-28,2013-08-29,train,1.6909803999244883e-05,0.0031544318324151,2.0541106462149784e-05,2.0622052348827564e-05,1.899884576841728e-05,-10.79308248626089,-10.789149552377536,-10.8711323296738,389,eligible_regular_session
2013-08-29,2013-08-30,train,3.23522210678093e-05,0.0040119433429807,1.6909803999244883e-05,2.1648368002343754e-05,1.9158019337092856e-05,-10.987616985940305,-10.740580487311162,-10.862789165655881,389,eligible_regular_session
2013-08-30,2013-09-03,train,3.879215501421222e-05,-0.0042843631513699,3.23522210678093e-05,2.4619428592070684e-05,1.902310817587655e-05,-10.338827881945761,-10.611974646572724,-10.869856098011011,389,eligible_regular_session
2013-09-03,2013-09-04,train,1.8069945086801295e-05,-0.002899718152051,3.879215501421222e-05,2.874277185687795e-05,2.0085069185968825e-05,-10.157292522133627,-10.457124236004441,-10.815533845500319,389,eligible_regular_session
2013-09-04,2013-09-05,train,1.2429249670575009e-05,0.008249247980181,1.8069945086801295e-05,2.5333046326043495e-05,2.0421293236121637e-05,-10.921260492280012,-10.583400835645355,-10.798932415395637,389,eligible_regular_session
2013-09-05,2013-09-06,train,4.308703416606821e-05,0.0011366179588024,1.2429249670575009e-05,2.371067496772854e-05,2.069287722952795e-05,-11.295458018658266,-10.649585190652825,-10.785721012099172,389,eligible_regular_session
2013-09-06,2013-09-09,train,1.2114582842562224e-05,-0.0026972003499094,4.308703416606821e-05,2.8946121001093206e-05,2.217747610805624e-05,-10.05228843752715,-10.450074352522222,-10.716433373857797,389,eligible_regular_session
2013-09-09,2013-09-10,train,1.2813893929781612e-05,0.0065119831121142,1.2114582842562224e-05,2.489859335604379e-05,2.212351515721809e-05,-11.321100637424218,-10.600699247814479,-10.718869480860526,389,eligible_regular_session
2013-09-10,2013-09-11,train,1.0764315754553255e-05,0.0036883069075539,1.2813893929781612e-05,1.970294113915767e-05,2.223800928307313e-05,-11.2649805124638,-10.834742636959987,-10.713707603241396,389,eligible_regular_session
2013-09-11,2013-09-12,train,1.0149671652719696e-05,0.0040708356912622,1.0764315754553255e-05,1.8241815272708064e-05,2.187126376437999e-05,-11.439273991216103,-10.91179405673998,-10.730336939651094,389,eligible_regular_session
2013-09-12,2013-09-13,train,8.824475242948113e-06,-0.0034991821530628,1.0149671652719696e-05,1.7785899669137e-05,2.1709068827119888e-05,-11.498069202485478,-10.937104568004816,-10.737780466420935,389,eligible_regular_session
2013-09-13,2013-09-16,train,1.833062087288952e-05,0.0010550087216623,8.824475242948113e-06,1.093338788451298e-05,2.1396431959230754e-05,-11.637981419468336,-11.42368934181757,-10.752286380714674,389,eligible_regular_session
2013-09-16,2013-09-17,train,4.786286271919815e-06,-0.0002591543337452,1.833062087288952e-05,1.217659549057844e-05,2.1233864505042017e-05,-10.906937624733791,-11.315994851127376,-10.759913268431115,386,eligible_regular_session
2013-09-17,2013-09-18,train,0.0001073497254219,0.0029840773566635,4.786286271919815e-06,1.057107395900608e-05,1.9997034410116807e-05,-12.24975575582482,-11.457389158796389,-10.819926574898934,389,eligible_regular_session
2013-09-18,2013-09-19,train,1.1160829112562475e-05,0.011467407183103,0.0001073497254219,2.988815589247543e-05,2.385723678251201e-05,-9.13941859142664,-10.418048280042946,-10.64342295761906,389,eligible_regular_session
2013-09-19,2013-09-20,train,1.6516118692043128e-05,-0.0036976332098121,1.1160829112562475e-05,3.0090387384443982e-05,2.3512522863610245e-05,-11.40310031053035,-10.411304793212969,-10.65797739093525,389,eligible_regular_session
2013-09-20,2013-09-23,train,1.423517799194861e-05,-0.0079388378289673,1.6516118692043128e-05,3.1628716074262985e-05,2.3573781453996747e-05,-11.01117376347781,-10.361445113495162,-10.65537541884015,389,eligible_regular_session
2013-09-23,2013-09-24,train,1.5142036295372429e-05,-0.0046084111624942,1.423517799194861e-05,3.0809627498074805e-05,2.235438038793987e-05,-11.159794333487463,-10.387683335721716,-10.708488265596477,389,eligible_regular_session
2013-09-24,2013-09-25,train,3.535783637058988e-05,-0.0020184491868972,1.5142036295372429e-05,3.288077750276533e-05,2.250728086810844e-05,-11.098035821286135,-10.322622341378095,-10.701671706961038,389,eligible_regular_session
2013-09-25,2013-09-26,train,1.8489035985259693e-05,-0.0032495037867397,3.535783637058988e-05,1.8482399692503304e-05,2.3319140788627313e-05,-10.24999051068147,-10.898691646690532,-10.66623604155924,389,eligible_regular_session
2013-09-26,2013-09-27,train,2.0565498063638415e-05,0.0010542590978681,1.8489035985259693e-05,1.994804106704275e-05,2.333339521113112e-05,-10.898332651011517,-10.822379611577746,-10.665624952680922,389,eligible_regular_session
2013-09-27,2013-09-30,train,2.735903918211737e-05,-0.0004432689680878,2.0565498063638415e-05,2.0757916941361803e-05,2.2671891816706797e-05,-10.791895737579859,-10.782582844712456,-10.694384646696935,389,eligible_regular_session
2013-09-30,2013-10-01,train,2.4128172937188905e-05,0.0015886950161871,2.735903918211737e-05,2.3382689179395553e-05,2.2981797849432594e-05,-10.506463583439231,-10.663514588030187,-10.680808053206478,389,eligible_regular_session
2013-10-01,2013-10-02,train,2.2287030881601037e-05,0.0066664940064015,2.4128172937188905e-05,2.517991650775885e-05,2.3309905528430055e-05,-10.632130398674821,-10.589463845169343,-10.666632157759224,389,eligible_regular_session
2013-10-02,2013-10-03,train,4.695547142474847e-05,0.0037390962066209,2.2287030881601037e-05,2.2565755409961084e-05,2.2852396883602403e-05,-10.711505623494528,-10.699077048181126,-10.686454549687564,389,eligible_regular_session
2013-10-03,2013-10-04,train,1.7929271860446546e-05,-0.0070102413005031,4.695547142474847e-05,2.8259042497858837e-05,2.3223456720444963e-05,-9.966310821831604,-10.474097063169411,-10.670347724538088,389,eligible_regular_session
2013-10-04,2013-10-07,train,2.7884775661953605e-05,0.0063673127431162,1.7929271860446546e-05,2.7731797257220463e-05,2.321706248288338e-05,-10.929075881297527,-10.492930887698996,-10.670623097755772,389,eligible_regular_session
2013-10-07,2013-10-08,train,4.1098701591147434e-05,-0.002484961903721,2.7884775661953605e-05,2.7836944553187712e-05,2.391958639158241e-05,-10.487429693270643,-10.489146478765749,-10.640812920353145,389,eligible_regular_session
2013-10-08,2013-10-09,train,5.122097934453759e-05,-0.012358142531439,4.1098701591147434e-05,3.123105028397941e-05,2.3829207638176918e-05,-10.099534028417372,-10.37409775662385,-10.64459851800749,389,eligible_regular_session
2013-10-09,2013-10-10,train,3.120905191344006e-05,-0.0010016957251751,5.122097934453759e-05,3.7017839976566724e-05,2.5606771115539435e-05,-9.879361357021574,-10.204110599993738,-10.572653744751085,389,eligible_regular_session
2013-10-10,2013-10-11,train,1.466133231679346e-05,0.0146878040470183,3.120905191344006e-05,3.3868556074305046e-05,2.6442914660251183e-05,-10.37480237979631,-10.293023523448563,-10.540522312284434,389,eligible_regular_session
2013-10-11,2013-10-14,train,2.348652890050748e-05,0.0080057493298479,1.466133231679346e-05,3.321496816557443e-05,2.6620051776716645e-05,-11.130296984544247,-10.31250993528274,-10.533845799968523,389,eligible_regular_session
2013-10-14,2013-10-15,train,5.293169469860968e-05,0.0086565373161538,2.348652890050748e-05,3.23353188132852e-05,2.7226272560707e-05,-10.659083539454315,-10.33935046341786,-10.511328147879256,389,eligible_regular_session
2013-10-15,2013-10-16,train,2.4486626735345525e-05,-0.005326173908602,5.293169469860968e-05,3.470191743477765e-05,2.923114617232798e-05,-9.846508254873896,-10.268715615051711,-10.44027576741941,389,eligible_regular_session
2013-10-16,2013-10-17,train,1.1476717498277226e-05,0.0095330274403505,2.4486626735345525e-05,2.935504691293924e-05,2.9510964620621438e-05,-10.61738343697951,-10.436046070325087,-10.4307486816202,389,eligible_regular_session
2013-10-17,2013-10-18,train,1.0994482956237848e-05,0.009916919019334,1.1476717498277226e-05,2.5408580029906675e-05,2.981507513091041e-05,-11.375190140165078,-10.58042364452714,-10.420496415489298,389,eligible_regular_session
2013-10-18,2013-10-21,train,9.48305955018538e-06,0.0037565956845406,1.0994482956237848e-05,2.467521015779555e-05,2.5435291382471218e-05,-11.418116960416814,-10.609711455647744,-10.579372923790109,389,eligible_regular_session
2013-10-21,2013-10-22,train,2.082404758261768e-05,-0.0006761751665851,9.48305955018538e-06,2.187451628773113e-05,2.53590291296359e-05,-11.566003556404516,-10.730188238525944,-10.58237571265979,389,eligible_regular_session
2013-10-22,2013-10-23,train,2.5787372345367235e-05,0.0033625950473838,2.082404758261768e-05,1.545298686453273e-05,2.555484407920747e-05,-10.779402105285296,-11.07770824874008,-10.574683667143686,389,eligible_regular_session
2013-10-23,2013-10-24,train,1.3934183224716995e-05,-0.0026020012907713,2.5787372345367235e-05,1.5713135986537074e-05,2.6079943822544678e-05,-10.565625629831517,-11.061013508396918,-10.554343974951674,389,eligible_regular_session
2013-10-24,2013-10-25,train,1.258714597315e-05,0.0020226266751515,1.3934183224716995e-05,1.620462913182503e-05,2.602504141024216e-05,-11.181165511972656,-11.030213607666283,-10.556451352292859,389,eligible_regular_session
2013-10-25,2013-10-28,train,9.090436128942528e-06,0.0025721144772071,1.258714597315e-05,1.652316173520746e-05,2.499001002854035e-05,-11.282834425586218,-11.010747419854102,-10.59703441181536,389,eligible_regular_session
2013-10-28,2013-10-29,train,1.0793000604432769e-05,0.0012946749789757,9.090436128942528e-06,1.6444637050958887e-05,2.4562800944162295e-05,-11.608287671944264,-11.01551114904666,-10.614277416230216,389,eligible_regular_session
2013-10-29,2013-10-30,train,3.86246189583056e-05,0.0032164092724025,1.0793000604432769e-05,1.4438427655321904e-05,2.4118596514198404e-05,-11.43661272611877,-11.14561731856394,-10.632527375435139,389,eligible_regular_session
2013-10-30,2013-10-31,train,2.356923117434265e-05,-0.0063594207658793,3.86246189583056e-05,1.7005876977909577e-05,2.4630668322206956e-05,-10.161620687952162,-10.981951569067203,-10.6115182117214,389,eligible_regular_session
2013-10-31,2013-11-01,train,2.3228684254078157e-05,-0.0032610330118264,2.356923117434265e-05,1.893288656783471e-05,2.4605261878441217e-05,-10.655568460371207,-10.87461011795298,-10.612550240401156,389,eligible_regular_session
2013-11-01,2013-11-04,train,9.965022745945998e-06,0.0014366553959207,2.3228684254078157e-05,2.106119422402034e-05,2.4648064304462903e-05,-10.670122652731036,-10.768078347072219,-10.610812187761313,389,eligible_regular_session
2013-11-04,2013-11-05,train,1.5470520197409704e-05,0.0010695460542348,9.965022745945998e-06,2.1236111547421034e-05,2.2966680273608247e-05,-11.516429321718478,-10.759807450505606,-10.681466076148146,389,eligible_regular_session
2013-11-05,2013-11-06,train,1.322217904391505e-05,-0.0003346293160832,1.5470520197409704e-05,2.2171615466016424e-05,2.28549188343793e-05,-11.076574267738462,-10.71669766978206,-10.686344197515716,389,eligible_regular_session
2013-11-06,2013-11-07,train,3.376178209981629e-05,0.0018369526455776,1.322217904391505e-05,1.7091127483138313e-05,2.2188437169923002e-05,-11.233614907780552,-10.976951089745606,-10.715939252976248,389,eligible_regular_session
2013-11-07,2013-11-08,train,2.523713987098869e-05,-0.0142145451458069,3.376178209981629e-05,1.912963766823304e-05,2.185494082940795e-05,-10.296181102312886,-10.864271715191588,-10.731083537069365,389,eligible_regular_session
2013-11-08,2013-11-11,train,9.182680547976355e-06,0.0122696741983157,2.523713987098869e-05,1.9531328791615143e-05,2.067385721697391e-05,-10.58719384402639,-10.84349077690504,-10.786640592247272,389,eligible_regular_session
2013-11-11,2013-11-12,train,1.7614978363984284e-05,0.001445903150488,9.182680547976355e-06,1.9374860352021218e-05,1.9672658518543742e-05,-11.59819139726496,-10.851534190388453,-10.83628077869485,389,eligible_regular_session
2013-11-12,2013-11-13,train,1.1901079246493907e-05,0.000101832993978,1.7614978363984284e-05,1.9803751985336136e-05,1.9806915157052417e-05,-10.946760974444079,-10.829639144006649,-10.829479430881312,389,eligible_regular_session
2013-11-13,2013-11-14,train,1.5434969710680086e-05,0.0113046571593929,1.1901079246493907e-05,1.9539532025851905e-05,1.9280303809142708e-05,-11.338881468976469,-10.843070861183417,-10.856426511170408,389,eligible_regular_session
2013-11-14,2013-11-15,train,6.272424438182695e-06,0.0046627959889587,1.5434969710680086e-05,1.5874169548024665e-05,1.757590721878227e-05,-11.07887486239108,-11.05081732648929,-10.94898150175444,389,eligible_regular_session
2013-11-15,2013-11-18,train,1.4145233260476746e-05,0.0034817715870581,6.272424438182695e-06,1.2081226461463465e-05,1.6747988932547598e-05,-11.979347605301678,-11.323857842344408,-10.997232370629927,389,eligible_regular_session
2013-11-18,2013-11-19,train,2.600247611862092e-05,-0.0052503788352021,1.4145233260476746e-05,1.3073737003963546e-05,1.6869285103556666e-05,-11.166132862680277,-11.244905148934185,-10.990016039094083,389,eligible_regular_session
2013-11-19,2013-11-20,train,3.545414190590577e-05,-0.001659593752596,2.600247611862092e-05,1.4751236554890873e-05,1.7551466610937712e-05,-10.557318789145814,-11.124183644462448,-10.950373043969176,389,eligible_regular_session
2013-11-20,2013-11-21,train,1.0939233625301532e-05,-0.0045922762589885,3.545414190590577e-05,1.9461849086773245e-05,1.873197035437955e-05,-10.247270473844848,-10.847054465845222,-10.885278849263303,389,eligible_regular_session
2013-11-21,2013-11-22,train,6.8903483800587134e-06,0.0056792475352999,1.0939233625301532e-05,1.8562701869697533e-05,1.8282660629046996e-05,-11.423154815956085,-10.89435626632527,-10.90955745389449,389,eligible_regular_session
2013-11-22,2013-11-25,train,7.808442892482068e-06,0.0044702056597056,6.8903483800587134e-06,1.8686286658072737e-05,1.7423704994260248e-05,-11.88538891107348,-10.88772063691739,-10.957678922916756,389,eligible_regular_session
2013-11-25,2013-11-26,train,7.332090640421792e-06,-0.0024377688769072,7.808442892482068e-06,1.74189285844738e-05,1.7145262251885934e-05,-11.760304987552065,-10.957953093341077,-10.97378867605171,389,eligible_regular_session
2013-11-26,2013-11-27,train,5.9452401282111265e-06,-0.0001774642580551,7.332090640421792e-06,1.3684851488833977e-05,1.6906396100398284e-05,-11.823249865758019,-11.199221067643489,-10.987818540156809,389,eligible_regular_session
2013-11-27,2013-12-02,train,1.4153973753601252e-05,0.0009024346970178,5.9452401282111265e-06,7.783071133295046e-06,1.6763432645819587e-05,-12.032919637012164,-11.763559550455996,-10.996310672078334,389,eligible_regular_session
2013-12-02,2013-12-03,train,1.94827684068607e-05,-0.003890839830676,1.4153973753601252e-05,8.426019158954991e-06,1.6916204152599972e-05,-11.165515142657373,-11.68418612061998,-10.987238569817258,389,eligible_regular_session
2013-12-03,2013-12-04,train,3.296961245166672e-05,-0.0012637124203392,1.94827684068607e-05,1.0944503164315388e-05,1.6046120036625203e-05,-10.845980154505389,-11.422673221869447,-11.040043479878964,389,eligible_regular_session
2013-12-04,2013-12-05,train,2.2528300788366252e-05,0.0024851809519703,3.296961245166672e-05,1.5976737076152318e-05,1.647341009468539e-05,-10.319924255524585,-11.044376826450797,-11.013762986348738,389,eligible_regular_session
2013-12-05,2013-12-06,train,2.0262498771523916e-05,-0.0025010434045889,2.2528300788366252e-05,1.901597910574121e-05,1.6441574482607573e-05,-10.700738226321462,-10.870230926679534,-11.015697401473883,389,eligible_regular_session
2013-12-06,2013-12-09,train,8.707411696902162e-06,0.0051322326171807,2.0262498771523916e-05,2.187943083440377e-05,1.69096415746793e-05,-10.806738731530542,-10.729963593801683,-10.987626591335237,389,eligible_regular_session
2013-12-09,2013-12-10,train,1.0927749806543344e-05,0.0004646043479831,8.707411696902162e-06,2.079011842306395e-05,1.6602227551928958e-05,-11.651335975796762,-10.781032759955503,-11.005973681729195,389,eligible_regular_session
2013-12-10,2013-12-11,train,2.237277935762048e-05,-0.0014800076979061,1.0927749806543344e-05,1.907911470300048e-05,1.6497935313866604e-05,-11.424205150113947,-10.866916292234421,-11.012275317380396,389,eligible_regular_session
2013-12-11,2013-12-12,train,2.1420183526558637e-05,-0.0113206124393866,2.237277935762048e-05,1.695974808419123e-05,1.5980253371039525e-05,-10.707665545315418,-10.984667781237292,-11.044156762242485,389,eligible_regular_session
2013-12-12,2013-12-13,train,1.719252018320763e-05,-0.0033176291971391,2.1420183526558637e-05,1.6738124631829706e-05,1.5806755355383613e-05,-10.75117692498144,-10.997821528340586,-11.055073155168376,389,eligible_regular_session
2013-12-13,2013-12-16,train,1.648344079710805e-05,-0.0023858302073188,1.719252018320763e-05,1.612412891416645e-05,1.6170838975166852e-05,-10.971036141798907,-11.035193717568502,-11.032301001047948,389,eligible_regular_session
2013-12-16,2013-12-17,train,1.5484464472756595e-05,0.0021182411955102,1.648344079710805e-05,1.767933473420763e-05,1.6119405449399748e-05,-11.013154269043476,-10.94311412961841,-11.035486704357558,389,eligible_regular_session
2013-12-17,2013-12-18,train,0.0001108913920575,-0.0030217854878299,1.5484464472756595e-05,1.859067766745028e-05,1.6282286596048056e-05,-11.075673328749883,-10.892850303562875,-11.025432752949955,389,eligible_regular_session
2013-12-18,2013-12-19,train,1.6083353789570883e-05,0.0159124128939533,0.0001108913920575,3.629440020742618e-05,2.0621214884539868e-05,-9.10695928557898,-10.223847092851656,-10.789190163335105,389,eligible_regular_session
2013-12-19,2013-12-20,train,9.81694982308214e-06,0.0015928766399941,1.6083353789570883e-05,3.522703426002863e-05,2.1067166218693876e-05,-11.037725746957781,-10.253696751384892,-10.767794832848034,389,eligible_regular_session
2013-12-20,2013-12-23,train,6.9730771178752985e-06,0.0047486661331984,9.81694982308214e-06,3.375192018800353e-05,2.0870426062448667e-05,-11.531400092494197,-10.2964732478048,-10.777177422016532,389,eligible_regular_session
2013-12-23,2013-12-26,train,4.699133930287027e-06,0.0012808023732547,6.9730771178752985e-06,3.1849847452156985e-05,2.0005453380596594e-05,-11.873453950289166,-10.354477965528782,-10.819505652547898,389,eligible_regular_session
2013-12-26,2013-12-27,train,3.939792649231354e-06,0.0027836543628453,4.699133930287027e-06,2.9692781343663072e-05,1.8607498472613924e-05,-12.268132336379788,-10.42460659409956,-10.89194591479678,389,eligible_regular_session
2013-12-27,2013-12-30,train,4.1203676518306065e-06,-0.0016279931529827,3.939792649231354e-06,8.302461462009341e-06,1.8289342064610734e-05,-12.444382463137927,-11.698958525439574,-10.90919206861909,389,eligible_regular_session
2013-12-30,2013-12-31,train,7.75866111291587e-06,-0.0001955278443309,4.1203676518306065e-06,5.909864234461285e-06,1.8163433849691275e-05,-12.399568162702908,-12.038887698982503,-10.916100114026744,389,eligible_regular_session
2013-12-31,2014-01-02,train,1.9551352450406543e-05,0.0022213683005164,7.75866111291587e-06,5.4982064924280316e-06,1.8161171041529174e-05,-11.766700775650744,-12.111088611191311,-10.91622470220447,389,eligible_regular_session
2014-01-02,2014-01-03,train,9.762367445722684e-06,-0.0057636106095501,1.9551352450406543e-05,8.01386155893428e-06,1.8716592032892117e-05,-10.842466094876732,-11.73433782080167,-10.886100153012848,389,eligible_regular_session
2014-01-03,2014-01-06,train,1.9586526090245263e-05,-0.0015930780867546,9.762367445722684e-06,9.026508262021413e-06,1.8890097820051735e-05,-11.536975620793577,-11.615344947262809,-10.876872698060254,389,eligible_regular_session
2014-01-06,2014-01-07,train,9.33257743770564e-06,-0.0052200050823537,1.9586526090245263e-05,1.2155854950224194e-05,1.9137032017171917e-05,-10.840668672501275,-11.317699615341548,-10.86388525098701,389,eligible_regular_session
2014-01-07,2014-01-08,train,2.392706181182567e-05,0.0031608861531937,9.33257743770564e-06,1.3198296907399201e-05,1.867565970039214e-05,-11.581999328554204,-11.235422758862752,-10.888289502247115,389,eligible_regular_session
2014-01-08,2014-01-09,train,1.5947994631100624e-05,0.0005117651654067,2.392706181182567e-05,1.643197704718116e-05,1.8264634671308455e-05,-10.640500446205644,-11.016281301615637,-10.91054389948791,389,eligible_regular_session
2014-01-09,2014-01-10,train,1.8920135391791367e-05,-0.0016036228998315,1.5947994631100624e-05,1.5711305483319975e-05,1.79655298459782e-05,-11.046177465095546,-11.061130010274663,-10.927055644598074,389,eligible_regular_session
2014-01-10,2014-01-13,train,2.345572070246053e-05,0.0003582984121195,1.8920135391791367e-05,1.7542859072533714e-05,1.790451332871763e-05,-10.875283838351804,-10.9508635813087,-10.930457735630691,389,eligible_regular_session
2014-01-13,2014-01-14,train,1.6639281548873287e-05,-0.0117007698954055,2.345572070246053e-05,1.8316697994976768e-05,1.8574891010788465e-05,-10.660396139627117,-10.907697455412418,-10.893699834899147,389,eligible_regular_session
2014-01-14,2014-01-15,train,1.2696923954106845e-05,0.0076883132512743,1.6639281548873287e-05,1.9778038817210296e-05,1.883450608998528e-05,-11.00374429965277,-10.830938386472518,-10.879819940153995,389,eligible_regular_session
2014-01-15,2014-01-16,train,1.0626702301144158e-05,0.0033491972647255,1.2696923954106845e-05,1.7532011245666532e-05,1.8394694480734663e-05,-11.27415080217495,-10.951482133971314,-10.90344827836663,389,eligible_regular_session
2014-01-16,2014-01-17,train,1.1667470605026169e-05,-0.00018959862029,1.0626702301144158e-05,1.6467752779675238e-05,1.7904081697761274e-05,-11.452140639408825,-11.014106466333786,-10.930481843304062,389,eligible_regular_session
2014-01-17,2014-01-21,train,1.946389957479608e-05,-0.003106469597846,1.1667470605026169e-05,1.5017219822322197e-05,1.765294308057121e-05,-11.358705878514844,-11.106313027141784,-10.944608041711094,389,eligible_regular_session
2014-01-21,2014-01-22,train,9.823012255170078e-06,-0.001008452652952,1.946389957479608e-05,1.4218855596789308e-05,1.7788418479557027e-05,-10.846949112032117,-11.160941615253247,-10.936962959644893,389,eligible_regular_session
2014-01-22,2014-01-23,train,3.254464579724764e-05,-0.0002113700854162,9.823012255170078e-06,1.2855601738048666e-05,1.7531079742394005e-05,-11.530782735672801,-11.26173090869212,-10.951535266952263,389,eligible_regular_session
2014-01-23,2014-01-24,train,4.408506464444491e-05,-0.0054815578301532,3.254464579724764e-05,1.6825146106676825e-05,1.3969864003291626e-05,-10.332897694475946,-10.992635998567662,-11.17860811965391,389,eligible_regular_session
2014-01-24,2014-01-27,train,5.6310567577728585e-05,-0.0169105147112151,4.408506464444491e-05,2.3516818575336973e-05,1.5242669042149536e-05,-10.029389503067168,-10.657794708736976,-11.091411889040629,389,eligible_regular_session
2014-01-27,2014-01-28,train,2.59244056903954e-05,-0.005881662137548,5.6310567577728585e-05,3.244543796987746e-05,1.7356015303724374e-05,-9.784628339229302,-10.33595071114183,-10.961571408274446,389,eligible_regular_session
2014-01-28,2014-01-29,train,8.983123670286735e-05,0.0058695498344816,2.59244056903954e-05,3.3737539192997325e-05,1.8217439329748015e-05,-10.560325728300631,-10.29689941791657,-10.913131217735609,389,eligible_regular_session
2014-01-29,2014-01-30,train,2.309395906406167e-05,-0.0040103208284905,8.983123670286735e-05,4.973918408253677e-05,2.2087080364865303e-05,-9.317577795670342,-9.908717523371791,-10.720517719259988,389,eligible_regular_session
2014-01-30,2014-01-31,train,4.809791563903159e-05,0.0058470872537758,2.309395906406167e-05,4.784904673589958e-05,2.2957724292812135e-05,-10.675939487015134,-9.947459362188528,-10.681856107591958,389,eligible_regular_session
2014-01-31,2014-02-03,train,7.406848957165256e-05,0.0008867985471905,4.809791563903159e-05,4.865161693481692e-05,2.495670374677582e-05,-9.942271715699366,-9.930825513814332,-10.598368084611176,389,eligible_regular_session
2014-02-03,2014-02-04,train,4.7990382411469915e-05,-0.0231295030509896,7.406848957165256e-05,5.2203201333601715e-05,2.7970786858536575e-05,-9.51052035805124,-9.860366736726261,-10.484349918913841,389,eligible_regular_session
2014-02-04,2014-02-05,train,6.214384336645473e-05,0.0039731295522457,4.7990382411469915e-05,5.661639667781661e-05,2.926347003858491e-05,-9.944509933560127,-9.779211920753971,-10.439170576150847,389,eligible_regular_session
2014-02-05,2014-02-06,train,1.9934458889454385e-05,0.0008680605674643,6.214384336645473e-05,5.107891801053409e-05,3.1644446216800005e-05,-9.686058805792046,-9.882138709276944,-10.360947899754247,389,eligible_regular_session
2014-02-06,2014-02-07,train,2.8318104010789025e-05,0.0103061552475448,1.9934458889454385e-05,5.0447017975612637e-05,3.166026134403678e-05,-10.823060721243804,-9.89458692142278,-10.360448248838063,389,eligible_regular_session
2014-02-07,2014-02-10,train,1.4254312428953308e-05,0.00863657358512,2.8318104010789025e-05,4.649105564996412e-05,3.2523239824631474e-05,-10.472009240151499,-9.976250615486583,-10.333555652643291,389,eligible_regular_session
2014-02-10,2014-02-11,train,1.4553216930865675e-05,0.0021304475599352,1.4254312428953308e-05,3.452822022142427e-05,3.208356939813729e-05,-11.158451070438591,-10.273733590855592,-10.34716651562754,389,eligible_regular_session
2014-02-11,2014-02-12,train,1.5458466937647077e-05,0.0101536053319657,1.4553216930865675e-05,2.7840787125303428e-05,3.202017041176297e-05,-11.137698493879792,-10.489008449718732,-10.34914452836855,389,eligible_regular_session
2014-02-12,2014-02-13,train,1.5807399917262578e-05,-0.0009450602080321,1.5458466937647077e-05,1.8503711839541893e-05,3.18628218456655e-05,-11.077353682875478,-10.897539206030265,-10.35407068723293,389,eligible_regular_session
2014-02-13,2014-02-14,train,1.2583493057054464e-05,0.0109141151959412,1.5807399917262578e-05,1.7678300045103532e-05,3.1515170900883776e-05,-11.05503237837877,-10.943172656672658,-10.365041512171329,389,eligible_regular_session
2014-02-14,2014-02-18,train,1.3311918065268654e-05,0.0063349196007629,1.2583493057054464e-05,1.453137785435662e-05,3.133081687852837e-05,-11.283124677742057,-11.139200256635972,-10.370908379974985,389,eligible_regular_session
2014-02-18,2014-02-19,train,2.7518907425997532e-05,0.0007063643720979,1.3311918065268654e-05,1.4342898981619688e-05,3.1358771156308454e-05,-11.226850828857138,-11.152255582721017,-10.370016548316517,389,eligible_regular_session
2014-02-19,2014-02-20,train,2.175904263825727e-05,-0.0048876645832187,2.7518907425997532e-05,1.693603708064606e-05,3.212659866198361e-05,-10.500637246777446,-10.98606683467697,-10.345826252189912,389,eligible_regular_session
2014-02-20,2014-02-21,train,1.5932288965456526e-05,0.005215199624332,2.175904263825727e-05,1.81961522207681e-05,3.258530648167593e-05,-10.73548113334802,-10.914300402674444,-10.331649092618028,389,eligible_regular_session
2014-02-21,2014-02-24,train,1.5974398635241326e-05,-0.0027189297647805,1.5932288965456526e-05,1.822113003040689e-05,3.242477872670595e-05,-11.047162755384267,-10.91292864662833,-10.336587651942153,389,eligible_regular_session
2014-02-24,2014-02-25,train,2.5691224915189356e-05,0.0050561600690523,1.5974398635241326e-05,1.8899311146044263e-05,3.2704387198527375e-05,-11.044523202525582,-10.876385083862141,-10.328001323967817,389,eligible_regular_session
2014-02-25,2014-02-26,train,2.5041992733969543e-05,-0.0017218045295478,2.5691224915189356e-05,2.13751725160284e-05,3.2392868067524727e-05,-10.56936106735677,-10.753280472248715,-10.33757228076895,389,eligible_regular_session
2014-02-26,2014-02-27,train,2.119883310152399e-05,-0.0013105381038166,2.5041992733969543e-05,2.08797895776228e-05,3.152727388977584e-05,-10.59495643287132,-10.776728872700675,-10.364657548983322,389,eligible_regular_session
2014-02-27,2014-02-28,train,3.120912821719484e-05,0.0052669838294945,2.119883310152399e-05,2.0767747670276148e-05,2.993128595903927e-05,-10.761564420182138,-10.782109367445328,-10.41660627146839,389,eligible_regular_session
2014-02-28,2014-03-03,train,5.3344111634220256e-05,0.0022941595185629,3.120912821719484e-05,2.382311552062381e-05,3.0171500619348337e-05,-10.374799934875467,-10.64485420827325,-10.408612767238447,389,eligible_regular_session
2014-03-03,2014-03-04,train,2.3541918335548953e-05,-0.0020191801845925,5.3344111634220256e-05,3.12970581204196e-05,2.851299493440983e-05,-9.838746958674996,-10.371986454598433,-10.465150611998162,389,eligible_regular_session
2014-03-04,2014-03-05,train,1.925681177759515e-05,0.0082267496874913,2.3541918335548953e-05,3.0867196804491514e-05,2.8533356719477432e-05,-10.656727966863318,-10.385816530036223,-10.464436743877169,389,eligible_regular_session
2014-03-05,2014-03-06,train,8.529866685729368e-06,-0.0003414407766805,1.925681177759515e-05,2.9710160613216634e-05,2.72223974530485e-05,-10.85764570124729,-10.42402146247217,-10.511470487725722,389,eligible_regular_session
2014-03-06,2014-03-07,train,2.814642889142148e-05,-0.0001917494479763,8.529866685729368e-06,2.7176367330057714e-05,2.4243369140052e-05,-11.671936825453935,-10.5131628104893,-10.627367415495266,389,eligible_regular_session
2014-03-07,2014-03-10,train,2.0524588654761165e-05,-0.002722841093203,2.814642889142148e-05,2.656382746490304e-05,2.3341371252777065e-05,-10.47809007141101,-10.535960137379064,-10.665283181641541,389,eligible_regular_session
2014-03-10,2014-03-11,train,2.0300429429235825e-05,0.0005595687736106,2.0524588654761165e-05,1.9999922869011224e-05,2.144958694770009e-05,-10.793886944007552,-10.819782140967158,-10.749805169293136,389,eligible_regular_session
2014-03-11,2014-03-12,train,2.4418729560164098e-05,-0.0063402818945831,2.0300429429235825e-05,1.9351625087748596e-05,2.1466221972235607e-05,-10.80486851799073,-10.852734158151954,-10.749029929315734,389,eligible_regular_session
2014-03-12,2014-03-13,train,3.925050078342258e-05,0.0033457041096046,2.4418729560164098e-05,2.038400864426239e-05,2.1288977679025385e-05,-10.620160115198345,-10.800759854503655,-10.757321099045768,389,eligible_regular_session
2014-03-13,2014-03-14,train,3.722351591163067e-05,-0.013657174552898,3.925050078342258e-05,2.652813546380103e-05,2.2425168058773986e-05,-10.145546355003935,-10.537304672578369,-10.705326655787786,389,eligible_regular_session
2014-03-14,2014-03-17,train,2.430436432026387e-05,-0.0023223646456158,3.722351591163067e-05,2.834355286784287e-05,2.34556361942633e-05,-10.198569848244544,-10.471110965721593,-10.660399742515748,389,eligible_regular_session
2014-03-17,2014-03-18,train,1.651203870920533e-05,0.0053844208857074,2.430436432026387e-05,2.909950800094341e-05,2.3857722438927703e-05,-10.624854622087268,-10.44478929111383,-10.643402601050655,389,eligible_regular_session
2014-03-18,2014-03-19,train,4.6761288009920365e-05,0.0057646002007793,1.651203870920533e-05,2.8341829856937306e-05,2.38897514749251e-05,-11.011420824360377,-10.47117175779261,-10.64206099957204,389,eligible_regular_session
2014-03-19,2014-03-20,train,2.092869568369721e-05,-0.0058668792355827,4.6761288009920365e-05,3.2810341546888556e-05,2.544328760914628e-05,-9.970454876617431,-10.324766801204284,-10.579058597922547,389,eligible_regular_session
2014-03-20,2014-03-21,train,3.065870923818979e-05,0.0072961524497723,2.092869568369721e-05,2.914598052694349e-05,2.5789504773620306e-05,-10.774389341475104,-10.443193543974056,-10.565542940519043,389,eligible_regular_session
2014-03-21,2014-03-24,train,3.8464878373475425e-05,-0.0060697889351675,3.065870923818979e-05,2.783301919225531e-05,2.593222303781086e-05,-10.392593784617834,-10.489287501345064,-10.560024229816584,389,eligible_regular_session
2014-03-24,2014-03-25,train,3.195751858807825e-05,-0.0065567320435612,3.8464878373475425e-05,3.0665122002897624e-05,2.6691579207593504e-05,-10.165764983063434,-10.392384640322657,-10.53116242778592,389,eligible_regular_session
2014-03-25,2014-03-26,train,3.757045359972165e-05,-7.503443548158108e-05,3.195751858807825e-05,3.375421797867221e-05,2.741999873589449e-05,-10.351103081254454,-10.296405171308885,-10.504237929931694,389,eligible_regular_session
2014-03-26,2014-03-27,train,4.5912029457444585e-05,-0.0102454851001193,3.757045359972165e-05,3.191605109663247e-05,2.840163759791632e-05,-10.18929262499582,-10.352401505547205,-10.469063752561036,389,eligible_regular_session
2014-03-27,2014-03-28,train,2.431687397382584e-05,-0.0002325160135601,4.5912029457444585e-05,3.691271785138194e-05,2.9320765077109746e-05,-9.988783395551767,-10.206954409079426,-10.437214587251146,389,eligible_regular_session
2014-03-28,2014-03-31,train,1.834438335603848e-05,0.0019454787242945,2.431687397382584e-05,3.564435079850915e-05,2.928780513346685e-05,-10.62434004638838,-10.241919886535456,-10.43833933562836,389,eligible_regular_session
2014-03-31,2014-04-01,train,1.1620123823150047e-05,0.0029364198407814,1.834438335603848e-05,3.162025179502176e-05,2.9158057417762962e-05,-10.906187114456598,-10.361712763057735,-10.442779271089435,389,eligible_regular_session
2014-04-01,2014-04-02,train,1.4128102339622107e-05,0.0044595117424724,1.1620123823150047e-05,2.7552772842036115e-05,2.8267648127124563e-05,-11.362772150560275,-10.499407379806167,-10.47379258295884,389,eligible_regular_session
2014-04-02,2014-04-03,train,1.3928906059463229e-05,0.002255317626778,1.4128102339622107e-05,2.286430259001621e-05,2.648510225009737e-05,-11.16734467038442,-10.68593370252143,-10.538928162295706,389,eligible_regular_session
2014-04-03,2014-04-04,train,4.5833457504135426e-05,-0.0020571514395199,1.3928906059463229e-05,1.646767791041994e-05,2.6048147146638927e-05,-11.1815443045224,-11.014111012760155,-10.555563919103015,389,eligible_regular_session
2014-04-04,2014-04-07,train,4.1107311287537466e-05,-0.0166524304216873,4.5833457504135426e-05,2.0770994616481857e-05,2.725617649784531e-05,-9.990496220348291,-10.781953034054688,-10.510230402067236,389,eligible_regular_session
2014-04-07,2014-04-08,train,3.5752137542636114e-05,-0.0085436700271889,4.1107311287537466e-05,2.5323580202781654e-05,2.873696943429113e-05,-10.099324562074948,-10.583774572469958,-10.457326130532016,389,eligible_regular_session
2014-04-08,2014-04-09,train,2.5888399453982018e-05,0.0048005590905263,3.5752137542636114e-05,3.0149982946678864e-05,2.9082683463891795e-05,-10.238900499209283,-10.409326200407198,-10.445367630880586,389,eligible_regular_session
2014-04-09,2014-04-10,train,4.6294590232696297e-05,0.0084538067971654,2.5888399453982018e-05,3.250204236955085e-05,2.9326493045674563e-05,-10.561715587124494,-10.33420762846304,-10.437019250972302,389,eligible_regular_session
2014-04-10,2014-04-11,train,5.851126467196871e-05,-0.0200494300891698,4.6294590232696297e-05,3.897517920419746e-05,3.050804580946822e-05,-9.98048544532503,-10.152585545104193,-10.397520112107483,389,eligible_regular_session
2014-04-11,2014-04-14,train,3.692028173649435e-05,-0.0041381302302255,5.851126467196871e-05,4.1510740637764125e-05,3.205770649636843e-05,-9.74629126376828,-10.089558353664762,-10.34797295119683,389,eligible_regular_session
2014-04-14,2014-04-15,train,7.700344169055754e-05,0.0025157521143898,3.692028173649435e-05,4.0673334727555496e-05,3.195178744878078e-05,-10.206749517359434,-10.109937846630146,-10.351282433516847,389,eligible_regular_session
2014-04-15,2014-04-16,train,3.7159215707237575e-05,0.0054736222757956,7.700344169055754e-05,4.8923595557139783e-05,3.3759965893277456e-05,-9.471660439829517,-9.925250751131161,-10.296234898507246,389,eligible_regular_session
2014-04-16,2014-04-17,train,2.043033794622176e-05,0.0060112325712229,3.7159215707237575e-05,5.11777588077909e-05,3.434427731995808e-05,-10.200298750074587,-9.880205518582414,-10.27907515230295,389,eligible_regular_session
2014-04-17,2014-04-21,train,1.4698084416871045e-05,0.0016850198247085,2.043033794622176e-05,4.600490835049599e-05,3.4522381830731556e-05,-10.798489607606271,-9.986762463895916,-10.273902695556583,389,eligible_regular_session
2014-04-21,2014-04-22,train,8.636242569405375e-06,0.0030341728674148,1.4698084416871045e-05,3.724227229947646e-05,3.306496348559295e-05,-11.127793384448381,-10.198066089708092,-10.317036341160263,389,eligible_regular_session
2014-04-22,2014-04-23,train,1.221480279032251e-05,0.0032931225941029,8.636242569405375e-06,3.158546446605866e-05,3.25062156167615e-05,-11.659542957539738,-10.362813528448385,-10.334079237167975,389,eligible_regular_session
2014-04-23,2014-04-24,train,2.481399721580417e-05,-0.0016036615928862,1.221480279032251e-05,1.862773668601165e-05,3.1667856232767536e-05,-11.312861998262305,-10.890858868331012,-10.360208390492108,389,eligible_regular_session
2014-04-24,2014-04-25,train,2.1423344183967915e-05,-0.0019145581358909,2.481399721580417e-05,1.615869298772497e-05,3.104736163469157e-05,-10.604102660146221,-11.03305238761471,-10.379996724702588,389,eligible_regular_session
2014-04-25,2014-04-28,train,4.391331217859956e-05,-0.005244916973047,2.1423344183967915e-05,1.6357294235274203e-05,3.056853552541383e-05,-10.751029380762562,-11.020836629509867,-10.395539328821936,389,eligible_regular_session
2014-04-28,2014-04-29,train,2.128698167709897e-05,4.814185801745261e-05,4.391331217859956e-05,2.2200339787619906e-05,3.085684727899919e-05,-10.033293045158235,-10.715402963454528,-10.386151878302623,389,eligible_regular_session
2014-04-29,2014-04-30,train,2.5924761059019636e-05,0.0026227146254845,2.128698167709897e-05,2.4730487609158626e-05,2.9737526925347112e-05,-10.757414860969543,-10.607473759312004,-10.423100776901489,389,eligible_regular_session
2014-04-30,2014-05-01,train,2.136306773666938e-05,0.0046355143611256,2.5924761059019636e-05,2.7472479262898052e-05,2.981061270194683e-05,-10.560312020515278,-10.502325808456883,-10.420646096914673,389,eligible_regular_session
2014-05-01,2014-05-02,train,2.484395448911115e-05,-0.000578585454366,2.136306773666938e-05,2.6782293367071093e-05,2.9947825628339147e-05,-10.753846933554147,-10.5277695840613,-10.41605383609378,389,eligible_regular_session
2014-05-02,2014-05-05,train,1.877978816313682e-05,-0.001965044102266,2.484395448911115e-05,2.746641542809974e-05,3.054890884042829e-05,-10.602896115135296,-10.502546556793996,-10.396181590155466,389,eligible_regular_session
2014-05-05,2014-05-06,train,1.754955024700372e-05,0.006045562219359,1.877978816313682e-05,2.2439710625007193e-05,3.0760349105133504e-05,-10.882729364165943,-10.704678372891715,-10.3892840640696,389,eligible_regular_session
2014-05-06,2014-05-07,train,3.626299427893602e-05,-0.0065265709542065,1.754955024700372e-05,2.1692224338988143e-05,3.09249238409308e-05,-10.95048223533213,-10.738556687023996,-10.383948102391074,389,eligible_regular_session
2014-05-07,2014-05-08,train,2.775558258628391e-05,0.0036376283544701,3.626299427893602e-05,2.3759870982971422e-05,3.0489902785239915e-05,-10.224712778028854,-10.647512493494192,-10.398114985383758,389,eligible_regular_session
2014-05-08,2014-05-09,train,2.6401660850678088e-05,-0.0007249737781081,2.775558258628391e-05,2.5038373952894326e-05,2.988300602609202e-05,-10.492073563724162,-10.595100951824392,-10.418220599476962,389,eligible_regular_session
2014-05-09,2014-05-12,train,9.634340776728838e-06,0.0019613283623382,2.6401660850678088e-05,2.534991522520771e-05,2.9457984358275754e-05,-10.542083638780285,-10.58273517210594,-10.43254556888098,389,eligible_regular_session
2014-05-12,2014-05-13,train,1.0748518864957631e-05,0.0058905504062741,9.634340776728838e-06,2.3520825747926113e-05,2.8719163509309693e-05,-11.550176678082801,-10.657624327219938,-10.457945939928827,389,eligible_regular_session
2014-05-13,2014-05-14,train,1.2124556577386126e-05,-0.0002582460888752,1.0748518864957631e-05,2.2160619471516897e-05,2.7103432992594305e-05,-11.44074259288708,-10.717193741985076,-10.51585015940817,389,eligible_regular_session
2014-05-14,2014-05-15,train,3.2288343478409506e-05,-0.0040001638607381,1.2124556577386126e-05,1.7332931931206917e-05,2.4994946261022367e-05,-11.320277692746687,-10.962902286134089,-10.596836903090155,389,eligible_regular_session
2014-05-15,2014-05-16,train,2.331663532555613e-05,-0.0077369722025796,3.2288343478409506e-05,1.8239484109632037e-05,2.47844036129276e-05,-10.340804275890989,-10.911921857181229,-10.605295989200947,389,eligible_regular_session
2014-05-16,2014-05-19,train,1.2762203974101533e-05,0.0036329630969788,2.331663532555613e-05,1.7622479004607648e-05,2.2344094232700264e-05,-10.666343489672355,-10.946335254696018,-10.708948511969915,389,eligible_regular_session
2014-05-19,2014-05-20,train,2.1068072744990077e-05,0.0059912917324655,1.2762203974101533e-05,1.8248051644082184e-05,2.1235139153921356e-05,-11.269022569719851,-10.91145224286332,-10.759853241175003,389,eligible_regular_session
2014-05-20,2014-05-21,train,1.5821655273048228e-05,-0.0056483941028756,2.1068072744990077e-05,2.0311962420088674e-05,2.1264127099319915e-05,-10.767751803482657,-10.804300563697092,-10.758489078804706,389,eligible_regular_session
2014-05-21,2014-05-22,train,9.96868345785186e-06,0.0055667245982769,1.5821655273048228e-05,2.1051382159221093e-05,2.131519850187342e-05,-11.054130969426456,-10.76854433922086,-10.756090195011978,389,eligible_regular_session
2014-05-22,2014-05-23,train,4.67942489686306e-06,0.0025606989247866,9.96868345785186e-06,1.6587450155109564e-05,2.137576399680281e-05,-11.516062033075857,-11.006864163277482,-10.753252801239718,389,eligible_regular_session
2014-05-23,2014-05-27,train,5.764935933251009e-06,0.0035737290167079,4.67942489686306e-06,1.286000806937095e-05,2.1033246819827377e-05,-12.272335340871406,-11.261388211676696,-10.769406190255607,389,eligible_regular_session
2014-05-27,2014-05-28,train,8.499678404741523e-06,0.0031274335766483,5.764935933251009e-06,1.1460554461200848e-05,2.0167380397893146e-05,-12.063716517357733,-11.376599465544327,-10.811444090590792,389,eligible_regular_session
2014-05-28,2014-05-29,train,7.558226777956834e-06,-0.0013238070012521,8.499678404741523e-06,8.946875593151136e-06,1.9579941044291943e-05,-11.675482229920046,-11.624206182362915,-10.841004931883198,389,eligible_regular_session
2014-05-29,2014-05-30,train,7.150091900142027e-06,0.0031618517419593,7.558226777956834e-06,7.294189894132858e-06,1.792743716244455e-05,-11.792873948465045,-11.82843243162371,-10.929178216288863,389,eligible_regular_session
2014-05-30,2014-06-02,train,9.683262899419952e-06,0.0024361689256491,7.150091900142027e-06,6.73047158259089e-06,1.728485126349196e-05,-11.848385348174242,-11.908865345055132,-10.96568008957466,389,eligible_regular_session
2014-06-02,2014-06-03,train,7.500031662685494e-06,-6.75379056752558e-05,9.683262899419952e-06,7.731239183102268e-06,1.654660134714652e-05,-11.545111637086912,-11.770241399920284,-11.009329833897654,389,eligible_regular_session
2014-06-03,2014-06-04,train,6.390394834221177e-06,0.0018257624767017,7.500031662685494e-06,8.078258328989167e-06,1.5916463343783614e-05,-11.800603315739522,-11.726334262009155,-11.048156553999783,389,eligible_regular_session
2014-06-04,2014-06-05,train,1.2077764876408183e-05,0.0035857046904777,6.390394834221177e-06,7.656401614885097e-06,1.5077665177652254e-05,-11.960714502090731,-11.779968447654843,-11.102296036439874,389,eligible_regular_session
2014-06-05,2014-06-06,train,4.485062026874946e-06,0.0053593659845305,1.2077764876408183e-05,8.560309234575368e-06,1.4773027755528225e-05,-11.324144409364575,-11.668374242928628,-11.122707488825498,389,eligible_regular_session
2014-06-06,2014-06-09,train,7.723775109039914e-06,0.0027023988661903,4.485062026874946e-06,8.02730325992195e-06,1.4179187381886008e-05,-12.31475823269966,-11.732661919545679,-11.163735345844733,389,eligible_regular_session
2014-06-09,2014-06-10,train,6.839730745756533e-06,0.0012719059273546,7.723775109039914e-06,7.635405701845942e-06,1.288195014689073e-05,-11.771207309689318,-11.782714483593951,-11.259683439829152,389,eligible_regular_session
2014-06-10,2014-06-11,train,8.929339095484697e-06,0.0010565729043643,6.839730745756533e-06,7.503345518460151e-06,1.1931229608684941e-05,-11.8927621917601,-11.800161567753246,-11.336351258541603,389,eligible_regular_session
2014-06-11,2014-06-12,train,1.2077472084341484e-05,-0.0008073370401977,8.929339095484697e-06,8.011134370712855e-06,1.1137033165267057e-05,-11.626168175278902,-11.734678187596112,-11.4052346816223,389,eligible_regular_session
2014-06-12,2014-06-13,train,1.1543046056956176e-05,-0.0061103194902338,1.2077472084341484e-05,8.011075812299514e-06,1.124808458834036e-05,-11.324168651897752,-11.73468549725098,-11.395312702623713,389,eligible_regular_session
2014-06-13,2014-06-16,train,1.033127048587134e-05,0.0013439959015213,1.1543046056956176e-05,9.42267261831576e-06,1.1284199460703929e-05,-11.369427375306003,-11.5723917921729,-11.392107088562465,389,eligible_regular_session
2014-06-16,2014-06-17,train,1.1382715608980612e-05,0.0026352246405624,1.033127048587134e-05,9.944171693682046e-06,1.1202686456544167e-05,-11.480335292475585,-11.51852393784679,-11.399356946234118,389,eligible_regular_session
2014-06-17,2014-06-18,train,1.4934075612626831e-05,0.0039828152095237,1.1382715608980612e-05,1.0852768666326862e-05,1.02524306442974e-05,-11.383414527770544,-11.431090333909834,-11.487995744463147,389,eligible_regular_session
2014-06-18,2014-06-19,train,7.12769884559619e-06,0.0076379125811059,1.4934075612626831e-05,1.205371596975529e-05,9.871405202800613e-06,-11.111865002244068,-11.326137566333909,-11.52586834354827,389,eligible_regular_session
2014-06-19,2014-06-20,train,4.660592018734054e-06,0.0009089934800471,7.12769884559619e-06,1.1063761322006232e-05,9.615291333323099e-06,-11.851522118183786,-11.41183553632129,-11.552155879504966,389,eligible_regular_session
2014-06-20,2014-06-23,train,7.30164749626357e-06,0.0014884823799015,4.660592018734054e-06,9.687270514361807e-06,8.869496754856916e-06,-12.276368075249161,-11.544697852405465,-11.63289249889415,389,eligible_regular_session
2014-06-23,2014-06-24,train,1.1883798381868864e-05,-0.0001324773261899,7.30164749626357e-06,9.081345916440252e-06,8.482223674093976e-06,-11.827410550853159,-11.609288147653011,-11.677537916816988,389,eligible_regular_session
2014-06-24,2014-06-25,train,1.3778097064909298e-05,-0.0047778937242922,1.1883798381868864e-05,9.181562471017903e-06,8.569274352458385e-06,-11.340334566018695,-11.598313164000315,-11.667327501931567,389,eligible_regular_session
2014-06-25,2014-06-26,train,1.6815027315769215e-05,0.0057314665143624,1.3778097064909298e-05,8.950366761474395e-06,8.98285036009685e-06,-11.192430395897974,-11.623816047581437,-11.620193313977198,389,eligible_regular_session
2014-06-26,2014-06-27,train,8.47026677056184e-06,-0.0004086511504208,1.6815027315769215e-05,1.0887832455509e-05,9.485127241120406e-06,-10.993237588285153,-11.427864680728637,-11.565785539683576,389,eligible_regular_session
2014-06-27,2014-06-30,train,8.492697208954984e-06,0.0033048594101975,8.47026677056184e-06,1.1649767405874557e-05,9.483790348657692e-06,-11.678948553862195,-11.360224343312852,-11.565926495798609,389,eligible_regular_session
2014-06-30,2014-07-01,train,1.0048764962532648e-05,-0.0001887451767181,8.492697208954984e-06,1.188797734841284e-05,9.526266277339427e-06,-11.676303915638163,-11.339982975406834,-11.561457703284754,389,eligible_regular_session
2014-07-01,2014-07-02,train,5.951689513485351e-06,0.0044491921634274,1.0048764962532648e-05,1.1520970664545596e-05,9.658024143811727e-06,-11.508060820310932,-11.371341647170986,-11.547721470639084,389,eligible_regular_session
2014-07-02,2014-07-07,train,7.472252062224535e-06,0.0008512406839544,5.951689513485351e-06,9.955689154260807e-06,9.488407171723792e-06,-12.031835426867154,-11.517366395896845,-11.565439802240599,389,eligible_regular_session
2014-07-07,2014-07-08,train,1.4225351473297612e-05,-0.0020460597766999,7.472252062224535e-06,8.087134103551872e-06,9.487144462611928e-06,-11.804314123368961,-11.725236141379959,-11.565572890241208,389,eligible_regular_session
2014-07-08,2014-07-09,train,1.4105348644675136e-05,-0.0050027911675483,1.4225351473297612e-05,9.238151044099027e-06,9.843278855297222e-06,-11.16048487011669,-11.592168795786534,-11.528721685402818,389,eligible_regular_session
2014-07-09,2014-07-10,train,1.931704429546111e-05,0.0026547902040401,1.4105348644675136e-05,1.0360681331243056e-05,9.93544175385481e-06,-11.16895649600827,-11.477492557731395,-11.519402218544899,389,eligible_regular_session
2014-07-10,2014-07-11,train,1.0580705897538756e-05,0.0022318253154522,1.931704429546111e-05,1.2214337197828748e-05,1.0609622766063273e-05,-10.854522727660948,-11.312900116058842,-11.453749160535656,389,eligible_regular_session
2014-07-11,2014-07-14,train,4.998564030082109e-06,0.0016482346258928,1.0580705897538756e-05,1.314014047463943e-05,1.0739483256449584e-05,-11.45647841376559,-11.239838854353126,-11.441583583965688,389,eligible_regular_session
2014-07-14,2014-07-15,train,2.059786465042009e-05,0.0008399577479004,4.998564030082109e-06,1.2645402868210944e-05,1.0655793860282563e-05,-12.206359880761841,-11.27821681846762,-11.449406789296809,389,eligible_regular_session
2014-07-15,2014-07-16,train,7.647310034707203e-06,-0.0028739868493123,2.059786465042009e-05,1.3919905503635439e-05,1.1186181385506901e-05,-10.790323145288172,-11.182190691612979,-11.400831346292547,389,eligible_regular_session
2014-07-16,2014-07-17,train,2.742740274779706e-05,-0.0003027611842922,7.647310034707203e-06,1.2628297781641854e-05,1.0984810383250797e-05,-11.781156601412,-11.279570406485277,-11.418997113701279,389,eligible_regular_session
2014-07-17,2014-07-18,train,1.0303612027006175e-05,-0.0095565602135316,2.742740274779706e-05,1.4250369472109043e-05,1.1706826596470837e-05,-10.50396794405279,-11.158727723718435,-11.355338416529044,389,eligible_regular_session
2014-07-18,2014-07-21,train,9.673115158854422e-06,0.0082397755150575,1.0303612027006175e-05,1.4194950698002529e-05,1.1705569393795147e-05,-11.483016041969718,-11.16262424123998,-11.35544581285682,389,eligible_regular_session
2014-07-21,2014-07-22,train,7.476615045496228e-06,0.0005676490864773,9.673115158854422e-06,1.5129860923756988e-05,1.1627860282425774e-05,-11.546160153649739,-11.098840222291056,-11.362106590955092,389,eligible_regular_session
2014-07-22,2014-07-23,train,7.167439028667925e-06,0.0025186578124512,7.476615045496228e-06,1.250561100277222e-05,1.1288884802101655e-05,-11.80373040242688,-11.28933313415083,-11.39169196217473,389,eligible_regular_session
2014-07-23,2014-07-24,train,6.992883284966974e-06,0.0006191093580078,7.167439028667925e-06,1.2409636801564362e-05,1.1290691174059462e-05,-11.845962145863655,-11.297037225770364,-11.391531961653591,389,eligible_regular_session
2014-07-24,2014-07-25,train,9.480060266151584e-06,-0.0007342218081913,6.992883284966974e-06,8.322732908998346e-06,1.1396704413433688e-05,-11.870617599648241,-11.696519882427916,-11.382186330898298,389,eligible_regular_session
2014-07-25,2014-07-28,train,1.369076513626998e-05,-0.0025344588716899,9.480060266151584e-06,8.158022556827426e-06,1.1495723175701325e-05,-11.566319884528564,-11.71650875207795,-11.373535489531296,389,eligible_regular_session
2014-07-28,2014-07-29,train,1.5879049239003294e-05,0.0004802309244735,1.369076513626998e-05,8.961552552310538e-06,1.1577858028174103e-05,-11.198789030067205,-11.622567070060459,-11.36641607458906,389,eligible_regular_session
2014-07-29,2014-07-30,train,3.20589824449473e-05,-0.0055672667885927,1.5879049239003294e-05,1.0642039391011951e-05,1.1673355854269285e-05,-11.050509975536949,-11.450698420329934,-11.358201590513037,389,eligible_regular_session
2014-07-30,2014-07-31,train,3.7194886631126614e-05,-0.00337468397615,3.20589824449473e-05,1.5620348074267823e-05,1.2366262905595562e-05,-10.347933150371176,-11.066936129917032,-11.300538526695206,389,eligible_regular_session
2014-07-31,2014-08-01,train,4.6148541868907023e-05,-0.014272956016987,3.7194886631126614e-05,2.1660748743499753e-05,1.3671927444712139e-05,-10.199339262285646,-10.740008748960276,-11.200165919017602,389,eligible_regular_session
2014-08-01,2014-08-04,train,2.1017661247830816e-05,-0.0007373061660229,4.6148541868907023e-05,2.899444506405084e-05,1.5383556747437234e-05,-9.983645192987865,-10.44840629584124,-11.082211362661969,389,eligible_regular_session
2014-08-04,2014-08-05,train,5.756057359226789e-05,0.0053980679467418,2.1017661247830816e-05,3.045982428636301e-05,1.5882142942223513e-05,-10.770147461891652,-10.399101979182216,-11.050315165265827,389,eligible_regular_session
2014-08-05,2014-08-06,train,2.905067380341396e-05,-0.0064938832417059,5.756057359226789e-05,3.8796129157015926e-05,1.8228001309440904e-05,-9.76267271087544,-10.15719008030624,-10.912551612725856,389,eligible_regular_session
2014-08-06,2014-08-07,train,3.533293832335582e-05,0.0024926874990432,2.905067380341396e-05,3.819446742870926e-05,1.920883866131315e-05,-10.44646888032557,-10.172819884550051,-10.860140037914292,389,eligible_regular_session
2014-08-07,2014-08-08,train,2.464831165086705e-05,-0.0086712451743289,3.533293832335582e-05,3.7822077767155106e-05,2.0168274427224886e-05,-10.250694932110473,-10.182617557925854,-10.811399761109307,389,eligible_regular_session
2014-08-08,2014-08-11,train,1.149678687591205e-05,0.0096566324979031,2.464831165086705e-05,3.352203172354711e-05,2.0647500018415426e-05,-10.610802152686752,-10.303307671909582,-10.787916310369642,389,eligible_regular_session
2014-08-11,2014-08-12,train,1.859886677511212e-05,-4.6467561777969495e-05,1.149678687591205e-05,3.161785684916336e-05,2.0292033772072288e-05,-11.373442963729712,-10.361788506811333,-10.805282173956451,389,eligible_regular_session
2014-08-12,2014-08-13,train,1.0219836689907333e-05,8.273693795310963e-05,1.859886677511212e-05,2.38255154857322e-05,2.0656495630143802e-05,-10.892409905170428,-10.644753472320938,-10.787480729659867,389,eligible_regular_session
2014-08-13,2014-08-14,train,6.395228194696463e-06,0.0029636206649937,1.0219836689907333e-05,2.0059348063030873e-05,2.0893826205590405e-05,-11.491179952777511,-10.816815275309006,-10.776056839493458,389,eligible_regular_session
2014-08-14,2014-08-15,train,4.423891086394e-05,0.0027250485550818,6.395228194696463e-06,1.4271806037299004e-05,2.024825182123933e-05,-11.959958440271203,-11.15722457265486,-10.8074420979537,389,eligible_regular_session
2014-08-15,2014-08-18,train,5.775532416902834e-06,-0.0027735584941646,4.423891086394e-05,1.8189925879913596e-05,2.1911506404386277e-05,-10.025905819861109,-10.91464264021365,-10.728498652526556,389,eligible_regular_session
2014-08-18,2014-08-19,train,3.957612611068928e-06,0.0044125044904974,5.775532416902834e-06,1.7045674988111754e-05,2.0927330480254722e-05,-12.06188011240288,-10.979614052799915,-10.77445457477927,389,eligible_regular_session
2014-08-19,2014-08-20,train,9.238543195869224e-06,0.0035288384892338,3.957612611068928e-06,1.4117424155303112e-05,2.063887596134848e-05,-12.439869590493384,-11.168100767802509,-10.788334078070863,389,eligible_regular_session
2014-08-20,2014-08-21,train,5.096917941960855e-06,0.0039444002394976,9.238543195869224e-06,1.392116545649549e-05,2.06191226903037e-05,-11.59212634752548,-11.182100181239818,-10.789291626822603,389,eligible_regular_session
2014-08-21,2014-08-22,train,1.4260060033934223e-05,0.0022763314176743,5.096917941960855e-06,1.3661503405948368e-05,2.0510954640143003e-05,-12.186874526017727,-11.200928650877065,-10.794551441856251,389,eligible_regular_session
2014-08-22,2014-08-25,train,5.357457279619076e-06,-0.0015629125613746,1.4260060033934223e-05,7.665733239947213e-06,2.0833346504018744e-05,-11.158047933033675,-11.77875038942676,-10.778955657697328,389,eligible_regular_session
2014-08-25,2014-08-26,train,4.4611626857630765e-06,0.0010264550900859,5.357457279619076e-06,7.582118212490461e-06,2.075900895832111e-05,-12.137021083569982,-11.789717949790083,-10.782530238844565,389,eligible_regular_session
2014-08-26,2014-08-27,train,4.341273474194944e-06,0.0002850220911415,4.4611626857630765e-06,7.682828227429292e-06,2.0530877250121634e-05,-12.320101134031395,-11.77652281981546,-10.793580597689417,389,eligible_regular_session
2014-08-27,2014-08-28,train,6.90194934938228e-06,-0.0009095998388133,4.341273474194944e-06,6.703374283094435e-06,2.0105900356390952e-05,-12.347342825659453,-11.912899534001077,-10.814497235907433,389,eligible_regular_session
2014-08-28,2014-08-29,train,6.0132295721407205e-06,0.001342900867251,6.90194934938228e-06,7.064380564578721e-06,1.969785036140818e-05,-11.88370667185751,-11.860445222305897,-10.835001046884456,389,eligible_regular_session
2014-08-29,2014-09-02,train,8.756127801566322e-06,0.0014486023522925,6.0132295721407205e-06,5.415014472220019e-06,1.8513952503553333e-05,-12.02154858733402,-12.126335004898083,-10.89698592075663,389,eligible_regular_session
2014-09-02,2014-09-03,train,8.001778563810905e-06,-0.0017666438370614,8.756127801566322e-06,6.0947485766094685e-06,1.722128164766423e-05,-11.645756782525488,-12.008083046643243,-10.96936463387924,389,eligible_regular_session
2014-09-03,2014-09-04,train,1.3058707807060134e-05,-0.0030492773489163,8.001778563810905e-06,6.802871752219035e-06,1.548733786106895e-05,-11.73584672051761,-11.89816571842993,-11.075487780082767,389,eligible_regular_session
2014-09-04,2014-09-05,train,1.634669669733911e-05,-0.0028791526394558,1.3058707807060134e-05,8.546358618792071e-06,1.5125567250124829e-05,-11.246055381808997,-11.67000525827253,-11.099124050610147,389,eligible_regular_session
2014-09-05,2014-09-08,train,1.0915453535178088e-05,0.005149102794193,1.634669669733911e-05,1.043530808838344e-05,1.3252209209446246e-05,-11.0214847178932,-11.470315493349299,-11.231346286642014,389,eligible_regular_session
2014-09-08,2014-09-09,train,1.9105544332063033e-05,-0.0018967571149672,1.0915453535178088e-05,1.1415752880990912e-05,1.2427881015435525e-05,-11.425331017274708,-11.380516324748726,-11.295568140390188,389,eligible_regular_session
2014-09-09,2014-09-10,train,1.7119895577804824e-05,-0.0053315002543904,1.9105544332063033e-05,1.3485636187090252e-05,1.169027219764949e-05,-10.865531985868932,-11.213885425096429,-11.356753498093596,389,eligible_regular_session
2014-09-10,2014-09-11,train,1.4622056963090432e-05,0.003317601623533,1.7119895577804824e-05,1.5309259589889036e-05,1.134807146705575e-05,-10.975269286696568,-11.0870527106732,-11.386462743270867,389,eligible_regular_session
2014-09-11,2014-09-12,train,1.798350610765876e-05,0.0045563652054603,1.4622056963090432e-05,1.5621929421095097e-05,1.1490129198291133e-05,-11.132979418389452,-11.066834898703728,-11.374022221755066,389,eligible_regular_session
2014-09-12,2014-09-15,train,1.5874385280592184e-05,-0.0045623634560005,1.798350610765876e-05,1.5949291303159026e-05,1.1462158258861436e-05,-10.926055547504951,-11.046096162124392,-11.37645953466592,389,eligible_regular_session
2014-09-15,2014-09-16,train,1.3924954185502522e-05,-0.0007003489434632,1.5874385280592184e-05,1.6941077652241848e-05,1.1719183194801655e-05,-11.050803736417636,-10.985769254928947,-11.354283469520405,389,eligible_regular_session
2014-09-16,2014-09-17,train,2.7073103200086148e-05,0.0096360730837371,1.3924954185502522e-05,1.5904959622929743e-05,1.2061443467111022e-05,-11.181828062245923,-11.048879571406456,-11.325496683354018,389,eligible_regular_session
2014-09-17,2014-09-18,train,8.045870312499235e-06,0.0004497526436313,2.7073103200086148e-05,1.7895601147386008e-05,1.1281179482390394e-05,-10.516969824776545,-10.930955621274139,-11.392374753319098,389,eligible_regular_session
2014-09-18,2014-09-19,train,1.3292157653127824e-05,0.0024589727517891,8.045870312499235e-06,1.658036381726777e-05,1.1384376659462956e-05,-11.730351602824193,-11.007291465357476,-11.383268610982777,389,eligible_regular_session
2014-09-19,2014-09-22,train,1.5544767006844694e-05,-0.0020619947036178,1.3292157653127824e-05,1.5642094126361582e-05,1.1808674161374723e-05,-11.228336346789344,-11.065544936262903,-11.346676198123578,389,eligible_regular_session
2014-09-22,2014-09-23,train,1.647486233438803e-05,-0.0064622598825169,1.5544767006844694e-05,1.557617047161208e-05,1.2095320698237245e-05,-11.071786502867928,-11.069768345449125,-11.32269189931066,389,eligible_regular_session
2014-09-23,2014-09-24,train,1.3984772885236006e-05,-0.0023171946131629,1.647486233438803e-05,1.6086152101389184e-05,1.2612499988802116e-05,-11.01367483364169,-11.03755177401366,-11.280822173172387,389,eligible_regular_session
2014-09-24,2014-09-25,train,3.926593471394139e-05,0.0073730275493925,1.3984772885236006e-05,1.3468486038419158e-05,1.2599986936588561e-05,-11.177541471325236,-11.215157968927905,-11.281814780786064,389,eligible_regular_session
2014-09-25,2014-09-26,train,2.479970539366809e-05,-0.0137966657025667,3.926593471394139e-05,1.971249891870759e-05,1.4141281365421397e-05,-10.1451532161504,-10.834257660528253,-11.16641228169908,389,eligible_regular_session
2014-09-26,2014-09-29,train,3.002475171266072e-05,0.0070816197382095,2.479970539366809e-05,2.2014008466815644e-05,1.5065760579417075e-05,-10.604678784151474,-10.723831558752643,-11.103085900136858,389,eligible_regular_session
2014-09-29,2014-09-30,train,3.3418100331271954e-05,0.0036164206498939,3.002475171266072e-05,2.4910005407978848e-05,1.6233191408438248e-05,-10.413488459385933,-10.600241011589493,-11.028452559388738,389,eligible_regular_session
2014-09-30,2014-10-01,train,4.118807011794036e-05,-0.0037390408585165,3.3418100331271954e-05,2.8298653007355633e-05,1.743847099852414e-05,-10.306412878684544,-10.47269635136108,-10.956831815429837,389,eligible_regular_session
2014-10-01,2014-10-02,train,4.309059806672938e-05,-0.0121060116098698,4.118807011794036e-05,3.3739312453896506e-05,1.903732738696958e-05,-10.097361903783622,-10.29684685882834,-10.86910890678504,389,eligible_regular_session
2014-10-02,2014-10-03,train,2.702077481530015e-05,0.0007299683147778,4.309059806672938e-05,3.45042451244541e-05,2.059798512629517e-05,-10.052205726954327,-10.274428194411005,-10.790317296355537,389,eligible_regular_session
2014-10-03,2014-10-06,train,3.347624105352505e-05,0.0066698869444183,2.702077481530015e-05,3.494845900878051e-05,2.1462484955908322e-05,-10.518904550221592,-10.261636181564645,-10.749204032688704,389,eligible_regular_session
2014-10-06,2014-10-07,train,4.4660779880864704e-05,-0.0045799901328231,3.347624105352505e-05,3.5638756876953385e-05,2.2390554648929454e-05,-10.304674593033186,-10.242076835965683,-10.70687135548851,389,eligible_regular_session
2014-10-07,2014-10-08,train,5.9367171623979625e-05,-0.0114173032299712,4.4660779880864704e-05,3.788729278687193e-05,2.36775584299988e-05,-10.01641484907901,-10.18089478476398,-10.650982860105612,389,eligible_regular_session
2014-10-08,2014-10-09,train,0.0001045828122331,0.0168060852099696,5.9367171623979625e-05,4.152311308807978e-05,2.5879909252217054e-05,-9.731769150634936,-10.089260343880749,-10.562043594820834,389,eligible_regular_session
2014-10-09,2014-10-10,train,0.0001183713626681,-0.0186386428794126,0.0001045828122331,5.3821555921353905e-05,2.9765239611355094e-05,-9.165531338830517,-9.829836503359239,-10.422169301287003,389,eligible_regular_session
2014-10-10,2014-10-13,train,0.000112937642463,-0.0098228310221078,0.0001183713626681,7.209167349191389e-05,3.436757902455033e-05,-9.041683734126742,-9.537572005891384,-10.278396908205783,389,eligible_regular_session
2014-10-13,2014-10-14,train,0.0001111597423176,-0.0152808869692322,0.000112937642463,8.798395377380886e-05,3.8836469274546216e-05,-9.088674728180415,-9.338356103592107,-10.15615082303607,389,eligible_regular_session
2014-10-14,2014-10-15,train,0.000306596410978,-0.0023464259710128,0.0001111597423176,0.00010128374626115592,4.307175273863446e-05,-9.104542271214285,-9.197584611102057,-10.052643164610549,389,eligible_regular_session
2014-10-15,2014-10-16,train,0.0002653028087869,-0.000799667295166,0.000306596410978,0.00015072959413196,5.6286390270334824e-05,-8.08997829747244,-8.800023093828006,-9.785057787914727,389,eligible_regular_session
2014-10-16,2014-10-17,train,7.785858806920993e-05,0.0096112296185354,0.0002653028087869,0.00018287359344272002,6.771265638858016e-05,-8.234638709666296,-8.60671539001258,-9.600237447386023,389,eligible_regular_session
2014-10-17,2014-10-20,train,4.629922479153204e-05,0.0068117727462218,7.785858806920993e-05,0.000174771038522942,7.002108751899487e-05,-9.460616350171797,-8.652033791977065,-9.566714111010311,389,eligible_regular_session
2014-10-20,2014-10-21,train,2.4957893611677654e-05,0.0097378433851115,4.629922479153204e-05,0.0001614433549886484,7.17598763589509e-05,-9.980385340175708,-8.731356219930657,-9.542185063195278,389,eligible_regular_session
2014-10-21,2014-10-22,train,4.478803539301024e-05,0.013930367033004,2.4957893611677654e-05,0.00014420298524746392,7.229013708433954e-05,-10.598320408581918,-8.844288631195507,-9.534822854642627,389,eligible_regular_session
2014-10-22,2014-10-23,train,5.519238380549807e-05,-0.008406862803531,4.478803539301024e-05,9.184131013046599e-05,7.361937655643797e-05,-10.013569521332416,-9.295448360136906,-9.516602298448632,389,eligible_regular_session
2014-10-23,2014-10-24,train,4.135605167705027e-05,0.0064142516024069,5.519238380549807e-05,4.981922513418559e-05,7.537926389603389e-05,-9.804685588738666,-9.907109601559391,-9.492978335415286,389,eligible_regular_session
2014-10-24,2014-10-27,train,3.2574082684303574e-05,0.0059836700255032,4.135605167705027e-05,4.251871785575366e-05,7.662341293202543e-05,-10.093291794674638,-10.065566158855004,-9.476607876065623,389,eligible_regular_session
2014-10-27,2014-10-28,train,1.5035964523033964e-05,0.0005559083251453,3.2574082684303574e-05,3.977368943430797e-05,7.631923783976917e-05,-10.331993595463343,-10.132304933766413,-9.480585517250297,389,eligible_regular_session
2014-10-28,2014-10-29,train,5.270057610040731e-05,0.0083799373067506,1.5035964523033964e-05,3.778930361657923e-05,7.587543143655854e-05,-11.10506559173347,-10.183484468489546,-9.486417622451736,389,eligible_regular_session
2014-10-29,2014-10-30,train,3.470598327661781e-05,-0.0013359786012316,5.270057610040731e-05,3.9371811758058646e-05,7.690615072691063e-05,-9.850884170780175,-10.14246043532073,-9.47292470120631,389,eligible_regular_session
2014-10-30,2014-10-31,train,2.0394497029037788e-05,0.0082064651873181,3.470598327661781e-05,3.52745316522826e-05,7.696469086079001e-05,-10.26859845715461,-10.252349337357263,-9.472163801530975,389,eligible_regular_session
2014-10-31,2014-11-03,train,2.011554927271093e-05,0.0041325656842626,2.0394497029037788e-05,3.10822207226801e-05,7.601952844765807e-05,-10.800245446982657,-10.378874583193703,-9.48452029742612,389,eligible_regular_session
2014-11-03,2014-11-04,train,2.443047665868876e-05,-0.0008521855109107,2.011554927271093e-05,2.859051404036157e-05,7.497520804792995e-05,-10.814017446312874,-10.462435572065854,-9.498353058435686,389,eligible_regular_session
2014-11-04,2014-11-05,train,2.241563888944883e-05,-0.0009735599781497,2.443047665868876e-05,3.0469416467492534e-05,7.485746722262945e-05,-10.619679161681988,-10.398787116200499,-9.499924689581205,389,eligible_regular_session
2014-11-05,2014-11-06,train,1.822936886722996e-05,0.001795816676132,2.241563888944883e-05,2.4412429025300833e-05,7.43547125788078e-05,-10.705751677999345,-10.62041816907545,-9.506663503357185,389,eligible_regular_session
2014-11-06,2014-11-07,train,1.4991532531751815e-05,0.0039321084456324,1.822936886722996e-05,2.1117106143423262e-05,7.315328480546076e-05,-10.912476590430881,-10.765427128238551,-9.522953526441944,389,eligible_regular_session
2014-11-07,2014-11-10,train,7.866007009753504e-06,0.0002658697155593,1.4991532531751815e-05,2.003651324396607e-05,7.113621030126858e-05,-11.108025014134192,-10.817954286707648,-9.550914063859983,389,eligible_regular_session
2014-11-10,2014-11-11,train,7.497371716070796e-06,0.0030271037145167,7.866007009753504e-06,1.7586604791374585e-05,6.673999188202556e-05,-11.752959992809172,-10.948373037096438,-9.614706206276871,389,eligible_regular_session
2014-11-11,2014-11-12,train,1.0293276351638916e-05,0.0006915612638379,7.497371716070796e-06,1.4199983802850992e-05,6.17002650205697e-05,-11.800958036696931,-11.162269734002006,-9.693222331753086,389,eligible_regular_session
2014-11-12,2014-11-13,train,1.883435873676589e-05,0.0023037919585076,1.0293276351638916e-05,1.177551129528901e-05,5.7034612015507836e-05,-11.484019657277505,-11.349488496899282,-9.771852246076012,389,eligible_regular_session
2014-11-13,2014-11-14,train,1.1305534411799587e-05,-0.0005540207090501,1.883435873676589e-05,1.1896509269196195e-05,5.283800367092445e-05,-10.87982776376217,-11.339265539602017,-9.848279859664952,389,eligible_regular_session
2014-11-14,2014-11-17,train,1.338605988286058e-05,0.0001421857880345,1.1305534411799587e-05,1.115930964520575e-05,3.941569109973353e-05,-11.390218181188912,-11.40323646267309,-10.141346569679099,389,eligible_regular_session
2014-11-17,2014-11-18,train,7.164355473147665e-06,0.0023788805960483,1.338605988286058e-05,1.2263320219827164e-05,2.7964929785913557e-05,-11.221296699751786,-11.30889784684268,-10.4845593404783,389,eligible_regular_session
2014-11-18,2014-11-19,train,1.5262800158897034e-05,0.004723706652441,7.164355473147665e-06,1.2196716971242538e-05,2.475155557700163e-05,-11.846392455629463,-11.314343743156984,-10.606622219328628,389,eligible_regular_session
2014-11-19,2014-11-20,train,1.0468218487291871e-05,-0.0002489438205229,1.5262800158897034e-05,1.3190621732694161e-05,2.3340809002790953e-05,-11.090092052290233,-11.23600445567467,-10.665307270061708,389,eligible_regular_session
2014-11-20,2014-11-21,train,1.5094378243680742e-05,0.0049134387843099,1.0468218487291871e-05,1.151739368279936e-05,2.268218740622796e-05,-11.467166701591008,-11.37165217110585,-10.693930637272672,389,eligible_regular_session
2014-11-21,2014-11-24,train,5.545545942660114e-06,0.0005964026913078,1.5094378243680742e-05,1.2275162449175589e-05,2.1332475717622076e-05,-11.101188185207892,-11.307932650222536,-10.755279964817248,389,eligible_regular_session
2014-11-24,2014-11-25,train,9.356226252289368e-06,0.0012715912315239,5.545545942660114e-06,1.0707059661135496e-05,1.9075801269311256e-05,-12.102515485261852,-11.44460725264195,-10.867089975421141,389,eligible_regular_session
2014-11-25,2014-11-26,train,4.377011481122743e-06,-0.0022226311562995,9.356226252289368e-06,1.1145433816963837e-05,1.7621263750003947e-05,-11.579468526947158,-11.404480667077905,-10.94640421755349,389,eligible_regular_session
2014-11-26,2014-12-01,train,2.167009187290082e-05,0.00197019659454,4.377011481122743e-06,8.968276081408978e-06,1.633957869531391e-05,-12.33914437670144,-11.621817087497776,-11.02192025250534,389,eligible_regular_session
2014-12-01,2014-12-02,train,1.221251513899858e-05,-0.004198481304449,2.167009187290082e-05,1.1208650758530769e-05,1.6641129938489675e-05,-10.739577502789516,-11.398824688647686,-11.003633219919337,389,eligible_regular_session
2014-12-02,2014-12-03,train,7.638897573219607e-06,0.0054835074535837,1.221251513899858e-05,1.0632278137594336e-05,1.4800763531152914e-05,-11.313049300964732,-11.451616076474672,-11.120831788582155,389,eligible_regular_session
2014-12-03,2014-12-04,train,1.9879655321430503e-05,0.0027520029728479,7.638897573219607e-06,1.1050948463706235e-05,1.3570441453725723e-05,-11.78225726189662,-11.412994299864454,-11.207616553052995,389,eligible_regular_session
2014-12-04,2014-12-05,train,9.509360075460644e-06,4.8274080922156985e-06,1.9879655321430503e-05,1.3155634277534463e-05,1.3547039557925392e-05,-10.825813694842362,-11.238660428934285,-11.209342517319344,389,eligible_regular_session
2014-12-05,2014-12-08,train,2.113227130973781e-05,0.0006024575630388,9.509360075460644e-06,1.4182103996402043e-05,1.306494004895947e-05,-11.563233973317645,-11.163529670123737,-11.245578247677352,389,eligible_regular_session
2014-12-08,2014-12-09,train,3.697846666275126e-05,-0.005237159902789,2.113227130973781e-05,1.4074539883769438e-05,1.2915021624007151e-05,-10.76470923993439,-11.171143074791194,-11.257119457085146,389,eligible_regular_session
2014-12-09,2014-12-10,train,4.7128579889374746e-05,0.005041643077897,3.697846666275126e-05,1.9027730188519976e-05,1.3576968340975445e-05,-10.205174796825164,-10.869613159202572,-11.207135705161809,389,eligible_regular_session
2014-12-10,2014-12-11,train,3.748262360709141e-05,-0.0136340576365304,4.7128579889374746e-05,2.6925666651751e-05,1.4890568841982026e-05,-9.962630949259081,-10.522430575646124,-11.114782509044275,389,eligible_regular_session
2014-12-11,2014-12-12,train,5.6167229207087954e-05,0.0009733891916125,3.748262360709141e-05,3.0446260308883182e-05,1.591289116358837e-05,-10.191633102854746,-10.399547385508832,-11.048381012224937,389,eligible_regular_session
2014-12-12,2014-12-15,train,0.0001065847968628,-0.0107825249506503,5.6167229207087954e-05,3.977783413520865e-05,1.810840126346721e-05,-9.787177081333661,-10.132200732093876,-10.919134569177983,389,eligible_regular_session
2014-12-15,2014-12-16,train,0.0001217009470749,-0.0105445968383833,0.0001065847968628,5.686833924582108e-05,2.2612375133773088e-05,-9.146569674951364,-9.774771799712711,-10.697013229258191,389,eligible_regular_session
2014-12-16,2014-12-17,train,0.0001386601863639,-0.0032476430037854,0.0001217009470749,7.381283532825083e-05,2.7676360166648588e-05,-9.01394377595588,-9.51397792104325,-10.494931932730909,389,eligible_regular_session
2014-12-17,2014-12-18,train,3.7435797622562464e-05,0.0185724102082703,0.0001386601863639,9.211915662315588e-05,3.312298869515468e-05,-8.883484320415784,-9.292427638251747,-10.315282994138178,389,eligible_regular_session
2014-12-18,2014-12-19,train,3.008285659702145e-05,0.0155389942964612,3.7435797622562464e-05,9.210979142625009e-05,3.431072793200754e-05,-10.192883155641711,-9.292529307365237,-10.280052484996986,389,eligible_regular_session
2014-12-19,2014-12-22,train,1.2402627000967175e-05,0.0036765102993413,3.008285659702145e-05,8.689291690423679e-05,3.506967323719667e-05,-10.411555096735384,-9.350834037596789,-10.2581738113008,389,eligible_regular_session
2014-12-22,2014-12-23,train,1.0189221135238823e-05,0.0027605761260528,1.2402627000967175e-05,6.805648293187023e-05,3.5307776488461195e-05,-11.29760225287466,-9.595172566220443,-10.251407321163324,389,eligible_regular_session
2014-12-23,2014-12-26,train,3.6335306243289543e-06,-0.0007393609186098,1.0189221135238823e-05,4.5754137743937996e-05,3.5077159260113096e-05,-11.494180147876712,-9.992228327841971,-10.257960372641396,389,eligible_regular_session
2014-12-26,2014-12-29,train,5.285888885752736e-06,0.0011158764498717,3.6335306243289543e-06,1.8748806596023785e-05,3.476649162997842e-05,-12.525305758597469,-10.884380455785552,-10.266856519250648,389,eligible_regular_session
2014-12-29,2014-12-30,train,8.031400199513609e-06,0.0013689256073415,5.285888885752736e-06,1.231882484866184e-05,3.432065120461805e-05,-12.150469762481215,-11.304381990068967,-10.279763309030994,389,eligible_regular_session
2014-12-30,2014-12-31,train,2.4150091204075377e-05,-0.0027023216558113,8.031400199513609e-06,7.908533569160271e-06,3.443364457992957e-05,-11.732151674158695,-11.747568182858158,-10.2764764314403,389,eligible_regular_session
2014-12-31,2015-01-02,train,4.57440683835313e-05,-0.0117892646699838,2.4150091204075377e-05,1.0258026409781912e-05,3.5106092986828936e-05,-10.631222401306555,-11.487450094445832,-10.257135853188998,389,eligible_regular_session
2015-01-02,2015-01-05,train,5.705628174350133e-05,-0.0039907823827871,4.57440683835313e-05,1.736899585944041e-05,3.6986413755120234e-05,-9.992448427467385,-10.960823788280337,-10.204959908560499,389,eligible_regular_session
2015-01-05,2015-01-06,train,8.491307039167944e-05,-0.0141904199684909,5.705628174350133e-05,2.8053546083274886e-05,3.859487693105662e-05,-9.771472378278677,-10.481395513904813,-10.162391012295183,389,eligible_regular_session
2015-01-06,2015-01-07,train,6.239560870804763e-05,-0.0104929420602496,8.491307039167944e-05,4.397898238446022e-05,4.18994476243603e-05,-9.373882526064094,-10.031798711248593,-10.080237914312573,389,eligible_regular_session
2015-01-07,2015-01-08,train,2.4553013015872505e-05,0.0067957387125062,6.239560870804763e-05,5.485182408616702e-05,4.4388389039579756e-05,-9.682015658333674,-9.810875115895051,-10.022532630842878,389,eligible_regular_session
2015-01-08,2015-01-09,train,5.6829885519159655e-05,0.0124635008671656,2.4553013015872505e-05,5.493240844852646e-05,4.460081438932713e-05,-10.614675981483652,-9.80940706579402,-10.01775843925458,389,eligible_regular_session
2015-01-09,2015-01-12,train,5.814211197683086e-05,-0.0086750065741885,5.6829885519159655e-05,5.714957187565213e-05,4.675174736404071e-05,-9.775448217101058,-9.769838658991196,-9.970658926157148,389,eligible_regular_session
2015-01-12,2015-01-13,train,7.69135710634971e-05,-0.0101342441418901,5.814211197683086e-05,5.736673792231804e-05,4.843401284890857e-05,-9.752620337782421,-9.76604590130669,-9.93530824623904,389,eligible_regular_session
2015-01-13,2015-01-14,train,9.830609292084004e-05,-0.0086726372822727,7.69135710634971e-05,5.5766838056681554e-05,5.02492448671243e-05,-9.472828220254376,-9.794331165302758,-9.898515038657917,389,eligible_regular_session
2015-01-14,2015-01-15,train,0.0001105965458245,0.0012538749857757,9.830609292084004e-05,6.294893489924004e-05,5.257549545946363e-05,-9.227424549814009,-9.673186717406733,-9.853260412559456,389,eligible_regular_session
2015-01-15,2015-01-16,train,7.329056235726257e-05,-0.0112518557432503,0.0001105965458245,8.015764146096555e-05,5.5898855560254925e-05,-9.109621700606963,-9.431515343952727,-9.791966650995713,389,eligible_regular_session
2015-01-16,2015-01-20,train,6.169015832003562e-05,0.0136188147686898,7.329056235726257e-05,8.344977682858612e-05,5.6677188885262865e-05,-9.521078711013757,-9.391265582172935,-9.778138740609151,389,eligible_regular_session
2015-01-20,2015-01-21,train,6.566341555840614e-05,-0.0011366052311551,6.169015832003562e-05,8.415938609722707e-05,5.463652349695539e-05,-9.693386148365153,-9.382798103473592,-9.814807970330703,389,eligible_regular_session
2015-01-21,2015-01-22,train,5.5700234403145635e-05,0.0070371182039262,6.566341555840614e-05,8.190935499620889e-05,5.20893629734784e-05,-9.63096862838287,-9.40989734901045,-9.862549795625812,389,eligible_regular_session
2015-01-22,2015-01-23,train,2.8237664784612573e-05,0.0108222420342714,5.5700234403145635e-05,7.338818329266999e-05,4.831845606617139e-05,-9.795526202724888,-9.519747625867256,-9.937696957121142,389,eligible_regular_session
2015-01-23,2015-01-26,train,2.4884573413136314e-05,-0.0038621167045492,2.8237664784612573e-05,5.6916407084692516e-05,4.790035911899184e-05,-10.474853840521396,-9.77392690892935,-9.946387556310544,389,eligible_regular_session
2015-01-26,2015-01-27,train,6.276477020174038e-05,0.0037310931633749,2.4884573413136314e-05,4.723520929586726e-05,4.7664073519724335e-05,-10.60126248812995,-9.960370983804179,-9.951332619536407,389,eligible_regular_session
2015-01-27,2015-01-28,train,7.557010065851474e-05,-0.0050564597114857,6.276477020174038e-05,4.745013167220821e-05,4.995326184703221e-05,-9.676116625949264,-9.95583125794468,-9.904422752758924,389,eligible_regular_session
2015-01-28,2015-01-29,train,8.313360553940051e-05,-0.0189008255614902,7.557010065851474e-05,4.943146869222993e-05,5.2925120007181105e-05,-9.49044984694213,-9.914923318518943,-9.84663247345076,389,eligible_regular_session
2015-01-29,2015-01-30,train,8.667685811783574e-05,0.0086904572404668,8.313360553940051e-05,5.4918142919480915e-05,5.6538759776048004e-05,-9.395061539060608,-9.80966679192098,-9.780584141276378,389,eligible_regular_session
2015-01-30,2015-02-02,train,0.0001073497822678,-0.0095431948181946,8.667685811783574e-05,6.660598158612554e-05,6.023834928659723e-05,-9.353323628863114,-9.616716170845443,-9.717201377129008,389,eligible_regular_session
2015-02-02,2015-02-03,train,5.327574372290368e-05,0.0095369044438586,0.0001073497822678,8.309902335705828e-05,6.475282119879207e-05,-9.139418061887465,-9.395477608794579,-9.644933287696084,389,eligible_regular_session
2015-02-03,2015-02-04,train,4.950086687634509e-05,0.0102491064974028,5.327574372290368e-05,8.120121806129093e-05,6.607671449510244e-05,-9.84002942000376,-9.418580310154338,-9.624694150098072,389,eligible_regular_session
2015-02-04,2015-02-05,train,2.4237720092364828e-05,-0.0005289191562653,4.950086687634509e-05,7.598737130485702e-05,6.624747806295762e-05,-9.913520375889538,-9.484943398526571,-9.622113160796733,389,eligible_regular_session
2015-02-05,2015-02-06,train,4.3955187634624304e-05,0.0073203348467272,2.4237720092364828e-05,6.420819421544988e-05,6.475572526063323e-05,-10.627600456782176,-9.653379719658437,-9.644888440279894,389,eligible_regular_session
2015-02-06,2015-02-09,train,3.089697250882661e-05,-0.0047562746184056,4.3955187634624304e-05,5.566386011880759e-05,6.289400331713072e-05,-10.032339905881157,-9.796179452514018,-9.674059735573294,389,eligible_regular_session
2015-02-09,2015-02-10,train,2.4700346139337432e-05,-0.0016940426976013,3.089697250882661e-05,4.037329816701292e-05,6.146224712625704e-05,-10.384852355921268,-10.117341927972037,-9.697087439511563,389,eligible_regular_session
2015-02-10,2015-02-11,train,2.9892538087234656e-05,0.0069767160703049,2.4700346139337432e-05,3.465821865029967e-05,6.146894408641453e-05,-10.608693300690177,-10.269975669968739,-9.696978484898857,389,eligible_regular_session
2015-02-11,2015-02-12,train,1.3377006407436833e-05,0.0010207710851925,2.9892538087234656e-05,3.073655289247758e-05,6.024451920314522e-05,-10.41790167101333,-10.390057963666834,-9.717098957313963,389,eligible_regular_session
2015-02-12,2015-02-13,train,1.2869565844855846e-05,0.0064763393993098,1.3377006407436833e-05,2.856441015549198e-05,5.820974167726368e-05,-11.221973264661866,-10.463349015204898,-9.751457834462961,389,eligible_regular_session
2015-02-13,2015-02-17,train,1.249726357304745e-05,0.0035402833367974,1.2869565844855846e-05,2.2347285797538286e-05,5.52986505309618e-05,-11.260645270813674,-10.708805685105258,-9.80276205242882,389,eligible_regular_session
2015-02-17,2015-02-18,train,1.5241528739386262e-05,0.0028425504781837,1.249726357304745e-05,1.8667344010382456e-05,5.139824919697122e-05,-11.290000851777425,-10.888734870285077,-9.875906448399023,389,eligible_regular_session
2015-02-18,2015-02-19,train,1.1131896613520956e-05,0.0017017710625421,1.5241528739386262e-05,1.6775580530392222e-05,4.706393023855697e-05,-11.091486701753233,-10.995586268826512,-9.964003662670834,389,eligible_regular_session
2015-02-19,2015-02-20,train,2.9303188186571493e-05,0.0004530227423359,1.1131896613520956e-05,1.3023452235649482e-05,4.4238536341114166e-05,-11.405696001666705,-11.248758807662151,-10.025914285811194,389,eligible_regular_session
2015-02-20,2015-02-23,train,8.590786081424065e-06,0.0074733537021565,2.9303188186571493e-05,1.6208688591476412e-05,4.2766401335047616e-05,-10.437814236032452,-11.029963126693785,-10.05975777919884,389,eligible_regular_session
2015-02-23,2015-02-24,train,1.3541787457184e-05,0.000834708754097,8.590786081424065e-06,1.5352932638790054e-05,4.01721909042757e-05,-11.664820314929853,-11.084204050792085,-10.122335570271922,389,eligible_regular_session
2015-02-24,2015-02-25,train,9.265005985915706e-06,0.0026221267490907,1.3541787457184e-05,1.5561837415617365e-05,3.825589786127744e-05,-11.209730286107138,-11.07068896034902,-10.171212817126467,389,eligible_regular_session
2015-02-25,2015-02-26,train,1.4834101715507813e-05,-0.0001324572236065,9.265005985915706e-06,1.4366532864923255e-05,3.739350427951849e-05,-11.589266052148831,-11.15060916291246,-10.194013550994132,389,eligible_regular_session
2015-02-26,2015-02-27,train,1.323281408256071e-05,-0.0011127184857889,1.4834101715507813e-05,1.5106973885320624e-05,3.693666465689902e-05,-11.118581857756347,-11.100354074051786,-10.206305878095332,389,eligible_regular_session
2015-02-27,2015-03-02,train,7.076162415832058e-06,-0.0021216566367156,1.323281408256071e-05,1.1892899064518469e-05,3.468521210602721e-05,-11.232810897802722,-11.339569053220751,-10.26919712593662,389,eligible_regular_session
2015-03-02,2015-03-03,train,1.845089302925683e-05,0.0053379940466454,7.076162415832058e-06,1.1589974331400067e-05,3.1571851276814366e-05,-11.85877882887305,-11.365370115334647,-10.363244616733091,389,eligible_regular_session
2015-03-03,2015-03-04,train,2.0654367690467418e-05,-0.0020948272082681,1.845089302925683e-05,1.2571795445814633e-05,2.8631727980898742e-05,-10.900397785979363,-11.284054709777402,-10.460995085073106,389,eligible_regular_session
2015-03-04,2015-03-05,train,1.1360899742479595e-05,-0.0016187858834597,2.0654367690467418e-05,1.4849667786724976e-05,2.5630705688745636e-05,-10.787583750488153,-11.117533064230118,-10.571719484266769,389,eligible_regular_session
2015-03-05,2015-03-06,train,3.1092053416230376e-05,7.138930733997915e-05,1.1360899742479595e-05,1.4155027392119332e-05,2.1267574664867438e-05,-11.385332945124572,-11.165440704247262,-10.75832696135292,389,eligible_regular_session
2015-03-06,2015-03-09,train,1.6551260124641202e-05,-0.0111523267063016,3.1092053416230376e-05,1.7726875258853268e-05,2.02592251054732e-05,-10.378558288592169,-10.940428693745716,-10.806900307383918,389,eligible_regular_session
2015-03-09,2015-03-10,train,3.5767376737823065e-05,0.0026003308402791,1.6551260124641202e-05,1.9621894800615097e-05,1.8761515707668473e-05,-11.009048318578037,-10.83886453353522,-10.88370282299807,389,eligible_regular_session
2015-03-10,2015-03-11,train,2.3340539578441146e-05,-0.010969458056872,3.5767376737823065e-05,2.308519154232834e-05,1.9285591009734756e-05,-10.238474344317968,-10.676319204776224,-10.856152320689414,389,eligible_regular_session
2015-03-11,2015-03-12,train,1.4661963669037103e-05,-0.0029701853611863,2.3340539578441146e-05,2.3622425919923088e-05,1.8348561552635522e-05,-10.665318813187946,-10.65331404629103,-10.905959376038464,389,eligible_regular_session
2015-03-12,2015-03-13,train,3.83705847859424e-05,0.0097677073064156,1.4661963669037103e-05,2.428263870523459e-05,1.7610606605372364e-05,-11.130253923065478,-10.625748919538207,-10.947009189407048,389,eligible_regular_session
2015-03-13,2015-03-16,train,1.9259402052131167e-05,-0.0043930054806525,3.83705847859424e-05,2.5738344979176993e-05,1.8231981089308954e-05,-10.168219413114166,-10.567528655486745,-10.912333303246694,389,eligible_regular_session
2015-03-16,2015-03-17,train,2.002763032278615e-05,0.0094303195975222,1.9259402052131167e-05,2.6279973364674987e-05,1.774865672407698e-05,-10.857511198175343,-10.546703377869116,-10.939200722423328,389,eligible_regular_session
2015-03-17,2015-03-18,train,7.506520503126139e-05,0.0001687572479216,2.002763032278615e-05,2.3132024081667604e-05,1.805095781113831e-05,-10.818397721686392,-10.674292576614564,-10.922311810264254,389,eligible_regular_session
2015-03-18,2015-03-19,train,2.21044033558655e-05,0.0146741085467592,7.506520503126139e-05,3.3476957172231655e-05,2.0878032319611287e-05,-9.497153421720784,-10.304653201412604,-10.776813036956984,389,eligible_regular_session
2015-03-19,2015-03-20,train,1.508950211516142e-05,-0.0030199809833801,2.21044033558655e-05,3.4965445109597334e-05,2.1314720491557566e-05,-10.719733722415846,-10.261150266742257,-10.756112621060499,389,eligible_regular_session
2015-03-20,2015-03-23,train,1.0089446961610187e-05,0.0057983585569666,1.508950211516142e-05,3.030922857544113e-05,2.1307810190456436e-05,-11.101511280085276,-10.404058318375125,-10.756436876849683,389,eligible_regular_session
2015-03-23,2015-03-24,train,1.964437072928581e-05,-0.0019035915258904,1.0089446961610187e-05,2.8475237557336938e-05,2.126042611536958e-05,-11.504020535644994,-10.466475706002546,-10.758663142195378,389,eligible_regular_session
2015-03-24,2015-03-25,train,3.543351895871621e-05,-0.0057778552953653,1.964437072928581e-05,2.839858563863687e-05,2.0821388958220232e-05,-10.837719737572474,-10.469171215493695,-10.77952978431195,389,eligible_regular_session
2015-03-25,2015-03-26,train,4.7279696381132005e-05,-0.0163415066637476,3.543351895871621e-05,2.0472248424127836e-05,2.204151317991533e-05,-10.247852322576204,-10.79644032435588,-10.722582919960267,389,eligible_regular_session
2015-03-26,2015-03-27,train,2.9715992029655467e-05,0.0024004237828008,4.7279696381132005e-05,2.5507307029181137e-05,2.357505449464024e-05,-9.959429606605918,-10.576545596683584,-10.65532141790383,389,eligible_regular_session
2015-03-27,2015-03-30,train,1.709113742707526e-05,0.0016757053417571,2.9715992029655467e-05,2.8432605012079943e-05,2.4504644769355685e-05,-10.423825204892024,-10.467974007512765,-10.616647875959389,389,eligible_regular_session
2015-03-30,2015-03-31,train,2.971218414672466e-05,0.0067045268457424,1.709113742707526e-05,2.9832943105172965e-05,2.460723730169966e-05,-10.976950507927112,-10.419897301710654,-10.612469959037988,389,eligible_regular_session
2015-03-31,2015-04-01,train,4.333536533304674e-05,-0.0038317921158826,2.971218414672466e-05,3.184650578866073e-05,2.5356299577343475e-05,-10.423953355650841,-10.354582890326805,-10.582483354761878,389,eligible_regular_session
2015-04-01,2015-04-02,train,2.118917469081209e-05,-0.0022017040571332,4.333536533304674e-05,3.3426875063526836e-05,2.7004445164489595e-05,-10.046541504975133,-10.306150338912378,-10.51950906978908,389,eligible_regular_session
2015-04-02,2015-04-06,train,1.913796044514913e-05,0.0035042942822605,2.118917469081209e-05,2.8208770725462853e-05,2.7128912512742108e-05,-10.762020134492959,-10.47587760974304,-10.514910516404163,389,eligible_regular_session
2015-04-06,2015-04-07,train,1.397856734003904e-05,0.011096136002251,1.913796044514913e-05,2.6093164408561583e-05,2.7059984910682182e-05,-10.863836737431937,-10.553837177992547,-10.517454492846245,389,eligible_regular_session
2015-04-07,2015-04-08,train,3.616474148035192e-05,-0.0031834602504545,1.397856734003904e-05,2.547065039115434e-05,2.7178969801480342e-05,-11.177985305663254,-10.577983733721616,-10.513067052774899,389,eligible_regular_session
2015-04-08,2015-04-09,train,2.6133321836277767e-05,0.0018799392993986,3.616474148035192e-05,2.6761161857879794e-05,2.7409546531667685e-05,-10.2274259060267,-10.528558905938254,-10.504619191687647,389,eligible_regular_session
2015-04-09,2015-04-10,train,7.840374999361864e-06,0.0044239058535474,2.6133321836277767e-05,2.3320753158526e-05,2.784509479128753e-05,-10.55229935921447,-10.666166900325722,-10.488853736680365,389,eligible_regular_session
2015-04-10,2015-04-13,train,1.2237278317851074e-05,0.0040565106284397,7.840374999361864e-06,2.0650993220235956e-05,2.657568562135747e-05,-11.756223893194592,-10.787747141881646,-10.535513834582423,389,eligible_regular_session
2015-04-13,2015-04-14,train,2.127693981598278e-05,-0.0043200112959924,1.2237278317851074e-05,1.9270856794776346e-05,2.607099192769429e-05,-11.311023665258357,-10.856916613901817,-10.55468728211614,389,eligible_regular_session
2015-04-14,2015-04-15,train,1.1641267532900278e-05,0.0015899431113209,2.127693981598278e-05,2.0730531289965093e-05,2.6371672661646363e-05,-10.75788670947176,-10.78390300280665,-10.543220129134925,389,eligible_regular_session
2015-04-15,2015-04-16,train,1.506760375746386e-05,0.002338570830741,1.1641267532900278e-05,1.5825836500474762e-05,2.5156703695598995e-05,-11.360954227010504,-11.05386673190136,-10.590386148403512,389,eligible_regular_session
2015-04-16,2015-04-17,train,3.1902555635947e-05,0.0009599848660445,1.506760375746386e-05,1.361269288471198e-05,2.496616740947775e-05,-11.102963565436458,-11.204507900129773,-10.597988953259309,389,eligible_regular_session
2015-04-17,2015-04-20,train,1.500381637006274e-05,-0.0064849455206529,3.1902555635947e-05,1.842512901202901e-05,2.5505936741894157e-05,-10.3528244374029,-10.901795117903673,-10.576599319489116,389,eligible_regular_session
2015-04-20,2015-04-21,train,2.0614319588334772e-05,0.0043134982782856,1.500381637006274e-05,1.8978436622471343e-05,2.2775873620930583e-05,-11.107205964551682,-10.872207137907871,-10.689808756786396,389,eligible_regular_session
2015-04-21,2015-04-22,train,2.0415981866660764e-05,-0.0047846526100916,2.0614319588334772e-05,1.884591257694174e-05,2.2708142540588277e-05,-10.789524598009349,-10.879214507002857,-10.692786995566623,389,eligible_regular_session
2015-04-22,2015-04-23,train,1.4217787655793236e-05,0.0031074370614355,2.0415981866660764e-05,2.060085544369384e-05,2.2950255256565517e-05,-10.799192538994847,-10.790177956638031,-10.682181499229136,389,eligible_regular_session
2015-04-23,2015-04-24,train,1.2128744632099204e-05,0.0045154940832959,1.4217787655793236e-05,2.0430892223359714e-05,2.3137907106301107e-05,-11.161016725454342,-10.798462477872992,-10.674038285133502,389,eligible_regular_session
2015-04-24,2015-04-27,train,1.5727042503098724e-05,-0.0004484675467279,1.2128744632099204e-05,1.6476130022590154e-05,2.2796287738247173e-05,-11.319932333183589,-11.013597889785856,-10.68891285375818,389,eligible_regular_session
2015-04-27,2015-04-28,train,2.383538563785225e-05,-0.006898632045667,1.5727042503098724e-05,1.662077524919735e-05,2.190053880844638e-05,-11.060128874903304,-11.004857124065435,-10.728999318319065,389,eligible_regular_session
2015-04-28,2015-04-29,train,4.4798292400755505e-05,0.0024287082269071,2.383538563785225e-05,1.7264988459100848e-05,2.0834888320115482e-05,-10.644339289960618,-10.966829895578908,-10.778881653309863,389,eligible_regular_session
2015-04-29,2015-04-30,train,4.3517350549736696e-05,-0.000484045490744,4.4798292400755505e-05,2.2141450565919796e-05,2.1520447427892757e-05,-10.013340535324334,-10.71805911494743,-10.746507031627868,389,eligible_regular_session
2015-04-30,2015-05-01,train,2.0767778855566585e-05,-0.0065710009509123,4.3517350549736696e-05,2.8001363144708486e-05,2.272163893346828e-05,-10.042350836182083,-10.483257365234497,-10.692192830556836,389,eligible_regular_session
2015-05-01,2015-05-04,train,1.3452659022129283e-05,0.0062772514920486,2.0767778855566585e-05,2.9729169989401962e-05,2.2315075056597455e-05,-10.782107865825242,-10.423381839628485,-10.710248096384442,389,eligible_regular_session
2015-05-04,2015-05-05,train,2.799425606995763e-05,0.0010410653877494,1.3452659022129283e-05,2.9274293293208077e-05,2.0956770224283025e-05,-11.21633377464328,-10.438800789055117,-10.773048802737788,389,eligible_regular_session
2015-05-05,2015-05-06,train,4.4297972288359626e-05,-0.0101374820920513,2.799425606995763e-05,3.010606737962915e-05,2.126609210515328e-05,-10.483511209191887,-10.41078383244871,-10.758396673645667,389,eligible_regular_session
2015-05-06,2015-05-07,train,3.453709242533489e-05,-0.0067590319519118,4.4297972288359626e-05,3.0006003357149974e-05,2.240972900711739e-05,-10.024571654232558,-10.414113084416837,-10.706015362722662,389,eligible_regular_session
2015-05-07,2015-05-08,train,1.1834141559700176e-05,0.0039204351650001,3.453709242533489e-05,2.8209951732269614e-05,2.3344207420085385e-05,-10.27347666871568,-10.475835743966735,-10.665161680852972,389,eligible_regular_session
2015-05-08,2015-05-11,train,1.5154396683897137e-05,0.0060967415407269,1.1834141559700176e-05,2.6423224273096335e-05,2.2238271060055758e-05,-11.344521851663675,-10.541267227213448,-10.713695831709218,389,eligible_regular_session
2015-05-11,2015-05-12,train,3.527000455654956e-05,-0.0034897925896852,1.5154396683897137e-05,2.67635718054499e-05,2.173922900767482e-05,-11.097219857953492,-10.528468856071333,-10.736392141128471,389,eligible_regular_session
2015-05-12,2015-05-13,train,2.3967986289017108e-05,0.0012250785081811,3.527000455654956e-05,2.8218721502768287e-05,2.2986030351183355e-05,-10.252477684525804,-10.475524917216202,-10.680623902598176,389,eligible_regular_session
2015-05-13,2015-05-14,train,8.018490627937224e-06,-0.001390542630845,2.3967986289017108e-05,2.4152724302899787e-05,2.351924434987272e-05,-10.63879152268332,-10.631113376654499,-10.657691563431564,389,eligible_regular_session
2015-05-14,2015-05-15,train,1.0268123394490967e-05,0.0049827079622494,8.018490627937224e-06,1.8849003943420252e-05,2.2916587568597925e-05,-11.733760354803216,-10.879050486664264,-10.683649561643751,389,eligible_regular_session
2015-05-15,2015-05-18,train,5.873822193350661e-06,-7.537499061399396e-05,1.0268123394490967e-05,1.853580031037841e-05,2.2854171925942953e-05,-11.486466277644363,-10.895806543962017,-10.68637687847366,389,eligible_regular_session
2015-05-18,2015-05-19,train,1.1953585734742398e-05,0.0037742464553483,5.873822193350661e-06,1.6679685412269114e-05,2.2436272763937806e-05,-12.045004995759944,-11.001319021387241,-10.70483158896929,389,eligible_regular_session
2015-05-19,2015-05-20,train,1.809685021647584e-05,-0.0005590489736251,1.1953585734742398e-05,1.2016401647907683e-05,2.1529501404792143e-05,-11.33447926311148,-11.329238037410281,-10.746086405017227,389,eligible_regular_session
2015-05-20,2015-05-21,train,7.849241043727993e-06,-0.0011189259479429,1.809685021647584e-05,1.084217443339943e-05,2.1670093852356375e-05,-10.919772656025119,-11.432066988581925,-10.739577411444472,389,eligible_regular_session
2015-05-21,2015-05-22,train,7.817193574153864e-06,0.0031111533062944,7.849241043727993e-06,1.0808324516557583e-05,2.1089863009419703e-05,-11.75509371317164,-11.435193932168906,-10.766718059017698,389,eligible_regular_session
2015-05-22,2015-05-26,train,2.125830234343417e-05,-0.0006064580918842,7.817193574153864e-06,1.0318138552490161e-05,2.0517190814305752e-05,-11.75918494580461,-11.481607187000712,-10.794247446920984,389,eligible_regular_session
2015-05-26,2015-05-27,train,1.516586736493328e-05,-0.0079892891963746,2.125830234343417e-05,1.3395034582506864e-05,2.0837214209198523e-05,-10.75876304038209,-11.220626473223602,-10.778770025196843,389,eligible_regular_session
2015-05-27,2015-05-28,train,1.6134763381631005e-05,0.0070795250244607,1.516586736493328e-05,1.4037490908545039e-05,2.097526524250916e-05,-11.096463223277427,-11.173778885554773,-10.77216666004094,389,eligible_regular_session
2015-05-28,2015-05-29,train,2.389768165299944e-05,0.0004150023403441,1.6134763381631005e-05,1.3645073541576074e-05,2.0993798009715173e-05,-11.03453439748074,-11.20213201418302,-10.771283496730899,389,eligible_regular_session
2015-05-29,2015-06-01,train,2.55410536255075e-05,-0.0057294275211564,2.389768165299944e-05,1.685476166343036e-05,2.0996629646767322e-05,-10.641729105698355,-10.9908773497858,-10.771148626132312,389,eligible_regular_session
2015-06-01,2015-06-02,train,2.16386951334752e-05,-0.0017315857794776,2.55410536255075e-05,2.039953367370109e-05,2.0121300611528772e-05,-10.575223454275504,-10.799998516507676,-10.813731572101869,389,eligible_regular_session
2015-06-02,2015-06-03,train,1.981464740881209e-05,0.0015132722531653,2.16386951334752e-05,2.0475612231709295e-05,1.9126816274425978e-05,-10.741027404626813,-10.796276027245597,-10.864419214163469,389,eligible_regular_session
2015-06-03,2015-06-04,train,3.7699776898656904e-05,-0.0002364502212367,1.981464740881209e-05,2.1405368240485057e-05,1.908349211775532e-05,-10.829089125635527,-10.751868815035547,-10.866686883651585,389,eligible_regular_session
2015-06-04,2015-06-05,train,2.5818990801237105e-05,-0.005133449749206,3.7699776898656904e-05,2.571837094389024e-05,2.0185633839415667e-05,-10.185856381335329,-10.56830499870771,-10.810539402645542,389,eligible_regular_session
2015-06-05,2015-06-08,train,2.0375825136905485e-05,-0.0008979190852278,2.5818990801237105e-05,2.6102632773537773e-05,2.0086758145382916e-05,-10.5644002592416,-10.55347437617358,-10.815449758739657,389,eligible_regular_session
2015-06-08,2015-06-09,train,2.1994888269295286e-05,-0.0059407397083195,2.0375825136905485e-05,2.506958707581737e-05,1.8999387820316817e-05,-10.801161402140517,-10.593855116778647,-10.871103799300235,389,eligible_regular_session
2015-06-09,2015-06-10,train,2.009403393611821e-05,0.0005434403756037,2.1994888269295286e-05,2.5140825702981384e-05,1.842928763140593e-05,-10.724700482999395,-10.59101751114975,-10.901569439693388,389,eligible_regular_session
2015-06-10,2015-06-11,train,1.304541424420209e-05,0.0080620207112594,2.009403393611821e-05,2.5196703008442608e-05,1.8804737284879475e-05,-10.815087606057348,-10.58879740500459,-10.881401736632544,389,eligible_regular_session
2015-06-11,2015-06-12,train,1.7625327109489846e-05,-0.0001090277334451,1.304541424420209e-05,2.0265830477551647e-05,1.8708874446711517e-05,-11.247073884862354,-10.806574317842784,-10.886512577333288,389,eligible_regular_session
2015-06-12,2015-06-15,train,2.9607384389899315e-05,-0.0039222558188804,1.7625327109489846e-05,1.8627097739202192e-05,1.790684365366335e-05,-10.946173650034487,-10.890893169748232,-10.930327591165618,389,eligible_regular_session
2015-06-15,2015-06-16,train,1.5462923228937414e-05,0.0022330388439367,2.9607384389899315e-05,2.047340958980096e-05,1.8163179930976177e-05,-10.427486755115648,-10.796383606953851,-10.916114093789163,389,eligible_regular_session
2015-06-16,2015-06-17,train,3.09108792819402e-05,0.0058655964857467,1.5462923228937414e-05,1.9167016581729386e-05,1.8501563231021638e-05,-11.077065449306598,-10.86231964255767,-10.89765533047569,389,eligible_regular_session
2015-06-17,2015-06-18,train,1.5158136935552076e-05,-0.0002951369075844,3.09108792819402e-05,2.1330385650893782e-05,1.943987031681479e-05,-10.384402355704617,-10.75537794543378,-10.848184429899973,389,eligible_regular_session
2015-06-18,2015-06-19,train,8.639076590087823e-06,0.005422809362027,1.5158136935552076e-05,2.1752930189163784e-05,1.9861884623278488e-05,-11.096973078735305,-10.735762088162822,-10.826708008417587,389,eligible_regular_session
2015-06-19,2015-06-22,train,1.1224799700620907e-05,-0.0053183693762982,8.639076590087823e-06,1.9955680085283378e-05,1.9711225116703278e-05,-11.659214857007216,-10.82199673909802,-10.834322281618011,385,eligible_regular_session
2015-06-22,2015-06-23,train,8.727160084113422e-06,0.001116936787695,1.1224799700620907e-05,1.6279163147427694e-05,1.9398859184164417e-05,-11.397384968537844,-11.025624602431755,-10.850296298564048,389,eligible_regular_session
2015-06-23,2015-06-24,train,1.1857997598559004e-05,-0.000724661581829,8.727160084113422e-06,1.4932010518462895e-05,1.943876459509103e-05,-11.649070546406776,-11.112003292487936,-10.84824131058658,389,eligible_regular_session
2015-06-24,2015-06-25,train,1.393953300989877e-05,-0.005390950606347,1.1857997598559004e-05,1.1121434181786657e-05,1.9622437505291262e-05,-11.342508015195648,-11.40663630427591,-10.838836875799984,370,eligible_regular_session
2015-06-25,2015-06-26,train,1.9410441260179243e-05,-0.0054969298295836,1.393953300989877e-05,1.0877713396655996e-05,1.9289766171948745e-05,-11.180781653200295,-11.428794504372924,-10.855935852843862,389,eligible_regular_session
2015-06-26,2015-06-29,train,3.978680047410661e-05,-0.0013597100112833,1.9410441260179243e-05,1.303198633067428e-05,1.948270134900538e-05,-10.849699427390075,-11.248103735569755,-10.8459835964172,389,eligible_regular_session
2015-06-29,2015-06-30,train,5.076813957124223e-05,-0.01414794735949,3.978680047410661e-05,1.874438648537142e-05,2.0557793944117904e-05,-10.131975347059935,-10.884616237820081,-10.792270421572043,389,eligible_regular_session
2015-06-30,2015-07-01,train,2.9308726492620624e-05,-0.0036044618186088,5.076813957124223e-05,2.7152582382797183e-05,2.1779178394947123e-05,-9.888241573930037,-10.514038400719032,-10.734556164084342,389,eligible_regular_session
2015-07-01,2015-07-02,train,1.7488229072886107e-05,0.0015171915125149,2.9308726492620624e-05,3.06427281616095e-05,2.1950436252543176e-05,-10.437625253771902,-10.393115177838618,-10.726723543809472,389,eligible_regular_session
2015-07-02,2015-07-06,train,3.1539103665803776e-05,-0.0029530042043497,1.7488229072886107e-05,3.135246737420698e-05,2.1761778704334583e-05,-10.953982527754599,-10.370217589860916,-10.73535539739008,389,eligible_regular_session
2015-07-06,2015-07-07,train,6.302889742922606e-05,0.0014511965241397,3.1539103665803776e-05,3.377819985533188e-05,2.229470853419784e-05,-10.36428239579948,-10.29569493825528,-10.711161193116832,389,eligible_regular_session
2015-07-07,2015-07-08,train,7.126058052110714e-05,0.0055115670153523,6.302889742922606e-05,3.842661924635577e-05,2.3446032194678254e-05,-9.67191724738575,-10.16676012898883,-10.660809280173968,389,eligible_regular_session
2015-07-08,2015-07-09,train,4.106458593441511e-05,-0.010617487476123,7.126058052110714e-05,4.252510743632875e-05,2.5511559000126895e-05,-9.549167251298476,-10.065415893258056,-10.576378914384014,389,eligible_regular_session
2015-07-09,2015-07-10,train,2.2449178556883463e-05,-0.0062057216774719,4.106458593441511e-05,4.487627932468765e-05,2.645195721819551e-05,-10.100364463998039,-10.011601202934058,-10.5401804054904,389,eligible_regular_session
2015-07-10,2015-07-13,train,1.1755130719619957e-05,0.0039567129881228,2.2449178556883463e-05,4.586846922148712e-05,2.6472606776722248e-05,-10.704256534339269,-9.989732622018288,-10.53940006615396,389,eligible_regular_session
2015-07-13,2015-07-14,train,6.044836518797539e-06,0.0052723192293788,1.1755130719619957e-05,4.191167463225036e-05,2.6093565721426877e-05,-11.351220755692093,-10.079946139005248,-10.553821798110945,389,eligible_regular_session
2015-07-14,2015-07-15,train,1.3669833304612736e-05,0.004781446107197,6.044836518797539e-06,3.051486245016465e-05,2.5775357642999393e-05,-12.016306118300015,-10.397296699591783,-10.566091652580429,389,eligible_regular_session
2015-07-15,2015-07-16,train,7.370743722502816e-06,-9.488521261475938e-06,1.3669833304612736e-05,1.899671300686577e-05,2.5595562470050433e-05,-11.200319101552017,-10.871244593402642,-10.573091562517702,389,eligible_regular_session
2015-07-16,2015-07-17,train,7.2250602507076495e-06,0.0028852293546044,7.370743722502816e-06,1.2257944564483312e-05,2.4584806076077865e-05,-11.817991944710108,-11.30933629530586,-10.61338194502744,389,eligible_regular_session
2015-07-17,2015-07-20,train,8.02184264024165e-06,-0.0001833883111549,7.2250602507076495e-06,9.213120903248152e-06,2.4210357758885603e-05,-11.83795498480226,-11.594881904809709,-10.628730009804796,389,eligible_regular_session
2015-07-20,2015-07-21,train,9.197586098046035e-06,-3.758921565838037e-05,8.02184264024165e-06,8.466463287372488e-06,2.316994700244476e-05,-11.733342406834533,-11.679397694072884,-10.672654506857747,389,eligible_regular_session
2015-07-21,2015-07-22,train,1.0493896373500735e-05,-0.0029917642851393,9.197586098046035e-06,9.097013203222188e-06,2.289901287346721e-05,-11.596569488984274,-11.607564417743388,-10.684416754295299,389,eligible_regular_session
2015-07-22,2015-07-23,train,1.4380873362334282e-05,0.0006104096321948,1.0493896373500735e-05,8.461825816999787e-06,2.2983322863622346e-05,-11.46471676758168,-11.679945590019145,-10.6807416979281,389,eligible_regular_session
2015-07-23,2015-07-24,train,2.026854039991347e-05,-0.0061840124610731,1.4380873362334282e-05,9.863851744966082e-06,2.312678075733659e-05,-11.149611473000043,-11.526633822125351,-10.67451927180791,389,eligible_regular_session
2015-07-24,2015-07-27,train,2.9477615351528395e-05,-0.0121669489717963,2.026854039991347e-05,1.2472547774807246e-05,2.365138895350932e-05,-10.806440607990766,-11.29198050680707,-10.652088715215566,389,eligible_regular_session
2015-07-27,2015-07-28,train,2.0427497973349784e-05,-0.0018453844070213,2.9477615351528395e-05,1.6763702317064594e-05,2.445228066955338e-05,-10.43187938429729,-10.996294585332757,-10.618787067475262,389,eligible_regular_session
2015-07-28,2015-07-29,train,2.674009361033711e-05,0.0075333806293415,2.0427497973349784e-05,1.9009684692125344e-05,2.4747188167892064e-05,-10.798628624899411,-10.870561988023095,-10.606798684781708,389,eligible_regular_session
2015-07-29,2015-07-30,train,1.9522281118045096e-05,0.0063329143841328,2.674009361033711e-05,2.2258924139492618e-05,2.5080354183808334e-05,-10.529346485536054,-10.712767544844064,-10.593425720137855,389,eligible_regular_session
2015-07-30,2015-07-31,train,1.72241814739015e-05,0.001917436918137,1.9522281118045096e-05,2.3287205690634785e-05,2.4159239667623713e-05,-10.843954123251402,-10.667606460199744,-10.630843656103812,389,eligible_regular_session
2015-07-31,2015-08-03,train,2.6279306652780477e-05,-0.0036661087632354,1.72241814739015e-05,2.267833390543239e-05,2.2634514299562776e-05,-10.969196261851033,-10.694100542762882,-10.696034635245045,389,eligible_regular_session
2015-08-03,2015-08-04,train,2.3620043404504943e-05,-0.0031740544346593,2.6279306652780477e-05,2.2038672165682802e-05,2.249681339775186e-05,-10.546728747771228,-10.722711822060573,-10.702136885550502,389,eligible_regular_session
2015-08-04,2015-08-05,train,1.810303800634008e-05,-0.0022331023623305,2.3620043404504943e-05,2.2677181251913834e-05,2.2775532231007257e-05,-10.65341490958011,-10.694151370253863,-10.689823746002073,389,eligible_regular_session
2015-08-05,2015-08-06,train,2.36070732134621e-05,-0.0007188337114054,1.810303800634008e-05,2.094977013111443e-05,2.216480197375891e-05,-10.919430788122853,-10.773382883918163,-10.717005023993547,389,eligible_regular_session
2015-08-06,2015-08-07,train,2.9206086343714603e-05,-0.0087149852100966,2.36070732134621e-05,2.176672855019783e-05,2.0372900873042367e-05,-10.653964178402674,-10.735127967312792,-10.801304928780707,389,eligible_regular_session
2015-08-07,2015-08-10,train,9.576327309869329e-06,-0.0012552876425003,2.9206086343714603e-05,2.416310952416045e-05,1.846133295588816e-05,-10.44113343398131,-10.63068348770928,-10.899832123701835,389,eligible_regular_session
2015-08-10,2015-08-11,train,2.872789914579376e-05,0.0061982881433391,9.576327309869329e-06,2.0822513655578224e-05,1.7030048472954262e-05,-11.556216410064106,-10.779475769328355,-10.980531216966408,389,eligible_regular_session
2015-08-11,2015-08-12,train,4.391708410861071e-05,-0.0044130740521517,2.872789914579376e-05,2.1844084803835984e-05,1.7315444863359274e-05,-10.457641811705463,-10.731580391433415,-10.963911688071507,389,eligible_regular_session
2015-08-12,2015-08-13,train,2.962856123797205e-05,0.0073175810574855,4.391708410861071e-05,2.700689402429011e-05,1.8777351835586127e-05,-10.033207153936678,-10.519418390319215,-10.882859103946672,389,eligible_regular_session
2015-08-13,2015-08-14,train,1.5146274288253813e-05,-0.0006477569842373,2.962856123797205e-05,2.82111916291921e-05,1.9849339322821332e-05,-10.426771755169232,-10.475791792467392,-10.827339834870054,389,eligible_regular_session
2015-08-14,2015-08-17,train,1.403398724804434e-05,0.0041294263119449,1.5146274288253813e-05,2.5399229218099944e-05,1.9916450276623198e-05,-11.097755977819968,-10.580791730144322,-10.823964520651844,389,eligible_regular_session
2015-08-17,2015-08-18,train,1.4760318034094603e-05,0.0087858368324113,1.403398724804434e-05,2.6290761205734947e-05,2.0219324982329632e-05,-11.17402850978185,-10.546292965448611,-10.808871728592418,389,eligible_regular_session
2015-08-18,2015-08-19,train,4.861092484705663e-05,-0.0010485428599309,1.4760318034094603e-05,2.3497244983395114e-05,2.0561836699756312e-05,-11.123568191998702,-10.658627378435835,-10.792073787721588,389,eligible_regular_session
2015-08-19,2015-08-20,train,5.74702844761104e-05,-0.003728688555179,4.861092484705663e-05,2.44360131310843e-05,2.240679498188427e-05,-9.931662261227858,-10.61945256581054,-10.706146297698254,389,eligible_regular_session
2015-08-20,2015-08-21,train,0.000125951557928,-0.0139411608920402,5.74702844761104e-05,3.000435777871197e-05,2.4601008544523555e-05,-9.764242535463655,-10.414167927560829,-10.612723118121481,389,eligible_regular_session
2015-08-21,2015-08-24,train,0.0010069369951393,-0.0243468506906918,0.000125951557928,5.21654145066612e-05,2.9849084069728065e-05,-8.97961318582572,-9.861090840007451,-10.41935640302766,389,eligible_regular_session
2015-08-24,2015-08-25,train,0.0002869379953514,-0.0056188650514563,0.0010069369951393,0.0002507460160849123,7.496527142322652e-05,-6.900842234095554,-8.291070019244806,-9.498485599357965,389,eligible_regular_session
2015-08-25,2015-08-26,train,0.0003981252981811,-0.0268921993561917,0.0002869379953514,0.00030518155154837334,8.708661028465772e-05,-8.156244409617312,-8.09460370747018,-9.348607413998302,389,eligible_regular_session
2015-08-26,2015-08-27,train,0.0001985465751363,0.0239546465226366,0.0003981252981811,0.0003750844262151821,0.00010384332314054734,-7.82874378267461,-7.88835942075948,-9.17262730301144,389,eligible_regular_session
2015-08-27,2015-08-28,train,0.0001118016683864,0.0146623578912113,0.0001985465751363,0.00040329968434722,0.00011193964482977236,-8.524486849912265,-7.81583063876014,-9.09755071736859,389,eligible_regular_session
2015-08-28,2015-08-31,train,7.332635338894145e-05,0.0028962532680468,0.0001118016683864,0.0004004697064389,0.00011580608004686612,-9.098784074399344,-7.822872433670218,-9.063593489481198,389,eligible_regular_session
2015-08-31,2015-09-01,train,0.0002044486567145,-0.0035986099930252,7.332635338894145e-05,0.0002137475780888283,0.00011825171969554321,-9.520590485869915,-8.450714780790177,-9.04269498781812,389,eligible_regular_session
2015-09-01,2015-09-02,train,0.0001182208935615,-0.0166469377995609,0.0002044486567145,0.0001972497103614483,0.00012676192311557042,-8.495193681414873,-8.531040066622394,-8.973199851944154,389,eligible_regular_session
2015-09-02,2015-09-03,train,0.0001083002833726,0.008182660176695,0.0001182208935615,0.0001412688294375283,0.00013094108615687586,-9.04295570413358,-8.864845891069733,-8.940763059912602,389,eligible_regular_session
2015-09-03,2015-09-04,train,9.683709229938972e-05,-0.0023958115493244,0.0001083002833726,0.00012321957108478828,0.00013479018797360744,-9.130602787408582,-9.001542663273469,-8.91179115164865,389,eligible_regular_session
2015-09-04,2015-09-08,train,5.329091466432056e-05,-0.0061958259758362,9.683709229938972e-05,0.00012022665586738624,0.0001383690086232915,-9.24248045216728,-9.026131797825018,-8.885586465988192,389,eligible_regular_session
2015-09-08,2015-09-09,train,8.499435814194089e-05,0.013487808454414,5.329091466432056e-05,0.00011621956812246206,0.00013971827414378509,-9.839744697901201,-9.06002932735879,-8.875882490350822,389,eligible_regular_session
2015-09-09,2015-09-10,train,0.0001126083687326,-0.0204267626205772,8.499435814194089e-05,9.232870840795024e-05,0.0001422541046800681,-9.372925678477557,-9.290155431144147,-8.857895629978234,389,eligible_regular_session
2015-09-10,2015-09-11,train,4.769762829350864e-05,0.0063681551539258,0.0001126083687326,9.120620344217024e-05,0.00014693737929019222,-9.09159452235085,-9.302387642998022,-8.825504053168757,389,eligible_regular_session
2015-09-11,2015-09-14,train,3.4912322857225404e-05,0.0074499014594769,4.769762829350864e-05,7.908567242635196e-05,0.00014779963970599746,-9.950628882616215,-9.444978832007337,-8.819652987166288,389,eligible_regular_session
2015-09-14,2015-09-15,train,3.286461850823349e-05,-0.0042613700849678,3.4912322857225404e-05,6.67007185379191e-05,0.00014739033237638904,-10.26267070061275,-9.615294832418275,-8.822426168037147,389,eligible_regular_session
2015-09-15,2015-09-16,train,3.237281018861957e-05,0.009998457542035,3.286461850823349e-05,6.261545930670168e-05,0.00014753742588867363,-10.323113904159298,-9.67849835656511,-8.821428679531174,389,eligible_regular_session
2015-09-16,2015-09-17,train,0.0001401901916722,0.0078653985031262,3.237281018861957e-05,5.2091149716037426e-05,0.0001483204502477812,-10.338191679193748,-9.862515494728013,-8.816135420500169,389,eligible_regular_session
2015-09-17,2015-09-18,train,8.199260971849498e-05,-0.0013657157317242,0.0001401901916722,5.760751430395742e-05,0.00015405482317615188,-8.87251054535315,-9.761857542105233,-8.77820202425137,389,eligible_regular_session
2015-09-18,2015-09-21,train,5.563256588479433e-05,-0.0095242203360267,8.199260971849498e-05,6.446651058895469e-05,0.00015711083643453371,-9.408881440145764,-9.649364684676803,-8.75855903714055,389,eligible_regular_session
2015-09-21,2015-09-22,train,6.649536932596076e-05,0.0007729547596101,5.563256588479433e-05,6.861055919446846e-05,0.00015743000193624908,-9.79674181082078,-9.58706411095992,-8.756529630638624,389,eligible_regular_session
2015-09-22,2015-09-23,train,4.576813803795811e-05,-0.0032221373619518,6.649536932596076e-05,7.533670935801394e-05,0.00015784023306578772,-9.618378246923118,-9.493543033877327,-8.753927219655797,389,eligible_regular_session
2015-09-23,2015-09-24,train,8.245226822593436e-05,-0.0029355135564947,4.576813803795811e-05,7.801577492788163e-05,0.0001541955321616949,-9.991922384966104,-9.458599509057825,-8.777289071562883,389,eligible_regular_session
2015-09-24,2015-09-25,train,7.39663373741711e-05,0.0029174557489299,8.245226822593436e-05,6.646819023862851e-05,0.00011217349912017828,-9.403290999016457,-9.618787067020891,-9.095463785998483,389,eligible_regular_session
2015-09-25,2015-09-28,train,8.32919614059969e-05,-0.0081507270537996,7.39663373741711e-05,6.486293576976374e-05,0.00010249296921212243,-9.511900468607696,-9.643234194930853,-9.185716354790886,389,eligible_regular_session
2015-09-28,2015-09-29,train,0.0001132466146888,-0.0204838445716189,8.32919614059969e-05,7.039481487400424e-05,8.818236299507229e-05,-9.393158515176797,-9.56139094987064,-9.336103580989667,389,eligible_regular_session
2015-09-29,2015-09-30,train,7.868008570143886e-05,-0.0011193011637496,0.0001132466146888,7.97450639465721e-05,8.430509206564046e-05,-9.085942686420543,-9.436675712301708,-9.381068290680595,389,eligible_regular_session
2015-09-30,2015-10-01,train,0.0001019617068767,0.0101664631015115,7.868008570143886e-05,8.632745347926824e-05,8.27995655799604e-05,-9.450120475203557,-9.357362893669936,-9.399087743205659,389,eligible_regular_session
2015-10-01,2015-10-02,train,0.000111361946684,-9.876568887986895e-05,0.0001019617068767,9.022934120942137e-05,8.410117255667671e-05,-9.190913237946228,-9.313155893221122,-9.383490048672618,389,eligible_regular_session
2015-10-02,2015-10-05,train,3.564737457062023e-05,0.0223585917624644,0.000111361946684,9.770846307138715e-05,7.986995846438126e-05,-9.102724880532392,-9.233522379623215,-9.435110765075411,389,eligible_regular_session
2015-10-05,2015-10-06,train,5.246928629222386e-05,0.0109673473962755,3.564737457062023e-05,8.817954570431183e-05,7.611661669206855e-05,-10.241835058398747,-9.336135529960751,-9.483243963554226,389,eligible_regular_session
2015-10-06,2015-10-07,train,6.57733011437243e-05,-0.0019274925865634,5.246928629222386e-05,7.602408002499659e-05,7.3578844097506e-05,-9.855282582564685,-9.484460425427741,-9.517153017876847,389,eligible_regular_session
2015-10-07,2015-10-08,train,5.382239254011872e-05,0.0028250519946614,6.57733011437243e-05,7.344272311345368e-05,7.216685359043029e-05,-9.62929655966909,-9.519004732907906,-9.536529709025569,389,eligible_regular_session
2015-10-08,2015-10-09,train,2.91770019679419e-05,0.0110820090729733,5.382239254011872e-05,6.381486024613742e-05,7.219101167569383e-05,-9.82982095917349,-9.659524475516545,-9.53619501184167,389,eligible_regular_session
2015-10-09,2015-10-12,train,1.7078737628966752e-05,-0.0001290271355781,2.91770019679419e-05,4.73778713029258e-05,6.965385912233025e-05,-10.442129762850499,-9.957355288420947,-9.571972451917608,389,eligible_regular_session
2015-10-12,2015-10-13,train,2.6140744784982135e-05,0.0009621155379907,1.7078737628966752e-05,4.3664143914595106e-05,6.53116031630742e-05,-10.977676281646358,-10.038983298048358,-9.636340847373884,389,eligible_regular_session
2015-10-13,2015-10-14,train,3.9820772130379065e-05,-0.0023426685222772,2.6140744784982135e-05,3.839843561314676e-05,6.433174482177753e-05,-10.552015358017163,-10.167493838441429,-9.651457349921817,389,eligible_regular_session
2015-10-14,2015-10-15,train,3.128612820508682e-05,-0.0050021613550525,3.9820772130379065e-05,3.320792981047771e-05,6.455485615237544e-05,-10.131121868999415,-10.312721860848699,-9.647995212635708,389,eligible_regular_session
2015-10-15,2015-10-16,train,1.9068861336399243e-05,0.0115495613481513,3.128612820508682e-05,2.8700676943471333e-05,6.448310659314148e-05,-10.372335746991027,-10.458589848596331,-9.64910728175245,389,eligible_regular_session
2015-10-16,2015-10-19,train,1.9637663955914244e-05,0.0024675135710715,1.9068861336399243e-05,2.6679048817162806e-05,6.38783816453133e-05,-10.867453849814806,-10.531631989083012,-9.658529569232162,389,eligible_regular_session
2015-10-19,2015-10-20,train,2.290772284847609e-05,0.0037826967234528,1.9637663955914244e-05,2.7190834082552302e-05,5.8398721294573025e-05,-10.838061205293812,-10.51263062371271,-9.74821656401068,389,eligible_regular_session
2015-10-20,2015-10-21,train,4.15422826462831e-05,-0.0003298193653555,2.290772284847609e-05,2.6544229695251092e-05,5.571304461866307e-05,-10.684036461965947,-10.536698171176173,-9.795296244219289,389,eligible_regular_session
2015-10-21,2015-10-22,train,3.3894785913871794e-05,-0.0088070236005198,4.15422826462831e-05,2.68885317984319e-05,5.507257719873076e-05,-10.088798790465537,-10.523810689455598,-9.806858657188014,389,eligible_regular_session
2015-10-22,2015-10-23,train,3.612276732556332e-05,0.0103081832514502,3.3894785913871794e-05,2.7410263340188896e-05,5.359073249818125e-05,-10.2922493632579,-10.5045930402463,-9.83413440598998,389,eligible_regular_session
2015-10-23,2015-10-26,train,1.6913567512800932e-05,0.0027115324217912,3.612276732556332e-05,3.082104453802171e-05,5.3152306556708765e-05,-10.228587217578287,-10.387312837081987,-9.84234905700207,389,eligible_regular_session
2015-10-26,2015-10-27,train,2.1788431397534647e-05,-0.0013897201564966,1.6913567512800932e-05,3.0276225249399044e-05,5.0173274706111796e-05,-10.987394446707617,-10.405147798678499,-9.900028049401483,389,eligible_regular_session
2015-10-27,2015-10-28,train,5.128776938898808e-05,0.0008474392106373,2.1788431397534647e-05,3.005236695921076e-05,4.7801551707173766e-05,-10.734131398862162,-10.41256913272362,-9.948452456500585,389,eligible_regular_session
2015-10-28,2015-10-29,train,2.055721682733329e-05,0.0097451054501354,5.128776938898808e-05,3.200146430775175e-05,4.634681570640064e-05,-9.878058247682578,-10.349728896594245,-9.979357969360965,389,eligible_regular_session
2015-10-29,2015-10-30,train,2.864952535000538e-05,0.0023958764072219,2.055721682733329e-05,2.933395049044405e-05,4.213366125815215e-05,-10.792298494860793,-10.436764992928547,-10.07466358192415,389,eligible_regular_session
2015-10-30,2015-11-02,train,1.4890637560587954e-05,-0.0055813830752507,2.864952535000538e-05,2.783930209533247e-05,3.9859544878541543e-05,-10.460373682130802,-10.489061791227055,-10.13014866124427,389,eligible_regular_session
2015-11-02,2015-11-03,train,1.3725364470491468e-05,0.0107951588925721,1.4890637560587954e-05,2.743471610488987e-05,3.590176900053645e-05,-11.11477789414688,-10.50370133542414,-10.234723987903093,389,eligible_regular_session
2015-11-03,2015-11-04,train,3.0855481967832765e-05,0.0048795301868543,1.3725364470491468e-05,2.5822102719481237e-05,3.146374253628606e-05,-11.196265015694198,-10.564279738236497,-10.366674705671256,389,eligible_regular_session
2015-11-04,2015-11-05,train,2.737270136010241e-05,-0.0047210744485539,3.0855481967832765e-05,2.1735645235250173e-05,3.1245929236159356e-05,-10.386196125900577,-10.736557007502217,-10.373621454709914,389,eligible_regular_session
2015-11-05,2015-11-06,train,3.707505183465257e-05,-0.0018648112763916,2.737270136010241e-05,2.3098742141803993e-05,3.010517537560838e-05,-10.505964341933902,-10.675732394654888,-10.410813461600345,389,eligible_regular_session
2015-11-06,2015-11-09,train,3.465512391115083e-05,0.0010915184389673,3.707505183465257e-05,2.4783847438733434e-05,2.8800709497923302e-05,-10.202566271838691,-10.60531842994406,-10.45511053578126,389,eligible_regular_session
2015-11-09,2015-11-10,train,2.7420937570179068e-05,-0.0061336204782724,3.465512391115083e-05,2.8736744708846006e-05,2.79294700147884e-05,-10.270064967037284,-10.457333950644164,-10.485828153669202,389,eligible_regular_session
2015-11-10,2015-11-11,train,1.972024342350791e-05,0.0038207289494392,2.7420937570179068e-05,3.147585932878353e-05,2.784964890579918e-05,-10.504203691483267,-10.3662896764595,-10.488690198284479,389,eligible_regular_session
2015-11-11,2015-11-12,train,3.72501964817234e-05,-0.0052968924164875,1.972024342350791e-05,2.9248811619918556e-05,2.79697173510056e-05,-10.833864864874698,-10.439671613490617,-10.48438815623566,389,eligible_regular_session
2015-11-12,2015-11-13,train,4.257854093610416e-05,-0.0096646366369102,3.72501964817234e-05,3.1224310644242756e-05,2.84746924281302e-05,-10.197853338475479,-10.374313579242203,-10.466494850159771,389,eligible_regular_session
2015-11-13,2015-11-16,train,4.7216981115788035e-05,-0.0086610026124962,4.257854093610416e-05,3.232500846453308e-05,2.8600045555663158e-05,-10.064160165499759,-10.339669371449215,-10.462102247284381,389,eligible_regular_session
2015-11-16,2015-11-17,train,4.63583958613114e-05,0.0161549642413087,4.7216981115788035e-05,3.483737990546051e-05,2.932417523342231e-05,-9.960756960671969,-10.264819612439924,-10.437098288852738,389,eligible_regular_session
2015-11-17,2015-11-18,train,3.527818098317332e-05,-0.0019683894800501,4.63583958613114e-05,3.862487156368698e-05,3.056460862091831e-05,-9.979108141874999,-10.161614147963881,-10.395667799377662,389,eligible_regular_session
2015-11-18,2015-11-19,train,2.0690392828281104e-05,0.013170735908328,3.527818098317332e-05,4.173645907562006e-05,3.127554121306645e-05,-10.25224588758878,-10.084135492792983,-10.372674196786882,389,eligible_regular_session
2015-11-19,2015-11-20,train,1.3354144663470023e-05,-0.0011142222969408,2.0690392828281104e-05,3.84244983449316e-05,3.1174753484875774e-05,-10.785841080003248,-10.166815324059279,-10.375901973891322,389,eligible_regular_session
2015-11-20,2015-11-23,train,1.5536565521672726e-05,0.000718301391826,1.3354144663470023e-05,3.2579619090404776e-05,2.9893474485657e-05,-11.223683759618124,-10.331823646374842,-10.417870346013315,389,eligible_regular_session
2015-11-23,2015-11-24,train,2.6955733273991737e-05,-0.0010297996153838,1.5536565521672726e-05,2.6243535971581718e-05,2.9059009922375215e-05,-11.072314246352208,-10.54809084795248,-10.446181970520389,389,eligible_regular_session
2015-11-24,2015-11-25,train,9.34316812911366e-06,0.0053509040626218,2.6955733273991737e-05,2.2363003454117783e-05,2.864232655639469e-05,-10.521314545795272,-10.70810259606289,-10.460624984660186,389,eligible_regular_session
2015-11-25,2015-11-30,train,1.84195922722999e-05,-0.0003828740486886,9.34316812911366e-06,1.717600088330585e-05,2.829821749349982e-05,-11.580865163119642,-10.971997445961046,-10.472711741394201,389,eligible_regular_session
2015-11-30,2015-12-01,train,2.386573221065092e-05,-0.0058065050172644,1.84195922722999e-05,1.672184077210961e-05,2.8145088442352782e-05,-10.902095662436391,-10.998794862341926,-10.478137696670817,389,eligible_regular_session
2015-12-01,2015-12-02,train,2.806575807514088e-05,0.0070315083263785,2.386573221065092e-05,1.882415828154579e-05,2.689863220697382e-05,-10.643066926617307,-10.880369498077656,-10.523435119973643,389,eligible_regular_session
2015-12-02,2015-12-03,train,6.068609339421285e-05,-0.0100744711059185,2.806575807514088e-05,2.1329996792239422e-05,2.723992953641962e-05,-10.48096029852779,-10.7553961758683,-10.510826663455045,389,eligible_regular_session
2015-12-03,2015-12-04,train,4.327645128484709e-05,-0.0169100408531175,6.068609339421285e-05,2.807606881628364e-05,2.8696137174792688e-05,-9.709795990031592,-10.480592988027595,-10.458748037469976,389,eligible_regular_session
2015-12-04,2015-12-07,train,4.655886949307305e-05,0.0174676719738561,4.327645128484709e-05,3.486272544743033e-05,2.9986401434986283e-05,-10.047901921130487,-10.264092338271293,-10.414766564567504,389,eligible_regular_session
2015-12-07,2015-12-08,train,5.628528237759459e-05,-0.0049416255176821,4.655886949307305e-05,4.0490580891584956e-05,3.147883348146727e-05,-9.974793035482929,-10.11444118147866,-10.36619519096356,389,eligible_regular_session
2015-12-08,2015-12-09,train,9.189802161759322e-05,0.0008289402401588,5.628528237759459e-05,4.697449092497369e-05,3.2634733500092804e-05,-9.785077471245607,-9.965905849871447,-10.330133391986955,389,eligible_regular_session
2015-12-09,2015-12-10,train,6.0467053740824645e-05,-0.0047303293959073,9.189802161759322e-05,5.9740943633464154e-05,3.556770260270602e-05,-9.294831056390468,-9.725492949628745,-10.244072562149803,389,eligible_regular_session
2015-12-10,2015-12-11,train,7.423923989609347e-05,0.0020435791682758,6.0467053740824645e-05,5.969713570278651e-05,3.6630975416622934e-05,-9.713411907524902,-9.726226516894487,-10.214616352627658,389,eligible_regular_session
2015-12-11,2015-12-14,train,0.0001266993938278,-0.0098103507871832,7.423923989609347e-05,6.588969342503581e-05,3.8430253415938505e-05,-9.508217708007312,-9.6275285258793,-10.166665559187601,389,eligible_regular_session
2015-12-14,2015-12-15,train,4.4818781754352025e-05,0.0041826343146049,0.0001266993938278,8.191779829198119e-05,4.294291051855764e-05,-8.973693254959597,-9.40979427335284,-10.055638986754369,389,eligible_regular_session
2015-12-15,2015-12-16,train,0.0001237374580459,0.0040947387177622,4.4818781754352025e-05,7.962449816733266e-05,4.4083753169959645e-05,-10.012883270809805,-9.438188746542888,-10.029419252235137,389,eligible_regular_session
2015-12-16,2015-12-17,train,7.231900202320761e-05,0.0078458744486709,0.0001237374580459,8.599238545299401e-05,4.801499233196767e-05,-8.997348510775684,-9.36125180687503,-9.943997255575118,389,eligible_regular_session
2015-12-17,2015-12-18,train,7.857036859974337e-05,-0.0162278223504849,7.231900202320761e-05,8.83627751094706e-05,4.9366831472290556e-05,-9.534423641433426,-9.334059773053227,-9.916231786965339,389,eligible_regular_session
2015-12-18,2015-12-21,train,4.307189136303363e-05,-0.0151866325779911,7.857036859974337e-05,8.92290008502006e-05,5.079198544883398e-05,-9.45151591943279,-9.324304449579877,-9.887771982581558,389,eligible_regular_session
2015-12-21,2015-12-22,train,3.3361583810710964e-05,0.0017828229773815,4.307189136303363e-05,7.250350035724733e-05,5.064259888073045e-05,-10.052639946163023,-9.531875716479506,-9.890717460735688,389,eligible_regular_session
2015-12-22,2015-12-23,train,1.9308240759525887e-05,0.004389691045699,3.3361583810710964e-05,7.021206076851912e-05,5.05554808274367e-05,-10.308105505260437,-9.563990455870078,-9.892439194489251,389,eligible_regular_session
2015-12-23,2015-12-28,train,1.837461771500658e-05,0.0079081015008758,1.9308240759525887e-05,4.93262173112443e-05,5.0492655733402375e-05,-10.854978570825608,-9.917054826963385,-9.893682663280812,389,eligible_regular_session
2015-12-28,2015-12-29,train,1.3064302421662723e-05,0.0007783161523797,1.837461771500658e-05,3.853734044960409e-05,5.072085905392677e-05,-10.904540317707285,-10.163882904894106,-9.889173310795638,389,eligible_regular_session
2015-12-29,2015-12-30,train,1.5659258982094014e-05,0.005409213655371,1.3064302421662723e-05,2.543612721398796e-05,5.060848345847177e-05,-11.24562705332471,-10.579340063235405,-9.891391338441714,389,eligible_regular_session
2015-12-30,2015-12-31,train,2.722836630134752e-05,-0.0062279006454495,1.5659258982094014e-05,1.9953600737800034e-05,5.009500735429459e-05,-11.064448187672289,-10.822100942804143,-9.9015892084461,389,eligible_regular_session
2015-12-31,2016-01-04,train,8.213573359501319e-05,-0.0049344011564567,2.722836630134752e-05,1.8726957235927344e-05,5.090797090757795e-05,-10.511251249356548,-10.885546508740209,-9.885491047305173,389,eligible_regular_session
2016-01-04,2016-01-05,train,5.895539351738981e-05,-0.0024709379803796,8.213573359501319e-05,3.1292455803024804e-05,5.380415914951947e-05,-9.407137391434773,-10.372133518127596,-9.830159786172729,389,eligible_regular_session
2016-01-05,2016-01-06,train,6.814445535889998e-05,0.0004860484358629,5.895539351738981e-05,3.940861096350145e-05,5.5399143754371236e-05,-9.738729442080638,-10.141526213166344,-9.800946420027747,389,eligible_regular_session
2016-01-06,2016-01-07,train,0.0001232621320492,-0.0033650900232985,6.814445535889998e-05,5.04246415509489e-05,5.7220902721814825e-05,-9.593880762502092,-9.895030582707541,-9.768591294133046,389,eligible_regular_session
2016-01-07,2016-01-08,train,9.852345887432462e-05,-0.0117002283739397,0.0001232621320492,7.19452161643701e-05,6.006526811522333e-05,-9.001197315409563,-9.539605615175326,-9.720078785049573,389,eligible_regular_session
2016-01-08,2016-01-11,train,0.0001140085809691,-0.0159804372141567,9.852345887432462e-05,8.620423467896553e-05,6.257649573292685e-05,-9.225215876981443,-9.358791255295182,-9.679120817888931,389,eligible_regular_session
2016-01-11,2016-01-12,train,0.0001092762821813,-0.0048696469931812,0.0001140085809691,9.257880415378288e-05,6.56423917091099e-05,-9.079236840743777,-9.287450339340417,-9.63128885564339,389,eligible_regular_session
2016-01-12,2016-01-13,train,0.0001487678965684,0.0014193221120803,0.0001092762821813,0.00010264298188656493,6.805107351836925e-05,-9.121631183755479,-9.184253786183286,-9.595252053555972,389,eligible_regular_session
2016-01-13,2016-01-14,train,0.0001683564752775,-0.0283635198178066,0.0001487678965684,0.00011876767012846492,7.0636067834315e-05,-8.813123207710698,-9.038341325037496,-9.557969668077556,389,eligible_regular_session
2016-01-14,2016-01-15,train,0.0001900382825482,0.0122894317919078,0.0001683564752775,0.00012778653877412494,7.554013244961844e-05,-8.689426949910066,-8.965149351974384,-9.490846487310856,389,eligible_regular_session
2016-01-15,2016-01-19,train,0.0001469196170294,-0.0076666892073737,0.0001900382825482,0.0001460895035089,8.080372529744146e-05,-8.568285019003797,-8.831291086354616,-9.42348748833368,389,eligible_regular_session
2016-01-19,2016-01-20,train,0.0002769425836052,-0.0082373399173204,0.0001469196170294,0.00015267171072096,8.172282635205963e-05,-8.825624943676972,-8.787220623407054,-9.41217720280701,389,eligible_regular_session
2016-01-20,2016-01-21,train,0.000245113718757,-0.0008439658291639,0.0002769425836052,0.00018620497100574,9.22739082543709e-05,-8.19170035266589,-8.58866249634695,-9.290749140552819,389,eligible_regular_session
2016-01-21,2016-01-22,train,8.765218047823848e-05,0.0046233060088602,0.000245113718757,0.00020547413544346003,9.779101101396636e-05,-8.313788296915803,-8.49019039353822,-9.232677897070296,389,eligible_regular_session
2016-01-22,2016-01-25,train,8.022975519949614e-05,0.0089712212833921,8.765218047823848e-05,0.0001893332764836077,9.848797367101322e-05,-9.342134069801629,-8.572001728173912,-9.225576111950922,389,eligible_regular_session
2016-01-25,2016-01-26,train,7.685313322952315e-05,-0.0134885827538582,8.022975519949614e-05,0.00016737157101386692,9.856340033463834e-05,-9.430616099437366,-8.695294241010492,-9.22481055862566,389,eligible_regular_session
2016-01-26,2016-01-27,train,0.0001858168182913,0.0102910520426364,7.685313322952315e-05,0.00015335827425389157,0.0001000989113285697,-9.473614318094791,-8.782733712199096,-9.209351747540707,389,eligible_regular_session
2016-01-27,2016-01-28,train,0.0001436694858832,-0.0075645726779466,0.0001858168182913,0.00013513312119111157,0.000107028694714051,-8.590749217428645,-8.909250182489089,-9.142413584557156,389,eligible_regular_session
2016-01-28,2016-01-29,train,5.192509693515625e-05,-0.0019525072165984,0.0001436694858832,0.00011484427461635155,0.00011268147858330893,-8.847995133404233,-9.071933481039538,-9.090945493074596,389,eligible_regular_session
2016-01-29,2016-02-01,train,6.51213509024872e-05,0.020190492988047,5.192509693515625e-05,0.0001076988579077351,0.00011420650036604299,-9.865708321373678,-9.136171578243163,-9.077502341468751,389,eligible_regular_session
2016-02-01,2016-02-02,train,7.195164147575182e-05,0.0043623501785762,6.51213509024872e-05,0.00010467717704833331,0.00011657272984244411,-9.639258091668095,-9.16462944810641,-9.05699518925368,389,eligible_regular_session
2016-02-02,2016-02-03,train,0.0002079907168154,-0.0117579280644801,7.195164147575182e-05,0.00010369687869757906,0.00011913147450124672,-9.539516310773667,-9.17403854253011,-9.035282846984183,389,eligible_regular_session
2016-02-03,2016-02-04,train,0.0001602470486716,-4.182875309098187e-05,0.0002079907168154,0.00010813165840239906,0.00012734794497915822,-8.478017109954127,-9.132161014008016,-8.968587493463996,389,eligible_regular_session
2016-02-04,2016-02-05,train,0.0001195647445946,0.0033682744872427,0.0001602470486716,0.00011144717096007905,0.00013089845930082126,-8.738793879358987,-9.101959882392851,-8.94108865516489,389,eligible_regular_session
2016-02-05,2016-02-08,train,0.000154414744925,-0.0159681714447756,0.0001195647445946,0.00012497510049196782,0.0001336534298043308,-9.031652537540333,-8.987396036568402,-8.920260453124781,389,eligible_regular_session
2016-02-08,2016-02-09,train,0.0001957390890586,-0.0038230462898244,0.000154414744925,0.00014283377929647038,0.00013757480660278988,-8.77586842671435,-8.853828986337087,-8.891342740777826,389,eligible_regular_session
2016-02-09,2016-02-10,train,0.0001273588806965,0.0079510674730024,0.0001957390890586,0.00016759126881304,0.0001408692137395808,-8.538727963811088,-8.693982466660893,-8.867678660168693,389,eligible_regular_session
2016-02-10,2016-02-11,train,0.000216415885855,-0.0060791770089276,0.0001273588806965,0.00015146490158926,0.00014217991473149786,-8.968501624407919,-8.795156632533262,-8.858417297185316,389,eligible_regular_session
2016-02-11,2016-02-12,train,6.525165145538962e-05,-0.0038542004397973,0.000216415885855,0.00016269866902594,0.0001468347922263115,-8.43830860400516,-8.723610724313984,-8.826202465598506,389,eligible_regular_session
2016-02-12,2016-02-16,train,4.894646123177268e-05,0.0114796835002453,6.525165145538962e-05,0.00015183605039809791,0.00014483367264786102,-9.637259202420612,-8.79270923504464,-8.839924559136625,389,eligible_regular_session
2016-02-16,2016-02-17,train,3.17444367403082e-05,0.0076594631484786,4.894646123177268e-05,0.00013074239365945244,0.00014029633467801432,-9.924783485129705,-8.942281631400155,-8.87175369608654,389,eligible_regular_session
2016-02-17,2016-02-18,train,3.977542754902908e-05,0.00943983812008,3.17444367403082e-05,9.79434631957941e-05,0.00013408669656268742,-10.357793068756221,-9.23112015193346,-8.917023977946904,389,eligible_regular_session
2016-02-18,2016-02-19,train,4.318458108891017e-05,-0.0059742645540573,3.977542754902908e-05,8.04267725662999e-05,0.00012725656678999785,-10.132261234608276,-9.428163445090766,-8.969305298442777,389,eligible_regular_session
2016-02-19,2016-02-22,train,2.4093005106141687e-05,0.0031338818896284,4.318458108891017e-05,4.578051161308195e-05,0.00012254133788361192,-10.050027045663231,-9.991652068030872,-9.007062132792532,389,eligible_regular_session
2016-02-22,2016-02-23,train,3.122559580935008e-05,0.0068449078939521,2.4093005106141687e-05,3.754878234323236e-05,0.00011104817522456385,-10.633589004155205,-10.18986960789024,-9.10554643977538,389,eligible_regular_session
2016-02-23,2016-02-24,train,7.519323441560484e-05,-0.0084379501257902,3.122559580935008e-05,3.4004609258747845e-05,0.00010132598781785247,-10.374272420970541,-10.28901447610265,-9.197167636493205,389,eligible_regular_session
2016-02-24,2016-02-25,train,3.922264615256578e-05,0.0119863689937583,7.519323441560484e-05,4.2694368793807174e-05,0.00010075967208773277,-9.495449298933428,-10.061443524791583,-9.202772360874473,389,eligible_regular_session
2016-02-25,2016-02-26,train,4.0430514963539615e-05,0.0086816777402427,3.922264615256578e-05,4.2583812514514514e-05,9.889571258559957e-05,-10.146256270003251,-10.06403636482485,-9.22144467128035,389,eligible_regular_session
2016-02-26,2016-02-29,train,4.96070078765907e-05,-0.0061878820145269,4.0430514963539615e-05,4.2032999289440394e-05,9.724013902805487e-05,-10.115925737228734,-10.077055550811874,-9.238326978775962,389,eligible_regular_session
2016-02-29,2016-03-01,train,3.7090847609502895e-05,-0.0071641635572647,4.96070078765907e-05,4.71357998435302e-05,9.104878400920444e-05,-9.91137844637909,-9.962477764054022,-9.304115107078033,389,eligible_regular_session
2016-03-01,2016-03-02,train,3.6880579409044966e-05,0.0164449555090614,3.7090847609502895e-05,4.8308850203560765e-05,8.620430045130913e-05,-10.202140313946789,-9.937895780062878,-9.358790492312728,389,eligible_regular_session
2016-03-02,2016-03-03,train,2.7422388801423612e-05,0.006363882826123,3.6880579409044966e-05,4.064631920224879e-05,8.552045874557678e-05,-10.207825448741891,-10.110602274600385,-9.36675492707131,389,eligible_regular_session
2016-03-03,2016-03-04,train,3.565188859483384e-05,0.0047320405613148,2.7422388801423612e-05,3.828626773202036e-05,8.38068695591648e-05,-10.504150768681502,-10.170419270926114,-9.386995578189698,389,eligible_regular_session
2016-03-04,2016-03-07,train,3.5490802981667704e-05,0.0014264302379345,3.565188859483384e-05,3.73305424582792e-05,8.215688079185036e-05,-10.24170843649498,-10.195698733713435,-9.4068799581103,389,eligible_regular_session
2016-03-07,2016-03-08,train,4.955353325141782e-05,0.0053504997188349,3.5490802981667704e-05,3.4507301479294606e-05,7.43159756175898e-05,-10.246236965986515,-10.274339619237924,-9.507184614311397,389,eligible_regular_session
2016-03-08,2016-03-09,train,4.5063108026992366e-05,-0.0058275722179506,4.955353325141782e-05,3.6999838607677586e-05,6.92844521893997e-05,-9.912456992941024,-10.204597007284223,-9.577290032071112,389,eligible_regular_session
2016-03-09,2016-03-10,train,8.803724101872157e-05,0.0009255813210462,4.5063108026992366e-05,3.8636344331267066e-05,6.589801416359934e-05,-10.007446650039432,-10.161317161499676,-9.627402250997875,389,eligible_regular_session
2016-03-10,2016-03-11,train,1.8740236035666737e-05,-0.0011804567979935,8.803724101872157e-05,5.0759314774726656e-05,6.288085489513215e-05,-9.337750639612574,-9.888415414525069,-9.674268814275244,389,eligible_regular_session
2016-03-11,2016-03-14,train,1.7629140000343187e-05,0.0090769475632714,1.8740236035666737e-05,4.7376984262893237e-05,5.4835452484998817e-05,-10.88483768594694,-9.957374011261635,-9.811173630030904,389,eligible_regular_session
2016-03-14,2016-03-15,train,1.820129211108963e-05,0.0010949240716258,1.7629140000343187e-05,4.380465166662833e-05,4.984773699880987e-05,-10.94595734321264,-10.035770543786516,-9.906537458799306,389,eligible_regular_session
2016-03-15,2016-03-16,train,5.54431005665487e-05,0.0017477487294184,1.820129211108963e-05,3.75342034385627e-05,4.0837982737723035e-05,-10.914017971286743,-10.19025794899578,-10.105897960164851,389,eligible_regular_session
2016-03-16,2016-03-17,train,2.025042427537112e-05,0.0070775556762115,5.54431005665487e-05,3.961020194647397e-05,4.0392139515502994e-05,-9.800153278121407,-10.136423847972479,-10.116875358375623,389,eligible_regular_session
2016-03-17,2016-03-18,train,1.844779302165739e-05,0.007224580135089,2.025042427537112e-05,2.6052838597803877e-05,3.908777419930292e-05,-10.807334812761034,-10.555383828415264,-10.149700820192372,389,eligible_regular_session
2016-03-18,2016-03-21,train,1.934755544647896e-05,0.0021445660101207,1.844779302165739e-05,2.5994349995002007e-05,3.848338130300061e-05,-10.900565814055076,-10.55763135144211,-10.16528406432766,389,eligible_regular_session
2016-03-21,2016-03-22,train,1.89175048615576e-05,0.0025915917156882,1.934755544647896e-05,2.633803308422916e-05,3.755484166197561e-05,-10.852944479984533,-10.544496538536508,-10.189708248998798,389,eligible_regular_session
2016-03-22,2016-03-23,train,2.5714239345129644e-05,0.0027306338698145,1.89175048615576e-05,2.6481275634322752e-05,3.645179274255049e-05,-10.875422881390449,-10.539072654554158,-10.219519917110015,389,eligible_regular_session
2016-03-23,2016-03-24,train,1.940339737368284e-05,-0.0043164018992598,2.5714239345129644e-05,2.0535503390038945e-05,3.652548520795903e-05,-10.568465659375962,-10.793355297097312,-10.21750031614582,389,eligible_regular_session
2016-03-24,2016-03-28,train,1.882400000573315e-05,0.0037595324203675,1.940339737368284e-05,2.0366098009701288e-05,3.5988112551792344e-05,-10.850062384872336,-10.801638901808563,-10.232321880933123,389,eligible_regular_session
2016-03-28,2016-03-29,train,2.272474261493277e-05,-0.001559833149276,1.882400000573315e-05,2.0441339406516438e-05,3.34258746240709e-05,-10.880377906234648,-10.797951266081139,-10.306180268555083,389,eligible_regular_session
2016-03-29,2016-03-30,train,1.5988332286385707e-05,0.0113532482169581,2.272474261493277e-05,2.1116776840207202e-05,3.267596991781486e-05,-10.692056244040439,-10.765442722505183,-10.32887061510526,389,eligible_regular_session
2016-03-30,2016-03-31,train,1.4538137673073597e-05,-0.0002858354043564,1.5988332286385707e-05,2.0530942325172823e-05,3.156496161430786e-05,-11.04365133384445,-10.793577428075801,-10.363462862229445,389,eligible_regular_session
2016-03-31,2016-04-01,train,2.555960287597008e-05,-0.0015620379520439,1.4538137673073597e-05,1.8295721990761613e-05,2.9970922059602535e-05,-11.138735177069547,-10.90884329644223,-10.415282911022798,389,eligible_regular_session
2016-04-01,2016-04-04,train,1.436690808540246e-05,0.0103970599165297,2.555960287597008e-05,1.9526963091219062e-05,2.9446774571714682e-05,-10.574497465509518,-10.843714324848579,-10.432926176047534,389,eligible_regular_session
2016-04-04,2016-04-05,train,3.2101430956648226e-05,-0.0026345253879856,1.436690808540246e-05,1.8635544707152925e-05,2.8423425875185474e-05,-11.15058304557553,-10.890439795132751,-10.468296898042793,389,eligible_regular_session
2016-04-05,2016-04-06,train,2.9405324247390934e-05,-0.0052864246709646,3.2101430956648226e-05,2.0510882375496015e-05,2.8636109609513867e-05,-10.346609950733148,-10.794554965084474,-10.460842062755239,389,eligible_regular_session
2016-04-06,2016-04-07,train,2.9761335417324217e-05,0.0095238120592317,2.9405324247390934e-05,2.3194280767697058e-05,2.8352174866448282e-05,-10.434334803165662,-10.67160482831647,-10.470806815867046,389,eligible_regular_session
2016-04-07,2016-04-08,train,2.4024539463964228e-05,-0.0069684992833074,2.9761335417324217e-05,2.623892031654718e-05,2.8091744522614488e-05,-10.422300476112182,-10.548266741207975,-10.480034814019886,389,eligible_regular_session
2016-04-08,2016-04-11,train,3.081785280640877e-05,-0.0021905493180471,2.4024539463964228e-05,2.5931907634146016e-05,2.6931335714093874e-05,-10.636434772325392,-10.560036392506317,-10.52222005288716,389,eligible_regular_session
2016-04-11,2016-04-12,train,3.573606798139284e-05,-0.0066718160537042,3.081785280640877e-05,2.9222096578347278e-05,2.628382411315825e-05,-10.387416399337424,-10.440585402732255,-10.546556860734704,389,eligible_regular_session
2016-04-12,2016-04-13,train,1.725855123011223e-05,0.0077767591900113,3.573606798139284e-05,2.9949023983296198e-05,2.390649806600695e-05,-10.23935007159388,-10.416013822137623,-10.641360250374017,389,eligible_regular_session
2016-04-13,2016-04-14,train,1.1931210828366068e-05,0.0049344303622136,1.725855123011223e-05,2.751966937984046e-05,2.383914875666356e-05,-10.967202813832433,-10.500609558785234,-10.644181422920408,389,eligible_regular_session
2016-04-14,2016-04-15,train,8.123943006663088e-06,-0.0001344369972642,1.1931210828366068e-05,2.3953644462048827e-05,2.3580151976119143e-05,-11.336352832590068,-10.639390076078591,-10.655105217747781,389,eligible_regular_session
2016-04-15,2016-04-18,train,1.5123396394549255e-05,-0.0007783709378365,8.123943006663088e-06,2.07735251705886e-05,2.3122090653190666e-05,-11.720694929698725,-10.7818312103281,-10.67472209207223,389,eligible_regular_session
2016-04-18,2016-04-19,train,1.4974569908125037e-05,0.0090559995734238,1.5123396394549255e-05,1.7634633888216695e-05,2.128937682719069e-05,-11.099267583169134,-10.945645755012505,-10.75730235016879,389,eligible_regular_session
2016-04-19,2016-04-20,train,1.2227137304103276e-05,0.0013194844969596,1.4974569908125037e-05,1.3482334273563135e-05,2.1049565265043138e-05,-11.109157135034637,-11.214130301776967,-10.768630650541162,389,eligible_regular_session
2016-04-20,2016-04-21,train,2.082368483443208e-05,0.0001997878450013,1.2227137304103276e-05,1.2476051488361343e-05,2.07668081869725e-05,-11.311852707282933,-11.291699632234499,-10.782154606080214,389,eligible_regular_session
2016-04-21,2016-04-22,train,2.2443636529063387e-05,-0.005078561549507,2.082368483443208e-05,1.4254546289574547e-05,2.0833904977334006e-05,-10.77941952511416,-11.158434664266492,-10.778928851354436,389,eligible_regular_session
2016-04-22,2016-04-25,train,1.7171665493971615e-05,0.0019237953502699,2.2443636529063387e-05,1.7118484994054606e-05,2.099418368949336e-05,-10.704503434777017,-10.975351684504377,-10.771265125770324,389,eligible_regular_session
2016-04-25,2016-04-26,train,1.595777512073253e-05,0.0010063544942018,1.7171665493971615e-05,1.7528138813939082e-05,2.0605884878077082e-05,-10.972249887527797,-10.951703036148665,-10.789933849272636,389,eligible_regular_session
2016-04-26,2016-04-27,train,2.7382193591012026e-05,-0.0001530097498886,1.595777512073253e-05,1.772477985646058e-05,2.0449265684761162e-05,-11.045564379123052,-10.940546905569018,-10.797563583955805,389,eligible_regular_session
2016-04-27,2016-04-28,train,2.539934316144731e-05,0.0036239025732872,2.7382193591012026e-05,2.075579111384233e-05,2.083827448409202e-05,-10.505617624767767,-10.782685260402161,-10.778719142775211,389,eligible_regular_session
2016-04-28,2016-04-29,train,4.147828176792507e-05,-0.0067780597438985,2.539934316144731e-05,2.167092277924537e-05,2.0959847236206316e-05,-10.580787244059692,-10.739539160062593,-10.772901986886929,389,eligible_regular_session
2016-04-29,2016-05-02,train,2.5657604505930978e-05,-0.0030691253408058,4.147828176792507e-05,2.547785182701771e-05,2.2118481303549015e-05,-10.0903405986064,-10.577701039016265,-10.719097040830396,389,eligible_regular_session
2016-05-02,2016-05-03,train,3.253074294055038e-05,0.0057096894337444,2.5657604505930978e-05,2.717503962940958e-05,2.262391161413344e-05,-10.570670558320504,-10.513211666654124,-10.696503174988054,389,eligible_regular_session
2016-05-03,2016-05-04,train,2.770131246636034e-05,-0.0041349651586284,3.253074294055038e-05,3.048963319337315e-05,2.294078161706891e-05,-10.33332497911238,-10.398123827427648,-10.682594374608582,389,eligible_regular_session
2016-05-04,2016-05-05,train,2.5865802978137098e-05,-0.001242438945353,2.770131246636034e-05,3.055345696844281e-05,2.354689090711245e-05,-10.494030764436395,-10.396032721025353,-10.656516767146785,389,eligible_regular_session
2016-05-05,2016-05-06,train,2.8418154461440672e-05,-0.0018369236459215,2.5865802978137098e-05,3.064674893178077e-05,2.326345327172558e-05,-10.562588810021143,-10.3929839719492,-10.668626957932752,389,eligible_regular_session
2016-05-06,2016-05-09,train,1.97764151285607e-05,0.0069461999737848,2.8418154461440672e-05,2.8034723470483892e-05,2.3218581917818748e-05,-10.468482375424973,-10.482066692161776,-10.670557655143506,389,eligible_regular_session
2016-05-09,2016-05-10,train,8.956324424773413e-06,0.0011323846165705,1.97764151285607e-05,2.685848559500984e-05,2.2764721904693133e-05,-10.831020485376106,-10.524928749880498,-10.690298505167227,389,eligible_regular_session
2016-05-10,2016-05-11,train,1.7223060619327586e-05,0.0087409605829639,8.956324424773413e-06,2.2143601891854446e-05,2.207980303927537e-05,-11.623150635590257,-10.717961956840261,-10.720847256917839,389,eligible_regular_session
2016-05-11,2016-05-12,train,2.610722932113245e-05,-0.0074458495672224,1.7223060619327586e-05,2.0047951522447897e-05,2.146185793986259e-05,-10.969261338443888,-10.817383577887712,-10.749233247628455,389,eligible_regular_session
2016-05-12,2016-05-13,train,3.262529376754922e-05,-0.0029794892100211,2.610722932113245e-05,2.0096236791046964e-05,2.10241834553053e-05,-10.553298296505021,-10.814977984753927,-10.769837189705791,389,eligible_regular_session
2016-05-13,2016-05-16,train,1.5949728299814377e-05,-0.0072686520596661,3.262529376754922e-05,2.0937664652268674e-05,2.1722671752461528e-05,-10.33042268799263,-10.773960884420958,-10.737154061602482,389,eligible_regular_session
2016-05-16,2016-05-17,train,2.7304987026059417e-05,0.0093099451950972,1.5949728299814377e-05,2.0172327286519408e-05,2.1905331637527357e-05,-11.046068763372906,-10.811198829088664,-10.728780497003505,389,eligible_regular_session
2016-05-17,2016-05-18,train,6.378088738449302e-05,-0.0078926777551848,2.7304987026059417e-05,2.384205980677661e-05,2.2777197274772644e-05,-10.508441197509166,-10.644059318208537,-10.689750641984633,389,eligible_regular_session
2016-05-18,2016-05-19,train,4.216524326600309e-05,0.0022540978121248,6.378088738449302e-05,3.3153625159809695e-05,2.498890141067918e-05,-9.66005698326979,-10.314358491057675,-10.597078775241028,389,eligible_regular_session
2016-05-19,2016-05-20,train,1.646658603728663e-05,0.0005442870831867,4.216524326600309e-05,3.6365227948783826e-05,2.622484110876455e-05,-10.073914295572049,-10.221897516020924,-10.548803462469971,389,eligible_regular_session
2016-05-20,2016-05-23,train,1.6272604697574893e-05,0.0032408768964803,1.646658603728663e-05,3.313348640273131e-05,2.6417543323909245e-05,-11.01417731897155,-10.314966113179784,-10.541482248662502,389,eligible_regular_session
2016-05-23,2016-05-24,train,1.1705725259324296e-05,-0.0012587700845365,1.6272604697574893e-05,3.319806168228341e-05,2.6210676044961194e-05,-11.026027557501523,-10.313019066809941,-10.549343747563618,389,eligible_regular_session
2016-05-24,2016-05-25,train,1.3356062765002984e-05,0.0087081593718147,1.1705725259324296e-05,3.0078209328936386e-05,2.5722589169063958e-05,-11.355432497443772,-10.411709590942651,-10.568140996124013,389,eligible_regular_session
2016-05-25,2016-05-26,train,1.2108794694584312e-05,0.0035031341160635,1.3356062765002984e-05,1.999324440503838e-05,2.5549152681383567e-05,-11.22354013650764,-10.820116121218794,-10.574906405019712,389,eligible_regular_session
2016-05-26,2016-05-27,train,7.329909437367208e-06,-0.0011859107557563,1.2108794694584312e-05,1.3981954690754623e-05,2.5374199025649556e-05,-11.321578535114513,-11.17774301042081,-10.581777686592167,389,eligible_regular_session
2016-05-27,2016-05-31,train,1.3426232717468171e-05,0.0034032389838302,7.329909437367208e-06,1.2154619370770738e-05,2.446273156412025e-05,-11.823547397207903,-11.317801265308406,-10.618359759201232,389,eligible_regular_session
2016-05-31,2016-06-01,train,1.5821053007868043e-05,-0.0023055424185932,1.3426232717468171e-05,1.1585344974749393e-05,2.39184992712121e-05,-11.21830009925456,-11.36576962281509,-10.64085837034787,389,eligible_regular_session
2016-06-01,2016-06-02,train,1.313869074944372e-05,0.0051630088731902,1.5821053007868043e-05,1.2408410524458144e-05,2.275226160030042e-05,-11.054169036027766,-11.29713604717167,-10.690846006506044,389,eligible_regular_session
2016-06-02,2016-06-03,train,2.2300190066293975e-05,0.0051873685808691,1.313869074944372e-05,1.2364936121346293e-05,2.2183220065914636e-05,-11.239949188422766,-11.300645823090264,-10.716174407773586,389,eligible_regular_session
2016-06-03,2016-06-06,train,1.2318875709219142e-05,-0.00051914527946,2.2300190066293975e-05,1.4403215195688223e-05,2.171819493526662e-05,-10.710915356382326,-11.148059098826677,-10.737360172463157,389,eligible_regular_session
2016-06-06,2016-06-07,train,6.599650408251643e-06,0.0033477960764554,1.2318875709219142e-05,1.540100845005861e-05,2.101899326448747e-05,-11.304377861391684,-11.08107756691862,-10.770084087835244,389,eligible_regular_session
2016-06-07,2016-06-08,train,7.799863975600546e-06,0.0005398238600642,6.599650408251643e-06,1.4035691988215305e-05,2.0143259056765406e-05,-11.928493878781493,-11.17390704489736,-10.812640863667731,389,eligible_regular_session
2016-06-08,2016-06-09,train,1.2035424611714876e-05,0.0020832897991991,7.799863975600546e-06,1.2431454181761805e-05,1.9206064034681765e-05,-11.76140426344636,-11.295280669601244,-10.860284493656282,389,eligible_regular_session
2016-06-09,2016-06-10,train,1.6840229064304205e-05,0.0015989255601436,1.2035424611714876e-05,1.2210800954216036e-05,1.8854200829370592e-05,-11.32765620594614,-11.313189673777238,-10.878774813229363,389,eligible_regular_session
2016-06-10,2016-06-13,train,2.5266471744491708e-05,-0.0030485069265245,1.6840229064304205e-05,1.1118808753818082e-05,1.9212560131167447e-05,-10.991739946849243,-11.406872401335495,-10.859946319310446,389,eligible_regular_session
2016-06-13,2016-06-14,train,3.437713395535044e-05,-0.0051186341846908,2.5266471744491708e-05,1.3708327960872596e-05,1.9578169727765816e-05,-10.586032268611769,-11.197507029458954,-10.841095401851867,389,eligible_regular_session
2016-06-14,2016-06-15,train,2.8255343973291524e-05,-7.709431529603123e-05,3.437713395535044e-05,1.9263824670292356e-05,1.995407448386663e-05,-10.278118925203238,-10.85728159029683,-10.822077200701203,389,eligible_regular_session
2016-06-15,2016-06-16,train,4.172932954084864e-05,-0.0038871851476058,2.8255343973291524e-05,2.335492066983055e-05,1.9755440402309466e-05,-10.474227951065522,-10.664702860726289,-10.832081641142148,389,eligible_regular_session
2016-06-16,2016-06-17,train,2.6546635084158297e-05,0.006973044035291,4.172932954084864e-05,2.92937016556573e-05,2.0927240458720113e-05,-10.084306330088285,-10.438138025606357,-10.774458876413838,389,eligible_regular_session
2016-06-17,2016-06-20,train,1.8829614381399785e-05,-0.0017654469090817,2.6546635084158297e-05,3.123498285962812e-05,2.0892769915906426e-05,-10.536607557134799,-10.373971845774195,-10.7761073958815,389,eligible_regular_session
2016-06-20,2016-06-21,train,1.8974034202812472e-05,-0.0031149239507057,1.8829614381399785e-05,2.9947611387009734e-05,1.8849530233947642e-05,-10.880079694453407,-10.41606098993855,-10.879022565656781,389,eligible_regular_session
2016-06-21,2016-06-22,train,1.963393126671452e-05,0.0008189557575092,1.8974034202812472e-05,2.6866991436502143e-05,1.7795384367438978e-05,-10.872439134380453,-10.524612108985588,-10.936571439491699,389,eligible_regular_session
2016-06-22,2016-06-23,train,1.5198461298525246e-05,-0.0029063733192133,1.963393126671452e-05,2.5142708895186744e-05,1.7939354605140247e-05,-10.838251301427661,-10.590942608212982,-10.928513677168024,389,eligible_regular_session
2016-06-23,2016-06-24,train,0.0001278441611085,0.0061192467142213,1.5198461298525246e-05,1.9836535246722064e-05,1.7890529905183443e-05,-11.094316365596363,-10.827985106099801,-10.93123904069319,389,eligible_regular_session
2016-06-24,2016-06-27,train,8.712724562052836e-05,-0.0165460386814782,0.0001278441611085,4.0096040451590405e-05,2.3169549716509615e-05,-8.964698527129189,-10.12423297038265,-10.672671653610012,389,eligible_regular_session
2016-06-27,2016-06-28,train,3.487864899794752e-05,-0.0090808164267657,8.712724562052836e-05,5.3755566699416115e-05,2.652278530085167e-05,-9.348140914518149,-9.831063329818377,-10.537506371734214,389,eligible_regular_session
2016-06-28,2016-06-29,train,2.0406537242415683e-05,0.0094306103356084,3.487864899794752e-05,5.693648965844313e-05,2.7557778678277274e-05,-10.263635692530642,-9.773574127848969,-10.499225714549086,389,eligible_regular_session
2016-06-29,2016-06-30,train,3.4365561421245255e-05,0.0084784086636627,2.0406537242415683e-05,5.7091010853583365e-05,2.8152170851234023e-05,-10.799655255388627,-9.77086388182881,-10.477886089078991,389,eligible_regular_session
2016-06-30,2016-07-01,train,1.5531393767457806e-05,0.0109516896785446,3.4365561421245255e-05,6.092443087812737e-05,2.9103958519587533e-05,-10.278455616517162,-9.705876299848669,-10.44463636143734,389,eligible_regular_session
2016-07-01,2016-07-05,train,2.551247751528434e-05,0.0020705764312038,1.5531393767457806e-05,3.846187740991893e-05,2.909079219047797e-05,-11.072647178052971,-10.165843004384557,-10.445088853429267,389,eligible_regular_session
2016-07-05,2016-07-06,train,4.016336886043552e-05,-0.0018133412303086,2.551247751528434e-05,2.613892378887012e-05,2.9653237043470727e-05,-10.576342911150235,-10.552085021661268,-10.4259392633205,389,eligible_regular_session
2016-07-06,2016-07-07,train,2.456508442095971e-05,0.0090193940952247,4.016336886043552e-05,2.719586776136772e-05,3.0465199715931703e-05,-10.12255520013201,-10.512445516741368,-10.398925518699166,389,eligible_regular_session
2016-07-07,2016-07-08,train,1.2130315769532572e-05,-0.0024568867050146,2.456508442095971e-05,2.8027577197076526e-05,3.102184556646537e-05,-10.614184455713715,-10.482321632589157,-10.380818905968118,389,eligible_regular_session
2016-07-08,2016-07-11,train,9.15087797434425e-06,0.0079918762498262,1.2130315769532572e-05,2.358052806673399e-05,3.1273239446523593e-05,-11.31980280323399,-10.655089268418191,-10.372747795872895,388,eligible_regular_session
2016-07-11,2016-07-12,train,7.638167074987905e-06,0.0007630639962976,9.15087797434425e-06,2.230442490811128e-05,3.1334649173739214e-05,-11.601660729799839,-10.710725472809408,-10.370786070337571,389,eligible_regular_session
2016-07-12,2016-07-13,train,1.1086867914161335e-05,0.0017999125832451,7.638167074987905e-06,1.8729562820051994e-05,3.1134773831160714e-05,-11.782352895220047,-10.885407382941818,-10.377185233801116,389,eligible_regular_session
2016-07-13,2016-07-14,train,1.0497110245350083e-05,-0.0017964618719851,1.1086867914161335e-05,1.2914262630797156e-05,3.0873257415245126e-05,-11.40974922082297,-11.257178227061328,-10.38562020460099,389,eligible_regular_session
2016-07-14,2016-07-15,train,9.373253899938138e-06,-0.0008546949836888,1.0497110245350083e-05,1.0100667795675228e-05,3.0201922801647783e-05,-11.464410553407884,-11.502909017919098,-10.407604966681497,389,eligible_regular_session
2016-07-15,2016-07-18,train,5.5479269258599765e-06,-0.0031319605420339,9.373253899938138e-06,9.549255421756341e-06,2.9065382799129045e-05,-11.577650254127876,-11.559047372819402,-10.445962686447697,389,eligible_regular_session
2016-07-18,2016-07-19,train,7.965863993654579e-06,0.0019402053464369,5.5479269258599765e-06,8.828665212059489e-06,2.8033227478791247e-05,-12.102086226856546,-11.637506719887178,-10.482120055684705,389,eligible_regular_session
2016-07-19,2016-07-20,train,5.339192830206595e-06,0.0011283499081499,7.965863993654579e-06,8.894204595792822e-06,2.6498524499373332e-05,-11.74034514670551,-11.630110662340845,-10.538421505791176,389,eligible_regular_session
2016-07-20,2016-07-21,train,8.63133333968557e-06,0.0014874753199124,5.339192830206595e-06,7.744669579001872e-06,2.5534549851466438e-05,-12.140436071809322,-11.768505747497201,-10.575478126707486,389,eligible_regular_session
2016-07-21,2016-07-22,train,6.223903735599331e-06,-0.0034442488177399,8.63133333968557e-06,7.371514197868972e-06,2.507099162229761e-05,-11.660111564259978,-11.817887418609558,-10.593799092436004,389,eligible_regular_session
2016-07-22,2016-07-25,train,7.55219549335724e-06,0.0040040139656177,6.223903735599331e-06,6.74164416500121e-06,2.4491440237424284e-05,-11.987113237853146,-11.907206721394084,-10.617186879524644,389,eligible_regular_session
2016-07-25,2016-07-26,train,1.4727216310780456e-05,-0.0016863255009797,7.55219549335724e-06,7.142497878500663e-06,2.394227042954441e-05,-11.793672243153518,-11.849447999866285,-10.639865024004482,389,eligible_regular_session
2016-07-26,2016-07-27,train,2.2533150428680487e-05,0.0004565209952129,1.4727216310780456e-05,8.494768341925838e-06,2.3920850202828737e-05,-11.125813326287073,-11.676060073144425,-10.640760085916982,389,eligible_regular_session
2016-07-27,2016-07-28,train,1.521012124703232e-05,-0.0035609275760445,2.2533150428680487e-05,1.1933559861620618e-05,1.913398608101876e-05,-10.700522980686802,-11.33615597058853,-10.864044428156104,389,eligible_regular_session
2016-07-28,2016-07-29,train,1.235732413694328e-05,0.0018819367356586,1.521012124703232e-05,1.3249317443089967e-05,1.5865025882223486e-05,-11.093549480190834,-11.23156452058798,-11.051393501526507,389,eligible_regular_session
2016-07-29,2016-08-01,train,1.7677257454100506e-05,0.0020080512997329,1.235732413694328e-05,1.4476001523358757e-05,1.4841329297632382e-05,-11.301261623147704,-11.143018347029379,-11.118094748924513,389,eligible_regular_session
2016-08-01,2016-08-02,train,2.1755277382593136e-05,-0.0015053206942345,1.7677257454100506e-05,1.650101391550741e-05,1.4717271125436238e-05,-10.943231634161748,-11.012088729520986,-11.126488847349815,389,eligible_regular_session
2016-08-02,2016-08-03,train,1.0809509168925378e-05,-0.0049112196384852,2.1755277382593136e-05,1.7906626129869948e-05,1.4144076396406596e-05,-10.735654191581343,-10.930339738762303,-11.166214650753922,389,eligible_regular_session
2016-08-03,2016-08-04,train,8.176374050173132e-06,0.0035097665781477,1.0809509168925378e-05,1.5561897877918922e-05,1.3929445278291488e-05,-11.435084332623807,-11.070685075063338,-11.181505593055109,389,eligible_regular_session
2016-08-04,2016-08-05,train,5.826365470759419e-06,-5.544466623723124e-05,8.176374050173132e-06,1.4155148438547084e-05,1.3141440575331885e-05,-11.714261775772858,-11.165432152804241,-11.239739918091182,389,eligible_regular_session
2016-08-05,2016-08-08,train,4.648404524747379e-06,0.0050945400274817,5.826365470759419e-06,1.2848956705310315e-05,1.1580667693982974e-05,-12.053117170402533,-11.262247940167377,-11.366173428243057,389,eligible_regular_session
2016-08-08,2016-08-09,train,5.774009321217757e-06,-0.0013564046364401,4.648404524747379e-06,1.024318611943969e-05,1.0675364062336959e-05,-12.278986510199282,-11.488897842271784,-11.447571895230938,389,eligible_regular_session
2016-08-09,2016-08-10,train,8.99086422806691e-06,0.0001329333112207,5.774009321217757e-06,7.046932507164614e-06,1.0386441041959012e-05,-12.062143862381612,-11.862918141192624,-11.475009348398604,389,eligible_regular_session
2016-08-10,2016-08-11,train,7.202637984429427e-06,-0.0033822343495004,8.99086422806691e-06,6.683203518992919e-06,1.0379167689855496e-05,-11.619301581946873,-11.915913116660528,-11.47570986746307,389,eligible_regular_session
2016-08-11,2016-08-12,train,6.079440011555403e-06,0.0016712572886572,7.202637984429427e-06,6.4884563058441785e-06,1.0359370913011927e-05,-11.841063212319181,-11.94548591288378,-11.47761904565888,389,eligible_regular_session
2016-08-12,2016-08-15,train,3.3519534667429426e-06,0.0011867207811093,6.079440011555403e-06,6.539071214003376e-06,1.0131760553802568e-05,-12.010597969590572,-11.937715418787858,-11.49983545877262,389,eligible_regular_session
2016-08-15,2016-08-16,train,6.779625612142808e-06,0.000950140536957,3.3519534667429426e-06,6.279781002402488e-06,9.806980700229516e-06,-12.605967257677388,-11.978175450321121,-11.532416109514678,389,eligible_regular_session
2016-08-16,2016-08-17,train,1.6019444929259882e-05,-0.002851460209998,6.779625612142808e-06,6.4809042605874985e-06,9.68908850532973e-06,-11.901588676984582,-11.946650510948823,-11.544510201983483,389,eligible_regular_session
2016-08-17,2016-08-18,train,5.068437893850637e-06,0.0020920989632246,1.6019444929259882e-05,7.886620400826092e-06,1.016506659639336e-05,-11.041707265534832,-11.750342854435855,-11.496553559366482,389,eligible_regular_session
2016-08-18,2016-08-19,train,7.055620631656063e-06,0.0019499607947382,5.068437893850637e-06,7.459780382710334e-06,1.0033365410038637e-05,-12.192477895557886,-11.805984583496919,-11.509594477868847,389,eligible_regular_session
2016-08-19,2016-08-22,train,1.3467601280230507e-05,0.0010721699637394,7.055620631656063e-06,7.655016506730467e-06,1.0111384855559066e-05,-11.861686006060058,-11.780149372523775,-11.501848555523406,389,eligible_regular_session
2016-08-22,2016-08-23,train,5.355752042844769e-06,0.0018572662260522,1.3467601280230507e-05,9.67814606942798e-06,1.0331215216492927e-05,-11.215223662076172,-11.54564019677173,-11.480340642207386,389,eligible_regular_session
2016-08-23,2016-08-24,train,9.1579888657791e-06,-0.0020100141986398,5.355752042844769e-06,9.393371355568371e-06,1.0291753775913174e-05,-12.13733942641896,-11.575506292380648,-11.484167587663721,389,eligible_regular_session
2016-08-24,2016-08-25,train,1.2412496177016256e-05,-0.0041599744439355,9.1579888657791e-06,8.021080142872216e-06,1.0364744383750531e-05,-11.600883959521866,-11.733437463998406,-11.477100473861524,389,eligible_regular_session
2016-08-25,2016-08-26,train,4.2311560397987274e-05,0.0002761960457077,1.2412496177016256e-05,9.48989179950534e-06,1.0259529832215795e-05,-11.296806836587693,-11.565283346934796,-11.48730354459176,389,eligible_regular_session
2016-08-26,2016-08-29,train,6.34365247881823e-06,-0.0039886787437069,4.2311560397987274e-05,1.654107975277158e-05,1.1158548467184286e-05,-10.070450213789751,-11.009663589195254,-11.403304675134871,389,eligible_regular_session
2016-08-29,2016-08-30,train,1.0844334351186006e-05,0.0034594241693953,6.34365247881823e-06,1.5116289992489127e-05,1.0755527159538191e-05,-11.968055854637502,-11.099737588188365,-11.44009078114703,389,eligible_regular_session
2016-08-30,2016-08-31,train,1.2718315288366117e-05,-0.0023638122987101,1.0844334351186006e-05,1.6214006454157373e-05,1.0686754896549223e-05,-11.431867793975252,-11.029635093338065,-11.446505443413702,389,eligible_regular_session
2016-08-31,2016-09-01,train,2.1523991429940945e-05,-0.0011049114432747,1.2718315288366117e-05,1.6926071738674775e-05,1.0461348434470387e-05,-11.272467454707195,-10.986655418353914,-11.467823194206828,389,eligible_regular_session
2016-09-01,2016-09-02,train,1.1061025102094233e-05,-0.0002211125656224,2.1523991429940945e-05,1.8748370789259713e-05,1.0450835436622561e-05,-10.746342364500117,-10.884403700562599,-11.468828636660689,389,eligible_regular_session
2016-09-02,2016-09-06,train,1.198657628942048e-05,-0.0001330235568331,1.1061025102094233e-05,1.2498263730081107e-05,1.0462267979039327e-05,-11.412082880623151,-11.28992082489725,-11.467735298830489,389,eligible_regular_session
2016-09-06,2016-09-07,train,7.544608256869093e-06,0.0012586649288187,1.198657628942048e-05,1.3626848492201556e-05,1.0635458989914207e-05,-11.331723176872144,-11.203468557464786,-11.451316951812323,389,eligible_regular_session
2016-09-07,2016-09-08,train,1.198643132644342e-05,0.0010251904822923,7.544608256869093e-06,1.2966903273338173e-05,1.0713560934737374e-05,-11.7946773879845,-11.253110348873319,-11.444000241862556,389,eligible_regular_session
2016-09-08,2016-09-09,train,2.8506758199393383e-05,8.252905715235674e-05,1.198643132644342e-05,1.2820526480953635e-05,1.104710760754174e-05,-11.331735270721975,-11.264463040157914,-11.413341919237922,389,eligible_regular_session
2016-09-09,2016-09-12,train,5.146447456762885e-05,-0.0172037736698168,2.8506758199393383e-05,1.4217079834844124e-05,1.208041437473154e-05,-10.465369368997221,-11.16106651087708,-11.323925063501923,389,eligible_regular_session
2016-09-12,2016-09-13,train,7.738000621345675e-05,0.0180672628000195,5.146447456762885e-05,2.2297769727951045e-05,1.4011033026529811e-05,-9.874618802546683,-10.71102389669926,-11.17566546539219,389,eligible_regular_session
2016-09-13,2016-09-14,train,4.5042161382605616e-05,-0.0080109612884282,7.738000621345675e-05,3.53764557127583e-05,1.720091340057651e-05,-9.466782128393943,-10.249464051956853,-10.97054807087019,389,eligible_regular_session
2016-09-14,2016-09-15,train,3.614413053536391e-05,-0.0011423441860341,4.5042161382605616e-05,4.28759663379056e-05,1.8971946190169698e-05,-10.007911587215721,-10.057199114238733,-10.872549186229069,389,eligible_regular_session
2016-09-15,2016-09-16,train,2.7939741181185015e-05,0.0106975924370994,3.614413053536391e-05,4.77075061796897e-05,2.046249969328883e-05,-10.227995986708962,-9.950421810192474,-10.79691663025596,389,eligible_regular_session
2016-09-16,2016-09-19,train,1.789308006221883e-05,-0.001900888198167,2.7939741181185015e-05,4.7594102776048026e-05,2.1424323128245298e-05,-10.48546046755757,-9.95280169566155,-10.750983686593477,389,eligible_regular_session
2016-09-19,2016-09-20,train,1.4105272387172637e-05,-0.0034625847158778,1.789308006221883e-05,4.0879823874966024e-05,2.1509488361561613e-05,-10.9310965085651,-10.104873920420424,-10.747016401040907,389,eligible_regular_session
2016-09-20,2016-09-21,train,3.143435513371358e-05,-0.003857469817714,1.4105272387172637e-05,2.8224877109709203e-05,2.192025356580352e-05,-11.168961902305593,-10.475306801889872,-10.728099528168359,389,eligible_regular_session
2016-09-21,2016-09-22,train,1.1887246631332315e-05,0.0070940874920284,3.143435513371358e-05,2.5503315859930794e-05,2.3028377861351587e-05,-10.367609150616317,-10.576702080530769,-10.67878328250682,389,eligible_regular_session
2016-09-22,2016-09-23,train,1.0525991782120324e-05,0.0015584669497686,1.1887246631332315e-05,2.0651939079124476e-05,2.2956543559128946e-05,-11.340044444193111,-10.787701340828983,-10.681907539695255,389,eligible_regular_session
2016-09-23,2016-09-26,train,1.556579473003344e-05,-0.0032788502221097,1.0525991782120324e-05,1.716918919931154e-05,2.3191554456368742e-05,-11.461662951754983,-10.972394106108638,-10.671722377620833,389,eligible_regular_session
2016-09-26,2016-09-27,train,1.9110009579504987e-05,-0.0045039363502789,1.556579473003344e-05,1.670373213287446e-05,2.3482818359289398e-05,-11.070434696586272,-10.99987838249928,-10.659241537869974,389,eligible_regular_session
2016-09-27,2016-09-28,train,2.080623467557748e-05,0.0079626878274163,1.9110009579504987e-05,1.770467957134093e-05,2.3787250786675245e-05,-10.865298298429906,-10.941681570765766,-10.646360802047429,389,eligible_regular_session
2016-09-28,2016-09-29,train,4.593617469936777e-05,0.0038580330375863,2.080623467557748e-05,1.5579055479713713e-05,2.2809735981111167e-05,-10.780257872153117,-11.069583143254516,-10.688323096434168,389,eligible_regular_session
2016-09-29,2016-09-30,train,1.7673681077962615e-05,-0.0084389467759644,4.593617469936777e-05,2.23888410933208e-05,2.4609396082045235e-05,-9.98825763148918,-10.706947888705676,-10.612382233397344,389,eligible_regular_session
2016-09-30,2016-10-03,train,2.130587005216115e-05,0.0026140424910982,1.7673681077962615e-05,2.3818378952489263e-05,2.4919820933262354e-05,-10.943433969731812,-10.64505305040457,-10.599847049734468,389,eligible_regular_session
2016-10-03,2016-10-04,train,3.745957701228921e-05,-0.0011608682377124,2.130587005216115e-05,2.4966394016914806e-05,2.5310164331616674e-05,-10.756527933913311,-10.597979876719648,-10.584304490673809,389,eligible_regular_session
2016-10-04,2016-10-05,train,1.054331945124734e-05,-0.0063602357964981,3.745957701228921e-05,2.863630750347165e-05,2.603450913081432e-05,-10.192248152728869,-10.46083515213516,-10.55608762573056,389,eligible_regular_session
2016-10-05,2016-10-06,train,1.3381618271258397e-05,0.0013344455691679,1.054331945124734e-05,2.6583724458605616e-05,2.6010977055775825e-05,-11.460018125985247,-10.535211391899281,-10.556991914588876,389,eligible_regular_session
2016-10-06,2016-10-07,train,2.5823325521195418e-05,0.0016302941845005,1.3381618271258397e-05,2.0072813172983743e-05,2.607438805495028e-05,-11.221628563547918,-10.816144236917678,-10.554557026002868,389,eligible_regular_session
2016-10-07,2016-10-10,train,6.114334164396723e-06,-0.0054593958021566,2.5823325521195418e-05,2.1702742061630307e-05,2.6905238839692385e-05,-10.564232384511062,-10.738071943113791,-10.523189537913346,389,eligible_regular_session
2016-10-10,2016-10-11,train,2.6546344468478948e-05,-0.0003604436268228,6.114334164396723e-06,1.8664434884077418e-05,2.6638325332326625e-05,-12.004874680379656,-10.888890722826641,-10.533159577168693,389,eligible_regular_session
2016-10-11,2016-10-12,train,1.833463483969838e-05,-0.0104698374332055,2.6546344468478948e-05,1.648178837531537e-05,2.6549215617285056e-05,-10.536618504558803,-11.01325452145097,-10.53651035431783,389,eligible_regular_session
2016-10-12,2016-10-13,train,2.5589135403205607e-05,0.0004301135659605,1.833463483969838e-05,1.8040051453005576e-05,2.5043313811470035e-05,-10.906718672663398,-10.922916191171693,-10.594903679774976,389,eligible_regular_session
2016-10-13,2016-10-14,train,2.0713414535274864e-05,0.0028170884321003,2.5589135403205607e-05,2.0481554879395018e-05,2.2689183320094987e-05,-10.57334269487349,-10.795985838829425,-10.693622252764534,389,eligible_regular_session
2016-10-14,2016-10-17,train,1.5993274148095488e-05,-0.0045179954501533,2.0713414535274864e-05,1.945957268221091e-05,2.1583331190670862e-05,-10.784729022401196,-10.84717144022393,-10.743589245326678,389,eligible_regular_session
2016-10-17,2016-10-18,train,9.632980880516511e-06,-0.0034599430317964,1.5993274148095488e-05,2.1435360678950662e-05,2.066738317306775e-05,-11.043342289846972,-10.750468631419526,-10.786953792523702,389,eligible_regular_session
2016-10-18,2016-10-19,train,5.718047749408516e-06,-0.0010511048078248,9.632980880516511e-06,1.8052687961358172e-05,1.9835257704855545e-05,-11.550317838980904,-10.92221596674573,-10.828049511652054,389,eligible_regular_session
2016-10-19,2016-10-20,train,2.2610043284724897e-05,0.0014653795107718,5.718047749408516e-06,1.55293705433002e-05,1.928184714518235e-05,-12.071883113380498,-11.072777453286395,-10.856346467085611,389,eligible_regular_session
2016-10-20,2016-10-21,train,1.141618053344071e-05,0.0001868312032227,2.2610043284724897e-05,1.493355211960406e-05,1.9668427640525637e-05,-10.697116357269996,-11.111900056452424,-10.836495865691548,389,eligible_regular_session
2016-10-21,2016-10-24,train,7.417351631996711e-06,0.0030828775150588,1.141618053344071e-05,1.3074105319237225e-05,1.8758510613240504e-05,-11.380478863843239,-11.244876977181491,-10.883863009156187,389,eligible_regular_session
2016-10-24,2016-10-25,train,9.009851544623782e-06,-1.8595742505231955e-05,7.417351631996711e-06,1.1358920816017473e-05,1.8555333567816158e-05,-11.811688487408622,-11.385507147773932,-10.894753286366406,389,eligible_regular_session
2016-10-25,2016-10-26,train,2.1030729705184085e-05,-0.0027026287850126,9.009851544623782e-06,1.1234294948838925e-05,1.8486418102475404e-05,-11.61719196321409,-11.396539409183653,-10.898474252127892,389,eligible_regular_session
2016-10-26,2016-10-27,train,1.895153943943683e-05,0.0025551882792214,2.1030729705184085e-05,1.4296831339994038e-05,1.8734824237709525e-05,-10.769525870554725,-11.155472629867711,-10.88512650725665,389,eligible_regular_session
2016-10-27,2016-10-28,train,4.840611553238936e-05,-0.0063918880190228,1.895153943943683e-05,1.3565130570936428e-05,1.872762104952461e-05,-10.873625392825783,-11.208007986323853,-10.885511062414139,389,eligible_regular_session
2016-10-28,2016-10-31,train,1.4058955715156732e-05,-0.0028927134175158,4.840611553238936e-05,2.0963117570726157e-05,1.9982161088470606e-05,-9.935884398248692,-10.772745970510627,-10.820670628006901,389,eligible_regular_session
2016-10-31,2016-11-01,train,3.486815994926356e-05,-0.0017808941597926,1.4058955715156732e-05,2.229143838735816e-05,1.8533196589188284e-05,-11.172250947799856,-10.711307882035758,-10.895947023684274,389,eligible_regular_session
2016-11-01,2016-11-02,train,3.9733124884469445e-05,-0.0089104459194236,3.486815994926356e-05,2.7463100068286117e-05,1.9314763810611058e-05,-10.26393646754591,-10.50266727003123,-10.854640790209118,389,eligible_regular_session
2016-11-02,2016-11-03,train,2.2831959248348693e-05,-0.0045176645888702,3.9733124884469445e-05,3.120357910414319e-05,2.0152366302988704e-05,-10.133325338211135,-10.3749777548517,-10.812188842074962,389,eligible_regular_session
2016-11-03,2016-11-04,train,2.480938259430745e-05,-0.0051335182706978,2.2831959248348693e-05,3.1979663065925564e-05,1.9487474586445956e-05,-10.687349282079463,-10.350410386388653,-10.84573862767637,389,eligible_regular_session
2016-11-04,2016-11-07,train,1.2193890158058243e-05,-0.0011502131558481,2.480938259430745e-05,2.726031647830918e-05,2.0135932002039597e-05,-10.604288645926621,-10.510078522140786,-10.813004677071824,389,eligible_regular_session
2016-11-07,2016-11-08,train,2.0078912081854667e-05,0.0102380718229634,1.2193890158058243e-05,2.688730336688948e-05,2.00819443605305e-05,-11.31457553838717,-10.523856376576544,-10.815689437124826,389,eligible_regular_session
2016-11-08,2016-11-09,train,0.0001028407468882,0.0054133609885312,2.0078912081854667e-05,2.39294537934077e-05,1.982083465874228e-05,-10.815840443798995,-10.64040048148595,-10.8287769180045,389,eligible_regular_session
2016-11-09,2016-11-10,train,8.961682732264888e-05,0.0135458643679205,0.0001028407468882,3.6550978194153805e-05,2.4217489782551524e-05,-9.182328912969465,-10.21680260894867,-10.62843546754948,389,eligible_regular_session
2016-11-10,2016-11-11,train,3.818473141395059e-05,-0.0019357699345166,8.961682732264888e-05,4.9907951809013856e-05,2.7084329912286523e-05,-9.319967450676252,-9.905330213012386,-10.516555229338172,389,eligible_regular_session
2016-11-11,2016-11-14,train,3.367616238899247e-05,0.0009523502039677,3.818473141395059e-05,5.258302157294248e-05,2.7986607029297982e-05,-10.173074823459045,-9.853117274110872,-10.483784482602971,389,eligible_regular_session
2016-11-14,2016-11-15,train,1.3275905068325672e-05,-0.0020537821026486,3.367616238899247e-05,5.687947601912932e-05,2.8354199165015565e-05,-10.298720318401882,-9.774575984552344,-10.47073542006357,389,eligible_regular_session
2016-11-15,2016-11-16,train,1.2070874607603784e-05,0.0050945449700864,1.3275905068325672e-05,5.551887461642352e-05,2.8016130552881515e-05,-11.229559814755367,-9.79878751184826,-10.482730122491548,389,eligible_regular_session
2016-11-16,2016-11-17,train,1.0720962295890866e-05,0.0013008834510181,1.2070874607603784e-05,3.7364900160304284e-05,2.783783966467734e-05,-11.324715064203822,-10.194778792596717,-10.489114323760488,389,eligible_regular_session
2016-11-17,2016-11-18,train,8.48303977083226e-06,0.0047068400114659,1.0720962295890866e-05,2.158572715495268e-05,2.788729336537618e-05,-11.443309639942651,-10.74347824154869,-10.487339407811696,389,eligible_regular_session
2016-11-18,2016-11-21,train,8.106562624069665e-06,-0.0027919171590003,8.48303977083226e-06,1.5645388826329014e-05,2.8012974820895445e-05,-11.677441708851628,-11.065334328079137,-10.48284276865887,389,eligible_regular_session
2016-11-21,2016-11-22,train,7.468923917215188e-06,0.0046920933941421,8.106562624069665e-06,1.0531468873344452e-05,2.7353725699956566e-05,-11.72283662381871,-11.461142747402022,-10.506657815340652,389,eligible_regular_session
2016-11-22,2016-11-23,train,7.677543782229958e-06,8.625640402406301e-05,7.468923917215188e-06,9.370072643122356e-06,2.7174304944673585e-05,-11.804759623116633,-11.577989709009486,-10.51323870229703,389,eligible_regular_session
2016-11-23,2016-11-28,train,9.624072993452011e-06,0.0032486517145221,7.677543782229958e-06,8.491406478047592e-06,2.7186131860593283e-05,-11.777210881980164,-11.67645590845847,-10.512803572750567,389,eligible_regular_session
2016-11-28,2016-11-29,train,8.00021192353407e-06,-0.0029519613875504,9.624072993452011e-06,8.27202861755982e-06,2.7214051017358202e-05,-11.551242994797382,-11.702630780634575,-10.5117771365241,389,eligible_regular_session
2016-11-29,2016-11-30,train,1.3630946529590744e-05,0.0011255129532916,8.00021192353407e-06,8.17546304810018e-06,2.6621754754555927e-05,-11.736042526193545,-11.714373200815611,-10.533781828516357,389,eligible_regular_session
2016-11-30,2016-12-01,train,2.160318520533106e-05,-0.0041419761475265,1.3630946529590744e-05,9.280339829204398e-06,2.6379909622290196e-05,-11.203167870089539,-11.587612392310307,-10.542907836674523,389,eligible_regular_session
2016-12-01,2016-12-02,train,1.202016214755562e-05,-0.0044899279902121,2.160318520533106e-05,1.2107192086827572e-05,2.5161594607423908e-05,-10.742669790936013,-11.321710894598645,-10.590191749466932,389,eligible_regular_session
2016-12-02,2016-12-05,train,1.1385178864865268e-05,0.0005339259886393,1.202016214755562e-05,1.2975715759892703e-05,2.506892217253295e-05,-11.32892513913492,-11.252430965894892,-10.593881639437354,389,eligible_regular_session
2016-12-05,2016-12-06,train,8.346417332534346e-06,0.0011118802130301,1.1385178864865268e-05,1.3327936934175356e-05,2.4001513941423937e-05,-11.383198147999714,-11.225648204380562,-10.63739364871318,389,eligible_regular_session
2016-12-06,2016-12-07,train,1.6855348977714833e-05,0.0022853532443832,8.346417332534346e-06,1.3397178015975412e-05,2.257484541633598e-05,-11.69367817314687,-11.220466469008553,-10.698674306244538,389,eligible_regular_session
2016-12-07,2016-12-08,train,1.8090055670657447e-05,0.0141486142165719,1.6855348977714833e-05,1.4042058505600228e-05,2.2303181313125348e-05,-10.990842504792807,-11.173453552905867,-10.710781229891735,389,eligible_regular_session
2016-12-08,2016-12-09,train,7.965821053522746e-06,0.0030903103530372,1.8090055670657447e-05,1.3339432598665505e-05,2.199775736205035e-05,-10.920148181134639,-11.224786052214556,-10.72457004789062,389,eligible_regular_session
2016-12-09,2016-12-12,train,1.1809080085686814e-05,0.0042579868199347,7.965821053522746e-06,1.252856437985893e-05,2.1805572402753277e-05,-11.74035053723786,-11.28749937025264,-10.733345006027934,389,eligible_regular_session
2016-12-12,2016-12-13,train,1.3752507672759222e-05,-0.0011779138119492,1.1809080085686814e-05,1.261334462402324e-05,2.1429670948382012e-05,-11.346641823618036,-11.280755207309843,-10.750734103315198,389,eligible_regular_session
2016-12-13,2016-12-14,train,5.180120602645286e-05,0.0029581190137123,1.3752507672759222e-05,1.3694562692068214e-05,1.738020552949834e-05,-11.19428937427954,-11.198511687700053,-10.960178612564134,389,eligible_regular_session
2016-12-14,2016-12-15,train,2.713328755274609e-05,-0.0071678872085711,5.180120602645286e-05,2.068373410181582e-05,1.5661313652398522e-05,-9.868097126605912,-10.786162958772268,-11.064316985070635,389,eligible_regular_session
2016-12-15,2016-12-16,train,1.6137628074750867e-05,0.0030283599616801,2.713328755274609e-05,2.249238047823355e-05,1.5158975295071044e-05,-10.514749260870543,-10.702333951519048,-11.09691777270795,389,eligible_regular_session
2016-12-16,2016-12-19,train,1.269283703764276e-05,-0.0038899202993535,1.6137628074750867e-05,2.412674188247917e-05,1.4361769189878246e-05,-11.034356865355099,-10.632189710963134,-11.150940799295256,389,eligible_regular_session
2016-12-19,2016-12-20,train,7.101968565105677e-06,0.0010082518299542,1.269283703764276e-05,2.4303493272870362e-05,1.4335266097574475e-05,-11.274472736398804,-10.624890461864487,-11.152787896012635,389,eligible_regular_session
2016-12-20,2016-12-21,train,4.586867319746037e-06,0.0012691531429515,7.101968565105677e-06,2.2973385451339654e-05,1.4109406732006382e-05,-11.85513854965626,-10.681174166344658,-11.16866883890793,389,eligible_regular_session
2016-12-21,2016-12-22,train,7.0112454727028075e-06,-0.0017378038362026,4.586867319746037e-06,1.3530517709998289e-05,1.3830584233090705e-05,-12.292313268046406,-11.210562852655654,-11.188628169283202,389,eligible_regular_session
2016-12-22,2016-12-23,train,2.865272860975474e-06,-0.0006544039851507,7.0112454727028075e-06,9.506109293989632e-06,1.3763684492266641e-05,-11.867995201843051,-11.563575882469559,-11.193476992969288,389,eligible_regular_session
2016-12-23,2016-12-27,train,3.899414903756804e-06,0.0011935654982402,2.865272860975474e-06,6.851638251234553e-06,1.352544404848963e-05,-12.762846972899583,-11.891022773520348,-11.210937902089373,389,eligible_regular_session
2016-12-27,2016-12-28,train,1.0944208311197351e-05,0.0010142927941931,3.899414903756804e-06,5.092953824457363e-06,1.3363193638786979e-05,-12.454684040761244,-12.187652576575053,-11.22300637360305,389,eligible_regular_session
2016-12-28,2016-12-29,train,8.49384597441398e-06,-0.0094541284290274,1.0944208311197351e-05,5.8614017736756975e-06,1.351167839010368e-05,-11.422700162981846,-12.047121772456766,-11.211956180540172,389,eligible_regular_session
2016-12-29,2016-12-30,train,1.9384448827095277e-05,-0.0011641910410249,8.49384597441398e-06,6.6427975046092865e-06,1.346030443469286e-05,-11.676168659694873,-11.92197737226733,-11.215765616269973,389,eligible_regular_session
2016-12-30,2017-01-03,train,2.288819639006532e-05,-0.0054148300572689,1.9384448827095277e-05,9.11743817548778e-06,1.3977769748491096e-05,-10.851039420204323,-11.605321695148888,-11.178042365466593,389,eligible_regular_session
2017-01-03,2017-01-04,train,1.076718295442344e-05,0.0006203968966438,2.288819639006532e-05,1.3122022881305751e-05,1.439855383305812e-05,-10.68488922177157,-11.24121860330696,-11.148382784685428,389,eligible_regular_session
2017-01-04,2017-01-05,train,1.1685949248875747e-05,0.0026108639056476,1.076718295442344e-05,1.4495576491439078e-05,1.3906008276198683e-05,-11.439007665130223,-11.141667024636854,-11.183189561134549,389,eligible_regular_session
2017-01-05,2017-01-06,train,1.2700395581911709e-05,0.0005113601409225,1.1685949248875747e-05,1.4643924678974758e-05,1.3890816780804144e-05,-11.357123356741019,-11.131485006192964,-11.184282599413264,389,eligible_regular_session
2017-01-06,2017-01-09,train,9.13991504438726e-06,0.0034267624266064,1.2700395581911709e-05,1.54852346004743e-05,1.3950599358851709e-05,-11.273877416802799,-11.075623594477939,-11.179988085827622,389,eligible_regular_session
2017-01-09,2017-01-10,train,9.759842887314217e-06,-0.0014708022044886,9.13991504438726e-06,1.34363278439327e-05,1.3986667436663207e-05,-11.60285946746622,-11.217548486100132,-11.177406008052106,389,eligible_regular_session
2017-01-10,2017-01-11,train,3.3564551567532295e-05,-0.0002115180393113,9.759842887314217e-06,1.0810657143382478e-05,1.3664144432554087e-05,-11.537234255280088,-11.43497813783866,-11.200735350675764,389,eligible_regular_session
2017-01-11,2017-01-12,train,1.931613733163024e-05,0.0027422300540486,3.3564551567532295e-05,1.5370130866004248e-05,1.4367530609684762e-05,-10.302040060783995,-11.08308448607108,-11.150539716085854,389,eligible_regular_session
2017-01-12,2017-01-13,train,9.415115460356086e-06,0.0008769127945632,1.931613733163024e-05,1.6896168482555146e-05,1.4883454076871467e-05,-10.854569680243824,-10.988423678748005,-11.115260426675048,389,eligible_regular_session
2017-01-13,2017-01-17,train,1.2088739435627932e-05,5.716107332474896e-05,9.415115460356086e-06,1.6239112458244023e-05,1.4774637502992798e-05,-11.57319413248308,-11.028087876310154,-11.1225985294575,389,eligible_regular_session
2017-01-17,2017-01-18,train,1.0754797927259513e-05,-0.0002689600301928,1.2088739435627932e-05,1.6828877336492157e-05,1.4699011674032283e-05,-11.323236163816732,-10.992414258077291,-11.127730299498856,389,eligible_regular_session
2017-01-18,2017-01-19,train,1.3689802567939258e-05,0.0013302443091702,1.0754797927259513e-05,1.7027868344481218e-05,1.2833265851341676e-05,-11.44015858414638,-10.980659241735962,-11.263469863689483,389,eligible_regular_session
2017-01-19,2017-01-20,train,2.2801469734742555e-05,-0.0044655034188975,1.3689802567939258e-05,1.3052918544562609e-05,1.2222198352032276e-05,-11.198859340393968,-11.246498805938495,-11.312256722525525,389,eligible_regular_session
2017-01-20,2017-01-23,train,1.4441124228277584e-05,-0.0003345615294256,2.2801469734742555e-05,1.3749985025185072e-05,1.252510024566826e-05,-10.688685562031356,-11.194472822929736,-11.287775907379206,389,eligible_regular_session
2017-01-23,2017-01-24,train,7.749888618093966e-06,-0.0009794838638813,1.4441124228277584e-05,1.475518677876937e-05,1.2604567845242571e-05,-11.145430572386271,-11.123915890973153,-11.281451282303818,389,eligible_regular_session
2017-01-24,2017-01-25,train,8.663857308062985e-06,0.0053696067518946,7.749888618093966e-06,1.3887416615262577e-05,1.2634018756742038e-05,-11.767832086561137,-11.184527407318075,-11.279117480864675,389,eligible_regular_session
2017-01-25,2017-01-26,train,9.338034907672076e-06,0.0034564631634516,8.663857308062985e-06,1.3469228491423272e-05,1.281933648348372e-05,-11.656350517923025,-11.21510284524594,-11.264555864169681,389,eligible_regular_session
2017-01-26,2017-01-27,train,6.812048445010093e-06,-0.001027069460988,9.338034907672076e-06,1.2598874959369836e-05,1.2925099639618683e-05,-11.581414723183913,-11.281903036932238,-11.256339428538089,389,eligible_regular_session
2017-01-27,2017-01-30,train,1.5337890104194702e-05,-0.0018376034468131,6.812048445010093e-06,9.400990701423343e-06,1.3104498529802077e-05,-11.896817683473017,-11.574695480473409,-11.242554987483654,389,eligible_regular_session
2017-01-30,2017-01-31,train,1.4673047963679217e-05,-0.0019056428109796,1.5337890104194702e-05,9.580343876606767e-06,1.3624429220731074e-05,-11.085184313584378,-11.555797071364058,-11.203646110348897,389,eligible_regular_session
2017-01-31,2017-02-01,train,1.9321622832514953e-05,0.0020207174270409,1.4673047963679217e-05,1.0964975745723818e-05,1.379392193220752e-05,-11.129498218904976,-11.420804388069161,-11.191282502518273,389,eligible_regular_session
2017-02-01,2017-02-02,train,1.3790694101064392e-05,-0.0032980419045263,1.9321622832514953e-05,1.3096528850614213e-05,1.4286093607575747e-05,-10.854285735165316,-11.243163336104335,-11.156223968853705,389,eligible_regular_session
2017-02-02,2017-02-03,train,9.432494585351564e-06,0.0021199699820019,1.3790694101064392e-05,1.3987060689292676e-05,1.4031832029119796e-05,-11.19151653377352,-11.177377892197992,-11.174182092964832,389,eligible_regular_session
2017-02-03,2017-02-06,train,8.62477764514139e-06,0.0027115173201138,9.432494585351564e-06,1.451114991736097e-05,1.3420209219814628e-05,-11.57134995914982,-11.140593244217873,-11.218748836392143,389,eligible_regular_session
2017-02-06,2017-02-07,train,8.416216860191487e-06,8.288600343701483e-05,8.62477764514139e-06,1.3168527425550306e-05,1.3322827160301806e-05,-11.66087137565263,-11.23768086125101,-11.226031666101814,389,eligible_regular_session
2017-02-07,2017-02-08,train,9.25915857450092e-06,-0.0016646915014313,8.416216860191487e-06,1.191716120485276e-05,1.3174202960816157e-05,-11.685350134692595,-11.337531078645533,-11.237249961699565,389,eligible_regular_session
2017-02-08,2017-02-09,train,6.600617691467627e-06,0.0029112610338381,9.25915857450092e-06,9.904668353249954e-06,1.301778309684294e-05,-11.58989738011938,-11.522504361135557,-11.249194204740954,389,eligible_regular_session
2017-02-09,2017-02-10,train,6.1814861932612294e-06,0.0043731816469195,6.600617691467627e-06,8.4666530713306e-06,1.2902360489892048e-05,-11.928347323694823,-11.679375278357536,-11.258100279623564,389,eligible_regular_session
2017-02-10,2017-02-13,train,4.939844461833804e-06,0.0019665179747511,6.1814861932612294e-06,7.816451392912534e-06,1.2739707912889639e-05,-11.993951831059922,-11.759279892471678,-11.270786834857834,389,eligible_regular_session
2017-02-13,2017-02-14,train,8.806450835156228e-06,0.0026838841223754,4.939844461833804e-06,7.079464756251017e-06,1.1438584862630617e-05,-12.218176712718865,-11.858312252515999,-11.3785182804832,389,eligible_regular_session
2017-02-14,2017-02-15,train,8.52672785509265e-06,0.00505287711561,8.806450835156228e-06,7.157511551243964e-06,1.0960871840063615e-05,-11.640026055580057,-11.847348186109713,-11.421178732157076,389,eligible_regular_session
2017-02-15,2017-02-16,train,1.5537801421394997e-05,0.0058793183361632,8.52672785509265e-06,7.0110254073623105e-06,1.0920490585278915e-05,-11.672304874382418,-11.868026589817568,-11.424869663264788,389,eligible_regular_session
2017-02-16,2017-02-17,train,7.808845792000351e-06,-0.0006516558891348,1.5537801421394997e-05,8.798462153347785e-06,1.1077266130086509e-05,-11.072234701708535,-11.640933607052988,-11.410615646252118,389,eligible_regular_session
2017-02-17,2017-02-21,train,8.584624272146775e-06,0.004015367779356,7.808845792000351e-06,9.123934073095608e-06,1.0943359214847456e-05,-11.760253390949542,-11.604609479226326,-11.422777750073175,389,eligible_regular_session
2017-02-21,2017-02-22,train,7.65865000547635e-06,0.0037365641705441,8.584624272146775e-06,9.852890035158201e-06,1.0711305655947797e-05,-11.665537830193221,-11.527745741230396,-11.444210770949246,389,eligible_regular_session
2017-02-22,2017-02-23,train,9.672967764663628e-06,0.0009359192489438,7.65865000547635e-06,9.623329869222228e-06,1.0022995668253879e-05,-11.779674829237727,-11.551320212927585,-11.510628538102235,389,eligible_regular_session
2017-02-23,2017-02-24,train,1.0920046538886806e-05,-0.0018303681274582,9.672967764663628e-06,9.852577851136424e-06,9.806261283544153e-06,-11.54617539127602,-11.527777426245295,-11.532489469817506,389,eligible_regular_session
2017-02-24,2017-02-27,train,9.072360777857893e-06,0.005511990111139,1.0920046538886806e-05,8.929026874634786e-06,9.950359370852918e-06,-11.424910325853775,-11.626203141619099,-11.51790188977234,389,eligible_regular_session
2017-02-27,2017-02-28,train,7.118306459946887e-06,0.002107998710624,9.072360777857893e-06,9.181729871806293e-06,9.968927710389051e-06,-11.61027804348722,-11.598294931889725,-11.516037531390559,389,eligible_regular_session
2017-02-28,2017-03-01,train,1.0546125021912094e-05,-0.0008457411098715,7.118306459946887e-06,8.888466309366314e-06,9.86803096276518e-06,-11.852840717581826,-11.630756041952973,-11.526210221608007,389,eligible_regular_session
2017-03-01,2017-03-02,train,9.97853559693716e-06,0.0055796965639001,1.0546125021912094e-05,9.465961312653465e-06,1.0037761716260726e-05,-11.459752062013303,-11.56780821346792,-11.509156405182173,389,eligible_regular_session
2017-03-02,2017-03-03,train,1.1798875618369693e-05,-0.0040645863364551,9.97853559693716e-06,9.527074879108172e-06,9.794154693203564e-06,-11.515074212181187,-11.561372825597152,-11.533724810117892,389,eligible_regular_session
2017-03-03,2017-03-06,train,8.928778659243247e-06,0.0010330709580191,1.1798875618369693e-05,9.702840695004747e-06,9.663510495689495e-06,-11.347506317611549,-11.54309186017351,-11.5471535704047,389,eligible_regular_session
2017-03-06,2017-03-07,train,9.258213538040655e-06,0.00111619141844,8.928778659243247e-06,9.674124271281819e-06,9.191108487813507e-06,-11.626230940711332,-11.546055837741317,-11.597274009957225,389,eligible_regular_session
2017-03-07,2017-03-08,train,1.2035372442889752e-05,-0.0013419535452982,9.258213538040655e-06,1.0102105686900572e-05,8.985086644039702e-06,-11.58999945037593,-11.502766671995257,-11.619944394587746,389,eligible_regular_session
2017-03-08,2017-03-09,train,1.465191449408221e-05,-0.0028396745007119,1.2035372442889752e-05,1.0399955171096104e-05,9.103399273927801e-06,-11.327660540561649,-11.473709062297766,-11.606862667607153,389,eligible_regular_session
2017-03-09,2017-03-10,train,1.3955119599530996e-05,0.0011845736074563,1.465191449408221e-05,1.1334630950525115e-05,9.377360039788748e-06,-11.13093954884946,-11.387647832935778,-11.57721228021092,389,eligible_regular_session
2017-03-10,2017-03-13,train,6.91181083115376e-06,-0.000973031110564,1.3955119599530996e-05,1.1765879746757373e-05,9.629128346122362e-06,-11.17966412064145,-11.350306761975618,-11.550717850672271,389,eligible_regular_session
2017-03-13,2017-03-14,train,1.090611759700776e-05,0.0007164501467532,6.91181083115376e-06,1.1362486181139476e-05,9.522430721424764e-06,-11.882278895015022,-11.38519331464276,-11.561860413870864,389,eligible_regular_session
2017-03-14,2017-03-15,train,1.5388470404322122e-05,-0.000262078878788,1.090611759700776e-05,1.1692066992932898e-05,9.718135262585679e-06,-11.426186678737706,-11.356599980922171,-11.541516803309607,389,eligible_regular_session
2017-03-15,2017-03-16,train,1.144295019141394e-05,0.0060261032360651,1.5388470404322122e-05,1.2362686585219374e-05,1.0136634544906629e-05,-11.081892003985828,-11.300827768290564,-11.49935451381627,389,eligible_regular_session
2017-03-16,2017-03-17,train,6.85444157239441e-06,-0.002629853057014,1.144295019141394e-05,1.1720893724685718e-05,1.0432230259887544e-05,-11.378136721394096,-11.354137520350275,-11.470610480565025,389,eligible_regular_session
2017-03-17,2017-03-20,train,7.950389845054811e-06,-0.0020415371542781,6.85444157239441e-06,1.0300758119258402e-05,1.0343502566125643e-05,-11.89061371108455,-11.483293061625817,-11.479152006772688,389,eligible_regular_session
2017-03-20,2017-03-21,train,4.087526989999899e-05,-0.0011201274579096,7.950389845054811e-06,1.0508473922038611e-05,1.0317305383851197e-05,-11.7422895933865,-11.463328586088474,-11.48168793822099,389,eligible_regular_session
2017-03-21,2017-03-22,train,2.960034275226592e-05,-0.0154134132707494,4.087526989999899e-05,1.6502304382636858e-05,1.1469008496515013e-05,-10.104985325710578,-11.012010527255478,-11.375862073757766,389,eligible_regular_session
2017-03-22,2017-03-23,train,2.5725874997348603e-05,0.0025580150120098,2.960034275226592e-05,1.9344678852225616e-05,1.2459531085617995e-05,-10.427724617232858,-10.853093171023486,-11.293024678891138,389,eligible_regular_session
2017-03-23,2017-03-24,train,3.0282154037337223e-05,0.0007717513808748,2.5725874997348603e-05,2.2201263813412545e-05,1.323867884585444e-05,-10.568013263320232,-10.715361342174312,-11.232367797490584,389,eligible_regular_session
2017-03-24,2017-03-27,train,2.3561864923436563e-05,-0.0026710817141214,3.0282154037337223e-05,2.6886806306401112e-05,1.426701993821175e-05,-10.40495199462869,-10.523874863558158,-11.157559982327019,389,eligible_regular_session
2017-03-27,2017-03-28,train,2.136190327560972e-05,0.008103911052753,2.3561864923436563e-05,3.000910132207746e-05,1.4898333445428706e-05,-10.655881045970778,-10.414009844909156,-11.114261200568547,389,eligible_regular_session
2017-03-28,2017-03-29,train,1.1777929104354156e-05,0.0082934677205215,2.136190327560972e-05,2.610642799719961e-05,1.5372963297097927e-05,-10.753901443178489,-10.553328990540798,-11.082900221527852,389,eligible_regular_session
2017-03-29,2017-03-30,train,1.085930689771974e-05,0.0027566803297326,1.1777929104354156e-05,2.2541945267617256e-05,1.549594367557503e-05,-11.349283192788068,-10.700132750165379,-11.07493226663806,389,eligible_regular_session
2017-03-30,2017-03-31,train,9.744909884483787e-06,0.0031129614743935,1.085930689771974e-05,1.9568631647691484e-05,1.566598915001925e-05,-11.430488067067936,-10.841582699915971,-11.064018491600901,389,eligible_regular_session
2017-03-31,2017-04-03,train,2.315028998569102e-05,-8.886801201763853e-05,9.744909884483787e-06,1.5461182817120796e-05,1.562957028013615e-05,-11.53876547240679,-11.077178009509042,-11.066345907182274,389,eligible_regular_session
2017-04-03,2017-04-04,train,1.3365067622664816e-05,-0.0019650531890124,2.315028998569102e-05,1.5378867829571687e-05,1.6228286388715864e-05,-10.673503251130743,-11.082516209758147,-11.028754764962393,389,eligible_regular_session
2017-04-04,2017-04-05,train,2.5057950905545264e-05,0.0024607042390337,1.3365067622664816e-05,1.3779500698982705e-05,1.6299476934365645e-05,-11.222866148703078,-11.192328526781033,-11.024377540582668,389,eligible_regular_session
2017-04-05,2017-04-06,train,2.3250954292958433e-05,-0.0064939006572625,2.5057950905545264e-05,1.6435505059220928e-05,1.7032621127379374e-05,-10.594319379375602,-11.016066620610143,-10.980380162779511,389,eligible_regular_session
2017-04-06,2017-04-07,train,2.0722626141256664e-05,0.0020167331947539,2.3250954292958433e-05,1.891383453826867e-05,1.7668654798057455e-05,-10.669164381914799,-10.875616917518098,-10.943718403672833,389,eligible_regular_session
2017-04-07,2017-04-10,train,1.8053530268873185e-05,-8.489865223580578e-06,2.0722626141256664e-05,2.1109377789623245e-05,1.8063529966165045e-05,-10.784284404335224,-10.76579317121284,-10.921615571369097,389,eligible_regular_session
2017-04-10,2017-04-11,train,3.3853015178704826e-05,-0.0001399897767328,1.8053530268873185e-05,2.0090025846259675e-05,1.821814886501918e-05,-10.922169309546142,-10.815287092614632,-10.913092270359904,389,eligible_regular_session
2017-04-11,2017-04-12,train,2.46881604426427e-05,0.0009904378927355,3.3853015178704826e-05,2.4187615357467677e-05,1.9122598664072533e-05,-10.293482487869662,-10.629669817884658,-10.864639746183492,389,eligible_regular_session
2017-04-12,2017-04-13,train,1.9154755787336662e-05,-0.0020406474951919,2.46881604426427e-05,2.4113657264887164e-05,1.9930614555503848e-05,-10.60918676355372,-10.632732186487557,-10.823253588514838,389,eligible_regular_session
2017-04-13,2017-04-17,train,9.670174417602506e-06,-0.0041004121438297,1.9154755787336662e-05,2.329441756376281e-05,2.0305552655064252e-05,-10.862959529183634,-10.667296815636854,-10.804616179512868,389,eligible_regular_session
2017-04-17,2017-04-18,train,1.5252925133382044e-05,0.0060848347032696,9.670174417602506e-06,2.1083927219031977e-05,2.004563011021336e-05,-11.546464211681124,-10.766999550929844,-10.81749937758146,389,eligible_regular_session
2017-04-18,2017-04-19,train,1.3823870426042498e-05,0.0009782458569243,1.5252925133382044e-05,2.052380619193375e-05,2.021881078939373e-05,-11.090739261279376,-10.793925067925937,-10.80889715968246,389,eligible_regular_session
2017-04-19,2017-04-20,train,1.4190165516918655e-05,-0.0052597461530792,1.3823870426042498e-05,1.6517977241401284e-05,2.0535603010014096e-05,-11.189113719062641,-11.01106124038265,-10.7933504459996,389,eligible_regular_session
2017-04-20,2017-04-21,train,1.3960952946297297e-05,0.005046862174847,1.4190165516918655e-05,1.4418378256256476e-05,2.0819229176917e-05,-11.162961402524997,-11.147006897324182,-10.77963351866566,389,eligible_regular_session
2017-04-21,2017-04-24,train,1.0646223548926928e-05,-0.0026233175544866,1.3960952946297297e-05,1.3379617688048603e-05,1.9595851133566924e-05,-11.17924620033109,-11.221778077061911,-10.84019269099334,389,eligible_regular_session
2017-04-24,2017-04-25,train,6.992316459144597e-06,-1.2636873132390998e-05,1.0646223548926928e-05,1.3574827514313487e-05,1.873430026068788e-05,-11.45030532503788,-11.207293398352919,-10.885154475725553,389,eligible_regular_session
2017-04-25,2017-04-26,train,1.901353796699411e-05,0.0028339913238063,6.992316459144597e-06,1.1922705779465997e-05,1.7882774872587694e-05,-11.870698660460109,-11.337065927164875,-10.931672606043968,389,eligible_regular_session
2017-04-26,2017-04-27,train,9.218235720864518e-06,-0.0004689783476585,1.901353796699411e-05,1.296063928765632e-05,1.737056505120846e-05,-10.870359307944318,-11.25359354050546,-10.960733447946263,389,eligible_regular_session
2017-04-27,2017-04-28,train,6.439132914924661e-06,-4.185878102919234e-06,9.218235720864518e-06,1.1966253328445491e-05,1.6718581905637006e-05,-11.594326892191596,-11.333420092533125,-10.998989768160811,389,eligible_regular_session
2017-04-28,2017-05-01,train,9.377030373598536e-06,-0.002848038245951,6.439132914924661e-06,1.0461889322170966e-05,1.6040274161969503e-05,-11.953116667452512,-11.467771492103454,-11.040407863279865,389,eligible_regular_session
2017-05-01,2017-05-02,train,6.981034121524084e-06,-4.18603580321049e-06,9.377030373598536e-06,1.0208050687105288e-05,1.5931142401480612e-05,-11.577247436372542,-11.492333865944575,-11.047234722773041,389,eligible_regular_session
2017-05-02,2017-05-03,train,8.485541216697726e-06,-0.0005477905569934,6.981034121524084e-06,1.0205794219581184e-05,1.57548572752899e-05,-11.872313497217709,-11.492554938216223,-11.058361841806548,389,eligible_regular_session
2017-05-03,2017-05-04,train,1.3606129089739811e-05,0.001341140086102,8.485541216697726e-06,8.100194869521907e-06,1.5697613244935988e-05,-11.677146876197627,-11.7236224386096,-11.062001879782162,389,eligible_regular_session
2017-05-04,2017-05-05,train,6.579951750959249e-06,-0.0002259669512027,1.3606129089739811e-05,8.977773543296965e-06,1.526378774966548e-05,-11.204990198379534,-11.620758641436021,-11.090027348644234,389,eligible_regular_session
2017-05-05,2017-05-08,train,4.687219282751905e-06,0.0018524473031786,6.579951750959249e-06,9.005937310503883e-06,1.495537339186068e-05,-11.931483145334898,-11.617626496968118,-11.110439898500257,389,eligible_regular_session
2017-05-08,2017-05-09,train,6.649455721660929e-06,-0.0001875644758384,4.687219282751905e-06,8.067975092334558e-06,1.4029431045370073e-05,-12.270671054807265,-11.727608025093911,-11.17435321738993,389,eligible_regular_session
2017-05-09,2017-05-10,train,6.063764848188366e-06,-0.0017466452394454,6.649455721660929e-06,8.001659412361927e-06,1.327481747394746e-05,-11.920975553012886,-11.735861611249108,-11.229641740539275,389,eligible_regular_session
2017-05-10,2017-05-11,train,1.2132944319585376e-05,0.0021277491443569,6.063764848188366e-06,7.517304138660056e-06,1.260850559698981e-05,-12.013179688709156,-11.798302976475677,-11.281138924368696,389,eligible_regular_session
2017-05-11,2017-05-12,train,6.072989380470449e-06,0.0003800907669085,1.2132944319585376e-05,7.2226671846291675e-06,1.2339388053840361e-05,-11.319586134076307,-11.838286257123263,-11.302714131167217,389,eligible_regular_session
2017-05-12,2017-05-15,train,4.187794323785674e-06,-0.0004516447472708,6.072989380470449e-06,7.121274710531408e-06,1.1076659608466072e-05,-12.011659589696759,-11.852423816186766,-11.410670401479498,389,eligible_regular_session
2017-05-15,2017-05-16,train,6.025199269845589e-06,0.0030267426864231,4.187794323785674e-06,7.021389718738161e-06,1.0144824784881663e-05,-12.383336377005879,-11.866549393886947,-11.4985468559168,389,eligible_regular_session
2017-05-16,2017-05-17,train,2.9997056194461293e-05,-0.0017272491303427,6.025199269845589e-06,6.896538428375094e-06,9.548026761359341e-06,-12.019560005301189,-11.884490949290182,-11.559176046668059,389,eligible_regular_session
2017-05-17,2017-05-18,train,3.520987134588338e-05,-0.010439265745872,2.9997056194461293e-05,1.168319669762968e-05,1.047197593303474e-05,-10.414411307968164,-11.357358928144878,-11.466807827579833,389,eligible_regular_session
2017-05-18,2017-05-19,train,1.409355294839605e-05,0.004784323017647,3.520987134588338e-05,1.629858210288928e-05,1.1379109851784803e-05,-10.254184078712441,-11.024432441487999,-11.383731352731019,389,eligible_regular_session
2017-05-19,2017-05-22,train,6.435573707517682e-06,0.0038666375441554,1.409355294839605e-05,1.79026948164744e-05,1.1391368148255418e-05,-11.169793102847592,-10.930559308042447,-11.382654669346964,389,eligible_regular_session
2017-05-22,2017-05-23,train,6.2087985080032685e-06,0.0026103012901362,6.435573707517682e-06,1.8352250693220804e-05,1.1038886702373554e-05,-11.953669566652785,-10.905758337403515,-11.414086364376548,389,eligible_regular_session
2017-05-23,2017-05-24,train,5.8108089200266355e-06,-3.752572075891617e-05,6.2087985080032685e-06,1.8388970540852337e-05,1.0686516046087463e-05,-11.989543157710068,-10.903759500205192,-11.446527793802879,389,eligible_regular_session
2017-05-24,2017-05-25,train,8.212667458866821e-06,0.0013569031396855,5.8108089200266355e-06,1.355172108596541e-05,1.046672447204654e-05,-12.055790767871654,-11.208997001290172,-11.467309430926433,389,eligible_regular_session
2017-05-25,2017-05-26,train,4.0468669043640424e-06,0.0024627286531247,8.212667458866821e-06,8.152280308562095e-06,1.0522194972033913e-05,-11.709832783631835,-11.717212877384506,-11.462023724886839,389,eligible_regular_session
2017-05-26,2017-05-30,train,5.342149063098018e-06,0.0007329997201557,4.0468669043640424e-06,6.142943099755694e-06,9.841891741914366e-06,-12.417567580092438,-12.00020659844044,-11.528862615183263,389,eligible_regular_session
2017-05-30,2017-05-31,train,1.3596960708351171e-05,0.0007628650928018,5.342149063098018e-06,5.924258170871761e-06,9.665705984743162e-06,-12.139882539678915,-12.036455082010052,-11.546926402473156,389,eligible_regular_session
2017-05-31,2017-06-01,train,8.117960686972641e-06,-0.0014417880666529,1.3596960708351171e-05,7.401890610941341e-06,9.991061793535276e-06,-11.205664267524167,-11.813775102420596,-11.513819685312564,389,eligible_regular_session
2017-06-01,2017-06-02,train,8.288163277900538e-06,0.0057664168898751,8.117960686972641e-06,7.863320964330542e-06,9.933831353234097e-06,-11.721431582257908,-11.753301526211425,-11.519564318146184,389,eligible_regular_session
2017-06-02,2017-06-05,train,4.676625231682897e-06,0.0029290898250937,8.288163277900538e-06,7.878420128137286e-06,9.993246314887573e-06,-11.700682172122312,-11.7513831655487,-11.51360106164552,389,eligible_regular_session
2017-06-05,2017-06-06,train,8.125798452543987e-06,-0.0002339541337435,4.676625231682897e-06,8.004371793601057e-06,9.820113770114172e-06,-12.272933812496772,-11.735522691346956,-11.53107785011367,389,eligible_regular_session
2017-06-06,2017-06-07,train,9.94392073423852e-06,-7.820748449611293e-05,8.125798452543987e-06,8.561101671490249e-06,9.571007832059817e-06,-11.720466563494423,-11.6682816761513,-11.556772046439292,389,eligible_regular_session
2017-06-07,2017-06-08,train,1.617480736987255e-05,0.0001890856481405,9.94392073423852e-06,7.830493676667721e-06,9.723915513117966e-06,-11.518549175002587,-11.757485000566241,-11.540922190038685,389,eligible_regular_session
2017-06-08,2017-06-09,train,3.008994433123156e-05,-0.0002629297787227,1.617480736987255e-05,9.441863013247701e-06,1.0246078607987085e-05,-11.032055626775115,-11.570357244180153,-11.488615500410805,389,eligible_regular_session
2017-06-09,2017-06-12,train,1.723032274666012e-05,-0.0028339102258302,3.008994433123156e-05,1.3802219223913907e-05,1.1311555362967569e-05,-10.41131951739942,-11.190681165403097,-11.38968575625094,389,eligible_regular_session
2017-06-12,2017-06-13,train,8.963579359054592e-06,0.0007082269916389,1.723032274666012e-05,1.6312958726909353e-05,1.1819126176534466e-05,-10.968839775930682,-11.02355075208691,-11.345791476254252,389,eligible_regular_session
2017-06-13,2017-06-14,train,2.2018055343234917e-05,0.0015215116341153,8.963579359054592e-06,1.648051490821147e-05,1.1675064132873978e-05,-11.622340928711797,-11.013331789540738,-11.358055261244617,389,eligible_regular_session
2017-06-14,2017-06-15,train,1.469467224363599e-05,-0.0019996892394468,2.2018055343234917e-05,1.8895341830010754e-05,1.2399839858454178e-05,-10.72364774377417,-10.87659513029652,-11.29782700007747,389,eligible_regular_session
2017-06-15,2017-06-16,train,1.1662626511119667e-05,0.0043344333397356,1.469467224363599e-05,1.859931480476344e-05,1.2877425218447378e-05,-11.128025562279797,-10.89238581637725,-11.260034762671863,389,eligible_regular_session
2017-06-16,2017-06-19,train,5.713079384498242e-06,0.0003905519370656,1.1662626511119667e-05,1.491385124074106e-05,1.313367191123256e-05,-11.359121144165217,-11.113220163363312,-11.240331250617707,389,eligible_regular_session
2017-06-19,2017-06-20,train,9.112078282436914e-06,0.0040607782708408,5.713079384498242e-06,1.2610402568308685e-05,1.2029854783506966e-05,-12.072752382904829,-11.280988483968182,-11.328119099246972,389,eligible_regular_session
2017-06-20,2017-06-21,train,1.1104365814376863e-05,-0.0046096991578691,9.112078282436914e-06,1.2640102352985151e-05,1.0843591462441218e-05,-11.605909740719673,-11.278636071732054,-11.431936301102349,389,eligible_regular_session
2017-06-21,2017-06-22,train,8.050574505796049e-06,-0.0016079679902113,1.1104365814376863e-05,1.0457364447213539e-05,1.0707719319985803e-05,-11.40817221036416,-11.468204095969528,-11.44454564482885,389,eligible_regular_session
2017-06-22,2017-06-23,train,6.265122831137866e-06,-0.0009893573063955,8.050574505796049e-06,9.128544899645553e-06,1.0781128447180273e-05,-11.729767101900684,-11.604104251782436,-11.437713318260636,389,eligible_regular_session
2017-06-23,2017-06-26,train,1.163468933668892e-05,0.0012886705495901,6.265122831137866e-06,8.04904416364919e-06,1.0783688643686392e-05,-11.980512363880605,-11.729957211018533,-11.43747587627285,389,eligible_regular_session
2017-06-26,2017-06-27,train,1.7597246662920023e-05,-0.0026369897926552,1.163468933668892e-05,9.233366154087327e-06,1.1048410480807404e-05,-11.361519462323782,-11.592686878851113,-11.413223988238345,389,eligible_regular_session
2017-06-27,2017-06-28,train,1.0071785391444296e-05,-0.006655598611736,1.7597246662920023e-05,1.093039983018395e-05,1.1474982262809822e-05,-10.947768107764936,-11.423962675458258,-11.375341347743493,389,eligible_regular_session
2017-06-28,2017-06-29,train,4.4031405991000014e-05,0.0036209017088547,1.0071785391444296e-05,1.0723883745597436e-05,1.1748842194040744e-05,-11.505772568891222,-11.443037178231432,-11.351755858906547,389,eligible_regular_session
2017-06-29,2017-06-30,train,1.271760306052147e-05,-0.0090258592596906,4.4031405991000014e-05,1.792005004263823e-05,1.3507444781672652e-05,-10.030607406137742,-10.929590357863452,-11.212269559211919,389,eligible_regular_session
2017-06-30,2017-07-05,train,1.2531618309981412e-05,-0.0024601779037836,1.271760306052147e-05,1.9210546088514947e-05,1.3467473979498574e-05,-11.272523456447338,-10.86005115428359,-11.21523311448948,389,eligible_regular_session
2017-07-05,2017-07-06,train,1.759203343314974e-05,0.0002261276068273,1.2531618309981412e-05,1.9389931883173445e-05,1.3668094780544428e-05,-11.287255642569136,-10.85075660170333,-11.20044628925002,389,eligible_regular_session
2017-07-06,2017-07-07,train,8.368852784615888e-06,-0.0048838326646146,1.759203343314974e-05,1.938888923721939e-05,1.4090997969419392e-05,-10.948064404238988,-10.850810375692541,-11.169974406356108,389,eligible_regular_session
2017-07-07,2017-07-10,train,5.952791917422023e-06,0.0033459629783749,8.368852784615888e-06,1.9048302715853708e-05,1.4258826494552711e-05,-11.690993745626756,-10.868532556641519,-11.158134439874049,389,eligible_regular_session
2017-07-10,2017-07-11,train,1.353285329439919e-05,0.0022432444068348,5.952791917422023e-06,1.143257990113811e-05,1.4160053470228984e-05,-12.031650218641794,-11.37904339249149,-11.165085693559716,389,eligible_regular_session
2017-07-11,2017-07-12,train,9.23937213867522e-06,-8.656598910136476e-05,1.353285329439919e-05,1.1595629947913654e-05,1.4323186768418107e-05,-11.210390251511006,-11.364882259460146,-11.153630881496058,389,eligible_regular_session
2017-07-12,2017-07-13,train,6.60019292420869e-06,0.0019744637062965,9.23937213867522e-06,1.0937180713652415e-05,1.400793971245459e-05,-11.592036624979237,-11.423342498601269,-11.175886266783918,389,eligible_regular_session
2017-07-13,2017-07-14,train,5.103431054999793e-06,0.001573943994097,6.60019292420869e-06,8.738812611864207e-06,1.2940223739408094e-05,-11.9284116784184,-11.647736234292305,-11.255169978514871,389,eligible_regular_session
2017-07-14,2017-07-17,train,5.317548738487296e-06,0.0042707243629774,5.103431054999793e-06,8.085728265940987e-06,1.2389001389787172e-05,-12.185597488550474,-11.725409992808643,-11.298701463651554,389,eligible_regular_session
2017-07-17,2017-07-18,train,6.512780117105578e-06,0.000239942252338,5.317548738487296e-06,7.958679630154042e-06,1.2223272725215929e-05,-12.144498124237051,-11.74124744747565,-11.312168822956648,389,eligible_regular_session
2017-07-18,2017-07-19,train,3.724448658308925e-06,0.0026655559016585,6.512780117105578e-06,6.554664994695319e-06,1.1518487487664597e-05,-11.941744139586282,-11.935333548889801,-11.371557205789962,389,eligible_regular_session
2017-07-19,2017-07-20,train,8.585534385329857e-06,0.003325000278996,3.724448658308925e-06,5.45168029862206e-06,1.1019840961058824e-05,-12.500591728279723,-12.119586685133626,-11.415813186189487,389,eligible_regular_session
2017-07-20,2017-07-21,train,6.438679201749432e-06,-0.0012078345079085,8.585534385329857e-06,5.848748590846294e-06,1.0879973137159285e-05,-11.66543181915371,-12.04928283569847,-11.428586785550621,389,eligible_regular_session
2017-07-21,2017-07-24,train,3.143541334101245e-06,0.0015787751177289,6.438679201749432e-06,6.115798220196222e-06,1.091295494703434e-05,-11.953187131778487,-12.00463526256136,-11.425559947217694,389,eligible_regular_session
2017-07-24,2017-07-25,train,4.270850934862464e-06,-2.8326605766446864e-05,3.143541334101245e-06,5.680996739319012e-06,1.0641657813019083e-05,-12.67016058013984,-12.078383858351954,-11.45073427669354,389,eligible_regular_session
2017-07-25,2017-07-26,train,5.245367183132338e-06,-0.0006375904141614,4.270850934862464e-06,5.232610902870389e-06,1.0331043500313882e-05,-12.3636974684086,-12.160600187844581,-11.480357263447242,389,eligible_regular_session
2017-07-26,2017-07-27,train,2.169610898493884e-05,-0.0009923196890179,5.245367183132338e-06,5.536794607835071e-06,1.020353407655644e-05,-12.158165312249404,-12.10409481529673,-11.492776419589953,389,eligible_regular_session
2017-07-27,2017-07-28,train,9.057119423793594e-06,-0.0026184837850586,2.169610898493884e-05,8.158909527756868e-06,1.0904942538092848e-05,-10.738377622945544,-11.71640003422269,-11.426294427642048,389,eligible_regular_session
2017-07-28,2017-07-31,train,6.109906350395718e-06,0.0007243928468331,9.057119423793594e-06,8.6825975721657e-06,1.0787780269324878e-05,-11.611959432858065,-11.654189814595103,-11.437096520958287,389,eligible_regular_session
2017-07-31,2017-08-01,train,5.743485143945372e-06,-0.0021787689888169,6.109906350395718e-06,9.275870575424596e-06,1.026562843693741e-05,-12.00559911216571,-11.58809409129612,-11.486709288038792,389,eligible_regular_session
2017-08-01,2017-08-02,train,9.376899989812011e-06,-0.0009203569050744,5.743485143945372e-06,9.570397417241177e-06,1.006888751659655e-05,-12.067444363949939,-11.556835825959228,-11.506060332351856,389,eligible_regular_session
2017-08-02,2017-08-03,train,6.583130109510916e-06,-0.0004479916126949,9.376899989812011e-06,1.0396703978577111e-05,8.493682698360732e-06,-11.577261341061746,-11.474021727185148,-11.676187882744488,389,eligible_regular_session
2017-08-03,2017-08-04,train,7.093920019576802e-06,-0.0007561651064607,6.583130109510916e-06,7.374108203491526e-06,8.214843018769343e-06,-11.931000225203103,-11.817535584610463,-11.709567915754478,389,eligible_regular_session
2017-08-04,2017-08-07,train,2.220178198712714e-06,-0.0005773194371813,7.093920019576802e-06,6.981468322648169e-06,7.967674914660041e-06,-11.85627247605238,-11.87225130190194,-11.74011783737722,389,eligible_regular_session
2017-08-07,2017-08-08,train,1.0453464612699952e-05,0.0013069682621376,2.220178198712714e-06,6.203522692311567e-06,7.268954222185633e-06,-13.017923095611113,-11.990393251084914,-11.831898125158641,389,eligible_regular_session
2017-08-08,2017-08-09,train,1.4472207880178828e-05,-0.0005412851210084,1.0453464612699952e-05,7.145518586062482e-06,7.3637093052803625e-06,-11.468577092616158,-11.8490251689416,-11.818946770483908,389,eligible_regular_session
2017-08-09,2017-08-10,train,2.7821203206228547e-05,0.0034862780964331,1.4472207880178828e-05,8.164580164135846e-06,7.750955485405672e-06,-11.143280445672426,-11.715705251830675,-11.767694433758972,389,eligible_regular_session
2017-08-10,2017-08-11,train,1.6142473734840963e-05,-0.0097140845583428,2.7821203206228547e-05,1.241219478347937e-05,8.40042593594337e-06,-10.489712122719512,-11.296831118343093,-11.68722814674062,389,eligible_regular_session
2017-08-11,2017-08-14,train,6.957967781975001e-06,0.0003850849282742,1.6142473734840963e-05,1.4221905526532204e-05,8.714203281223631e-06,-11.03405663952836,-11.160727139294508,-11.650556302422732,389,eligible_regular_session
2017-08-14,2017-08-15,train,7.760793811009062e-06,0.0033277900926747,6.957967781975001e-06,1.5169463443184661e-05,8.730465774758463e-06,-11.875623111602387,-11.096226134828253,-11.648691836184518,389,eligible_regular_session
2017-08-15,2017-08-16,train,1.1328010613789054e-05,-0.0016053905640765,7.760793811009062e-06,1.4630929282846483e-05,8.851254990940703e-06,-11.76642593376782,-11.13237282595793,-11.634951302112126,389,eligible_regular_session
2017-08-16,2017-08-17,train,3.200934722695292e-05,-0.0004618114433069,1.1328010613789054e-05,1.400208982956853e-05,9.124457803454418e-06,-11.388232084061633,-11.176303965948593,-11.604552079060602,389,eligible_regular_session
2017-08-17,2017-08-18,train,2.8402495672709742e-05,-0.012120517879707,3.200934722695292e-05,1.4839718633713402e-05,1.0283392672083844e-05,-10.349482596975415,-11.118203280397141,-11.48498032591671,389,eligible_regular_session
2017-08-18,2017-08-21,train,1.55972164541837e-05,-0.0009972761179462,2.8402495672709742e-05,1.7291723021287156e-05,1.1405122081829334e-05,-10.469033540858327,-10.965282609024442,-11.381447998047657,389,eligible_regular_session
2017-08-21,2017-08-22,train,7.5343134912087326e-06,0.0014836614534007,1.55972164541837e-05,1.9019572755728898e-05,1.1723834903140873e-05,-11.068418092053864,-10.870041963994757,-11.353886617171375,389,eligible_regular_session
2017-08-22,2017-08-23,train,1.0016062716138434e-05,0.007009245427881,7.5343134912087326e-06,1.8974276691768833e-05,1.1773636461752661e-05,-11.796042839365157,-10.872426354419993,-11.34964772419359,389,eligible_regular_session
2017-08-23,2017-08-24,train,1.708274548283933e-05,0.0010274695477357,1.0016062716138434e-05,1.8711887112238707e-05,1.2086023797299805e-05,-11.511320482030845,-10.886351561607889,-11.323460831029674,389,eligible_regular_session
2017-08-24,2017-08-25,train,1.1869984821512003e-05,-0.0039118653727276,1.708274548283933e-05,1.572656676341599e-05,1.2668382640389663e-05,-10.977441639966555,-11.06015912514764,-11.276401224471737,389,eligible_regular_session
2017-08-25,2017-08-28,train,6.937035044814426e-06,-0.0016602265155965,1.1869984821512003e-05,1.2420064593176444e-05,1.2969501623952375e-05,-11.341497628070389,-11.29619728073362,-11.252909985666992,389,eligible_regular_session
2017-08-28,2017-08-29,train,1.4054413605772386e-05,-0.0020070026990897,6.937035044814426e-06,1.0688028311302589e-05,1.2298634626673991e-05,-11.87863610170499,-11.446386292286649,-11.306022307708984,389,eligible_regular_session
2017-08-29,2017-08-30,train,7.793845809254025e-06,0.0073437432599319,1.4054413605772386e-05,1.1992048334215319e-05,1.252578436221848e-05,-11.172574075872626,-11.331266766633798,-11.28772128922411,389,eligible_regular_session
2017-08-30,2017-08-31,train,8.682005503425988e-06,0.0045276262071355,7.793845809254025e-06,1.1547604952838438e-05,1.260232706489386e-05,-11.762176134505697,-11.369032505889843,-11.281629073369524,389,eligible_regular_session
2017-08-31,2017-09-01,train,4.625661421207036e-06,0.0032097031835393,8.682005503425988e-06,9.86745695695577e-06,1.273589617214298e-05,-11.654258007197878,-11.526268391521201,-11.271086081208372,389,eligible_regular_session
2017-09-01,2017-09-05,train,2.5515764701538212e-05,-0.0001817054882076,4.625661421207036e-06,8.418592276894775e-06,1.2519930782660936e-05,-12.28389118723413,-11.685067931704761,-11.288188720849062,389,eligible_regular_session
2017-09-05,2017-09-06,train,1.0968404927725091e-05,-0.0050684181163351,2.5515764701538212e-05,1.2134338208239534e-05,1.3380505082298538e-05,-10.576214073231638,-11.319471256058621,-11.221711754925956,389,eligible_regular_session
2017-09-06,2017-09-07,train,1.1349640304963035e-05,0.0001379052998381,1.0968404927725091e-05,1.1517136472630073e-05,1.3556618032668913e-05,-11.420491697373617,-11.371674503679388,-11.208635714179565,389,eligible_regular_session
2017-09-07,2017-09-08,train,7.079937226087352e-06,-0.0012446359628052,1.1349640304963035e-05,1.2228295371771877e-05,1.397159358295302e-05,-11.386324505731723,-11.311757998864985,-11.178484319407751,389,eligible_regular_session
2017-09-08,2017-09-11,train,4.28260891302413e-06,0.0003778621579444,7.079937226087352e-06,1.1907881716304148e-05,1.3818251429016085e-05,-11.858245516669795,-11.338310047988719,-11.189520272302893,389,eligible_regular_session
2017-09-11,2017-09-12,train,5.512500632798838e-06,0.0044837253314996,4.28260891302413e-06,1.1839271214667569e-05,1.3355087839599962e-05,-12.360948174958478,-11.344088483218107,-11.223613134142067,389,eligible_regular_session
2017-09-12,2017-09-13,train,3.878096708165539e-06,0.001475304950075,5.512500632798838e-06,7.838618400919694e-06,1.2341055904444064e-05,-12.108492202397876,-11.756447963503785,-11.302578975526657,389,eligible_regular_session
2017-09-13,2017-09-14,train,4.103262853943407e-06,0.0022401900905739,3.878096708165539e-06,6.420556757007782e-06,1.1783584221413365e-05,-12.460166063815366,-11.956005721747207,-11.348803162741643,389,eligible_regular_session
2017-09-14,2017-09-15,train,3.37774267030386e-06,0.000917973707796,4.103262853943407e-06,4.971281266803858e-06,1.1653824906502838e-05,-12.403728082714304,-12.211832950918746,-11.359876113682425,389,eligible_regular_session
2017-09-15,2017-09-18,train,4.423461939874218e-06,0.0016815810820971,3.37774267030386e-06,4.230842355647159e-06,1.1454595309198056e-05,-12.598302920602373,-12.373109446280651,-11.377119571430331,389,eligible_regular_session
2017-09-18,2017-09-19,train,4.266207382834639e-06,0.0002236886263662,4.423461939874218e-06,4.259012961017176e-06,1.1140752187656474e-05,-12.32858792413499,-12.366473123821166,-11.404900804410984,389,eligible_regular_session
2017-09-19,2017-09-20,train,1.1953183456496612e-05,0.0001117108923272,4.266207382834639e-06,4.009754311024336e-06,9.879700376560187e-06,-12.364785326149045,-12.42678058759406,-11.525028372923439,389,eligible_regular_session
2017-09-20,2017-09-21,train,6.177763959822646e-06,-4.385956169061674e-05,1.1953183456496612e-05,5.624771660690551e-06,9.132004366732318e-06,-11.33451291703122,-12.088330204352749,-11.603725351117655,389,eligible_regular_session
2017-09-21,2017-09-22,train,4.338417342777952e-06,-0.0019773944392935,6.177763959822646e-06,6.039671881866399e-06,8.703847435170452e-06,-11.994554170765815,-12.017160871687468,-11.651745396132702,389,eligible_regular_session
2017-09-22,2017-09-25,train,1.350091010988269e-05,0.0016321962258598,4.338417342777952e-06,6.2318068163612176e-06,8.558579428423599e-06,-12.34800094392203,-11.985844248534637,-11.668576336206026,389,eligible_regular_session
2017-09-25,2017-09-26,train,7.390050829138093e-06,-0.0009608033054147,1.350091010988269e-05,8.047296450362911e-06,8.716981582684699e-06,-11.21275345924535,-11.73017436761767,-11.650237528741393,389,eligible_regular_session
2017-09-26,2017-09-27,train,8.356119624305673e-06,-0.0012406403294596,7.390050829138093e-06,8.672065139623604e-06,8.276404552971008e-06,-11.815375944930647,-11.655403601807233,-11.702101916606411,389,eligible_regular_session
2017-09-27,2017-09-28,train,6.845093587389874e-06,0.0006742967520179,8.356119624305673e-06,7.952652373185415e-06,8.116683407643447e-06,-11.692516398395204,-11.742005053093541,-11.721588934562572,389,eligible_regular_session
2017-09-28,2017-09-29,train,4.778218787708741e-06,0.0021538923962296,6.845093587389874e-06,8.08611829869886e-06,8.112504250487787e-06,-11.891978426944812,-11.725361756788546,-11.722103951991178,389,eligible_regular_session
2017-09-29,2017-10-02,train,5.461795078359022e-06,0.0037027578303673,4.778218787708741e-06,8.174078587685018e-06,7.690859031484893e-06,-12.251442719462565,-11.71454255851986,-11.775478073080233,389,eligible_regular_session
2017-10-02,2017-10-03,train,2.9385029925563335e-06,0.0030810929375361,5.461795078359022e-06,6.566255581380285e-06,7.58485672553512e-06,-12.117733053309898,-11.933566814668279,-11.78935683452674,389,eligible_regular_session
2017-10-03,2017-10-04,train,4.344912304492331e-06,0.0016979407667883,2.9385029925563335e-06,5.675946014063933e-06,7.3237884295865e-06,-12.737610292498331,-12.079273309975992,-11.824382818845812,389,eligible_regular_session
2017-10-04,2017-10-05,train,3.649513446246075e-06,0.0017592027382936,4.344912304492331e-06,4.873704550101265e-06,7.311027106099468e-06,-12.34650498253637,-12.231656222140378,-11.82612678708242,389,eligible_regular_session
2017-10-05,2017-10-06,train,5.358513412994517e-06,0.004540302918783,3.649513446246075e-06,4.234588521872504e-06,6.317106594495279e-06,-12.520916701653764,-12.372224395885915,-11.972249271962554,389,eligible_regular_session
2017-10-06,2017-10-09,train,3.5293049444740504e-06,0.0008634935126902,5.358513412994517e-06,4.350647446929659e-06,6.06211152564389e-06,-12.13682396967164,-12.34518588556438,-12.013452381998079,389,eligible_regular_session
2017-10-09,2017-10-10,train,7.016640317572031e-06,-0.0026295871004004,3.5293049444740504e-06,3.964149420152666e-06,5.706641736530754e-06,-12.554409605988758,-12.438219247920197,-12.073879844526912,389,eligible_regular_session
2017-10-10,2017-10-11,train,3.0622278842905772e-06,-8.232566075892138e-05,7.016640317572031e-06,4.779776885155805e-06,5.7037646043255125e-06,-11.86722604172643,-12.25111668929595,-12.074384144230232,389,eligible_regular_session
2017-10-11,2017-10-12,train,4.74578250266477e-06,0.0018138196050611,3.0622278842905772e-06,4.523240001115455e-06,5.648292739383079e-06,-12.696367840150389,-12.306282006502801,-12.084157228489177,389,eligible_regular_session
2017-10-12,2017-10-13,train,3.438187670688196e-06,-0.0001842375022605,4.74578250266477e-06,4.742493812399193e-06,5.613441915286075e-06,-12.258254228505077,-12.258947439850967,-12.090346494427008,389,eligible_regular_session
2017-10-13,2017-10-16,train,3.3610767031794687e-06,-0.0008338014978685,3.438187670688196e-06,4.35842866393793e-06,5.593446049946196e-06,-12.580566065324101,-12.343398963741738,-12.093914993839364,389,eligible_regular_session
2017-10-16,2017-10-17,train,2.760623612230228e-06,-0.0002306674313681,3.3610767031794687e-06,4.3247830156790125e-06,5.559710315820562e-06,-12.603249187946613,-12.351148588624177,-12.099964552530233,389,eligible_regular_session
2017-10-17,2017-10-18,train,3.043465015152727e-06,0.0006371306665595,2.760623612230228e-06,3.473579674610652e-06,5.5316594495444885e-06,-12.800053957297045,-12.570324889229804,-12.105022706153465,389,eligible_regular_session
2017-10-18,2017-10-19,train,8.681011040173821e-06,-0.0008897943523155,3.043465015152727e-06,3.469827100783082e-06,5.468932316602602e-06,-12.70251388401764,-12.571405792110571,-12.116427149503135,389,eligible_regular_session
2017-10-19,2017-10-20,train,3.943281258141148e-06,0.0039224401456114,8.681011040173821e-06,4.256872808284892e-06,5.669605210118019e-06,-11.654372556792502,-12.366975749815763,-12.08039107049389,389,eligible_regular_session
2017-10-20,2017-10-23,train,6.0065312035470755e-06,0.0019281685656935,3.943281258141148e-06,4.357891525775483e-06,5.305518746556408e-06,-12.443497374610653,-12.343522212578732,-12.14676300621965,389,eligible_regular_session
2017-10-23,2017-10-24,train,5.580974842252844e-06,-0.0046356874752374,6.0065312035470755e-06,4.886982425849004e-06,5.2977354394529725e-06,-12.022663146835173,-12.22893553578483,-12.148231104289327,389,eligible_regular_session
2017-10-24,2017-10-25,train,1.785850978857655e-05,-0.0002412892641877,5.580974842252844e-06,5.451052671853527e-06,5.354215325792741e-06,-12.096147093917136,-12.119701817141523,-12.137626395932438,389,eligible_regular_session
2017-10-25,2017-10-26,train,9.40889420571359e-06,-0.003470389070549,1.785850978857655e-05,8.414061626538292e-06,5.552288038460643e-06,-10.93303042448666,-11.685606248537256,-12.1013004559793,389,eligible_regular_session
2017-10-26,2017-10-27,train,9.187261331697991e-06,-0.0013542813159373,9.40889420571359e-06,8.559638259646246e-06,5.644053646486802e-06,-11.573855123948698,-11.668452628090698,-12.084908018971607,389,eligible_regular_session
2017-10-27,2017-10-30,train,7.741039334537208e-06,0.0046803017901593,9.187261331697991e-06,9.608434274357615e-06,5.681832815004635e-06,-11.597692671265,-11.552869274961834,-12.07823669858279,389,eligible_regular_session
2017-10-30,2017-10-31,train,4.143668957771183e-06,-0.0007732104352879,7.741039334537208e-06,9.95533590055564e-06,5.72255762169315e-06,-11.768974598429558,-11.517401879123272,-12.071094715848734,389,eligible_regular_session
2017-10-31,2017-11-01,train,1.0204706280437034e-05,-0.0001281297140383,4.143668957771183e-06,9.667874723659307e-06,5.693714447605079e-06,-12.393928940905772,-11.546702053041155,-12.076147720066515,389,eligible_regular_session
2017-11-01,2017-11-02,train,1.3737802818521611e-05,-0.0020643599393676,1.0204706280437034e-05,8.137114022031405e-06,5.909301320426807e-06,-11.492661544043472,-11.71907498356295,-12.03898295342873,389,eligible_regular_session
2017-11-02,2017-11-03,train,5.41505519661988e-06,0.0008881081360849,1.3737802818521611e-05,9.002895744593009e-06,6.40017858524341e-06,-11.195359195272998,-11.61796428297907,-11.959184664043672,389,eligible_regular_session
2017-11-03,2017-11-06,train,3.6283970553716673e-06,0.0024376194605292,5.41505519661988e-06,8.248454517577387e-06,6.4488214439764816e-06,-12.126327484281669,-11.705484706369107,-11.951613165716378,389,eligible_regular_session
2017-11-06,2017-11-07,train,8.788490516825349e-06,0.0020514016407924,3.6283970553716673e-06,7.425926061744279e-06,6.447861608027645e-06,-12.526719589756038,-11.810533158932227,-11.951762015765144,389,eligible_regular_session
2017-11-07,2017-11-08,train,4.708487998956299e-06,-0.0010302178837899,8.788490516825349e-06,8.354890373555112e-06,6.603769658201773e-06,-11.642067588337637,-11.692663517061632,-11.927869911648273,389,eligible_regular_session
2017-11-08,2017-11-09,train,2.8232349046559156e-05,0.0022497457784389,4.708487998956299e-06,7.255646717258965e-06,6.657368887950965e-06,-12.266143720803555,-11.833730534696876,-11.9197862133387,389,eligible_regular_session
2017-11-09,2017-11-10,train,8.787949509388836e-06,0.0015334575495632,2.8232349046559156e-05,1.0154555962866474e-05,7.621719284723108e-06,-10.475042108159686,-11.497588089848891,-11.78450858579945,389,eligible_regular_session
2017-11-10,2017-11-13,train,4.806490756100621e-06,0.0007011767271929,8.787949509388836e-06,1.0829134825420265e-05,7.881979358591211e-06,-11.642129148862507,-11.433270386991968,-11.75093149799834,389,eligible_regular_session
2017-11-13,2017-11-14,train,1.524359309532488e-05,0.00373267098117,4.806490756100621e-06,1.1064753565566056e-05,7.884738824656476e-06,-12.245543312650415,-11.411745856235163,-11.75058146115981,389,eligible_regular_session
2017-11-14,2017-11-15,train,1.589566586232461e-05,0.0011368245024662,1.524359309532488e-05,1.235577408126596e-05,8.421348162139963e-06,-11.091351268084773,-11.301387067207019,-11.684740628258556,389,eligible_regular_session
2017-11-15,2017-11-16,train,6.200252639045442e-06,-0.0001481417953597,1.589566586232461e-05,1.4593209653939626e-05,8.991102214828379e-06,-11.049464073171935,-11.134954229634822,-11.619275112454535,389,eligible_regular_session
2017-11-16,2017-11-17,train,7.300333160827012e-06,0.0039762254268279,6.200252639045442e-06,1.0186790372436882e-05,9.147448988774524e-06,-11.99092051851028,-11.494418738516746,-11.602035516589558,389,eligible_regular_session
2017-11-17,2017-11-20,train,4.165434511875312e-06,-0.0012362593688423,7.300333160827012e-06,9.889267102724517e-06,9.340942995396083e-06,-11.827590572381878,-11.524060519956798,-11.581103347715448,389,eligible_regular_session
2017-11-20,2017-11-21,train,4.18725275619462e-06,0.0011043709018305,4.165434511875312e-06,9.761055853879456e-06,9.13568951683706e-06,-12.388689963206991,-11.537109981640553,-11.603321890212493,389,eligible_regular_session
2017-11-21,2017-11-22,train,4.0008970720704965e-06,0.0031561267145188,4.18725275619462e-06,7.549787786053403e-06,9.146779130384945e-06,-12.38346570585302,-11.793991102905869,-11.602108748254269,389,eligible_regular_session
2017-11-22,2017-11-27,train,4.138297601074914e-06,-0.0010699016172394,4.0008970720704965e-06,5.170834028002581e-06,9.055613942590553e-06,-12.428991953971073,-12.172476561757897,-11.612125667426426,389,eligible_regular_session
2017-11-27,2017-11-28,train,8.466070378685132e-06,-0.0002728790874329,4.138297601074914e-06,4.7584430204084755e-06,8.990037704355196e-06,-12.395226062165854,-12.255590039781532,-11.619393515456704,389,eligible_regular_session
2017-11-28,2017-11-29,train,1.7913481030959656e-05,0.0078952706277178,8.466070378685132e-06,4.991590463980099e-06,8.563108640269221e-06,-11.679444102802396,-12.207755968728012,-11.668047274826904,389,eligible_regular_session
2017-11-29,2017-11-30,train,1.921638780648558e-05,-0.0013586105446931,1.7913481030959656e-05,7.741199767796966e-06,8.949680768689496e-06,-10.929956998356607,-11.768953873615956,-11.623892694616488,389,eligible_regular_session
2017-11-30,2017-12-01,train,0.0001467389740939,0.004091982444942,1.921638780648558e-05,1.0747026777855158e-05,9.405550153907113e-06,-10.859747111393695,-11.440881420449745,-11.574210601025543,389,eligible_regular_session
2017-12-01,2017-12-04,train,2.291494308596876e-05,-0.0020533072823454,0.0001467389740939,3.9294642182221056e-05,1.5723638097514513e-05,-8.826855236021524,-10.144422379624201,-11.060345366599668,389,eligible_regular_session
2017-12-04,2017-12-05,train,1.80853225493467e-05,-0.0080375061479224,2.291494308596876e-05,4.3049971279199824e-05,1.65768778306144e-05,-10.683721323708268,-10.053148994240587,-11.00750173536143,389,eligible_regular_session
2017-12-05,2017-12-06,train,1.559186115366056e-05,-0.0031325907820353,1.80853225493467e-05,4.497382171333214e-05,1.6935087661019387e-05,-10.920409857532821,-10.009429977173879,-10.986122895385563,389,eligible_regular_session
2017-12-06,2017-12-07,train,1.0766007018400792e-05,0.0014727795377025,1.559186115366056e-05,4.450949773787232e-05,1.701936303988934e-05,-11.068761500771691,-10.019807959253777,-10.981158859732666,389,eligible_regular_session
2017-12-07,2017-12-08,train,6.6666005065728295e-06,0.0029926724701546,1.0766007018400792e-05,4.2819421580255356e-05,1.7262588122697564e-05,-11.439116885921505,-10.05851878306176,-10.966968934378892,389,eligible_regular_session
2017-12-08,2017-12-11,train,5.033500412098419e-06,0.0017101151983135,6.6666005065728295e-06,1.4804946862789927e-05,1.740068827957034e-05,-11.918400497141711,-11.120549185556646,-10.959000796228974,389,eligible_regular_session
2017-12-11,2017-12-12,train,7.031628741389307e-06,0.0026125696706528,5.033500412098419e-06,1.122865832801586e-05,1.7230006911173666e-05,-12.19939490890579,-11.397041268478102,-10.968858106311709,389,eligible_regular_session
2017-12-12,2017-12-13,train,1.0672623789166078e-05,0.0008785796111424,7.031628741389307e-06,9.017919566424382e-06,1.7335604217647892e-05,-11.865092194568236,-11.616296897230665,-10.962748124075743,389,eligible_regular_session
2017-12-13,2017-12-14,train,1.1805652940359166e-05,-0.0017181812518469,1.0672623789166078e-05,8.034072093525487e-06,1.6537434887766387e-05,-11.447828619490384,-11.73181904851436,-11.009883965778638,389,eligible_regular_session
2017-12-14,2017-12-15,train,9.548616058257389e-06,-0.0052983493788029,1.1805652940359166e-05,8.24200127791716e-06,1.6674603225537765e-05,-11.346932078464272,-11.70626736999826,-11.00162376101613,389,eligible_regular_session
2017-12-15,2017-12-18,train,6.155091961473623e-06,0.0044884623156043,9.548616058257389e-06,8.818404388254073e-06,1.6890154375635802e-05,-11.5591143293386,-11.638669612672683,-10.988779687125009,389,eligible_regular_session
2017-12-18,2017-12-19,train,8.540824377553542e-06,0.0004646814320709,6.155091961473623e-06,9.042722698129113e-06,1.647704068773347e-05,-11.998230857501435,-11.613550245485449,-11.013542619526643,389,eligible_regular_session
2017-12-19,2017-12-20,train,1.0793579595666203e-05,-0.0047332962763803,8.540824377553542e-06,9.34456182536196e-06,1.6142729711152965e-05,-11.67065302349319,-11.580716006827863,-11.034040782337778,389,eligible_regular_session
2017-12-20,2017-12-21,train,5.214145130985584e-06,-0.0042194391132202,1.0793579595666203e-05,9.368752986661983e-06,1.6351517300090276e-05,-11.436559082491277,-11.57813055630575,-11.021189863698016,389,eligible_regular_session
2017-12-21,2017-12-22,train,4.796911921407947e-06,-0.0001675799779365,5.214145130985584e-06,8.050451424787268e-06,1.625669057146112e-05,-12.164135407975447,-11.729782390492767,-11.027006006450495,389,eligible_regular_session
2017-12-22,2017-12-26,train,3.097103065637848e-06,-0.0003613894532241,4.796911921407947e-06,7.100110597417379e-06,1.628539409007624e-05,-12.247538196795333,-11.855400196937287,-11.025241919954045,389,eligible_regular_session
2017-12-26,2017-12-27,train,3.0661525318760047e-06,0.0001529699491653,3.097103065637848e-06,6.488512818250225e-06,1.6235841831414568e-05,-12.685043378341334,-11.945477203237406,-11.02828930087946,389,eligible_regular_session
2017-12-27,2017-12-28,train,2.0613963530946624e-06,-3.728289702920721e-06,3.0661525318760047e-06,5.3935784491147175e-06,1.619335344322391e-05,-12.695087029281794,-12.130301488114853,-11.030909681196803,389,eligible_regular_session
2017-12-28,2017-12-29,train,6.4389385099224935e-06,0.0003163915017581,2.0613963530946624e-06,3.647141800600409e-06,1.609894884104299e-05,-13.092126963485352,-12.521566765456685,-11.036756577481512,389,eligible_regular_session
2017-12-29,2018-01-02,train,6.746554438715117e-06,-0.0063087224976572,6.4389385099224935e-06,3.892100476387791e-06,1.600680648337196e-05,-11.953146859085368,-12.45656157784122,-11.042496520972888,389,eligible_regular_session
2018-01-02,2018-01-03,train,5.580209087397635e-06,0.0037982867914836,6.746554438715117e-06,4.282028979849225e-06,1.5499218910997208e-05,-11.906478636929274,-12.361083599989412,-11.074720928147725,389,eligible_regular_session
2018-01-03,2018-01-04,train,6.630753948538743e-06,0.0050458763307223,5.580209087397635e-06,4.778650184201182e-06,1.487939260558412e-05,-12.096284311413278,-12.251352439582407,-11.115533348909663,389,eligible_regular_session
2018-01-04,2018-01-05,train,5.836206419511984e-06,0.0016387001355972,6.630753948538743e-06,5.4915704675337305e-06,8.510837144431336e-06,-11.923792042503557,-12.112296283690037,-11.674170248368613,389,eligible_regular_session
2018-01-05,2018-01-08,train,4.701880139689919e-06,0.0035680867900041,5.836206419511984e-06,6.246532480817194e-06,7.734530932319664e-06,-12.051429557896343,-11.983484051245384,-11.769815718012104,389,eligible_regular_session
2018-01-08,2018-01-09,train,9.326333292916397e-06,0.0019163375411548,4.701880139689919e-06,5.89912080677068e-06,7.126192640971629e-06,-12.267548099517558,-12.040707233958138,-11.851733457610859,389,eligible_regular_session
2018-01-09,2018-01-10,train,1.2510348960155386e-05,-8.358788271303834e-05,9.326333292916397e-06,6.415076577610935e-06,6.841395920028713e-06,-11.58266862218152,-11.9568596226942,-11.892518765276145,389,eligible_regular_session
2018-01-10,2018-01-11,train,6.132986899764087e-06,0.001952634672749,1.2510348960155386e-05,7.801104552162486e-06,6.920684190108468e-06,-11.288954339377666,-11.76124522504277,-11.880995921819194,389,eligible_regular_session
2018-01-11,2018-01-12,train,8.257450493017834e-06,0.0046835948194743,6.132986899764087e-06,7.701551142407555e-06,6.896429026162616e-06,-12.001828667346826,-11.774088802326455,-11.884506812767398,389,eligible_regular_session
2018-01-12,2018-01-16,train,3.17743821992018e-05,0.005481990335903,8.257450493017834e-06,8.185799957108724e-06,7.042972211658953e-06,-11.704394675095402,-11.713109617389245,-11.863480287734987,389,eligible_regular_session
2018-01-16,2018-01-17,train,1.5018516676611511e-05,-0.0083378194821828,3.17743821992018e-05,1.3600300369011104e-05,8.167642823377702e-06,-10.356850184061194,-11.20541867950946,-11.715330206831583,389,eligible_regular_session
2018-01-17,2018-01-18,train,1.646397224704643e-05,0.0060058090951203,1.5018516676611511e-05,1.4738737045750126e-05,8.365183409170676e-06,-11.106226673055533,-11.125031356980509,-11.691432297983345,389,eligible_regular_session
2018-01-18,2018-01-19,train,1.09212585675448e-05,-0.0002322693620355,1.646397224704643e-05,1.5529461703128335e-05,8.576925195838279e-06,-11.014336064549024,-11.072771583147595,-11.666435077477258,389,eligible_regular_session
2018-01-19,2018-01-22,train,9.818089696771162e-06,0.002080380348351,1.09212585675448e-05,1.648711603668448e-05,8.639318037169525e-06,-11.424799340850514,-11.01293132833852,-11.659186909146673,389,eligible_regular_session
2018-01-22,2018-01-23,train,1.536254393055435e-05,0.0085585453227106,9.818089696771162e-06,1.6799243877435143e-05,8.805817934228505e-06,-11.531283986418714,-10.994176679863447,-11.640097926039937,389,eligible_regular_session
2018-01-23,2018-01-24,train,3.448081724183339e-05,0.0025385914585849,1.536254393055435e-05,1.3516876223705654e-05,9.11589609572854e-06,-11.083578223479506,-11.211571562587764,-11.605490844657144,389,eligible_regular_session
2018-01-24,2018-01-25,train,3.0669883735780167e-05,-0.0027336792375145,3.448081724183339e-05,1.7409336336750025e-05,1.0192588716008867e-05,-10.275107410540347,-10.95850392456899,-11.493849698242919,389,eligible_regular_session
2018-01-25,2018-01-26,train,1.0826830942363622e-05,-0.00300313198241,3.0669883735780167e-05,2.0250518634496773e-05,1.1349667743499533e-05,-10.392229370657814,-10.80733015315961,-11.386322088165826,389,eligible_regular_session
2018-01-26,2018-01-29,train,2.5197686020454415e-05,0.0085184573520122,1.0826830942363622e-05,2.0231633109460538e-05,1.1623754971724789e-05,-11.433483158206148,-10.808263182931631,-11.362459711432853,389,eligible_regular_session
2018-01-29,2018-01-30,train,3.852685162656155e-05,-0.004458743099156,2.5197686020454415e-05,2.330755237419719e-05,1.2628326924216451e-05,-10.588758392248174,-10.66673311368178,-11.279568098768,389,eligible_regular_session
2018-01-30,2018-01-31,train,2.984413626273104e-05,-0.0025265406221257,3.852685162656155e-05,2.7940413913398632e-05,1.4240176883065794e-05,-10.16415511492641,-10.485436389878739,-11.159443230493983,389,eligible_regular_session
2018-01-31,2018-02-01,train,3.284807969147914e-05,-0.0032409783811593,2.984413626273104e-05,2.7013077717578155e-05,1.5503028697140174e-05,-10.41952217753206,-10.519189449314041,-11.074475153311635,389,eligible_regular_session
2018-02-01,2018-02-02,train,5.74925562186678e-05,0.0026008278405025,3.284807969147914e-05,2.7448716908717956e-05,1.670344420539275e-05,-10.323617271622716,-10.50319113395302,-10.999895619962201,389,eligible_regular_session
2018-02-02,2018-02-05,train,0.0004179721530523,-0.0160255752507969,5.74925562186678e-05,3.678186196397879e-05,1.9010080649936053e-05,-9.763855075607905,-10.21050571570898,-10.870541158972355,389,eligible_regular_session
2018-02-05,2018-02-06,train,0.0006551881799799,-0.031428572895369,0.0004179721530523,0.0001153367553703479,3.775516901197707e-05,-7.7800957471508,-9.067654401173664,-10.18438816417336,389,eligible_regular_session
2018-02-06,2018-02-07,train,0.000181001337642,0.0382745119881024,0.0006551881799799,0.00023866902104101558,6.72350520134026e-05,-7.3305880659118605,-8.340432815023402,-9.607315839082693,389,eligible_regular_session
2018-02-07,2018-02-08,train,0.0003576850113023,-0.0028002773889067,0.000181001337642,0.00026890046131686945,7.519710343260659e-05,-8.617006136438464,-8.221169279120568,-9.495397845933747,389,eligible_regular_session
2018-02-08,2018-02-09,train,0.0005488396463142,-0.0388951847480534,0.0003576850113023,0.00033386784763903357,9.124179121272522e-05,-7.93585781556216,-8.004765309035317,-9.301997528860856,389,eligible_regular_session
2018-02-09,2018-02-12,train,0.000162438138656,0.0046049426521065,0.0005488396463142,0.0004321372656581401,0.00011576512362278359,-7.507704242335747,-7.746767275611254,-9.06394721588466,389,eligible_regular_session
2018-02-12,2018-02-13,train,8.23074387541199e-05,0.0040330926271261,0.000162438138656,0.0003810304627788801,0.00012258002315441288,-8.725213313867332,-7.872631231233577,-9.006746491014448,389,eligible_regular_session
2018-02-13,2018-02-14,train,9.074311305544595e-05,0.0092264243207586,8.23074387541199e-05,0.000266454314533724,0.00012604249823870177,-9.405049068532026,-8.230307756694582,-8.978891420272731,389,eligible_regular_session
2018-02-14,2018-02-15,train,6.358995041402152e-05,0.0180025387603916,9.074311305544595e-05,0.0002484026696164132,0.00012979184653699396,-9.307477976895232,-8.300459460714661,-8.949578571252829,389,eligible_regular_session
2018-02-15,2018-02-16,train,7.087347957722488e-05,0.0050875190486724,6.358995041402152e-05,0.0001895836574387575,0.0001312380087285767,-9.663055112461617,-8.570680166801612,-8.938498022734295,389,eligible_regular_session
2018-02-16,2018-02-20,train,5.913494123366361e-05,0.0014394578697099,7.087347957722488e-05,9.399042409136245e-05,0.00013377687067860457,-9.554614248319654,-9.272317652251996,-8.919337290096376,389,eligible_regular_session
2018-02-20,2018-02-21,train,8.373179277326571e-05,-0.0022360020201915,5.913494123366361e-05,7.332978460689518e-05,0.00013571646017799624,-9.735688586027416,-9.520543693175096,-8.904942700189174,389,eligible_regular_session
2018-02-21,2018-02-22,train,9.035543771438612e-05,-0.0064303920978942,8.373179277326571e-05,7.361465541072433e-05,0.00013902602991461993,-9.387891810616043,-9.516666429623363,-8.880849376792785,389,eligible_regular_session
2018-02-22,2018-02-23,train,3.7351382669766536e-05,-0.0033193978767756,9.035543771438612e-05,7.353712034251237e-05,0.00014268681846087516,-9.311759357741108,-9.517720240560953,-8.85485841013157,389,eligible_regular_session
2018-02-23,2018-02-26,train,2.55299349776861e-05,0.010239840119514,3.7351382669766536e-05,6.828940679366136e-05,0.00014368631113083935,-10.195140627799786,-9.591755901605936,-8.847878029466653,389,eligible_regular_session
2018-02-26,2018-02-27,train,6.761020607282959e-05,0.0073731788326904,2.55299349776861e-05,5.922069787375362e-05,0.00014327945284610538,-10.575658873612436,-9.73423945093349,-8.8507136189928,389,eligible_regular_session
2018-02-27,2018-02-28,train,7.255728023368168e-05,-0.012567851154473,6.761020607282959e-05,6.091575084158682e-05,0.00014495855840688035,-9.601751608902577,-9.706018782179747,-8.839062660483952,389,eligible_regular_session
2018-02-28,2018-03-01,train,0.000236574294682,-0.015672474111658,7.255728023368168e-05,5.868084833367001e-05,0.0001477644879201221,-9.53113423585767,-9.743397147846652,-8.819890849496357,389,eligible_regular_session
2018-03-01,2018-03-02,train,0.0001381474415419,-0.0136844377388002,0.000236574294682,8.792461972719279e-05,0.00015737251558655598,-8.34924825694608,-9.339030704581534,-8.756894852307019,389,eligible_regular_session
2018-03-02,2018-03-05,train,6.816580485416393e-05,0.0124181999561594,0.0001381474415419,0.00010808383150161947,0.00016190072421907136,-8.88718902618798,-9.13260341433355,-8.72852722404133,389,eligible_regular_session
2018-03-05,2018-03-06,train,6.0485059582854487e-05,0.0153650625797122,6.816580485416393e-05,0.00011661100547691504,0.00016364261824595468,-9.593567513955648,-9.056666901907548,-8.717825664994686,389,eligible_regular_session
2018-03-06,2018-03-07,train,5.878875885551967e-05,-0.0013882557279059,6.0485059582854487e-05,0.00011518597617892002,0.00016489884460465354,-9.713114172468142,-9.068962551670722,-8.710178335065757,389,eligible_regular_session
2018-03-07,2018-03-08,train,4.111722257444663e-05,0.0076015760536659,5.878875885551967e-05,0.0001124322719032876,0.00016495776290632863,-9.741559897262675,-9.093159545137468,-8.709821099218663,389,eligible_regular_session
2018-03-08,2018-03-09,train,2.0909585961313744e-05,0.0015969744936348,4.111722257444663e-05,7.334085748177693e-05,0.00014782799333915348,-10.099083483494343,-9.520392703519018,-8.819461167254522,389,eligible_regular_session
2018-03-09,2018-03-12,train,2.6565408999383254e-05,0.0108076000769682,2.0909585961313744e-05,4.9893286365659685e-05,0.00011899714815649045,-10.775302845709074,-9.905624106028704,-9.03641103021142,389,eligible_regular_session
2018-03-12,2018-03-13,train,5.2155532460425446e-05,-0.0023502701069309,2.6565408999383254e-05,4.157320719470356e-05,0.00011197733321818968,-10.5359006020051,-10.088054656011018,-9.097214089131626,389,eligible_regular_session
2018-03-13,2018-03-14,train,6.395964262265335e-05,-0.0110659704189479,5.2155532460425446e-05,3.990730177021775e-05,9.808962963446813e-05,-9.861280294696133,-10.128951249051392,-9.229628909167753,389,eligible_regular_session
2018-03-14,2018-03-15,train,3.035917819320969e-05,-0.0097029285312581,6.395964262265335e-05,4.094147852364448e-05,7.604962946667055e-05,-9.657258257527369,-10.10336686398059,-9.48412441150397,389,eligible_regular_session
2018-03-15,2018-03-16,train,1.9290528079268742e-05,-0.0028310254021228,3.035917819320969e-05,3.87898696473971e-05,7.004604035472554e-05,-10.402411674538069,-10.157351436987312,-9.566357812764272,389,eligible_regular_session
2018-03-16,2018-03-19,train,5.634114796219688e-05,-0.0017580442295447,1.9290528079268742e-05,3.84660580709881e-05,6.718163532405048e-05,-10.85589635561685,-10.16573431406167,-9.608110631652307,389,eligible_regular_session
2018-03-19,2018-03-20,train,3.2986351482096804e-05,-0.0092747482177854,5.634114796219688e-05,4.442120586355082e-05,6.561790963799372e-05,-9.784085420107779,-10.021793593005794,-9.631661886501142,389,eligible_regular_session
2018-03-20,2018-03-21,train,6.981738914314686e-05,-0.0006990871678438,3.2986351482096804e-05,4.058736966788509e-05,6.422683695926987e-05,-10.31941667350194,-10.11205363167973,-9.65308941344244,389,eligible_regular_session
2018-03-21,2018-03-22,train,0.0001209360945706,-0.0007149912589174,6.981738914314686e-05,4.175891897198379e-05,6.417883284862994e-05,-9.569627451097892,-10.08359750141117,-9.653837108041099,389,eligible_regular_session
2018-03-22,2018-03-23,train,0.0001461001363914,-0.0154848633300865,0.0001209360945706,5.9874302247461864e-05,6.698797618212706e-05,-9.020248295929353,-9.723263155788164,-9.610997414646429,389,eligible_regular_session
2018-03-23,2018-03-26,train,9.03274151134357e-05,-0.0239028136332137,0.0001461001363914,8.52362239098881e-05,6.982290089204225e-05,-8.831218305659801,-9.370084051223696,-9.569548508997487,389,eligible_regular_session
2018-03-26,2018-03-27,train,0.0001675475982952,0.0109526723366009,9.03274151134357e-05,9.203347734013587e-05,6.98216271374536e-05,-9.312069543248327,-9.293358162973096,-9.569566751811676,389,eligible_regular_session
2018-03-27,2018-03-28,train,0.0002513857501331,-0.0200148394617158,0.0001675475982952,0.0001189457267027565,7.573963693860967e-05,-8.694243078140929,-9.036843247016105,-9.488208929024564,389,eligible_regular_session
2018-03-28,2018-03-29,train,8.456148037547671e-05,-0.0039546493701129,0.0002513857501331,0.00015525939890074716,8.600581035476483e-05,-8.288521945462746,-8.770413298559692,-9.361095701728287,389,eligible_regular_session
2018-03-29,2018-04-02,train,0.0001832790900707,0.0083472875308914,8.456148037547671e-05,0.00014798447606172247,8.677632282306698e-05,-9.378031709749992,-8.818403181176503,-9.352176752044896,389,eligible_regular_session
2018-04-02,2018-04-03,train,0.0001477351834791,-0.0190123662864945,0.0001832790900707,0.0001554202667975825,9.180913236111325e-05,-8.60450048452636,-8.76937771156142,-9.295798784227863,389,eligible_regular_session
2018-04-03,2018-04-04,train,0.0001320427139297,0.0074972855502435,0.0001477351834791,0.00016690182047071535,8.777099094279963e-05,-8.820089187727865,-8.698104819802255,-9.340779511201815,389,eligible_regular_session
2018-04-04,2018-04-05,train,6.783043628379837e-05,0.0260652615960863,0.0001320427139297,0.00015980084359761533,8.749350332406327e-05,-8.932385097345461,-8.741582245562084,-9.343946015082196,389,eligible_regular_session
2018-04-05,2018-04-06,train,0.0001567812342915,0.0013228260796982,6.783043628379837e-05,0.00012308978082775502,8.747825929813756e-05,-9.598499551008715,-9.002596543428957,-9.34412026063743,389,eligible_regular_session
2018-04-06,2018-04-09,train,6.543502482017021e-05,-0.0139371225287972,0.0001567812342915,0.00013753373161095968,9.185535814853055e-05,-8.760659136473494,-8.891641350136897,-9.295295412146901,389,eligible_regular_session
2018-04-09,2018-04-10,train,0.0001104846933056,-0.0027437899834462,6.543502482017021e-05,0.00011396491856085372,9.215746114692374e-05,-9.634452895146591,-9.0796198888513,-9.292011909715125,389,eligible_regular_session
2018-04-10,2018-04-11,train,6.504001886470139e-05,0.003189242224152,0.0001104846933056,0.00010651482052615371,9.531052799833981e-05,-9.11063356872281,-9.147226422626643,-9.258370281230066,389,eligible_regular_session
2018-04-11,2018-04-12,train,4.9264242001367304e-05,0.0001627539485618,6.504001886470139e-05,9.3114281513154e-05,9.73164567666756e-05,-9.640507802677076,-9.281682985734141,-9.237542448781248,389,eligible_regular_session
2018-04-12,2018-04-13,train,6.635810353293897e-05,0.0030107767876192,4.9264242001367304e-05,8.940104265666778e-05,9.834822190312943e-05,-9.91831205445725,-9.322378213026555,-9.226996092569411,389,eligible_regular_session
2018-04-13,2018-04-16,train,3.7835055489641466e-05,-0.0085536602603826,6.635810353293897e-05,7.131641650495559e-05,9.89937933155164e-05,-9.620444671517266,-9.548384011535155,-9.220453403577684,389,eligible_regular_session
2018-04-16,2018-04-17,train,2.040250971464463e-05,0.0017829480921578,3.7835055489641466e-05,6.579642263884983e-05,9.780631208219768e-05,-10.182274491196916,-9.628945088301684,-9.232521442288398,389,eligible_regular_session
2018-04-17,2018-04-18,train,2.1873078891689296e-05,0.0041506356808309,2.040250971464463e-05,4.777998592065875e-05,9.735373624226292e-05,-10.799852639453409,-9.948903710736834,-9.237159447403721,389,eligible_regular_session
2018-04-18,2018-04-19,train,4.1969596684184576e-05,-0.0007933945708863,2.1873078891689296e-05,3.914659792605633e-05,9.747112491555475e-05,-10.730253951671386,-10.1481970377438,-9.2359543785352,389,eligible_regular_session
2018-04-19,2018-04-20,train,4.055909228172575e-05,-0.0030030497939972,4.1969596684184576e-05,3.768766886261979e-05,9.681787258473601e-05,-10.078565090286473,-10.186177602886714,-9.242678946584693,389,eligible_regular_session
2018-04-20,2018-04-23,train,3.5334525659114e-05,-0.008934423920519,4.055909228172575e-05,3.252786661237714e-05,9.716208807562824e-05,-10.112750578573644,-10.333413401788329,-9.239129962957607,389,eligible_regular_session
2018-04-23,2018-04-24,train,0.000104763294484,-0.0025995948800899,3.5334525659114e-05,3.202776064627165e-05,9.559468518999036e-05,-10.250650008020404,-10.348907511046717,-9.255393333699299,389,eligible_regular_session
2018-04-24,2018-04-25,train,9.210115922444495e-05,-0.0179032433727369,0.000104763294484,4.889991760014273e-05,9.485955791332674e-05,-9.163807090900185,-9.925734846553523,-9.263113097937604,389,eligible_regular_session
2018-04-25,2018-04-26,train,3.402204142585173e-05,0.0021050603163909,9.210115922444495e-05,6.294553366669386e-05,9.240505895119242e-05,-9.292623028197587,-9.673240750480398,-9.289328830261361,389,eligible_regular_session
2018-04-26,2018-04-27,train,4.026596999167562e-05,0.005896527313294,3.402204142585173e-05,6.135602261502728e-05,8.984572378357498e-05,-10.288501966158092,-9.698817223491426,-9.31741653870451,389,eligible_regular_session
2018-04-27,2018-04-30,train,3.7632717018359835e-05,-0.0023456932511552,4.026596999167562e-05,6.129739815701726e-05,8.406019522432387e-05,-10.120003862812577,-9.699773160343497,-9.383977405949793,389,eligible_regular_session
2018-04-30,2018-05-01,train,4.3660840626772814e-05,-0.010904651991507,3.7632717018359835e-05,6.175703642886643e-05,7.434414826456294e-05,-10.187636752448075,-9.692302638682982,-9.50680559340687,389,eligible_regular_session
2018-05-01,2018-05-02,train,4.330165627896893e-05,0.0050835148638616,4.3660840626772814e-05,4.953654565742099e-05,7.24850282759855e-05,-10.039058953093502,-9.912799864686617,-9.532130523967187,389,eligible_regular_session
2018-05-02,2018-05-03,train,0.0001017628194312,-0.0061242784335946,4.330165627896893e-05,3.977664506832578e-05,6.612241764908863e-05,-10.047319672440995,-10.132230625241185,-9.624002721114149,389,eligible_regular_session
2018-05-03,2018-05-04,train,3.6980696474645184e-05,0.001050196437578,0.0001017628194312,5.3324800669395435e-05,6.403276473782045e-05,-9.192865752081756,-9.83910903164675,-9.656115656577352,389,eligible_regular_session
2018-05-04,2018-05-07,train,3.0492243551368257e-05,0.0171678361258146,3.6980696474645184e-05,5.2667745965989353e-05,5.971176394440887e-05,-10.205114498363148,-9.851507320790281,-9.725981505982592,389,eligible_regular_session
2018-05-07,2018-05-08,train,5.6264635709829736e-05,0.000771062007629,3.0492243551368257e-05,5.1239651272591034e-05,5.8014573365662034e-05,-10.39803821648433,-9.878996886724103,-9.754816314054391,389,eligible_regular_session
2018-05-08,2018-05-09,train,2.8193356809559017e-05,0.0016069977143262,5.6264635709829736e-05,5.376041028920242e-05,5.344563706649521e-05,-9.785444360326423,-9.830973229910898,-9.836845550270205,389,eligible_regular_session
2018-05-09,2018-05-10,train,2.0725986678948684e-05,0.0066910281856851,2.8193356809559017e-05,5.0738750395320433e-05,5.175283397510379e-05,-10.476424181901264,-9.888820631701439,-9.869031364514285,389,eligible_regular_session
2018-05-10,2018-05-11,train,2.0214942231223064e-05,0.006676541663759,2.0725986678948684e-05,3.4531383844870174e-05,4.7672892764801464e-05,-10.78412224992422,-10.27364197076912,-9.951147607458804,389,eligible_regular_session
2018-05-11,2018-05-14,train,1.720017172189642e-05,0.001416165803311,2.0214942231223064e-05,3.117823299618575e-05,4.5635389281461544e-05,-10.809088512593997,-10.37579036700575,-9.99482706170506,389,eligible_regular_session
2018-05-14,2018-05-15,train,4.375892710609066e-05,-0.0018077232007926,1.720017172189642e-05,2.8519818630291385e-05,4.4177931541485585e-05,-10.970591190363518,-10.464911321825097,-10.027285179957305,389,eligible_regular_session
2018-05-15,2018-05-16,train,1.9206049068933208e-05,-0.0017543605508,4.375892710609066e-05,2.601867690954357e-05,4.315069624935612e-05,-10.036814917836425,-10.556695935152646,-10.050812005006355,389,eligible_regular_session
2018-05-16,2018-05-17,train,2.0142838729028783e-05,0.0032932470425806,1.9206049068933208e-05,2.422121536141841e-05,4.230392323023302e-05,-10.86028527287655,-10.628281641023227,-10.070630728453203,389,eligible_regular_session
2018-05-17,2018-05-18,train,2.060461702842844e-05,0.0003161904227999,2.0142838729028783e-05,2.4104585771434425e-05,4.2292120003614116e-05,-10.812661730803528,-10.63310845459641,-10.070909777596503,389,eligible_regular_session
2018-05-18,2018-05-21,train,1.6840731929214263e-05,-0.0009173687268009,2.060461702842844e-05,2.4182520730875503e-05,4.223446264619316e-05,-10.789995379687962,-10.629880469622403,-10.072274019816073,389,eligible_regular_session
2018-05-21,2018-05-22,train,1.784232072560044e-05,0.0007357719073064,1.6840731929214263e-05,2.411063277233907e-05,4.109224152096724e-05,-10.99171008636455,-10.632857620892073,-10.099691225060917,389,eligible_regular_session
2018-05-22,2018-05-23,train,2.4520831721756644e-05,-0.005242418388072,1.784232072560044e-05,1.8927311496241026e-05,4.0059660995688825e-05,-10.933937353757079,-10.874904626271428,-10.125140690176567,389,eligible_regular_session
2018-05-23,2018-05-24,train,3.7159006801111264e-05,0.0077280875336773,2.4520831721756644e-05,1.9990268026805713e-05,3.956812945308166e-05,-10.615987527334644,-10.820265001497544,-10.137486575529586,389,eligible_regular_session
2018-05-24,2018-05-25,train,1.616173832047825e-05,0.0001210007866526,3.7159006801111264e-05,2.339350164122221e-05,3.649520728567763e-05,-10.200304372010075,-10.663052281808602,-10.218329613239087,389,eligible_regular_session
2018-05-25,2018-05-29,train,5.527837222236432e-05,-0.0009550818422936,1.616173832047825e-05,2.2504925899632172e-05,3.3043415426406425e-05,-11.032863941319965,-10.701776343842788,-10.317688242184134,389,eligible_regular_session
2018-05-29,2018-05-30,train,1.9612370987511945e-05,-0.0046218070936582,5.527837222236432e-05,3.019245395826218e-05,3.400961228079336e-05,-9.803128824988253,-10.40791853373761,-10.288867359163243,389,eligible_regular_session
2018-05-30,2018-05-31,train,3.563520362044236e-05,0.0067000506633675,1.9612370987511945e-05,3.0546464010644485e-05,3.3070812326058646e-05,-10.839350018001356,-10.396261623377985,-10.316859467436194,389,eligible_regular_session
2018-05-31,2018-06-01,train,1.852350517109202e-05,-0.003902350416723,3.563520362044236e-05,3.276933839038163e-05,3.298001626251694e-05,-10.24217654296917,-10.326017284948309,-10.31960874773055,389,eligible_regular_session
2018-06-01,2018-06-04,train,9.573898710259757e-06,0.0046153053916631,1.852350517109202e-05,2.9042238064377782e-05,3.183741010544054e-05,-10.89647008255659,-10.446759302644722,-10.354868541205974,389,eligible_regular_session
2018-06-04,2018-06-05,train,1.3497567181729944e-05,0.0012895894773146,9.573898710259757e-06,2.7724670142334082e-05,3.0304330215953756e-05,-11.556470046717799,-10.493187922279807,-10.404219944242199,389,eligible_regular_session
2018-06-05,2018-06-06,train,1.2616818325412711e-05,0.0001782754943227,1.3497567181729944e-05,1.9368509134207208e-05,2.6292273295523302e-05,-11.213001097520184,-10.851862051282078,-10.54623545299034,389,eligible_regular_session
2018-06-06,2018-06-07,train,2.76119181650391e-05,0.0057816595684313,1.2616818325412711e-05,1.796939860178736e-05,2.5184824288740005e-05,-11.280479846312899,-10.926840324518627,-10.589268955612916,389,eligible_regular_session
2018-06-07,2018-06-08,train,1.5765150465569775e-05,-0.0021386293879978,2.76119181650391e-05,1.6364741510706706e-05,2.5053900407543232e-05,-10.497263060873667,-11.02038144538753,-10.594481037662204,389,eligible_regular_session
2018-06-08,2018-06-11,train,8.696329391830846e-06,0.0042922545735579,1.5765150465569775e-05,1.5813070569602258e-05,2.3213014714622322e-05,-11.057708720733077,-11.05467370867442,-10.670797457503403,389,eligible_regular_session
2018-06-11,2018-06-12,train,8.633041448724485e-06,0.0001833777100543,8.696329391830846e-06,1.5637556705916473e-05,2.2326786195634676e-05,-11.652609530317335,-11.065835055900187,-10.70972342563921,389,eligible_regular_session
2018-06-12,2018-06-13,train,1.5465937126330402e-05,0.0001255972599916,8.633041448724485e-06,1.4664651559315384e-05,2.1777106866988124e-05,-11.659913687526481,-11.13007061583654,-10.734651283672623,389,eligible_regular_session
2018-06-13,2018-06-14,train,1.12386471525238e-05,-0.0043680358495556,1.5465937126330402e-05,1.5234475319498921e-05,2.156124299858391e-05,-11.076870557068869,-11.09194958527298,-10.744613160589804,389,eligible_regular_session
2018-06-14,2018-06-15,train,1.6355131256531145e-05,-0.000470612757262,1.12386471525238e-05,1.1959821116995861e-05,2.1290264609066976e-05,-11.396152080838334,-11.333957766326563,-10.757260650340116,389,eligible_regular_session
2018-06-15,2018-06-18,train,1.4115875012160355e-05,0.0018944106162907,1.6355131256531145e-05,1.2077817275188134e-05,2.0044637524996085e-05,-11.020968871538008,-11.32414007092391,-10.817548895096607,389,eligible_regular_session
2018-06-18,2018-06-19,train,2.931396935780308e-05,0.0047663964165174,1.4115875012160355e-05,1.3161726399254036e-05,1.9813265976960954e-05,-11.168210506528764,-11.238197455317499,-10.829158845776389,389,eligible_regular_session
2018-06-19,2018-06-20,train,1.187750411209388e-05,0.0055460923983226,2.931396935780308e-05,1.7297911981069758e-05,2.0230135550996152e-05,-10.437446385669015,-10.964924758480588,-10.808337206312943,389,eligible_regular_session
2018-06-20,2018-06-21,train,3.1342088401651267e-05,-0.001693290966389,1.187750411209388e-05,1.658022537822245e-05,1.9833448600253673e-05,-11.340864357676692,-11.007299814970597,-10.828140722320192,389,eligible_regular_session
2018-06-21,2018-06-22,train,1.7645676758807785e-05,-0.0062719769394326,3.1342088401651267e-05,2.0600913628047947e-05,2.0492601167182627e-05,-10.370548686318084,-10.790175132276095,-10.79544665564075,389,eligible_regular_session
2018-06-22,2018-06-25,train,6.632145374352106e-05,-0.0036461601717994,1.7645676758807785e-05,2.0859022728503275e-05,2.048366280505569e-05,-10.945019747432118,-10.77772395855414,-10.795882925881237,389,eligible_regular_session
2018-06-25,2018-06-26,train,3.246918991898659e-05,-0.0088241578995223,6.632145374352106e-05,3.130013847477542e-05,2.238369107877225e-05,-9.620997127239946,-10.371888036313722,-10.707177941120468,389,eligible_regular_session
2018-06-26,2018-06-27,train,5.600744639365362e-05,-0.0002753905514383,3.246918991898659e-05,3.1931182587012116e-05,2.217051758413022e-05,-10.33521892075986,-10.351927515061167,-10.71674718845926,389,eligible_regular_session
2018-06-27,2018-06-28,train,6.302662539691447e-05,-0.0116347404323146,5.600744639365362e-05,4.0757171043324066e-05,2.3981686132910917e-05,-9.790025904753783,-10.107878757236165,-10.638220096703764,389,eligible_regular_session
2018-06-28,2018-06-29,train,2.0945523777081877e-05,0.0057737690899065,6.302662539691447e-05,4.7094078442376706e-05,2.4333879459026833e-05,-9.671953295505832,-9.963363287937502,-10.623640962214195,389,eligible_regular_session
2018-06-29,2018-07-02,train,3.091673177985052e-05,-0.004044621073465,2.0945523777081877e-05,4.7754047846031516e-05,2.4394477313098196e-05,-10.773585596616941,-9.949446722985808,-10.62115379091092,389,eligible_regular_session
2018-07-02,2018-07-05,train,2.907166168809147e-05,0.0092706867109137,3.091673177985052e-05,4.067310345329742e-05,2.4180001320344024e-05,-10.384213039060247,-10.109943532785882,-10.62998465817283,389,eligible_regular_session
2018-07-05,2018-07-06,train,1.8116661536951897e-05,0.0024951901898934,2.907166168809147e-05,3.999359780711839e-05,2.4659462980207634e-05,-10.445746683414098,-10.126791171482518,-10.610349837423525,389,eligible_regular_session
2018-07-06,2018-07-09,train,9.437923004276972e-06,0.0086577791615378,1.8116661536951897e-05,3.2415440835778045e-05,2.5047770381420917e-05,-10.918678516214134,-10.336875679683438,-10.594725741124439,389,eligible_regular_session
2018-07-09,2018-07-10,train,1.2565085213945876e-05,0.0045607855776235,9.437923004276972e-06,2.1697700357250546e-05,2.4863241100627594e-05,-11.570774622748349,-10.738304277353787,-10.6021201062595,389,eligible_regular_session
2018-07-10,2018-07-11,train,2.407968474335524e-05,0.0010493725321831,1.2565085213945876e-05,2.0021612644623343e-05,2.4860889595560925e-05,-11.284588605141666,-10.818698235641824,-10.602214688307914,389,eligible_regular_session
2018-07-11,2018-07-12,train,1.552869389353398e-05,-0.0008574908471262,2.407968474335524e-05,1.865420323732429e-05,2.470033353093893e-05,-10.634142029662708,-10.889439062612045,-10.608693811144631,389,eligible_regular_session
2018-07-12,2018-07-13,train,9.722545730363797e-06,0.0036837860386858,1.552869389353398e-05,1.5945609678412794e-05,2.46895855049373e-05,-11.07282102649539,-11.046327021895031,-10.609129042721483,389,eligible_regular_session
2018-07-13,2018-07-16,train,1.0067132324925352e-05,0.0017219640356132,9.722545730363797e-06,1.4266786517095171e-05,2.4736231702143344e-05,-11.541063067367396,-11.157576343348948,-10.607241518601866,389,eligible_regular_session
2018-07-16,2018-07-17,train,1.0491652044959276e-05,-0.0010145104428784,1.0067132324925352e-05,1.439262838122485e-05,2.4801417651061567e-05,-11.506234665878486,-11.148794400427555,-10.604609743077843,389,eligible_regular_session
2018-07-17,2018-07-18,train,8.670355575776275e-06,0.0067204458019753,1.0491652044959276e-05,1.3977941747427528e-05,2.4575313783726515e-05,-11.464930660352577,-11.1780300603649,-10.613768123600494,389,eligible_regular_session
2018-07-18,2018-07-19,train,2.1297564258017385e-05,0.0013149386005956,8.670355575776275e-06,1.0896075913911735e-05,2.4458573257510717e-05,-11.65560075581254,-11.427107841445583,-10.618529759025835,389,eligible_regular_session
2018-07-19,2018-07-20,train,9.031129313621996e-06,-0.0015607576048173,2.1297564258017385e-05,1.2049849986808417e-05,2.4683229303032817e-05,-10.756917845871513,-11.32645834733262,-10.609386520524373,389,eligible_regular_session
2018-07-20,2018-07-23,train,8.746776818118685e-06,-0.0005423419313284,9.031129313621996e-06,1.1911566703460056e-05,2.44521044985538e-05,-11.61483313593842,-11.338000638037625,-10.618794272187026,389,eligible_regular_session
2018-07-23,2018-07-24,train,1.981145480568013e-05,0.0024149302150271,8.746776818118685e-06,1.1647495602098723e-05,2.3517232110386333e-05,-11.646825289100883,-11.360419370838812,-10.657777124240496,389,eligible_regular_session
2018-07-24,2018-07-25,train,1.832233087277851e-05,-0.0011907927620493,1.981145480568013e-05,1.3511456154242894e-05,2.387786623282207e-05,-10.82925026200577,-11.211972628362716,-10.642558627166574,389,eligible_regular_session
2018-07-25,2018-07-26,train,1.311673598960663e-05,0.0095013010579019,1.832233087277851e-05,1.544185121364334e-05,2.3286059072418764e-05,-10.90738997576461,-11.078429123298053,-10.667655699531455,389,eligible_regular_session
2018-07-26,2018-07-27,train,2.799486404790437e-05,-0.0002325974805377,1.311673598960663e-05,1.3805685559961189e-05,2.3080198128364168e-05,-11.241621586679509,-11.19043005354998,-10.676535531943363,389,eligible_regular_session
2018-07-27,2018-07-30,train,2.542054954046657e-05,-0.0083138451516166,2.799486404790437e-05,1.7598432506817666e-05,2.133808041492704e-05,-10.483489491474392,-10.947700721999066,-10.755017268576788,389,eligible_regular_session
2018-07-30,2018-07-31,train,1.5129277175977642e-05,-0.0063601588870735,2.542054954046657e-05,2.093318705128724e-05,2.1017687670448856e-05,-10.579952674007586,-10.774174761178479,-10.770146204729823,389,eligible_regular_session
2018-07-31,2018-08-01,train,1.7122195883367147e-05,0.0010373555471349,1.5129277175977642e-05,1.9996751525346745e-05,1.9159589069645406e-05,-11.09887880553011,-10.819940721335108,-10.862707232956076,389,eligible_regular_session
2018-08-01,2018-08-02,train,1.7630157438569664e-05,-0.0027227322222255,1.7122195883367147e-05,1.975672452746447e-05,1.707302409175689e-05,-10.975134931260458,-10.83201664216486,-10.978010878573444,389,eligible_regular_session
2018-08-02,2018-08-03,train,9.380012098360604e-06,0.0108637389246089,1.7630157438569664e-05,2.065940881725708e-05,1.6922325621824516e-05,-10.945899631442941,-10.787339709529382,-10.986876765132946,389,eligible_regular_session
2018-08-03,2018-08-06,train,6.223669525308628e-06,0.0039727814760325,9.380012098360604e-06,1.6936438427348325e-05,1.594338381812043e-05,-11.57692950514307,-10.986043137164684,-11.04646662243126,389,eligible_regular_session
2018-08-06,2018-08-07,train,7.717968620733559e-06,0.0042119388639933,6.223669525308628e-06,1.3097062424316737e-05,1.490483871981212e-05,-11.987150869331318,-11.243122595321829,-11.11382465143541,389,eligible_regular_session
2018-08-07,2018-08-08,train,6.022889354739902e-06,0.000412883366316,7.717968620733559e-06,1.1614800713267921e-05,1.4432170859984015e-05,-11.771959360582228,-11.363230349593106,-11.146050755746236,389,eligible_regular_session
2018-08-08,2018-08-09,train,6.192878894177047e-06,0.0003535083995058,6.022889354739902e-06,9.394939407542471e-06,1.4276942057732328e-05,-12.019943454528029,-11.575339374556314,-11.156864765599808,389,eligible_regular_session
2018-08-09,2018-08-10,train,2.1946344657930745e-05,-0.0010715562401683,6.192878894177047e-06,7.107483698663948e-06,1.3987296315924656e-05,-11.992110491475344,-11.854362286963957,-11.177361046296445,389,eligible_regular_session
2018-08-10,2018-08-13,train,2.0438132586747967e-05,-0.0010547575300336,2.1946344657930745e-05,9.620750210577975e-06,1.3890326312041723e-05,-10.726909962701217,-11.551588311859724,-11.18431790888637,389,eligible_regular_session
2018-08-13,2018-08-14,train,1.5264377724350626e-05,-0.0053050522296931,2.0438132586747967e-05,1.2463642822865844e-05,1.4113482616278721e-05,-10.798108157529033,-11.292694725948527,-11.168380003540978,389,eligible_regular_session
2018-08-14,2018-08-15,train,4.1219394403835965e-05,0.0032271233098341,1.5264377724350626e-05,1.3972924643589259e-05,1.436538407055085e-05,-11.08998869747237,-11.17838905488206,-11.150689129339733,389,eligible_regular_session
2018-08-15,2018-08-16,train,1.2694648549877204e-05,-0.0016629175085918,4.1219394403835965e-05,2.101222565340847e-05,1.5781395983228605e-05,-10.096601674413963,-10.770406115666542,-11.056678781109019,389,eligible_regular_session
2018-08-16,2018-08-17,train,1.4919927008681938e-05,0.0019204245634489,1.2694648549877204e-05,2.2312579584548502e-05,1.5881532187997602e-05,-11.274330027328126,-10.710359931616278,-11.050353621409423,389,eligible_regular_session
2018-08-17,2018-08-20,train,7.415755752323003e-06,0.0042514873011897,1.4919927008681938e-05,2.0907296054698743e-05,1.6165603616766042e-05,-11.11281285538012,-10.77541236638622,-11.032624806514901,389,eligible_regular_session
2018-08-20,2018-08-21,train,8.505530910691877e-06,0.0006687616779216,7.415755752323003e-06,1.830282068781375e-05,1.553461232105266e-05,-11.811903665474622,-10.908455374048517,-11.072439970625199,389,eligible_regular_session
2018-08-21,2018-08-22,train,8.977545481678106e-06,0.0001990949916721,8.505530910691877e-06,1.6951051325081996e-05,1.5510721484555837e-05,-11.674793910702933,-10.985180700982706,-11.07397906447824,389,eligible_regular_session
2018-08-22,2018-08-23,train,1.2081440095755767e-05,0.000940252119737,8.977545481678106e-06,1.0502681540650425e-05,1.552121096926308e-05,-11.620784044673753,-11.463879948582099,-11.073303019883056,389,eligible_regular_session
2018-08-23,2018-08-24,train,7.650222176772454e-06,-0.0008921122134075,1.2081440095755767e-05,1.0380039849826139e-05,1.516984666426652e-05,-11.323840159338122,-11.47562584113697,-11.096200872481779,389,eligible_regular_session
2018-08-24,2018-08-27,train,7.390678953641563e-06,0.0034184016993969,7.650222176772454e-06,8.926098883444241e-06,1.4684750814448066e-05,-11.780775867832208,-11.626531113682299,-11.128700962170765,389,eligible_regular_session
2018-08-27,2018-08-28,train,5.833448259528222e-06,0.0029661507448576,7.390678953641563e-06,8.921083523707952e-06,1.442447549463147e-05,-11.81529095257735,-11.627093147481686,-11.14658410708862,389,eligible_regular_session
2018-08-28,2018-08-29,train,6.519923048459518e-06,-0.0016379455208984,5.833448259528222e-06,8.386666993475222e-06,1.3417138413341646e-05,-12.05190226426358,-11.68886737583251,-11.218977682143098,389,eligible_regular_session
2018-08-29,2018-08-30,train,1.861190136756692e-05,0.0045501601241249,6.519923048459518e-06,7.895142506831505e-06,1.2558019027341327e-05,-11.94064798447887,-11.749262860155925,-11.285151130116526,389,eligible_regular_session
2018-08-30,2018-08-31,train,1.5142082396290588e-05,-0.0022069933779309,1.861190136756692e-05,9.201234761193735e-06,1.271632012695902e-05,-10.89170932339593,-11.59617286974183,-11.272624340102139,389,eligible_regular_session
2018-08-31,2018-09-04,train,2.124916095513863e-05,0.0015765229040901,1.5142082396290588e-05,1.0699606805097362e-05,1.2626314968455542e-05,-11.098032776725478,-11.44530356435877,-11.27972743230943,389,eligible_regular_session
2018-09-04,2018-09-05,train,2.5230616481472405e-05,0.0003521758982358,2.124916095513863e-05,1.3471303205396775e-05,1.2790815128299583e-05,-10.759193147837445,-11.214948823491586,-11.266783212715513,389,eligible_regular_session
2018-09-05,2018-09-06,train,3.141856258723415e-05,-0.000647227931615,2.5230616481472405e-05,1.735073684978561e-05,1.3511297145713756e-05,-10.587452361147976,-10.961875582744941,-11.211984396854799,389,eligible_regular_session
2018-09-06,2018-09-07,train,3.130391416873424e-05,-0.0038492529356545,3.141856258723415e-05,2.2330464757540536e-05,1.4656519557619463e-05,-10.368111674520836,-10.70955867918323,-11.130625300495758,389,eligible_regular_session
2018-09-07,2018-09-10,train,1.489587548334513e-05,0.0016376995032798,3.130391416873424e-05,2.4868867317774007e-05,1.5728607991619492e-05,-10.371767414922488,-10.60189384530458,-11.06002933866753,389,eligible_regular_session
2018-09-10,2018-09-11,train,1.3112190853185316e-05,-0.0023949530027436,1.489587548334513e-05,2.481962593518491e-05,1.613192554291973e-05,-11.114426196531019,-10.60387584940594,-11.03471029645353,389,eligible_regular_session
2018-09-11,2018-09-12,train,2.587148480327069e-05,0.0065656924333447,1.3112190853185316e-05,2.3192231914794248e-05,1.644643972287465e-05,-11.241968161016619,-10.67169316661938,-11.015401534397679,389,eligible_regular_session
2018-09-12,2018-09-13,train,1.6061064457250227e-05,0.0007860614744657,2.587148480327069e-05,2.3320405579153904e-05,1.6624855184026467e-05,-10.562369168621291,-10.666181804731252,-11.004611682195545,389,eligible_regular_session
2018-09-13,2018-09-14,train,1.5385153078275996e-05,0.0015267731021028,1.6061064457250227e-05,2.0248905953157118e-05,1.642589754177657e-05,-11.039112571614048,-10.807409792875823,-11.016651350229555,389,eligible_regular_session
2018-09-14,2018-09-17,train,1.236366483258952e-05,-0.0003958589761081,1.5385153078275996e-05,1.706515373506547e-05,1.643138733059136e-05,-11.082107599400574,-10.978471966852425,-11.01631719061246,389,eligible_regular_session
2018-09-17,2018-09-18,train,1.15834484156524e-05,-0.0046139848048158,1.236366483258952e-05,1.655871160491435e-05,1.5119763259171066e-05,-11.300748642393327,-11.008598213669472,-11.099507844797698,389,eligible_regular_session
2018-09-18,2018-09-19,train,1.1349866700147532e-05,0.0040877842691589,1.15834484156524e-05,1.6252963117407766e-05,1.5069254162160847e-05,-11.3659333395067,-11.02723532012485,-11.102854038112605,389,eligible_regular_session
2018-09-19,2018-09-20,train,8.151286006536966e-06,0.000560654776898,1.1349866700147532e-05,1.3348639496783136e-05,1.4906978693591102e-05,-11.386304558586223,-11.224096088664552,-11.113681085965853,389,eligible_regular_session
2018-09-20,2018-09-21,train,8.402272050818002e-06,0.0024251461849356,8.151286006536966e-06,1.1766683806640484e-05,1.4940411886964464e-05,-11.71733485094626,-11.350238426039194,-11.111440809231034,389,eligible_regular_session
2018-09-21,2018-09-24,train,1.2103934784722972e-05,-0.0030370554044376,8.402272050818002e-06,1.0370107601148885e-05,1.4935718302424743e-05,-11.687008406448495,-11.476583159581022,-11.111755012211713,389,eligible_regular_session
2018-09-24,2018-09-25,train,7.594879234580501e-06,-0.0004896849506034,1.2103934784722972e-05,1.0318161591575575e-05,1.50778269071086e-05,-11.321979969403923,-11.481604954130939,-11.10228531007163,389,eligible_regular_session
2018-09-25,2018-09-26,train,1.4216311582040006e-05,-0.0026510768822787,7.594879234580501e-06,9.520447755361194e-06,1.4873892322509726e-05,-11.788036322690683,-11.562068677140847,-11.115903075018922,389,eligible_regular_session
2018-09-26,2018-09-27,train,1.2629907474566589e-05,-0.0040276046279995,1.4216311582040006e-05,1.009373673173969e-05,1.5172350931840068e-05,-11.161120549650931,-11.503595452044777,-11.096035804175747,389,eligible_regular_session
2018-09-27,2018-09-28,train,1.1660118519693542e-05,0.0002470906801044,1.2629907474566589e-05,1.0989461025345615e-05,1.5410497682791205e-05,-11.279442947474584,-11.4185738330311,-11.080461613060882,389,eligible_regular_session
2018-09-28,2018-10-01,train,1.054222243336936e-05,0.0018238433871729,1.1660118519693542e-05,1.1641030319120721e-05,1.5675346330980538e-05,-11.359336212454346,-11.36097460418986,-11.063421377208952,389,eligible_regular_session
2018-10-01,2018-10-02,train,1.2492325035548447e-05,-0.0014451289209057,1.054222243336936e-05,1.1328687848849999e-05,1.5858178121203713e-05,-11.460122180022365,-11.38817230173613,-11.051825220915594,389,eligible_regular_session
2018-10-02,2018-10-03,train,1.3669253359620084e-05,0.0002565984299991,1.2492325035548447e-05,1.2308177009043587e-05,1.558001556065742e-05,-11.290396099385589,-11.305246718982643,-11.069521518763672,389,eligible_regular_session
2018-10-03,2018-10-04,train,3.978838541073659e-05,-0.0033243599486761,1.3669253359620084e-05,1.2198765364559604e-05,1.5513068786263305e-05,-11.20036152762132,-11.314175810972353,-11.073827741787397,389,eligible_regular_session
2018-10-04,2018-10-05,train,4.466112728769226e-05,-0.0063502094739808,3.978838541073659e-05,1.7630460951793607e-05,1.6355760806972305e-05,-10.131935512113587,-10.945882416020309,-11.02093037974512,389,eligible_regular_session
2018-10-05,2018-10-08,train,4.755718132825012e-05,-0.0065056778208712,4.466112728769226e-05,2.423066270539335e-05,1.7238965843618662e-05,-10.016407070319275,-10.627891672895196,-10.968338280396939,389,eligible_regular_session
2018-10-08,2018-10-09,train,4.232932901062054e-05,0.0026690793296713,4.755718132825012e-05,3.1633654484369505e-05,1.797253942275575e-05,-9.953577753494054,-10.361288988769738,-10.926665552586506,389,eligible_regular_session
2018-10-09,2018-10-10,train,0.0001215251207097,-0.0001284332018947,4.232932901062054e-05,3.7601055279383916e-05,1.8473694642841492e-05,-10.07003035494804,-10.188478442021205,-10.89916274895279,389,eligible_regular_session
2018-10-10,2018-10-11,train,0.0003581365946466,-0.0301101512117683,0.0001215251207097,5.9172228749399904e-05,2.332047851676671e-05,-9.015389561742156,-9.735058235103187,-10.666178677105597,389,eligible_regular_session
2018-10-11,2018-10-12,train,0.0001843618595876,-0.0179376029442674,0.0003581365946466,0.0001228418705965726,3.900340596192193e-05,-7.934596095042816,-9.004612634596715,-10.151861583290904,389,eligible_regular_session
2018-10-12,2018-10-15,train,7.538750607010191e-05,-0.0015350694066404,0.0001843618595876,0.00015078201705655413,4.6207513906664165e-05,-8.598610103443376,-8.799675359789402,-9.982368134428432,389,eligible_regular_session
2018-10-15,2018-10-16,train,3.7230727675684e-05,-0.0039041147964639,7.538750607010191e-05,0.00015634808200492447,4.890417034361197e-05,-9.492868998668493,-8.763425741453068,-9.925647882019396,389,eligible_regular_session
2018-10-16,2018-10-17,train,7.640192064469522e-05,0.0143209775615662,3.7230727675684e-05,0.00015532836173793717,4.989715100713052e-05,-10.198376124858786,-8.769969218997886,-9.905546650882208,389,eligible_regular_session
2018-10-17,2018-10-18,train,0.0001287688588378,0.0004308403411533,7.640192064469522e-05,0.00014630372172493624,5.2807980816771684e-05,-9.479502722779316,-8.829825811266982,-9.848848226841548,389,eligible_regular_session
2018-10-18,2018-10-19,train,7.814160273432173e-05,-0.0107025129844067,0.0001287688588378,0.00010043017456317622,5.813459038141475e-05,-8.957491552736954,-9.206047852402852,-9.75274971185778,389,eligible_regular_session
2018-10-19,2018-10-22,train,7.961609112113435e-05,-0.0038340272282464,7.814160273432173e-05,7.918612319252057e-05,6.117057838296813e-05,-9.456987957486504,-9.443709486710997,-9.70184422941744,389,eligible_regular_session
2018-10-22,2018-10-23,train,0.0001486064049396,-0.0078330561956505,7.961609112113435e-05,8.003184020272706e-05,6.441897861544983e-05,-9.438294335780453,-9.433085999938303,-9.650102269271517,389,eligible_regular_session
2018-10-23,2018-10-24,train,0.0001927274567546,0.0111930584448089,0.0001486064049396,0.00010230697565551026,7.07918937467581e-05,-8.814209324727914,-9.187532699105498,-9.555766058921952,389,eligible_regular_session
2018-10-24,2018-10-25,train,0.0001099281661351,-0.0306300216934919,0.0001927274567546,0.0001255720828774912,7.900205383629796e-05,-8.55423350823827,-8.982630598719501,-9.446036707907371,389,eligible_regular_session
2018-10-25,2018-10-26,train,0.0003280676465325,0.0104812562335204,0.0001099281661351,0.00012180394433695123,8.365356687723067e-05,-9.115683440627633,-9.013097819494007,-9.388826490947626,389,eligible_regular_session
2018-10-26,2018-10-29,train,0.0002219713170164,-0.0029488628811671,0.0003280676465325,0.00017178915309658689,9.791953664770613e-05,-8.022290731416204,-8.66924268721416,-9.2313644711589,389,eligible_regular_session
2018-10-29,2018-10-30,train,0.0002102467573701,-0.0187346814982442,0.0002219713170164,0.00020026019827563998,0.00010743505526324402,-8.412962387068202,-8.515893045594026,-9.138624030047001,389,eligible_regular_session
2018-10-30,2018-10-31,train,8.372295836797411e-05,0.0174411113120046,0.0002102467573701,0.00021258826876174001,0.00011646172066553519,-8.467228681964512,-8.456153273439003,-9.05794791693033,389,eligible_regular_session
2018-10-31,2018-11-01,train,8.028988027401562e-05,0.000564449648924,8.372295836797411e-05,0.00019078736908441485,0.0001197881177534718,-9.387997324556252,-8.564351000908607,-9.029786061229768,389,eligible_regular_session
2018-11-01,2018-11-02,train,0.0001484183485376,0.0069424381012012,8.028988027401562e-05,0.00018485971191219795,0.00012286982480976574,-9.429866968938109,-8.595913334539556,-9.00438509790362,389,eligible_regular_session
2018-11-02,2018-11-05,train,3.6329265459150407e-05,-0.0098219613537593,0.0001484183485376,0.00014892985231321795,0.0001289947836814921,-8.815475592437432,-8.812035152719323,-8.955738590997763,389,eligible_regular_session
2018-11-05,2018-11-06,train,3.458502437660659e-05,0.0032375214618725,3.6329265459150407e-05,0.00011180144200176804,0.00012883755095642,-10.222886930511107,-9.09878609927844,-8.956958242092215,389,eligible_regular_session
2018-11-06,2018-11-07,train,3.283967612278861e-05,0.0065862647907784,3.458502437660659e-05,7.666909540306934e-05,0.00012837954627864339,-10.272089791080209,-9.476011859040494,-8.960519476292813,389,eligible_regular_session
2018-11-07,2018-11-08,train,4.011022298659992e-05,0.0125598432470145,3.283967612278861e-05,6.649243895403225e-05,0.00012771056876930423,-10.323873135706735,-9.618422316706159,-8.965744035865644,389,eligible_regular_session
2018-11-08,2018-11-09,train,6.068878587247575e-05,0.0004525765760185,4.011022298659992e-05,5.845650749654911e-05,0.00012760970031366694,-10.123879318821054,-9.747227541828543,-8.966534168676072,389,eligible_regular_session
2018-11-09,2018-11-12,train,8.688481839595619e-05,-0.0040089132556953,6.068878587247575e-05,4.0910594963524255e-05,0.00012484441236652036,-9.709751623713297,-10.104121482899087,-8.988442297013583,389,eligible_regular_session
2018-11-12,2018-11-13,train,0.0001366703448165,-0.0177098736450643,8.688481839595619e-05,5.1021705550885414e-05,0.00011251478617330929,-9.350927242957907,-9.883259416744561,-9.092425912304675,389,eligible_regular_session
2018-11-13,2018-11-14,train,0.0001310794272463,-0.0046026627137729,0.0001366703448165,7.143876963886409e-05,0.0001103469900473502,-8.897938774004723,-9.54666984384467,-9.111880702050843,389,eligible_regular_session
2018-11-14,2018-11-15,train,0.0001892313060662,-0.0150571010842246,0.0001310794272463,9.108671986356638e-05,0.00011287844100990466,-8.93970710364046,-9.30369853969711,-9.089199061554204,389,eligible_regular_session
2018-11-15,2018-11-16,train,8.990956295242954e-05,0.0165768523706107,0.0001892313060662,0.00012091093647948638,0.00011978755820947356,-8.572540449568223,-9.020456345547288,-9.029790732355048,389,eligible_regular_session
2018-11-16,2018-11-19,train,0.0001151180296429,0.0076612989593615,8.990956295242954e-05,0.00012675509189547716,0.00012040154195073422,-9.316706248924469,-8.973253743554503,-9.024678218271776,389,eligible_regular_session
2018-11-19,2018-11-20,train,0.0001539838284623,-0.0148864702195927,0.0001151180296429,0.00013240173414486592,0.00011978104971460241,-9.069552611211796,-8.92966981677625,-9.02984506747791,389,eligible_regular_session
2018-11-20,2018-11-21,train,5.5571368212279345e-05,-0.0028726528274258,0.0001539838284623,0.0001358644308740259,0.00012322842361132868,-8.778662971049645,-8.903853001204105,-9.001470822343661,389,eligible_regular_session
2018-11-21,2018-11-26,train,3.705779393027557e-05,-0.0027357426926298,5.5571368212279345e-05,0.00012076281906722177,0.00012213548166092617,-9.797842449556088,-9.021682109018998,-9.01037962396861,389,eligible_regular_session
2018-11-26,2018-11-27,train,5.707348009738758e-05,0.006567194502722,3.705779393027557e-05,9.032811664003688e-05,0.00011706509025141144,-10.203031865854696,-9.312061776792527,-9.052780450923837,389,eligible_regular_session
2018-11-27,2018-11-28,train,6.797160409252103e-05,0.007506284215475,5.707348009738758e-05,8.37609000690285e-05,0.00011089900040335633,-9.771170995821743,-9.387544245649933,-9.106890677144008,389,eligible_regular_session
2018-11-28,2018-11-29,train,5.638359222876394e-05,0.0179739795923016,6.797160409252103e-05,7.43316149589527e-05,0.00010899188394687545,-9.596420526876537,-9.506974192583604,-9.124237137710331,389,eligible_regular_session
2018-11-29,2018-11-30,train,3.245271316968545e-05,0.0013157656180887,5.638359222876394e-05,5.4811567712245494e-05,9.66426087512511e-05,-9.783332359714809,-9.81160929664707,-9.24449082961344,389,eligible_regular_session
2018-11-30,2018-12-03,train,5.421245329571895e-05,0.0080167677956369,3.245271316968545e-05,5.018783670372671e-05,8.802812675821862e-05,-10.33572650753323,-9.8997378573637,-9.337854172301894,389,eligible_regular_session
2018-12-03,2018-12-04,train,0.0001413994448681,-0.0033450770059316,5.421245329571895e-05,5.361876857681539e-05,8.09356583912013e-05,-9.822599910307076,-9.833611391164016,-9.421856059797065,389,eligible_regular_session
2018-12-04,2018-12-06,train,0.0002243344695735,-0.02983227067267,0.0001413994448681,7.048396153095788e-05,8.355731686847975e-05,-8.863921730477683,-9.560125370041977,-9.389977732029848,389,eligible_regular_session
2018-12-06,2018-12-07,train,0.0002038078343941,0.0147150795665088,0.0002243344695735,0.00010175653462715366,9.01047982002745e-05,-8.402372452036888,-9.19292751332385,-9.314537140602846,389,eligible_regular_session
2018-12-07,2018-12-10,train,0.0002445299038086,-0.022416897623722,0.0002038078343941,0.0001312413830602209,9.262250210284268e-05,-8.498332996334037,-8.938472311522293,-9.286978442562214,389,eligible_regular_session
2018-12-10,2018-12-11,train,0.0001537793455131,0.0033568674460758,0.0002445299038086,0.00017365682118800378,0.00010208616748236311,-8.316172950562468,-8.658429498301777,-9.189693322066297,389,eligible_regular_session
2018-12-11,2018-12-12,train,9.018609509714397e-05,-0.0132113962530817,0.0001537793455131,0.00019357019963148,0.00010750409117038554,-8.779991804364224,-8.549870322493202,-9.137981653721786,389,eligible_regular_session
2018-12-12,2018-12-13,train,0.0001246792538581,-0.0064283760649775,9.018609509714397e-05,0.0001833275296772888,0.00011011074657831078,-9.313635299129961,-8.604236225212636,-9.114023911566504,389,eligible_regular_session
2018-12-13,2018-12-14,train,9.82630690055066e-05,-0.0043825701363367,0.0001246792538581,0.0001633964865342088,0.00011395479343610623,-8.98976608753845,-8.719330878008172,-9.079708737022134,389,eligible_regular_session
2018-12-14,2018-12-17,train,0.0001489765402264,-0.0091768525257117,9.82630690055066e-05,0.0001422875334564901,0.00011566271539669856,-9.227862298193244,-8.857660664179942,-9.064832228104478,389,eligible_regular_session
2018-12-17,2018-12-18,train,0.0001219086865624,-0.0161284393668474,0.0001489765402264,0.00012317686074005013,0.00011848506638899146,-8.811721712560042,-9.001889343173413,-9.04072362736436,389,eligible_regular_session
2018-12-18,2018-12-19,train,0.0004222876594259,-0.00691218132607,0.0001219086865624,0.00011680272894991012,0.000117814081922896,-9.012238264275132,-9.055024123545913,-9.046402752949845,389,eligible_regular_session
2018-12-19,2018-12-20,train,0.0004304769281011,-0.0156360186203784,0.0004222876594259,0.00018322304181566133,0.00013105081974924146,-7.769823818743802,-8.604806339530189,-8.939925372974121,389,eligible_regular_session
2018-12-20,2018-12-21,train,0.0003364356836304,-0.011050904999999,0.0004304769281011,0.00024438257666426134,0.0001420165298417369,-7.750616828793751,-8.316775623452534,-8.859567099801646,389,eligible_regular_session
2018-12-21,2018-12-26,train,0.0002785293317117,-0.0216300763115505,0.0003364356836304,0.00029201709958924006,0.0001532222625998265,-7.9971035604898475,-8.138698197173452,-8.783620993984066,389,eligible_regular_session
2018-12-26,2018-12-27,train,0.0003881677575588,0.0393669459012796,0.0002785293317117,0.0003179276578863,0.00016065004905749922,-8.185987183813468,-8.053686691987668,-8.736282167033645,389,eligible_regular_session
2018-12-27,2018-12-28,train,0.0002580785038811,0.0216181162059822,0.0003881677575588,0.00037117947208558006,0.0001712947731073401,-7.854072946941478,-7.898824860075001,-8.672124666191735,389,eligible_regular_session
2018-12-28,2018-12-31,train,0.0001531989833048,-0.0075603057113257,0.0002580785038811,0.00033833764097662,0.0001804996429104683,-8.262246740717089,-7.991466223286945,-8.619781758528651,389,eligible_regular_session
2018-12-31,2019-01-02,train,0.0001693309833599,0.0014651432333013,0.0001531989833048,0.00028288205201736,0.00018577878788203758,-8.783772937071449,-8.170480524520661,-8.59095390450655,389,eligible_regular_session
2019-01-02,2019-01-03,train,0.0002195653327898,0.0155762823943509,0.0001693309833599,0.00024946111196326004,0.00019088140166669725,-8.683655276946066,-8.296207518795446,-8.563858256459016,389,eligible_regular_session
2019-01-03,2019-01-04,train,0.0001331846554474,-0.0178650654295723,0.0002195653327898,0.00023766831217888,0.00019777202569839174,-8.423860726046849,-8.344634502628255,-8.528395575984755,389,eligible_regular_session
2019-01-04,2019-01-07,train,8.861693267917962e-05,0.0199873409246124,0.0001331846554474,0.0001866716917566,0.00020126298311742068,-8.923774005837783,-8.586159143140886,-8.510898131361737,389,eligible_regular_session
2019-01-07,2019-01-08,train,7.48407120342883e-05,0.0061224359839587,8.861693267917962e-05,0.00015277937751621593,0.00020381590218603404,-9.331187604852655,-8.78651565423941,-8.49829341182896,389,eligible_regular_session
2019-01-08,2019-01-09,train,7.836787825247471e-05,-0.0003456706725088,7.48407120342883e-05,0.00013710772326211358,0.00020475355031051448,-9.500148542516413,-8.894743639925661,-8.493703495647534,389,eligible_regular_session
2019-01-09,2019-01-10,train,5.488152153890733e-05,0.0011225604845335,7.836787825247471e-05,0.00011891510224062852,0.00020188847910071334,-9.454096430731928,-9.03710074601191,-8.507795096677203,389,eligible_regular_session
2019-01-10,2019-01-11,train,3.488215643950077e-05,0.0104639626180734,5.488152153890733e-05,8.597833999044999e-05,0.0001941860723718682,-9.810333850096653,-9.36141515400913,-8.54669372264045,389,eligible_regular_session
2019-01-11,2019-01-14,train,3.424828257477963e-05,0.0046377096189889,3.488215643950077e-05,6.631784018887015e-05,0.00018650763246484098,-10.263535136307581,-9.621051614180349,-8.587038394973343,389,eligible_regular_session
2019-01-14,2019-01-15,train,4.650354157987314e-05,0.0029554035155892,3.424828257477963e-05,5.544411016799015e-05,0.00017694937695421277,-10.281874138315336,-9.800135068601396,-8.639646872206336,389,eligible_regular_session
2019-01-15,2019-01-16,train,2.601014125550804e-05,0.0093805599051258,4.650354157987314e-05,4.977667607710711e-05,0.000172073204048157,-9.975982085263194,-9.907964035509977,-8.667590566763765,389,eligible_regular_session
2019-01-16,2019-01-17,train,4.7456860693739046e-05,0.0002485350781819,2.601014125550804e-05,3.9305128677713786e-05,0.00016915611523717354,-10.55702404770308,-10.14415554689835,-8.684688510643943,389,eligible_regular_session
2019-01-17,2019-01-18,train,3.652155474926496e-05,0.0108832518983859,4.7456860693739046e-05,3.7820196508680124e-05,0.00016564600645697534,-9.955689455504746,-10.18266729885428,-8.705657537827873,389,eligible_regular_session
2019-01-18,2019-01-22,train,7.822487246204808e-05,0.0065513900535138,3.652155474926496e-05,3.814807617063297e-05,0.00016283957399078252,-10.21760793060084,-10.174035229535935,-8.722745050454371,389,eligible_regular_session
2019-01-22,2019-01-23,train,6.136742781642825e-05,-0.0075799487678099,7.822487246204808e-05,4.694339414808666e-05,0.00015962358909240288,-9.455922898809531,-9.966568061930401,-8.74269208253926,389,eligible_regular_session
2019-01-23,2019-01-24,train,4.743105260509724e-05,-0.00298576026575,6.136742781642825e-05,4.991617139539768e-05,0.00015687171369485871,-9.69863135516074,-9.90516553164803,-8.76008219685632,389,eligible_regular_session
2019-01-24,2019-01-25,train,2.8981142261068844e-05,0.0014734599992775,4.743105260509724e-05,5.4200353665315515e-05,0.00013983277702118586,-9.956233425508533,-9.82282312434964,-8.875063299127417,389,eligible_regular_session
2019-01-25,2019-01-28,train,4.659664594570772e-05,0.0013183669936509,2.8981142261068844e-05,5.050520997878148e-05,0.00012158296857391172,-10.44886520635269,-9.893434059107738,-9.01491365931148,389,eligible_regular_session
2019-01-28,2019-01-29,train,2.9352902199244227e-05,0.002010393385181,4.659664594570772e-05,5.2520228218070024e-05,0.00010840846686097117,-9.973981994837025,-9.854312163183636,-9.129604364435432,389,eligible_regular_session
2019-01-29,2019-01-30,train,5.867538546456907e-05,-0.0021871413937514,2.9352902199244227e-05,4.274583416550926e-05,9.708226551949592e-05,-10.436119134151312,-10.060238813750551,-9.239951840753777,389,eligible_regular_session
2019-01-30,2019-01-31,train,3.3264746804611585e-05,0.0093683818849691,5.867538546456907e-05,4.2207425695137416e-05,8.210533951521268e-05,-9.743490246763141,-10.072914388062467,-9.40750750689459,389,eligible_regular_session
2019-01-31,2019-02-01,train,3.815767361717437e-05,0.008350073855861,3.3264746804611585e-05,3.937416453504029e-05,7.18865323753723e-05,-10.311012376264546,-10.142400679201293,-9.540421621277591,389,eligible_regular_session
2019-02-01,2019-02-04,train,1.9472732347310547e-05,0.0004250498573547,3.815767361717437e-05,4.12094708062614e-05,6.665738193502568e-05,-10.173783677153088,-10.096842454087376,-9.615944760758065,389,eligible_regular_session
2019-02-04,2019-02-05,train,1.694087527970904e-05,0.0068796629702517,1.9472732347310547e-05,3.578468808658196e-05,5.984564325263525e-05,-10.846495412149515,-10.237990463129098,-9.72374192305212,389,eligible_regular_session
2019-02-05,2019-02-06,train,1.8941688385694165e-05,0.0027950658244485,1.694087527970904e-05,3.330228270267492e-05,5.06354406385402e-05,-10.985781200670871,-10.309884613697417,-9.89085881896569,389,eligible_regular_session
2019-02-06,2019-02-07,train,5.345269626001194e-05,-0.001050137766994,1.8941688385694165e-05,2.535554328689994e-05,4.544257849937175e-05,-10.874145330267378,-10.58251318173723,-9.999061040016699,389,eligible_regular_session
2019-02-07,2019-02-08,train,3.3940729536585876e-05,-0.0027786662207461,5.345269626001194e-05,2.939313317798001e-05,4.384420411668232e-05,-9.836713477237684,-10.434749476275108,-10.034868023100188,389,eligible_regular_session
2019-02-08,2019-02-11,train,2.7776466298269047e-05,0.0056327327994947,3.3940729536585876e-05,2.8549744361862317e-05,4.198511400315039e-05,-10.290894803498638,-10.4638625759527,-10.07819543100195,389,eligible_regular_session
2019-02-11,2019-02-12,train,1.1253177881460355e-05,-0.0021968633511061,2.7776466298269047e-05,3.021049115205402e-05,3.9685504368868316e-05,-10.491321431815143,-10.407321304768226,-10.134524566194694,389,eligible_regular_session
2019-02-12,2019-02-13,train,1.610697611190401e-05,0.0060642024321749,1.1253177881460355e-05,2.9072951672404278e-05,3.770239783898436e-05,-11.39485999085131,-10.44570231182958,-10.18578686237682,389,eligible_regular_session
2019-02-13,2019-02-14,train,4.823549320023417e-05,-0.00013078021314,1.610697611190401e-05,2.850600921764625e-05,3.684898055136632e-05,-11.03625808094468,-10.465395643173379,-10.20868260453206,389,eligible_regular_session
2019-02-14,2019-02-15,train,2.3094204830110985e-05,0.0019724699267811,4.823549320023417e-05,2.7462568605690695e-05,3.7484762852523354e-05,-9.939415434448781,-10.502686622097697,-10.191576031492557,389,eligible_regular_session
2019-02-15,2019-02-19,train,1.0399727780886532e-05,0.0035081676587922,2.3094204830110985e-05,2.5293263664395716e-05,3.642070209117053e-05,-10.67592884506583,-10.58497245600812,-10.220373206223755,389,eligible_regular_session
2019-02-19,2019-02-20,train,2.6748395694833005e-05,0.0040952194423061,1.0399727780886532e-05,2.181791596091921e-05,3.5711137842324093e-05,-11.473730927074273,-10.73277909261943,-10.24004793345686,389,eligible_regular_session
2019-02-20,2019-02-21,train,2.5320108914892504e-05,0.0019659823212008,2.6748395694833005e-05,2.491695952359374e-05,3.4769843978737454e-05,-10.529036060445707,-10.599961880975393,-10.266760099192494,389,eligible_regular_session
2019-02-21,2019-02-22,train,1.6023622330466144e-05,-0.0017032374623872,2.5320108914892504e-05,2.6759586084191438e-05,3.4260687349902344e-05,-10.583911659161512,-10.528617790529724,-10.281512002517005,389,eligible_regular_session
2019-02-22,2019-02-25,train,1.3340325776747104e-05,0.0031347650747107,1.6023622330466144e-05,2.0317211910237834e-05,3.14333577984668e-05,-11.041446528870887,-10.804042153809867,-10.367640878675138,389,eligible_regular_session
2019-02-25,2019-02-26,train,1.8792097680990692e-05,-0.0046076863069747,1.3340325776747104e-05,1.8366436099565056e-05,2.925030770575402e-05,-11.224719096729475,-10.904985684115013,-10.439620464486904,389,eligible_regular_session
2019-02-26,2019-02-27,train,2.194386232207133e-05,0.0004547057648747,1.8792097680990692e-05,2.004491007958589e-05,2.794853702738554e-05,-10.882074112611877,-10.817535297807234,-10.485145702223761,389,eligible_regular_session
2019-02-27,2019-02-28,train,1.6474554815856918e-05,0.0015374501072601,2.194386232207133e-05,1.9084003405033554e-05,2.762866066652202e-05,-10.727023078406651,-10.866660091886956,-10.496656894090128,389,eligible_regular_session
2019-02-28,2019-03-01,train,1.459543742772992e-05,-0.0015754166538286,1.6474554815856918e-05,1.7314892585226438e-05,2.6259474706074258e-05,-11.013693499740075,-10.963943583696764,-10.547483692866459,389,eligible_regular_session
2019-03-01,2019-03-04,train,4.5315526905065886e-05,-0.0005455780677448,1.459543742772992e-05,1.7029255604679193e-05,2.5588680852823606e-05,-11.134801583039836,-10.980577775068324,-10.573360458444322,389,eligible_regular_session
2019-03-04,2019-03-05,train,2.2595098226975043e-05,-0.0082887731842376,4.5315526905065886e-05,2.342429583034295e-05,2.4981414554664373e-05,-10.001860826916923,-10.661736790895974,-10.597378427381553,389,eligible_regular_session
2019-03-05,2019-03-06,train,2.6601358807867012e-05,-0.0011893760044769,2.2595098226975043e-05,2.418489593953982e-05,2.4496430528408162e-05,-10.697777567822362,-10.629782254384555,-10.616983143745841,389,eligible_regular_session
2019-03-06,2019-03-07,train,5.300361111950296e-05,-0.0062692522019929,2.6601358807867012e-05,2.5116395236698958e-05,2.3971143491621466e-05,-10.534548260478793,-10.591989728385402,-10.638659805540211,389,eligible_regular_session
2019-03-07,2019-03-08,train,4.5262937563709254e-05,-0.0061836163082031,5.300361111950296e-05,3.242220649742816e-05,2.5495274344902938e-05,-9.845150512402945,-10.336666984212428,-10.57701744278146,389,eligible_regular_session
2019-03-08,2019-03-11,train,1.4931652425684214e-05,0.0064513757334477,4.5262937563709254e-05,3.855570652462403e-05,2.6782640812357495e-05,-10.003022015673526,-10.163406439737045,-10.527756611197924,389,eligible_regular_session
2019-03-11,2019-03-12,train,2.0157965049761756e-05,0.0118681599752125,1.4931652425684214e-05,3.2478931628747695e-05,2.6600366450538858e-05,-11.112027274326959,-10.33491893641537,-10.534585565935465,389,eligible_regular_session
2019-03-12,2019-03-13,train,1.7537654272069006e-05,0.0011935506677667,2.0157965049761756e-05,3.199150499330504e-05,2.5086969577345667e-05,-10.811911059847866,-10.350040159366886,-10.593161986971335,389,eligible_regular_session
2019-03-13,2019-03-14,train,1.3747134414695534e-05,0.0031498558011832,1.7537654272069006e-05,3.0178764086145437e-05,2.4341375247140357e-05,-10.95116031587765,-10.408372056883069,-10.623332970475147,389,eligible_regular_session
2019-03-14,2019-03-15,train,1.3837633483913395e-05,-0.0008149887189028,1.3747134414695534e-05,2.2327468745183952e-05,2.370367834334156e-05,-11.194680161775246,-10.709692855224354,-10.649880317505735,389,eligible_regular_session
2019-03-15,2019-03-18,train,1.1432694073556883e-05,0.0031512966612235,1.3837633483913395e-05,1.6042407929224782e-05,2.3821153597998515e-05,-11.188118613442107,-11.040274846516967,-10.644936565402983,389,eligible_regular_session
2019-03-18,2019-03-19,train,2.8808399326247138e-05,0.0026508245444272,1.1432694073556883e-05,1.5342616258799318e-05,2.3608686232619105e-05,-11.37903340595742,-11.084876225146328,-10.653895852946235,389,eligible_regular_session
2019-03-19,2019-03-20,train,4.993935517621069e-05,-0.0036811694483243,2.8808399326247138e-05,1.707270311409639e-05,2.2725636511074235e-05,-10.454843570069537,-10.97802967903176,-10.692016909004789,389,eligible_regular_session
2019-03-20,2019-03-21,train,2.6143607519192e-05,-0.0009979581615067,4.993935517621069e-05,2.3553043294924726e-05,2.394587061771513e-05,-9.904701185166157,-10.656255518890221,-10.639714665769697,389,eligible_regular_session
2019-03-21,2019-03-22,train,7.077284613115449e-05,0.0127486795541569,2.6143607519192e-05,2.603233791582402e-05,2.4661501514910834e-05,-10.551905851670174,-10.556171026785732,-10.610267173399201,389,eligible_regular_session
2019-03-22,2019-03-25,train,5.859227346703498e-05,-0.0144182659154366,7.077284613115449e-05,3.741938044527224e-05,2.6662612898379994e-05,-9.556035160051724,-10.193321794035935,-10.532248239824902,389,eligible_regular_session
2019-03-25,2019-03-26,train,3.540600835254256e-05,0.0011297820293602,5.859227346703498e-05,4.685129632396786e-05,2.817498401438647e-05,-9.744907722172938,-9.96853187999417,-10.47707606540731,389,eligible_regular_session
2019-03-26,2019-03-27,train,5.466552921501831e-05,4.257810421626889e-05,3.540600835254256e-05,4.8170818129226944e-05,2.905600156084449e-05,-10.24862902475367,-9.940757153259877,-10.446285501826901,389,eligible_regular_session
2019-03-27,2019-03-28,train,3.218288631938544e-05,-0.0056269687739455,5.466552921501831e-05,4.911605293698847e-05,3.093441989894773e-05,-9.814277226067002,-9.9213246328714,-10.383641081413565,389,eligible_regular_session
2019-03-28,2019-03-29,train,2.5551871287495084e-05,0.000710651270705,3.218288631938544e-05,5.0323908697027156e-05,3.154309210978386e-05,-10.344075727464302,-9.89703027177981,-10.36415594351175,389,eligible_regular_session
2019-03-29,2019-04-01,train,1.5149993968152712e-05,0.0010446850836643,2.5551871287495084e-05,4.127971372829527e-05,3.170709251730311e-05,-10.574800003781423,-10.095139371691582,-10.358970163390627,389,eligible_regular_session
2019-04-01,2019-04-02,train,1.4111785742217275e-05,0.0039812629376784,1.5149993968152712e-05,3.259125782851882e-05,3.164688520604383e-05,-11.09751042415071,-10.331466470323575,-10.360870827928132,389,eligible_regular_session
2019-04-02,2019-04-03,train,1.619482503135075e-05,-0.0018501844137714,1.4111785742217275e-05,2.8332413306453765e-05,3.162490103852052e-05,-11.168500241481105,-10.471504062206206,-10.361565740138229,389,eligible_regular_session
2019-04-03,2019-04-04,train,1.6942509904737165e-05,-0.0020025386079153,1.619482503135075e-05,2.0638272469720253e-05,3.0301232771533473e-05,-11.030818809267775,-10.788363319026267,-10.404322160747427,389,eligible_regular_session
2019-04-04,2019-04-05,train,9.700189515569714e-06,0.0018876030445943,1.6942509904737165e-05,1.7590197186790597e-05,3.0044296938704483e-05,-10.985684715327363,-10.948168789113309,-10.412837700728277,389,eligible_regular_session
2019-04-05,2019-04-08,train,9.61840307540653e-06,0.0022667389270019,9.700189515569714e-06,1.4419860832405523e-05,2.927606197087279e-05,-11.543365134958195,-11.146904077166141,-10.4387403734468,389,eligible_regular_session
2019-04-08,2019-04-09,train,1.690926821711191e-05,0.0030053576047071,9.61840307540653e-06,1.3313542653856288e-05,2.730400705977749e-05,-11.551832307543755,-11.226728796145158,-10.508477087797878,389,eligible_regular_session
2019-04-09,2019-04-10,train,1.1010896623218332e-05,-0.0013192568249445,1.690926821711191e-05,1.3873039148835214e-05,2.6015203907659435e-05,-10.98764867114619,-11.185563230925228,-10.556829425172408,389,eligible_regular_session
2019-04-10,2019-04-11,train,1.4397567012553754e-05,0.0017082264071041,1.1010896623218332e-05,1.2836253467208731e-05,2.5836987734820073e-05,-11.416625173377634,-11.263237088323223,-10.563703459574992,389,eligible_regular_session
2019-04-11,2019-04-12,train,8.878235627258192e-06,-0.0011764707239295,1.4397567012553754e-05,1.2327264888772047e-05,2.5575151460401528e-05,-11.148451323118785,-11.303697091123126,-10.573889323938781,389,eligible_regular_session
2019-04-12,2019-04-15,train,5.9697049399932774e-06,0.0013698537982021,8.878235627258192e-06,1.2162874111109744e-05,2.5181541522001037e-05,-11.63190771132587,-11.317122351532838,-10.589399311126591,389,eligible_regular_session
2019-04-15,2019-04-16,train,8.732729712179103e-06,-0.0011179584836686,5.9697049399932774e-06,1.1433134484027093e-05,2.4828022000423662e-05,-12.02881305556788,-11.378994884679335,-10.603537623299854,389,eligible_regular_session
2019-04-16,2019-04-17,train,1.5322567800756052e-05,-0.0023878782774942,8.732729712179103e-06,9.797826783040532e-06,2.4595980919890288e-05,-11.648432555180074,-11.533349953712028,-10.612927505613705,389,eligible_regular_session
2019-04-17,2019-04-18,train,9.83495314772407e-06,-0.0057753553540817,1.5322567800756052e-05,1.0660161018548077e-05,2.4772793362035704e-05,-11.086183796681578,-11.44899703441119,-10.60576454883761,389,eligible_regular_session
2019-04-18,2019-04-22,train,6.268311176319873e-06,0.0001342621522173,9.83495314772407e-06,9.74763824558214e-06,2.3910363990284656e-05,-11.5295678699654,-11.538485533519584,-10.641198553260494,389,eligible_regular_session
2019-04-22,2019-04-23,train,7.209917847086401e-06,0.0037759425279036,6.268311176319873e-06,9.225653355394476e-06,2.1925316535744164e-05,-11.980003589469874,-11.59352254611261,-10.727868582604124,389,eligible_regular_session
2019-04-23,2019-04-24,train,9.027198992691098e-06,0.0081221257239992,7.209917847086401e-06,9.4736959368131e-06,2.1064694277921182e-05,-11.840053001033802,-11.566991448466554,-10.767912175910809,389,eligible_regular_session
2019-04-24,2019-04-25,train,1.607254739194811e-05,-0.0013484751474536,9.027198992691098e-06,9.5325897929155e-06,1.825807395344557e-05,-11.615268427724715,-11.56079412559837,-10.910903167361543,389,eligible_regular_session
2019-04-25,2019-04-26,train,1.4502355520388852e-05,-0.0003792661075529,1.607254739194811e-05,9.68258571115391e-06,1.6325359131850713e-05,-11.038397872299166,-11.545181573424838,-11.0227908841555,389,eligible_regular_session
2019-04-26,2019-04-29,train,7.5519690970687425e-06,0.0050164392385221,1.4502355520388852e-05,1.0616066185686866e-05,1.5375193094025545e-05,-11.141199472049276,-11.453142026431678,-11.082755185389544,389,eligible_regular_session
2019-04-29,2019-04-30,train,1.5721274517555742e-05,0.0008295144416796,7.5519690970687425e-06,1.0872797769836638e-05,1.3233667634118747e-05,-11.793702221148946,-11.429246505419282,-11.232746397234232,389,eligible_regular_session
2019-04-30,2019-05-01,train,3.088197660619237e-05,0.0031284349008748,1.5721274517555742e-05,1.2575069103930508e-05,1.2485412552217398e-05,-11.06049569806932,-11.283794346651185,-11.290949590948484,389,eligible_regular_session
2019-05-01,2019-05-02,train,4.360504944313707e-05,-0.0097557100087425,3.088197660619237e-05,1.6946024626630762e-05,1.2727690066703639e-05,-10.385337825588318,-10.985477286947539,-11.271730617735667,389,eligible_regular_session
2019-05-02,2019-05-03,train,1.1807505897885304e-05,-0.0008222585849688,4.360504944313707e-05,2.2452525036868556e-05,1.4021101679202926e-05,-10.040337601399095,-10.704107476298107,-11.174947100329248,389,eligible_regular_session
2019-05-03,2019-05-06,train,2.8218531386346204e-05,0.0046863838851337,1.1807505897885304e-05,2.1913555112367845e-05,1.3916361686278746e-05,-11.346775135672956,-10.728405157712759,-11.182445310334064,389,eligible_regular_session
2019-05-06,2019-05-07,train,8.77361498449954e-05,0.0113896174209163,2.8218531386346204e-05,2.604686757022334e-05,1.4462893793323993e-05,-10.47553165448325,-10.555613043819568,-11.143924237236156,389,eligible_regular_session
2019-05-07,2019-05-08,train,7.648027852122762e-05,-0.0084763094571544,8.77361498449954e-05,4.0449842635711266e-05,1.7680786517881186e-05,-9.341176544600064,-10.115447804808225,-10.943032015438765,389,eligible_regular_session
2019-05-08,2019-05-09,train,9.108975454856978e-05,-0.0007914578510592,7.648027852122762e-05,4.9569503018718326e-05,2.0716245109047455e-05,-9.478477647475307,-9.912134771829976,-10.784592377601248,389,eligible_regular_session
2019-05-09,2019-05-10,train,0.0001031712879277,0.0053026987005377,9.108975454856978e-05,5.9066444039804864e-05,2.4419488357827604e-05,-9.303665223814658,-9.736847577546301,-10.620129041269118,389,eligible_regular_session
2019-05-10,2019-05-13,train,0.0001080797218325,0.006479094497269,0.0001031712879277,7.733920044576781e-05,2.8340489253763428e-05,-9.179119961381396,-9.467309610010687,-10.471219060132922,389,eligible_regular_session
2019-05-13,2019-05-14,train,4.245868878392247e-05,-0.0077864135388704,0.0001080797218325,9.331143853499856e-05,3.275270858145804e-05,-9.132641438034184,-9.279567858108013,-10.32652489452552,389,eligible_regular_session
2019-05-14,2019-05-15,train,4.926965203843738e-05,0.0044481762658017,4.245868878392247e-05,8.425594632278398e-05,3.4028214116520263e-05,-10.066978983373666,-9.3816514117235,-10.288320550507665,389,eligible_regular_session
2019-05-15,2019-05-16,train,2.7082694020252173e-05,0.0122019862547183,4.926965203843738e-05,7.881382102622593e-05,3.5864187589755674e-05,-9.918202243774779,-9.448422182746292,-10.235771320538275,389,eligible_regular_session
2019-05-16,2019-05-17,train,6.429622788445798e-05,0.0059917801249442,2.7082694020252173e-05,6.60124089205624e-05,3.6823868911585624e-05,-10.516615631107223,-9.62566781966234,-10.209364311319193,389,eligible_regular_session
2019-05-17,2019-05-20,train,4.721581228070327e-05,0.0017397061589808,6.429622788445798e-05,5.823739691191399e-05,3.934948246487103e-05,-9.65200959275788,-9.750982850955332,-10.143027735287198,389,eligible_regular_session
2019-05-20,2019-05-21,train,1.6563756721950415e-05,-2.8167129665659567e-05,4.721581228070327e-05,4.606461500155465e-05,4.079917539577772e-05,-9.960781715527624,-9.985465473159902,-10.106848687646202,389,eligible_regular_session
2019-05-21,2019-05-22,train,2.437819298785488e-05,0.0025625128732184,1.6563756721950415e-05,4.088562858916025e-05,4.11050301036971e-05,-11.008293579544667,-10.104731935901803,-10.09938005699949,389,eligible_regular_session
2019-05-22,2019-05-23,train,5.0531090388051625e-05,0.0007810489218075,2.437819298785488e-05,3.590733677904374e-05,4.1928206549675966e-05,-10.621821555285843,-10.23456891624587,-10.07955177018204,389,eligible_regular_session
2019-05-23,2019-05-24,train,1.885726395686901e-05,-0.0023993132066689,5.0531090388051625e-05,4.0597016052603634e-05,4.3897350756083477e-05,-9.892921759869896,-10.111815990298858,-10.03365658694595,389,eligible_regular_session
2019-05-24,2019-05-28,train,2.9385392629131936e-05,-0.004303967240973,1.885726395686901e-05,3.1509223267085835e-05,4.4344171890818834e-05,-10.878612362498663,-10.365230252861155,-10.023529269550412,389,eligible_regular_session
2019-05-28,2019-05-29,train,5.643842079281663e-05,-0.0102574834083353,2.9385392629131936e-05,2.794313933677157e-05,4.494930121978173e-05,-10.43501285643943,-10.485338850505647,-10.0099753428898,389,eligible_regular_session
2019-05-29,2019-05-30,train,3.107080452064326e-05,-0.0009230046069263,5.643842079281663e-05,3.5918072150944816e-05,4.685548600489209e-05,-9.782360411654308,-10.234269986601307,-9.968442458912303,389,eligible_regular_session
2019-05-30,2019-05-31,train,3.5730990012383296e-05,-0.0006022325803426,3.107080452064326e-05,3.7256594457502494e-05,4.7924523978690925e-05,-10.379241941085633,-10.19768159639092,-9.945883201712235,389,eligible_regular_session
2019-05-31,2019-06-03,train,0.0001099679496955,-0.0036053066744781,3.5730990012383296e-05,3.429657438236882e-05,4.88340565011831e-05,-10.239492178157676,-10.28046508101409,-9.927082609386964,389,eligible_regular_session
2019-06-03,2019-06-04,train,3.406951312220196e-05,-0.0031484739543305,0.0001099679496955,5.251871153009503e-05,5.2428873459787985e-05,-9.115321601031841,-9.85434104176864,-9.856053098168216,389,eligible_regular_session
2019-06-04,2019-06-05,train,3.585858584731987e-05,0.0122492186859266,3.406951312220196e-05,5.3455535628709025e-05,5.199543999065458e-05,-10.2871076169071,-9.836660359369253,-9.864354535715469,389,eligible_regular_session
2019-06-05,2019-06-06,train,3.284518545922655e-05,0.0021182921315403,3.585858584731987e-05,4.933956863960967e-05,5.308867089744705e-05,-10.23592752594358,-9.916784189511542,-9.843547006576646,389,eligible_regular_session
2019-06-06,2019-06-07,train,2.4689101399525424e-05,0.0052641999890994,3.284518545922655e-05,4.9694444827326336e-05,5.329897335530525e-05,-10.323705385137787,-9.909617405206943,-9.839593488604526,389,eligible_regular_session
2019-06-07,2019-06-10,train,2.275744045932395e-05,0.0063691813887126,2.4689101399525424e-05,4.748606710475476e-05,5.0433198425965705e-05,-10.609148650590475,-9.955074214062035,-9.89486090080598,389,eligible_regular_session
2019-06-10,2019-06-11,train,2.673051603443747e-05,-0.0007618282861299,2.275744045932395e-05,3.0043965257519547e-05,4.7991251241333715e-05,-10.690618412880443,-10.412848740527826,-9.94449182947436,389,eligible_regular_session
2019-06-11,2019-06-12,train,1.681889013873162e-05,-0.0077079188051726,2.673051603443747e-05,2.8576165839966653e-05,4.506583130887316e-05,-10.529704722558812,-10.462937549816749,-10.00738621924103,389,eligible_regular_session
2019-06-12,2019-06-13,train,2.0458995231702645e-05,-0.0020915321414921,1.681889013873162e-05,2.4768226698249003e-05,4.114072231846551e-05,-10.993007890214173,-10.605948907730264,-10.098512116322727,389,eligible_regular_session
2019-06-13,2019-06-14,train,1.6088654069162972e-05,0.0007505157986536,2.0458995231702645e-05,2.2290988652744224e-05,3.7157962018429263e-05,-10.797087907556614,-10.711328057456605,-10.20033248894484,389,eligible_regular_session
2019-06-14,2019-06-17,train,1.0826677404841143e-05,-0.0002112740700111,1.6088654069162972e-05,2.057089918667173e-05,3.5959324076849285e-05,-11.037396250604099,-10.791633141755947,-10.233122145065618,389,eligible_regular_session
2019-06-17,2019-06-18,train,2.9615728332188424e-05,-0.0007715529181913,1.0826677404841143e-05,1.818474657577517e-05,3.4211916138958554e-05,-11.433497339512938,-10.914927415516011,-10.282936549465902,389,eligible_regular_session
2019-06-18,2019-06-19,train,3.53844334026254e-05,0.0034950905230777,2.9615728332188424e-05,1.8761789035325357e-05,3.432705406222838e-05,-10.427204975183429,-10.883688254576724,-10.279576766520824,389,eligible_regular_session
2019-06-19,2019-06-20,train,1.9875279581308688e-05,0.0012992831837141,3.53844334026254e-05,2.2474897688104117e-05,3.301288158578144e-05,-10.249238568925177,-10.703111529870384,-10.318612721580672,389,eligible_regular_session
2019-06-20,2019-06-21,train,1.6514703224830633e-05,-0.0003079510619037,1.9875279581308688e-05,2.2358154558025326e-05,3.1770130099445325e-05,-10.826033830538732,-10.708319446266552,-10.356984014650463,389,eligible_regular_session
2019-06-21,2019-06-24,train,9.620622432456738e-06,-0.0005454918286081,1.6514703224830633e-05,2.2443364389158856e-05,3.176790039503079e-05,-11.011259469320487,-10.704515560332254,-10.35705419952708,389,eligible_regular_session
2019-06-24,2019-06-25,train,2.4020278594456373e-05,-0.0025329560442085,9.620622432456738e-06,2.2202153394681975e-05,3.109710173342178e-05,-11.551601593461157,-10.715321274029764,-10.378395934973106,389,eligible_regular_session
2019-06-25,2019-06-26,train,1.5936644841065437e-05,-0.0096087841899259,2.4020278594456373e-05,2.1083063447135567e-05,2.9892064833712906e-05,-10.636612142942713,-10.767040520033063,-10.417917502966665,389,eligible_regular_session
2019-06-26,2019-06-27,train,1.3238578840968353e-05,-0.004520184120231,1.5936644841065437e-05,1.7193505734823573e-05,2.9759309419358202e-05,-11.046889393516407,-10.970978819000479,-10.422368553263308,389,eligible_regular_session
2019-06-27,2019-06-28,train,1.216851893581424e-05,0.0008995497727517,1.3238578840968353e-05,1.586616558675551e-05,2.902536333807804e-05,-11.23237535151202,-11.051321666560359,-10.4473405123509,389,eligible_regular_session
2019-06-28,2019-07-01,train,1.7552483232472108e-05,0.0018991677281737,1.216851893581424e-05,1.499692872895223e-05,2.7013095071850658e-05,-11.316658356331669,-11.107665129229678,-10.519188806874585,389,eligible_regular_session
2019-07-01,2019-07-02,train,1.3623634949317382e-05,-0.0041649681506049,1.7552483232472108e-05,1.6583300888955302e-05,2.639862592238833e-05,-10.950315123334079,-11.007114339474603,-10.54219859756095,389,eligible_regular_session
2019-07-02,2019-07-05,train,1.6640155940175056e-05,0.0033826841686489,1.3623634949317382e-05,1.4503972159927503e-05,2.539374614679443e-05,-11.203704409640103,-11.141088003989056,-10.58100762894873,389,eligible_regular_session
2019-07-05,2019-07-08,train,9.35963911018619e-06,0.0024640119597468,1.6640155940175056e-05,1.4644674379749427e-05,2.1151573703370564e-05,-11.003691751210372,-11.1314338121585,-10.763796248461285,389,eligible_regular_session
2019-07-08,2019-07-09,train,8.297271982853196e-06,-0.0001343914421552,9.35963911018619e-06,1.3868886433592996e-05,2.0028397611915305e-05,-11.579103824822138,-11.18586261283085,-10.818359410891798,389,eligible_regular_session
2019-07-09,2019-07-10,train,1.705629254999783e-05,0.0052993759736702,8.297271982853196e-06,1.3094637043000786e-05,1.877561061807591e-05,-11.699583773952444,-11.243307797608981,-10.882951837909465,389,eligible_regular_session
2019-07-10,2019-07-11,train,1.0878173427416074e-05,0.0003375301845851,1.705629254999783e-05,1.2995398906505933e-05,1.805793366765642e-05,-10.978991357806303,-11.250915193419612,-10.921925431379762,389,eligible_regular_session
2019-07-11,2019-07-12,train,5.333045269865489e-06,-7.66708836027829e-05,1.0878173427416074e-05,1.2446306602125669e-05,1.7430164214378722e-05,-11.428752214140044,-11.294086637529185,-10.957308277112483,389,eligible_regular_session
2019-07-12,2019-07-15,train,5.661512641137957e-06,0.0033604427118158,5.333045269865489e-06,1.0184884468063757e-05,1.663814625122152e-05,-12.14158813775152,-11.494605851691642,-11.003812531948789,389,eligible_regular_session
2019-07-15,2019-07-16,train,1.004893197262563e-05,-0.000361574278427,5.661512641137957e-06,9.44525917425411e-06,1.5680464278798816e-05,-12.081819450369947,-11.569997617021574,-11.063094933863097,389,eligible_regular_session
2019-07-16,2019-07-17,train,9.818135171215495e-06,-0.0027795435641139,1.004893197262563e-05,9.795591172208597e-06,1.537273890761218e-05,-11.508044200486927,-11.533578153901168,-11.082914818006037,389,eligible_regular_session
2019-07-17,2019-07-18,train,1.5634274448633168e-05,-0.006475540727833,9.818135171215495e-06,8.347959696452129e-06,1.488906345031731e-05,-11.531279354729614,-11.693493396689565,-11.114883611143268,389,eligible_regular_session
2019-07-18,2019-07-19,train,2.2910007852112324e-05,0.0054135530969052,1.5634274448633168e-05,9.299179900695547e-06,1.4868409831202318e-05,-11.066044973719142,-11.585584344414297,-11.1162717412601,389,eligible_regular_session
2019-07-19,2019-07-22,train,1.2335135364578626e-05,-0.00962847817658,2.2910007852112324e-05,1.2814572417144915e-05,1.5417652124260098e-05,-10.683936718761595,-11.264927564514885,-11.079997463143219,389,eligible_regular_session
2019-07-22,2019-07-23,train,1.1361674103818555e-05,0.0007104962712964,1.2335135364578626e-05,1.4149296961833048e-05,1.4632170625732381e-05,-11.303058834019769,-11.165845619785461,-11.132287985808354,389,eligible_regular_session
2019-07-23,2019-07-24,train,9.140293164145026e-06,0.0030990934137298,1.1361674103818555e-05,1.4411845388071634e-05,1.354022702124116e-05,-11.385264787235021,-11.147460093135443,-11.209845523911609,389,eligible_regular_session
2019-07-24,2019-07-25,train,2.487768973462662e-05,0.0073196840500503,9.140293164145026e-06,1.4276276986657542e-05,1.3052273093188268e-05,-11.60281809816085,-11.156911350265018,-11.246548255977663,389,eligible_regular_session
2019-07-25,2019-07-26,train,7.0892531917793205e-06,-0.003861226764365,2.487768973462662e-05,1.612496004385623e-05,1.343240884363354e-05,-10.601539150730007,-11.035142173185896,-11.217840200621177,389,eligible_regular_session
2019-07-26,2019-07-29,train,6.78761060182046e-06,0.0037979360666877,7.0892531917793205e-06,1.2960809111789629e-05,1.3317346605420929e-05,-11.856930555580332,-11.25358043752366,-11.22644311649297,389,eligible_regular_session
2019-07-29,2019-07-30,train,1.3967912422675024e-05,-0.0013562688152444,6.78761060182046e-06,1.1851304159237997e-05,1.2534043514846571e-05,-11.900411577909473,-11.343072640806913,-11.287062134423236,389,eligible_regular_session
2019-07-30,2019-07-31,train,0.0001050175695907,0.0029877802496516,1.3967912422675024e-05,1.237255182300929e-05,1.2444555677647006e-05,-11.178747828740992,-11.300030101565046,-11.294227325662998,389,eligible_regular_session
2019-07-31,2019-08-01,train,0.0001302595029912,-0.0116212502724569,0.0001050175695907,3.154800710832029e-05,1.661632798445299e-05,-9.16138289236952,-10.364000137110935,-11.005124732511312,389,eligible_regular_session
2019-08-01,2019-08-02,train,8.06530211533647e-05,-0.009855184455881,0.0001302595029912,5.262436975963496e-05,2.1984099986970524e-05,-8.945981920366886,-9.852331242097385,-10.725191093764622,389,eligible_regular_session
2019-08-02,2019-08-05,train,0.0001105055663536,-0.0034695479282546,8.06530211533647e-05,6.733712335195205e-05,2.485230625610201e-05,-9.425354294040547,-9.605798863410028,-10.602560002641347,389,eligible_regular_session
2019-08-05,2019-08-06,train,8.010416428666124e-05,-0.0146457815697283,0.0001105055663536,8.808071450230794e-05,2.9256030410842124e-05,-9.110444664034482,-9.337256953612862,-10.439424837644049,389,eligible_regular_session
2019-08-06,2019-08-07,train,0.0001476550631804,0.0058272261470379,8.010416428666124e-05,0.00010130796487510519,3.2140758062955135e-05,-9.432182716643803,-9.197345523195361,-10.345385611655676,389,eligible_regular_session
2019-08-07,2019-08-08,train,3.5313025237752445e-05,0.0111801193827858,0.0001476550631804,0.00010983546359304519,3.842691370251031e-05,-8.820631658588503,-9.116527097493584,-10.166752466201103,389,eligible_regular_session
2019-08-08,2019-08-09,train,7.223889881652156e-05,0.0129510509478239,3.5313025237752445e-05,9.084616804235567e-05,3.965490248682391e-05,-10.25125867517878,-9.306342942962056,-10.135295973470624,389,eligible_regular_session
2019-08-09,2019-08-12,train,4.558929721588188e-05,-0.0039159205502125,7.223889881652156e-05,8.916334357498705e-05,4.2163202771665896e-05,-9.535531892375358,-9.325040549308707,-10.073962689546645,389,eligible_regular_session
2019-08-12,2019-08-13,train,0.000147935021385,-0.0073454127828219,4.558929721588188e-05,7.618008974744342e-05,4.374098112568707e-05,-9.995837579170708,-9.482410418817327,-10.037225112110177,389,eligible_regular_session
2019-08-13,2019-08-14,train,0.0001232131375648,0.0161353827870061,0.000147935021385,8.974626116711116e-05,5.0222889130920455e-05,-8.818737425304446,-9.318524189768786,-9.899039676400934,389,eligible_regular_session
2019-08-14,2019-08-15,train,9.774522070900056e-05,-0.0154882604184159,0.0001232131375648,8.485787604399118e-05,5.556614480926873e-05,-9.001594876472154,-9.374532747445215,-9.797936448474589,389,eligible_regular_session
2019-08-15,2019-08-16,train,3.2290034761574645e-05,-0.0015722335618625,9.774522070900056e-05,9.73443151382408e-05,5.955233975183123e-05,-9.233146253296653,-9.237256223965815,-9.728654972391892,389,eligible_regular_session
2019-08-16,2019-08-19,train,1.4061175316363531e-05,0.0069862453143107,3.2290034761574645e-05,8.935454232725142e-05,6.057378973321119e-05,-10.340751896651634,-9.322898480188774,-9.711648271102861,389,eligible_regular_session
2019-08-19,2019-08-20,train,3.4331935852989356e-05,5.4741091756302714e-05,1.4061175316363531e-05,8.304891794734774e-05,6.050228522719893e-05,-11.172093082161968,-9.396080750920037,-9.71282942129044,389,eligible_regular_session
2019-08-20,2019-08-21,train,1.756583470755632e-05,-0.0058456687493226,3.4331935852989356e-05,6.032830084094562e-05,6.102146377269335e-05,-10.27943456254214,-9.715709230321528,-9.704284890554858,389,eligible_regular_session
2019-08-21,2019-08-22,train,3.4915498788110567e-05,-0.0003384517063435,1.756583470755632e-05,3.9198840269496886e-05,6.125922283373778e-05,-10.949554752307751,-10.146863396567316,-9.700396142997647,389,eligible_regular_session
2019-08-22,2019-08-23,train,0.0001406998847503,-0.0035317501093985,3.4915498788110567e-05,2.6632895885318884e-05,6.232985122847834e-05,-10.2625797359854,-10.533363418826625,-9.683070093982906,389,eligible_regular_session
2019-08-23,2019-08-26,train,5.188865197381458e-05,-0.0213884037224776,0.0001406998847503,4.831486588306395e-05,6.830983266421264e-05,-8.868881412960826,-9.937771262402936,-9.591456838876384,389,eligible_regular_session
2019-08-26,2019-08-27,train,5.204880709001251e-05,0.0029395057405507,5.188865197381458e-05,5.588036121455416e-05,6.953760367508482e-05,-9.866410443457156,-9.792297559484842,-9.57364289164059,389,eligible_regular_session
2019-08-27,2019-08-28,train,3.5307439158057676e-05,-0.0089420925176172,5.204880709001251e-05,5.942373546195879e-05,7.158121976136815e-05,-9.863328681705555,-9.730816824507597,-9.544677812238358,389,eligible_regular_session
2019-08-28,2019-08-29,train,3.465053196366148e-05,0.0091904930076458,3.5307439158057676e-05,6.297205635205907e-05,7.287757560483348e-05,-10.25141687520633,-9.672819479937441,-9.526729571141713,389,eligible_regular_session
2019-08-29,2019-08-30,train,3.0063285623988928e-05,0.0029245093870897,3.465053196366148e-05,6.291906298716924e-05,7.381769467487832e-05,-10.270197479959588,-9.673661372015264,-9.513912089854685,389,eligible_regular_session
2019-08-30,2019-09-03,train,5.949742148531196e-05,-0.0051762703296402,3.0063285623988928e-05,4.0791743161907036e-05,7.041068176730054e-05,-10.412205877417255,-10.107030870517105,-9.561165576660901,389,eligible_regular_session
2019-09-03,2019-09-04,train,1.0678983599350865e-05,0.0004783297779216,5.949742148531196e-05,4.231349706420651e-05,6.71942235170329e-05,-9.72957758273305,-10.07040444327502,-9.607923273697867,389,eligible_regular_session
2019-09-04,2019-09-05,train,1.774301253239139e-05,0.0029216012872595,1.0678983599350865e-05,3.403953236607418e-05,6.401358544639591e-05,-11.44723289756115,-10.287987992130368,-9.656415224531306,389,eligible_regular_session
2019-09-05,2019-09-06,train,1.2844401908696186e-05,0.0038823493006519,1.774301253239139e-05,3.0526647040940926e-05,5.9797105727250065e-05,-10.93951877969431,-10.396910582307957,-9.724553297388832,389,eligible_regular_session
2019-09-06,2019-09-09,train,1.2811180297143494e-05,9.398212332654433e-05,1.2844401908696186e-05,2.616542102994787e-05,5.6739843800978925e-05,-11.262602490674398,-10.551071826928162,-9.777033881478106,389,eligible_regular_session
2019-09-09,2019-09-10,train,2.5417520810621345e-05,-0.002886343507316,1.2811180297143494e-05,2.2714999964578778e-05,5.061057639719454e-05,-11.265192307569192,-10.692485060312283,-9.891349983805029,389,eligible_regular_session
2019-09-10,2019-09-11,train,1.1247338940265829e-05,0.0032246106882216,2.5417520810621345e-05,1.5899019829640654e-05,5.0160780741415855e-05,-10.58007182604573,-11.049253096572826,-9.90027709674049,389,eligible_regular_session
2019-09-11,2019-09-12,train,4.337311069021212e-05,0.0068903046107706,1.1247338940265829e-05,1.601269089782365e-05,4.738843711067696e-05,-11.395378995936559,-11.042128969012413,-9.957132301834854,389,eligible_regular_session
2019-09-12,2019-09-13,train,1.1745264867257132e-05,0.0003057087815395,4.337311069021212e-05,2.1138710529387795e-05,4.728770135951016e-05,-10.04567087822027,-10.76440457610026,-9.959260309816779,389,eligible_regular_session
2019-09-13,2019-09-16,train,1.5376379790476052e-05,-0.0017478397367885,1.1745264867257132e-05,2.0918883121099983e-05,4.1097257881430934e-05,-11.352060388617076,-10.774858308285483,-10.099569156901204,389,eligible_regular_session
2019-09-16,2019-09-17,train,1.0302806519242036e-05,0.0009110523283821,1.5376379790476052e-05,2.1431923019766497e-05,3.619558707350711e-05,-11.08267800582832,-10.75062901756462,-10.226573350610217,389,eligible_regular_session
2019-09-17,2019-09-18,train,4.094090199900648e-05,0.0037934896219342,1.0302806519242036e-05,1.8408980161490634e-05,3.222093188306354e-05,-11.483094222247649,-10.902671960153175,-10.342894258130169,389,eligible_regular_session
2019-09-18,2019-09-19,train,1.560736828226647e-05,0.0022747000328105,4.094090199900648e-05,2.4347692773238768e-05,3.2614153121128634e-05,-10.103380945755799,-10.623073465564055,-10.33076421898531,389,eligible_regular_session
2019-09-19,2019-09-20,train,4.32121764392853e-05,-0.0018047336768268,1.560736828226647e-05,1.8794544291649634e-05,3.2684434619578764e-05,-11.067767429433184,-10.88194392749642,-10.328611598905125,389,eligible_regular_session
2019-09-20,2019-09-23,train,1.2163011255268202e-05,-0.0071027900095259,4.32121764392853e-05,2.5087926606055267e-05,3.308808191895585e-05,-10.049388240409353,-10.593123839260725,-10.31633740329088,389,eligible_regular_session
2019-09-23,2019-09-24,train,8.50671219382992e-05,0.0022821204838366,1.2163011255268202e-05,2.44452528990137e-05,3.284249903476094e-05,-11.317111075958987,-10.619074516353567,-10.323787178992687,389,eligible_regular_session
2019-09-24,2019-09-25,train,3.1186250367849834e-05,-0.0116125322451836,8.50671219382992e-05,3.939811598282513e-05,3.512211826886042e-05,-9.372069943236816,-10.141792560498482,-10.256679475843683,389,eligible_regular_session
2019-09-25,2019-09-26,train,3.3309229168830264e-05,0.0059033099849696,3.1186250367849834e-05,3.74471856565938e-05,3.0144225796930867e-05,-10.375533253620832,-10.19257900018154,-10.40951716898894,389,eligible_regular_session
2019-09-26,2019-09-27,train,5.379519187163587e-05,-0.0021267824844965,3.3309229168830264e-05,4.0987557833906555e-05,2.9299706578522493e-05,-10.309676047160332,-10.10224200478123,-10.437933056376295,389,eligible_regular_session
2019-09-27,2019-09-30,train,1.6097610887009162e-05,-0.007526975119441,5.379519187163587e-05,4.310416092037667e-05,2.9379087704959914e-05,-9.830326465206,-10.051891024438337,-10.435227439267708,389,eligible_regular_session
2019-09-30,2019-10-01,train,4.448649153166111e-05,0.0029195136945861,1.6097610887009162e-05,4.389108084672487e-05,2.850591369263953e-05,-11.036839689096288,-10.0337994283034,-10.465398994227048,389,eligible_regular_session
2019-10-01,2019-10-02,train,5.286943465551034e-05,-0.0161212440431639,4.448649153166111e-05,3.577495476539724e-05,2.8953002763912233e-05,-10.020324975962339,-10.238262496941923,-10.449836636909136,389,eligible_regular_session
2019-10-02,2019-10-03,train,0.0001124346644319,-0.0110283399761473,5.286943465551034e-05,4.0111591622929354e-05,2.9989645901708665e-05,-9.847685180879623,-10.123845197520351,-10.414658372485178,389,eligible_regular_session
2019-10-03,2019-10-04,train,2.995462386338088e-05,0.0093769722584011,0.0001124346644319,5.5936678675543296e-05,3.239588421746267e-05,-9.093138265631895,-9.791290244932311,-10.337479173560252,389,eligible_regular_session
2019-10-04,2019-10-07,train,3.4414309780826004e-05,0.0108286660980569,2.995462386338088e-05,5.11685650738923e-05,3.3272049684009486e-05,-10.41582685922961,-9.880385177872062,-10.31079286225688,389,eligible_regular_session
2019-10-07,2019-10-08,train,9.065283651567604e-05,-0.0016492703593438,3.4414309780826004e-05,5.483190485265567e-05,3.402983592257469e-05,-10.277038098080691,-9.811238328085649,-10.2882728910154,389,eligible_regular_session
2019-10-08,2019-10-09,train,2.9808157986224976e-05,-0.0078784216881972,9.065283651567604e-05,6.406517384945865e-05,3.756658295016469e-05,-9.3084733304016,-9.655609651364667,-10.18939565406745,389,eligible_regular_session
2019-10-09,2019-10-10,train,3.678000216589227e-05,0.0021121359618582,2.9808157986224976e-05,5.945291851560158e-05,3.833917284512294e-05,-10.420728443990766,-9.730325844096345,-10.169038394780781,389,eligible_regular_session
2019-10-10,2019-10-11,train,5.0999027138546975e-05,0.0068137952987276,3.678000216589227e-05,4.432198606240004e-05,3.885564927036253e-05,-10.210556279900329,-10.02402970465201,-10.155657079357427,389,eligible_regular_session
2019-10-11,2019-10-14,train,1.2582808722560168e-05,-0.000225584289516,5.0999027138546975e-05,4.8530866717433254e-05,4.066254418846621e-05,-9.883704001136657,-9.933310535291147,-10.110203179452423,389,eligible_regular_session
2019-10-14,2019-10-15,train,1.3257914326680793e-05,-0.0005864905116205,1.2582808722560168e-05,4.4164566505780084e-05,3.92629850081184e-05,-11.283179062728811,-10.02758775314921,-10.145228340215134,389,eligible_regular_session
2019-10-15,2019-10-16,train,1.0909903611407884e-05,0.0063922800684379,1.3257914326680793e-05,2.8685582067981037e-05,3.9331741801728564e-05,-11.230915876175246,-10.459115928396564,-10.143478685653273,389,eligible_regular_session
2019-10-16,2019-10-17,train,1.4777760283545533e-05,0.0001036697417377,1.0909903611407884e-05,2.490593119301762e-05,3.912872015722547e-05,-11.425839593043026,-10.600404582336056,-10.148653829733396,389,eligible_regular_session
2019-10-17,2019-10-18,train,1.7780897818162137e-05,-0.0017428951460294,1.4777760283545533e-05,2.0505482816548268e-05,3.933212714651199e-05,-11.122387190899667,-10.794818253113712,-10.143468888403568,389,eligible_regular_session
2019-10-18,2019-10-21,train,8.804490795252796e-06,-0.0033329185505604,1.7780897818162137e-05,1.3861856952471303e-05,3.8279399683746336e-05,-10.937385833193769,-11.186369593922151,-10.17059867374527,389,eligible_regular_session
2019-10-21,2019-10-22,train,1.595843311483264e-05,0.0021074753230267,8.804490795252796e-06,1.3106193367009829e-05,3.7970177979791174e-05,-11.640248649005516,-11.24242566337296,-10.17870949635227,389,eligible_regular_session
2019-10-22,2019-10-23,train,1.0815802603730178e-05,-0.0057603098325356,1.595843311483264e-05,1.3646297124640197e-05,3.673137146504332e-05,-11.045523146524532,-11.202042346054592,-10.2118793597325,389,eligible_regular_session
2019-10-23,2019-10-24,train,1.2863708782254577e-05,0.0029297433017871,1.0815802603730178e-05,1.3627476923104657e-05,3.667013470815523e-05,-11.434502289224975,-11.203422441415782,-10.213547902362965,389,eligible_regular_session
2019-10-24,2019-10-25,train,1.0306856054578132e-05,-0.0017028230141891,1.2863708782254577e-05,1.3244666622846466e-05,3.3388161382880474e-05,-11.261100483979295,-11.231915605595029,-10.30730917042809,389,eligible_regular_session
2019-10-25,2019-10-28,train,6.850807125894803e-06,0.0062276127443129,1.0306856054578132e-05,1.1749858270129665e-05,3.243909800500449e-05,-11.482701247799502,-11.351669379563479,-10.336146134128152,389,eligible_regular_session
2019-10-28,2019-10-29,train,1.1832712182625296e-05,0.000740620080957,6.850807125894803e-06,1.1359121536258067e-05,3.123644245759833e-05,-11.891144084033602,-11.385489477216101,-10.373925117275107,389,eligible_regular_session
2019-10-29,2019-10-30,train,2.399610411210945e-05,-6.257296751047649e-05,1.1832712182625296e-05,1.0533977349816596e-05,2.9329057017188757e-05,-11.344642643137876,-11.460904587103167,-10.436931826286553,389,eligible_regular_session
2019-10-30,2019-10-31,train,2.317574922451345e-05,0.0031782420884682,2.399610411210945e-05,1.317003765149245e-05,2.9688079436511494e-05,-10.637619069455159,-11.237566183329918,-10.424764958498445,389,eligible_regular_session
2019-10-31,2019-11-01,train,8.348657451230617e-06,-0.0023966911506767,2.317574922451345e-05,1.5232445739944228e-05,2.8719409331641154e-05,-10.672404118037582,-11.092082816954234,-10.457937380442777,389,eligible_regular_session
2019-11-01,2019-11-04,train,6.86378429056896e-06,0.0041105392749365,8.348657451230617e-06,1.4840806019274724e-05,2.6695737640537526e-05,-11.693409816312448,-11.11813000773269,-10.5310066442329,389,eligible_regular_session
2019-11-04,2019-11-05,train,1.1335961723411082e-05,-0.0022389885235707,6.86378429056896e-06,1.4843401452209554e-05,2.1897061270477025e-05,-11.889251622471587,-11.117955138119349,-10.729158118708602,389,eligible_regular_session
2019-11-05,2019-11-06,train,1.312534045773852e-05,-0.0018488407774232,1.1335961723411082e-05,1.4744051360366712e-05,2.1050758445932943e-05,-11.387530432133193,-11.124670854127052,-10.768573967799323,389,eligible_regular_session
2019-11-06,2019-11-07,train,1.7221387906892476e-05,0.0008714172461239,1.312534045773852e-05,1.2569898629492526e-05,2.0083078022156238e-05,-11.240965810185793,-11.284205599874149,-10.815632986932156,389,eligible_regular_session
2019-11-07,2019-11-08,train,1.1064392827527523e-05,-0.0014542065236071,1.7221387906892476e-05,1.1379026365968332e-05,1.6745284903575168e-05,-10.969358463670622,-11.383738689519555,-10.9973938376153,389,eligible_regular_session
2019-11-08,2019-11-11,train,4.181768064698028e-06,0.0035666137035146,1.1064392827527523e-05,1.1922173441227711e-05,1.589329557817983e-05,-11.411778459213348,-11.337110577274734,-11.049613199412098,389,eligible_regular_session
2019-11-11,2019-11-12,train,8.456184971135016e-06,0.0031571408210216,4.181768064698028e-06,1.1385770196053526e-05,1.4411557664489182e-05,-12.384776418874097,-11.383146210666157,-11.147480057716443,389,eligible_regular_session
2019-11-12,2019-11-13,train,1.774489513085515e-05,0.0005273314723942,8.456184971135016e-06,1.0809814845598312e-05,1.2477792111425003e-05,-11.680612435092652,-11.435056054526605,-11.291560124822784,389,eligible_regular_session
2019-11-13,2019-11-14,train,1.3610966631954364e-05,0.0042722165650333,1.774489513085515e-05,1.1733725780221639e-05,1.271243240271114e-05,-10.939412681668843,-11.353043317409696,-11.272930113991254,389,eligible_regular_session
2019-11-14,2019-11-15,train,4.902669800866467e-06,0.0023761235125076,1.3610966631954364e-05,1.1011641525234016e-05,1.2728480234769027e-05,-11.204634720167238,-11.41655752431639,-11.27166853706475,389,eligible_regular_session
2019-11-15,2019-11-18,train,8.052426053029899e-06,0.0031140771708766,4.902669800866467e-06,9.779296919901805e-06,1.2455424152471692e-05,-12.22573064390886,-11.53524296608232,-11.293354355034984,389,eligible_regular_session
2019-11-18,2019-11-19,train,9.38380306109954e-06,0.0019014308139531,8.052426053029899e-06,1.055342851756818e-05,1.2149727141993707e-05,-11.729537138890345,-11.459059772867553,-11.318203845878967,389,eligible_regular_session
2019-11-19,2019-11-20,train,2.7258966331849143e-05,-0.0023432783952651,9.38380306109954e-06,1.0738952135561083e-05,1.176804101667268e-05,-11.57652543350217,-11.441633040164792,-11.350123089229957,389,eligible_regular_session
2019-11-20,2019-11-21,train,1.5677860309427124e-05,-0.0021857299876255,2.7258966331849143e-05,1.2641766375759884e-05,1.2606880813790697e-05,-10.510128051275826,-11.278504434091262,-11.281267796730585,389,eligible_regular_session
2019-11-21,2019-11-22,train,9.080514482375028e-06,-0.0018315642457683,1.5677860309427124e-05,1.3055145111254436e-05,1.2594127504454081e-05,-11.06326101221147,-11.246328240497368,-11.282279923726797,389,eligible_regular_session
2019-11-22,2019-11-25,train,4.676810304976833e-06,-0.0005946746260442,9.080514482375028e-06,1.3890714047556145e-05,1.251525077166521e-05,-11.60937970590173,-11.184289995207875,-11.288562595593298,389,eligible_regular_session
2019-11-25,2019-11-26,train,6.36491344054233e-06,0.0039975108799072,4.676810304976833e-06,1.3215590897945533e-05,1.2143119022698041e-05,-12.272894239167115,-11.23411329672337,-11.318747884186694,389,eligible_regular_session
2019-11-26,2019-11-27,train,3.7751844326968457e-06,0.0023521548350044,6.36491344054233e-06,1.261181297383409e-05,1.1963939812969142e-05,-11.964709925333734,-11.280876645614844,-11.333613447887165,389,eligible_regular_session
2019-11-27,2019-12-02,train,2.9419712994386632e-05,0.0026827755020159,3.7751844326968457e-06,7.915056594003631e-06,1.182413878146014e-05,-12.487061320113183,-11.746743714435304,-11.34536745655903,389,eligible_regular_session
2019-12-02,2019-12-03,train,3.1038092520270155e-05,-0.0089004526422872,2.9419712994386632e-05,1.0663427130995533e-05,1.2623547909267479e-05,-10.433845598297893,-11.448690696429976,-11.279946606505547,389,eligible_regular_session
2019-12-03,2019-12-04,train,1.0838171865024196e-05,0.0039000421945891,3.1038092520270155e-05,1.505494273857456e-05,1.2943638291456598e-05,-10.380295316848411,-11.103804199520072,-11.254906142147313,389,eligible_regular_session
2019-12-04,2019-12-05,train,1.4418693958371991e-05,0.0026796946451646,1.0838171865024196e-05,1.628721505058403e-05,1.2382839320570725e-05,-11.43243622331329,-11.025130110642003,-11.299198969623403,389,eligible_regular_session
2019-12-05,2019-12-06,train,5.207150865302056e-06,0.0004266560655495,1.4418693958371991e-05,1.7897971154149965e-05,1.2658750070895331e-05,-11.146985001750792,-10.930823194884985,-11.277161876699417,389,eligible_regular_session
2019-12-06,2019-12-09,train,4.422014339178956e-06,0.0018455943277708,5.207150865302056e-06,1.8184364440671008e-05,1.2583448551565018e-05,-12.165477710648013,-10.914948429782982,-11.283128214563506,389,eligible_regular_session
2019-12-09,2019-12-10,train,1.583458333346003e-05,-0.0021377230089676,4.422014339178956e-06,1.318482470962947e-05,1.2269178215918103e-05,-12.328915232843423,-11.236444032928516,-11.308420276552184,389,eligible_regular_session
2019-12-10,2019-12-11,train,9.720788261786272e-06,-0.000315980475674,1.583458333346003e-05,1.0144122872267446e-05,1.2392325619359991e-05,-11.053314191331545,-11.498616047540374,-11.298433178616493,389,eligible_regular_session
2019-12-11,2019-12-12,train,4.8831256293485736e-05,0.0016056993019266,9.720788261786272e-06,9.920646151619862e-06,1.2051389271855163e-05,-11.54124384588851,-11.520892502536764,-11.326330612403115,389,eligible_regular_session
2019-12-12,2019-12-13,train,3.708652834073174e-05,0.0089222044341837,4.8831256293485736e-05,1.680315861864261e-05,1.3768064883944174e-05,-9.927139952319026,-10.99394367621285,-11.19315878640314,389,eligible_regular_session
2019-12-13,2019-12-16,train,6.077292081380058e-06,0.0016203593919796,3.708652834073174e-05,2.3179034113728548e-05,1.526373580558207e-05,-10.2022567717945,-10.672262389871294,-11.090030751742642,389,eligible_regular_session
2019-12-16,2019-12-17,train,7.514906088971917e-06,0.0005234051541695,6.077292081380058e-06,2.3510089662168766e-05,1.5155604310593208e-05,-12.010951342549896,-10.65808088163102,-11.097140172921682,389,eligible_regular_session
2019-12-17,2019-12-18,train,5.095098772122444e-06,-0.0009832380635121,7.514906088971917e-06,2.184615421327114e-05,1.4690604808689421e-05,-11.798622031314874,-10.73148566045994,-11.128302397169955,389,eligible_regular_session
2019-12-18,2019-12-19,train,4.3635454534923085e-06,-0.001311771219877,5.095098772122444e-06,2.0921016315338378e-05,1.4303519905969793e-05,-12.187231505388691,-10.774756338908453,-11.155004903717067,389,eligible_regular_session
2019-12-19,2019-12-20,train,4.21191522127163e-06,0.003146617017264,4.3635454534923085e-06,1.2027474147339692e-05,1.4279014253816418e-05,-12.342225653646455,-11.32831701283762,-11.156719633280295,389,eligible_regular_session
2019-12-20,2019-12-23,train,2.4878568823417765e-06,-0.0003352943947216,4.21191522127163e-06,5.452551523447672e-06,1.4104445579645591e-05,-12.377593091798335,-12.1194268894063,-11.169020520936822,389,eligible_regular_session
2019-12-23,2019-12-26,train,2.85210164120403e-06,-0.0008959810118187,2.4878568823417765e-06,4.734664483640015e-06,1.3790993480611144e-05,-12.904088907916389,-12.260599692624583,-11.191494825199968,389,eligible_regular_session
2019-12-26,2019-12-27,train,5.476605933542865e-06,0.0034072847372562,2.85210164120403e-06,3.8021035940864373e-06,1.2681590540127278e-05,-12.767454417476426,-12.479956067008207,-11.275359179903191,389,eligible_regular_session
2019-12-27,2019-12-30,train,1.542341029184233e-05,-0.0024355215728771,5.476605933542865e-06,3.878405026370522e-06,1.2217897159405267e-05,-12.115025004076918,-12.46008656452156,-11.31260870091034,389,eligible_regular_session
2019-12-30,2019-12-31,train,1.2803282121236394e-05,-0.0054659997614245,1.542341029184233e-05,6.090377994040527e-06,1.2506210605290144e-05,-11.079624053980366,-12.008800410181657,-11.289285188621117,389,eligible_regular_session
2019-12-31,2020-01-02,train,1.2098446136048882e-05,0.0053103704707255,1.2803282121236394e-05,7.80865137403348e-06,1.2875595687847395e-05,-11.265809004186002,-11.760278288404598,-11.260176845467486,389,eligible_regular_session
2020-01-02,2020-01-03,train,2.658082379653392e-05,0.0031730636207223,1.2098446136048882e-05,9.7307692247749e-06,1.313621081037042e-05,-11.322433532116298,-11.540217607874254,-11.240137957090463,389,eligible_regular_session
2020-01-03,2020-01-06,train,1.0259683721732435e-05,0.0028912311269159,2.658082379653392e-05,1.4476513655840877e-05,1.4172830781453925e-05,-10.535320512061862,-11.142982969620611,-11.16418375135167,389,eligible_regular_session
2020-01-06,2020-01-07,train,1.12038175774844e-05,0.0096854181589235,1.0259683721732435e-05,1.543312921347879e-05,1.3301920359969641e-05,-11.48728854503866,-11.07899411153616,-11.227602145191863,389,eligible_regular_session
2020-01-07,2020-01-08,train,1.983451978314692e-05,-0.0003644787685138,1.12038175774844e-05,1.4589210670607207e-05,1.2400362408024834e-05,-11.399255982608603,-11.1352282976054,-11.297784859326752,389,eligible_regular_session
2020-01-08,2020-01-09,train,1.0285674942908896e-05,0.004949391430863,1.983451978314692e-05,1.599545820298931e-05,1.280928731339405e-05,-10.828086714871,-11.043205738334194,-11.265340078779433,389,eligible_regular_session
2020-01-09,2020-01-10,train,1.2976093073915266e-05,0.0012712500604269,1.0285674942908896e-05,1.5632903964361314e-05,1.2621422812691182e-05,-11.484758413005816,-11.066132636523546,-11.280114964520672,389,eligible_regular_session
2020-01-10,2020-01-13,train,6.138013580719155e-06,-0.0048391921593809,1.2976093073915266e-05,1.2911957819837584e-05,1.2974556549446328e-05,-11.252401887842954,-11.25735671318322,-11.25252030680302,389,eligible_regular_session
2020-01-13,2020-01-14,train,2.599726165175552e-05,0.0044261078067673,6.138013580719155e-06,1.2087623791634928e-05,1.3052556514970882e-05,-12.001009389204961,-11.323328455943823,-11.246526541851434,389,eligible_regular_session
2020-01-14,2020-01-15,train,1.535392581448313e-05,-0.0006729629043389,2.599726165175552e-05,1.5046312606489153e-05,1.351449643852977e-05,-10.557519346575774,-11.104377606324734,-11.211747638380272,389,eligible_regular_session
2020-01-15,2020-01-16,train,7.240651561555319e-06,0.0022918791410403,1.535392581448313e-05,1.4150193812756393e-05,1.3770548145470534e-05,-11.084139363243867,-11.165782236954245,-11.192978438792284,389,eligible_regular_session
2020-01-16,2020-01-17,train,7.6078265558530445e-06,0.0037365718103502,7.240651561555319e-06,1.3541189136485678e-05,1.188006611220097e-05,-11.835799360925968,-11.209774470371475,-11.340648679045179,389,eligible_regular_session
2020-01-17,2020-01-21,train,1.1319975747895908e-05,0.0015451307416672,7.6078265558530445e-06,1.2467535832873234e-05,1.0540125121979212e-05,-11.786333030581863,-11.29238242542774,-11.460321143765997,389,eligible_regular_session
2020-01-21,2020-01-22,train,9.25660926957078e-06,0.0004758806894298,1.1319975747895908e-05,1.3503928266308586e-05,1.0778428925002659e-05,-11.388941627603554,-11.212529932157617,-11.437963742900171,389,eligible_regular_session
2020-01-22,2020-01-23,train,1.6900373073338902e-05,-0.0023212959159482,9.25660926957078e-06,1.0155797789871637e-05,1.0857597251393517e-05,-11.59017274595543,-11.49746580473049,-11.430645515506997,389,eligible_regular_session
2020-01-23,2020-01-24,train,4.148209103945727e-05,0.0040791052415059,1.6900373073338902e-05,1.046508724164279e-05,1.1394200628721539e-05,-10.988174860933405,-11.467465865584787,-11.382406048782919,389,eligible_regular_session
2020-01-24,2020-01-27,train,3.774510731448062e-05,-0.0112370226002919,4.148209103945727e-05,1.731337513722318e-05,1.3081407246265397e-05,-10.090248765086226,-10.964031225851803,-11.244318630087387,389,eligible_regular_session
2020-01-27,2020-01-28,train,1.8522312752684383e-05,0.0020585823426436,3.774510731448062e-05,2.3340831288948695e-05,1.4605643250502173e-05,-10.184654698232453,-10.665306315247028,-11.134102579924146,389,eligible_regular_session
2020-01-28,2020-01-29,train,2.2381587702276447e-05,0.0050706773497433,1.8522312752684383e-05,2.478129868990639e-05,1.533448215369956e-05,-10.896534457888267,-10.60542127434293,-11.085406529882519,389,eligible_regular_session
2020-01-29,2020-01-30,train,5.398856352155872e-05,-0.0054075181844996,2.2381587702276447e-05,2.7406294376447526e-05,1.622218606556649e-05,-10.707271914689029,-10.504737849184096,-11.029130742429583,389,eligible_regular_session
2020-01-30,2020-01-31,train,7.851269697192119e-05,0.0095931702124928,5.398856352155872e-05,3.4823932466091485e-05,1.842727504683994e-05,-9.826738320467758,-10.265205693008271,-10.901678651427838,389,eligible_regular_session
2020-01-31,2020-02-03,train,3.0004404271733924e-05,-0.0161544364234083,7.851269697192119e-05,4.223005365258427e-05,2.129496989593443e-05,-9.452250201389964,-10.072378418534164,-10.757039668258356,389,eligible_regular_session
2020-02-03,2020-02-04,train,1.476306561519332e-05,0.0015464142912068,3.0004404271733924e-05,4.0681913044034935e-05,2.2076839084593413e-05,-10.414166378019717,-10.109726961241773,-10.720981504204039,389,eligible_regular_session
2020-02-04,2020-02-05,train,2.6534558930854637e-05,0.0029697580431984,1.476306561519332e-05,3.993006361653672e-05,2.219795815182725e-05,-11.123382062851766,-10.128381043688893,-10.71551024845893,389,eligible_regular_session
2020-02-05,2020-02-06,train,1.530981274436108e-05,0.0014043218204348,2.6534558930854637e-05,4.0760657862252354e-05,2.219585520338728e-05,-10.537062563987456,-10.107793209841754,-10.715604989067254,389,eligible_regular_session
2020-02-06,2020-02-07,train,2.453915768073036e-05,0.0005441526153435,1.530981274436108e-05,3.302490770681283e-05,2.2425406522597675e-05,-11.087016579306052,-10.318248502205881,-10.705316022085725,389,eligible_regular_session
2020-02-07,2020-02-10,train,1.1359084769701476e-05,-0.0013213810352471,2.453915768073036e-05,2.2230199848574662e-05,2.303155834547249e-05,-10.615240443609219,-10.714058839989233,-10.678645180529793,389,eligible_regular_session
2020-02-10,2020-02-11,train,1.8379657660584474e-05,0.0098154338077189,1.1359084769701476e-05,1.8501135948168177e-05,2.2646311299406787e-05,-11.385492713964293,-10.897678425161372,-10.695513575836129,389,eligible_regular_session
2020-02-11,2020-02-12,train,1.1809611871859737e-05,-0.0029767458308676,1.8379657660584474e-05,1.9224454357246404e-05,2.301421960475568e-05,-10.90426606685848,-10.85932742491311,-10.67939828938399,389,eligible_regular_session
2020-02-12,2020-02-13,train,2.0434543805087415e-05,0.0014095979354024,1.1809611871859737e-05,1.6279464945447426e-05,2.296119773193497e-05,-11.346596792659168,-11.025606063688729,-10.681704821848466,389,eligible_regular_session
2020-02-13,2020-02-14,train,1.285916205619628e-05,0.0039675992272441,2.0434543805087415e-05,1.7304411157592692e-05,2.36110400148608e-05,-10.798283765391623,-10.964549108754799,-10.653796158075863,389,eligible_regular_session
2020-02-14,2020-02-18,train,1.811707727368235e-05,0.0007103870724151,1.285916205619628e-05,1.4968412032685877e-05,2.3013853669608108e-05,-11.26145400020493,-11.109568441800151,-10.679414189903891,389,eligible_regular_session
2020-02-18,2020-02-19,train,7.98769895399312e-06,0.0007569517470765,1.811707727368235e-05,1.6320010533482052e-05,2.3139451463208075e-05,-10.918655568721322,-11.023118562994572,-10.673971541613334,389,eligible_regular_session
2020-02-19,2020-02-20,train,5.257202268545253e-05,0.0014156208264454,7.98769895399312e-06,1.4241618792163781e-05,2.3173408162864337e-05,-11.737607830402672,-11.159341979216453,-10.672505136558007,389,eligible_regular_session
2020-02-20,2020-02-21,train,4.565512837113548e-05,-0.0023335574818533,5.257202268545253e-05,2.239410095488234e-05,2.5217235259664315e-05,-9.853326467832536,-10.706712984014509,-10.587982858350934,389,eligible_regular_session
2020-02-21,2020-02-24,train,0.000101196652052,-0.0067452119029698,4.565512837113548e-05,2.7438217868091956e-05,2.677792401526611e-05,-9.994394616134826,-10.503573703713812,-10.527932740673734,389,eligible_regular_session
2020-02-24,2020-02-25,train,0.000264673603349,-0.0023717751430734,0.000101196652052,4.51057158672527e-05,3.0957016869012896e-05,-9.198444884148266,-10.00650158185308,-10.382910868245176,389,eligible_regular_session
2020-02-25,2020-02-26,train,0.0002507258360914,-0.0368248298581214,0.000264673603349,9.441702108231622e-05,4.221943642699749e-05,-8.237013176601497,-9.267789192990982,-10.072629864117381,389,eligible_regular_session
2020-02-26,2020-02-27,train,0.0004408873439888,-0.0103535234373453,0.0002507258360914,0.0001429646485097976,5.173051574754034e-05,-8.291150502300578,-8.85291317148479,-9.869462704009369,389,eligible_regular_session
2020-02-27,2020-02-28,train,0.001112432577537,-0.0262916670334397,0.0004408873439888,0.0002206277127704671,7.00551628691003e-05,-7.7267211709595305,-8.419033834508829,-9.566227585269036,389,eligible_regular_session
2020-02-28,2020-03-02,train,0.0004602335846744,0.0193962539627535,0.001112432577537,0.00043398320260364006,0.00011977835672293283,-6.801206150221527,-7.742504728291125,-9.029867550349358,389,eligible_regular_session
2020-03-02,2020-03-03,train,0.0014279568956273,0.0345686121738687,0.0004602335846744,0.00050579058912812,0.00013968072022166572,-7.683776404593819,-7.589387829816646,-8.876151309660147,389,eligible_regular_session
2020-03-03,2020-03-04,train,0.000271676678812,-0.0270762414458417,0.0014279568956273,0.0007384472475837799,0.00020213382622647212,-6.551510600655269,-7.2109608903874385,-8.506580573851693,389,eligible_regular_session
2020-03-04,2020-03-05,train,0.0003035359237678,0.0223181790011014,0.000271676678812,0.0007426374161279,0.000210914007219203,-8.210897879547932,-7.2053026321850435,-8.464060056282916,389,eligible_regular_session
2020-03-05,2020-03-06,train,0.0004939614782345,-0.0089687290199052,0.0003035359237678,0.0007151671320837,0.00022334725810538783,-8.100010589501261,-7.2429942914198,-8.406782786465419,389,eligible_regular_session
2020-03-06,2020-03-09,train,0.0008983649956162,0.0122071216754677,0.0004939614782345,0.0005914729122232,0.0002451290041335381,-7.613053023099282,-7.432894670652447,-8.313725938513201,389,eligible_regular_session
2020-03-09,2020-03-10,train,0.0008681541203978,-0.0091979351187441,0.0008983649956162,0.0006790991944115599,0.0002847576603465084,-7.014934118326501,-7.294743352104163,-8.163872053991781,389,eligible_regular_session
2020-03-10,2020-03-11,train,0.0007311403975512,0.0143892403585216,0.0008681541203978,0.00056713863936566,0.00032352331069439197,-7.04914130100351,-7.47490677025275,-8.036239388831437,389,eligible_regular_session
2020-03-11,2020-03-12,train,0.0023685709421895,-0.0229418475249299,0.0007311403975512,0.0006590313831134999,0.00035564154887032237,-7.220905054342557,-7.324739402268663,-7.941587219557389,389,eligible_regular_session
2020-03-12,2020-03-13,train,0.0018687110051225,-0.0321131879106612,0.0023685709421895,0.00107203838679784,0.00046278754238940415,-6.045468483678543,-6.838193408394564,-7.678242480921039,389,eligible_regular_session
2020-03-13,2020-03-16,train,0.002650466159255,0.0331782386876882,0.0018687110051225,0.00134698829217544,0.0005468935127285821,-6.282506387867073,-6.609884073369383,-7.511256449578806,389,eligible_regular_session
2020-03-16,2020-03-17,train,0.0023447766683513,-0.0433645707856515,0.002650466159255,0.0016974085249032,0.000666832446700543,-5.933019745301377,-6.378652588111158,-7.312971747952759,389,eligible_regular_session
2020-03-17,2020-03-18,train,0.002417638833472,0.0326371729836292,0.0023447766683513,0.0019927330344939,0.0007724843614526436,-6.055565118996106,-6.2182481983073865,-7.165898793471535,389,eligible_regular_session
2020-03-18,2020-03-19,train,0.0017647596861915,0.0059942571426199,0.002417638833472,0.00233003272167806,0.0008817925283351801,-6.02496390375548,-6.0618729678644865,-7.033553758273,389,eligible_regular_session
2020-03-19,2020-03-20,train,0.0014253404509725,0.009352194699227,0.0017647596861915,0.00220927047047846,0.000961185374195081,-6.339740752999123,-6.1150929218046475,-6.9473432704109435,389,eligible_regular_session
2020-03-20,2020-03-23,train,0.0021683609218562,-0.0533329592785348,0.0014253404509725,0.00212059635964846,0.0010256104992868312,-6.553344580833523,-6.156057928135155,-6.8824672346361195,389,eligible_regular_session
2020-03-23,2020-03-24,train,0.000749500207333,-0.0156434514541189,0.0021683609218562,0.0020241753121687,0.0011217827219764107,-6.133783732389532,-6.202592914623786,-6.792836143062126,389,eligible_regular_session
2020-03-24,2020-03-25,train,0.0012202080185897,0.0381359170131463,0.000749500207333,0.00170512001996504,0.001153775680111041,-7.196103963793241,-6.374119777782751,-6.764715514443852,389,eligible_regular_session
2020-03-25,2020-03-26,train,0.0009556787578687,0.0157043684679828,0.0012202080185897,0.00146563385698858,0.0012046398331354818,-6.708733927730908,-6.525467463200031,-6.721574650380633,389,eligible_regular_session
2020-03-26,2020-03-27,train,0.000668900996501,0.0413295765373708,0.0009556787578687,0.0013038176713240201,0.0012360491583409228,-6.953088728716704,-6.642458647858047,-6.69583514861704,389,eligible_regular_session
2020-03-27,2020-03-30,train,0.0003487602904998,-0.0025830613596773,0.000668900996501,0.00115252978042972,0.0012550571201777228,-7.30987449608022,-6.765795943575062,-6.680574193348289,389,eligible_regular_session
2020-03-30,2020-03-31,train,0.0003537089174639,0.0198760485227767,0.0003487602904998,0.0007886096541584399,0.0012508695268373135,-7.961125718454554,-7.145239094447013,-6.683916348030548,389,eligible_regular_session
2020-03-31,2020-04-01,train,0.0003561463073078,-0.0095802063317631,0.0003537089174639,0.00070945139618462,0.001216382087743082,-7.947036250128614,-7.251018568031184,-6.711874327899969,389,eligible_regular_session
2020-04-01,2020-04-02,train,0.0006698385445706,-0.0074804371145042,0.0003561463073078,0.00053663905392824,0.0012116508478627818,-7.94016893595587,-7.530184842285218,-6.71577151215897,389,eligible_regular_session
2020-04-02,2020-04-03,train,0.0003580553040302,0.0225918227908186,0.0006698385445706,0.00047947101126861997,0.00117719092281475,-7.308473852872023,-7.642827121633877,-6.744624252461435,389,eligible_regular_session
2020-04-03,2020-04-06,train,0.0002306064190887,-0.0100912822258342,0.0003580553040302,0.00041730187277445993,0.0011811172239610318,-7.934823102963177,-7.781700682539646,-6.741294488469964,389,eligible_regular_session
2020-04-06,2020-04-07,train,0.0005534336079884,0.029013510059531,0.0002306064190887,0.00039367109849224003,0.0011778022464756183,-8.374798114052302,-7.839994772685757,-6.744105080106651,389,eligible_regular_session
2020-04-07,2020-04-08,train,0.0002771051114262,-0.0343493138784284,0.0005534336079884,0.00043361603659714004,0.0011805055251007954,-7.4993687624438765,-7.743351123750756,-6.74181252114403,389,eligible_regular_session
2020-04-08,2020-04-09,train,0.0003294210054709,0.0206514255260819,0.0002771051114262,0.00041780779742082,0.0011522664394557954,-8.19111366012256,-7.78048904596948,-6.766024459200694,389,eligible_regular_session
2020-04-09,2020-04-13,train,0.0002343228312529,0.0030630864861224,0.0003294210054709,0.00034972428960088,0.001127778570595482,-8.018173973368334,-7.958365457911642,-6.78750544783974,389,eligible_regular_session
2020-04-13,2020-04-14,train,0.0001243598222565,-0.0047980264095537,0.0002343228312529,0.00032497779504541996,0.001105195953945559,-8.358810772669978,-8.031753700905824,-6.807732625846833,389,eligible_regular_session
2020-04-14,2020-04-15,train,0.0001647777899158,0.0117896087517925,0.0001243598222565,0.00030372847567897995,0.001003186357584968,-8.992331402040584,-8.099376427782548,-6.90457398707664,389,eligible_regular_session
2020-04-15,2020-04-16,train,0.0001889132428262,0.0007402483403947,0.0001647777899158,0.00022599731206446,0.0009257348478028455,-8.710912719499584,-8.394987452282805,-6.984922705787249,389,eligible_regular_session
2020-04-16,2020-04-17,train,0.0001251098085941,-0.0006428066587553,0.0001889132428262,0.00020835893834446,0.0008138460788742637,-8.574222680957986,-8.476248300394658,-7.113739302133995,389,eligible_regular_session
2020-04-17,2020-04-20,train,0.0001355642768285,0.0057375747645305,0.0001251098085941,0.00016749669896910002,0.0007129521307034818,-8.986318737537022,-8.694546914540515,-7.246096277667105,389,eligible_regular_session
2020-04-20,2020-04-21,train,0.0002589329863668,-0.0022397059886772,0.0001355642768285,0.00014774498808422,0.0006092214690378682,-8.906064662383317,-8.82002282384922,-7.403328696202004,389,eligible_regular_session
2020-04-21,2020-04-22,train,9.085571045217308e-05,-0.0136152797971823,0.0002589329863668,0.00017465962090628,0.0005407748008640182,-8.258941269640204,-8.652671501447777,-7.5225076303566185,389,eligible_regular_session
2020-04-22,2020-04-23,train,0.0002601619479557,0.0018673473718842,9.085571045217308e-05,0.0001598752050135546,0.00048011640356763964,-9.306237909267246,-8.741117015729548,-7.6414819760299295,389,eligible_regular_session
2020-04-23,2020-04-24,train,8.832096733191213e-05,-0.0050135248822697,0.0002601619479557,0.00017412494603945462,0.0003933800865721624,-8.254206244103262,-8.655737435759804,-7.840734272069944,389,eligible_regular_session
2020-04-24,2020-04-27,train,4.799053281716611e-05,0.0068702290251349,8.832096733191213e-05,0.00016676717778701703,0.00036332648475393114,-9.334533022914941,-8.698911863259749,-7.920208720887952,389,eligible_regular_session
2020-04-27,2020-04-28,train,0.000131665993969,0.007300142235211,4.799053281716611e-05,0.00014925242898475026,0.0003100438717642705,-9.94450679948507,-8.8098715312193,-8.078796748678123,389,eligible_regular_session
2020-04-28,2020-04-29,train,7.330330864438479e-05,-0.0193463612633927,0.000131665993969,0.00012379903050519026,0.00027258874613246597,-8.935242190840516,-8.996851028881839,-8.207546323000594,389,eligible_regular_session
2020-04-29,2020-04-30,train,0.0001365924816178,0.0065633090941898,7.330330864438479e-05,0.00012028855014363262,0.00024551612395716526,-9.520904811694948,-9.025617117039223,-8.312147934853147,389,eligible_regular_session
2020-04-30,2020-05-01,train,0.0001130182493462,-0.0034954695725951,0.0001365924816178,9.55746568760526e-05,0.00023587213264434712,-8.898508651743478,-9.255602868489706,-8.352220710600228,389,eligible_regular_session
2020-05-01,2020-05-04,train,7.67395322584545e-05,-0.0090468455959932,0.0001130182493462,0.00010051411327891017,0.0002249316477299062,-9.087961253652496,-9.20521240968868,-8.39971398977982,389,eligible_regular_session
2020-05-04,2020-05-05,train,7.010358046348915e-05,0.0124247180659722,7.67395322584545e-05,0.00010626391316716785,0.00021223133977311777,-9.475093568310584,-9.14958481127692,-8.457833652900964,389,eligible_regular_session
2020-05-05,2020-05-06,train,9.58581549683363e-05,-0.0010871649414781,7.010358046348915e-05,9.395143046606569e-05,0.0001849706595864309,-9.56553668871612,-9.272732606397767,-8.59531334229386,389,eligible_regular_session
2020-05-06,2020-05-07,train,6.976220767119194e-05,-0.0130031409673123,9.58581549683363e-05,9.8462399730856e-05,0.0001730526073563462,-9.252641011566606,-9.225835811283899,-8.661914920927106,389,eligible_regular_session
2020-05-07,2020-05-08,train,3.935180508387493e-05,-0.0019868555109134,6.976220767119194e-05,8.509634494153439e-05,0.00016574150683736855,-9.570418132201567,-9.371726473465563,-8.705081171011347,389,eligible_regular_session
2020-05-08,2020-05-11,train,4.659674845058492e-05,0.0055389665530285,3.935180508387493e-05,7.036305608906937e-05,0.00014237415215989015,-10.142968711627562,-9.561842204003094,-8.85705209119348,389,eligible_regular_session
2020-05-11,2020-05-12,train,8.165816246812681e-05,0.0084423397405836,4.659674845058492e-05,6.433449932749545e-05,0.00013189649929736216,-9.973979795005635,-9.651414533630154,-8.933493039174243,389,eligible_regular_session
2020-05-12,2020-05-13,train,0.0002341700438824,-0.0256257131580267,8.165816246812681e-05,6.664541572842298e-05,0.00012063455188814522,-9.412968774553224,-9.61612429497407,-9.022744814802747,389,eligible_regular_session
2020-05-13,2020-05-14,train,0.000228064388038,-0.0157811548247577,0.0002341700438824,9.430779351123571e-05,0.00012062760700766793,-8.35946302325489,-9.26894672580946,-9.022802386039869,389,eligible_regular_session
2020-05-14,2020-05-15,train,0.0001296769259713,0.0213422302727985,0.000228064388038,0.00012596822958459733,0.00012534145090682705,-8.385882565202808,-8.979480828960972,-8.984468937466218,389,eligible_regular_session
2020-05-15,2020-05-18,train,5.343878093207605e-05,0.0130277029975639,0.0001296769259713,0.00014403325376208235,0.00012374595709116796,-8.950464385542523,-8.845466356144899,-8.99727982701951,389,eligible_regular_session
2020-05-18,2020-05-19,train,9.635558717891809e-05,0.0062409641783949,5.343878093207605e-05,0.00014540166025838055,0.00011758802700507138,-9.836973840895853,-8.83601057437172,-9.048323338864224,389,eligible_regular_session
2020-05-19,2020-05-20,train,5.588194077738803e-05,-0.0075541779181278,9.635558717891809e-05,0.00014834114520053882,0.00011628101694074496,-9.247465176420674,-8.815995901579562,-9.0595007366914,389,eligible_regular_session
2020-05-20,2020-05-21,train,8.94499754486057e-05,0.0031211895286668,5.588194077738803e-05,0.00011268352457953642,0.00011265909257478531,-9.792269293015634,-9.090927335896696,-9.091144179076698,389,eligible_regular_session
2020-05-21,2020-05-22,train,3.8743505303756145e-05,-0.0071731156393504,8.94499754486057e-05,8.496064206165757e-05,0.00010495531935123103,-9.321831022480174,-9.373322443276301,-9.161975828358605,389,eligible_regular_session
2020-05-22,2020-05-26,train,4.8003582025989695e-05,0.0031686939479068,3.8743505303756145e-05,6.67739579281488e-05,0.00010258658275357572,-10.158547421276575,-9.614197404808495,-9.184803406161361,389,eligible_regular_session
2020-05-26,2020-05-27,train,0.0001040942948784,-0.009477545722088,4.8003582025989695e-05,6.568691814693152e-05,9.294302066586161e-05,-9.944234924299279,-9.630610767262716,-9.283523933588969,389,eligible_regular_session
2020-05-27,2020-05-28,train,9.313162507964518e-05,0.0048973327719582,0.0001040942948784,6.723465968682791e-05,9.365999009979288e-05,-9.170213388087234,-9.607321674249135,-9.275839459912568,389,eligible_regular_session
2020-05-28,2020-05-29,train,0.000183404751339,-0.0050011545302287,9.313162507964518e-05,7.468459654727934e-05,9.571185792990555e-05,-9.28149674200016,-9.502236691274863,-9.254168359867705,389,eligible_regular_session
2020-05-29,2020-06-01,train,3.947631041215102e-05,0.0082710238718572,0.000183404751339,9.34755517253582e-05,9.80636196285419e-05,-8.603815091503662,-9.277810634734369,-9.22989411003673,389,eligible_regular_session
2020-06-01,2020-06-02,train,4.3139144042899016e-05,0.0079805002540564,3.947631041215102e-05,9.362211274703718e-05,9.652602879980402e-05,-10.13980980237225,-9.27624395508532,-9.245697857494147,389,eligible_regular_session
2020-06-02,2020-06-03,train,2.8616485116755623e-05,0.0052067349441965,4.3139144042899016e-05,9.264922515041905e-05,9.227814981912671e-05,-10.051079758579359,-9.286689968458173,-9.290703174500738,389,eligible_regular_session
2020-06-03,2020-06-04,train,5.47730068227068e-05,0.0058837868262529,2.8616485116755623e-05,7.755366319809016e-05,8.84417059905156e-05,-10.461527603510923,-9.464540432860431,-9.33316691235425,389,eligible_regular_session
2020-06-04,2020-06-05,train,6.781344771974597e-05,0.0011380295958574,5.47730068227068e-05,6.988193954670249e-05,8.744322756161797e-05,-9.812313061593805,-9.568703317692886,-9.344520803047821,389,eligible_regular_session
2020-06-05,2020-06-08,train,3.561031167969553e-05,0.0058086759448987,6.781344771974597e-05,4.676367882285169e-05,8.733913061872056e-05,-9.59875003873643,-9.970403749885977,-9.345711963944028,389,eligible_regular_session
2020-06-08,2020-06-09,train,4.989520142841974e-05,0.008960171295508,3.561031167969553e-05,4.5990479076360585e-05,8.46005922874187e-05,-10.242875308123857,-9.987076159498649,-9.377569290343285,389,eligible_regular_session
2020-06-09,2020-06-10,train,0.0001423906107157,0.0033632896352581,4.989520142841974e-05,4.734169055346473e-05,8.369754654911087e-05,-9.905585723589954,-9.958119243627488,-9.388300893334414,389,eligible_regular_session
2020-06-10,2020-06-11,train,0.0002452950642273,-0.0077295463093606,0.0001423906107157,7.00965156732536e-05,8.838112862328475e-05,-8.856936497145524,-9.565637470248175,-9.333852088222322,389,eligible_regular_session
2020-06-11,2020-06-12,train,0.0004269403181652,-0.0342290716254065,0.0002452950642273,0.00010820092715417223,9.741287024949906e-05,-8.313048728274874,-9.13152062269607,-9.236552217960046,389,eligible_regular_session
2020-06-12,2020-06-15,train,0.0002327851317373,-0.0129337218888246,0.0004269403181652,0.00018002630124326304,0.00011310751369027513,-7.758866324609319,-8.622407599730133,-9.087171743005738,389,eligible_regular_session
2020-06-15,2020-06-16,train,0.00031383880009,0.028462670037172,0.0002327851317373,0.00021946126525478394,0.00011304456313822514,-8.3653947112544,-8.424334809108919,-9.08772845293791,389,eligible_regular_session
2020-06-16,2020-06-17,train,0.0001085695614689,-0.0078625923941409,0.00031383880009,0.00027224998498710004,0.00011694340004967966,-8.0666310793879,-8.208789851295007,-9.05382050047541,389,eligible_regular_session
2020-06-17,2020-06-18,train,6.752449446623963e-05,-0.0066517317865381,0.0001085695614689,0.00026548577513774,0.00011598397439047966,-9.128119470884055,-8.233949296353245,-9.06205852820796,389,eligible_regular_session
2020-06-18,2020-06-19,train,0.0001265580144568,0.0057879921052446,6.752449446623963e-05,0.0002299316611855279,0.000116624234096578,-9.603020144929841,-8.377728418471854,-9.056553466050245,389,eligible_regular_session
2020-06-19,2020-06-22,train,4.850314439385476e-05,-0.0163242530798938,0.0001265580144568,0.0001698552004438479,0.0001179970717001181,-8.974809742620462,-8.680564245964474,-9.044850749907228,389,eligible_regular_session
2020-06-22,2020-06-23,train,5.719924381039034e-05,0.008477329278483,4.850314439385476e-05,0.00013299880297515886,0.00011766167186450294,-9.93388192925941,-8.925170429969798,-9.04769723934366,389,eligible_regular_session
2020-06-23,2020-06-24,train,0.0001694118997292,-0.0040693274854441,5.719924381039034e-05,8.167089171923694e-05,0.00011619572951731133,-9.76896987976398,-9.412812902088287,-9.060234465363703,389,eligible_regular_session
2020-06-24,2020-06-25,train,0.0001449329260106,-0.019563868452633,0.0001694118997292,9.383935937129693e-05,0.00012213520199119514,-8.683177531878178,-9.273926180461443,-9.010381913803206,389,eligible_regular_session
2020-06-25,2020-06-26,train,0.0001618146524513,0.0128255838241954,0.0001449329260106,0.000109321045680169,0.00012654108126322288,-8.839239501803721,-9.121221631635764,-8.974943549448607,389,eligible_regular_session
2020-06-26,2020-06-29,train,8.0363824182775e-05,-0.0209032692377445,0.0001618146524513,0.00011637237327906901,0.00012916473388017288,-8.729058998408584,-9.05871539380056,-8.954421961459275,389,eligible_regular_session
2020-06-29,2020-06-30,train,6.805493383924954e-05,0.0095789923829591,8.0363824182775e-05,0.0001227445092368531,0.00012858437929395153,-9.428946431011754,-9.005405523558116,-8.95892522092614,389,eligible_regular_session
2020-06-30,2020-07-01,train,6.699425315847423e-05,0.0161645497778827,6.805493383924954e-05,0.0001249156472426249,0.0001233412057712356,-9.595195328346612,-8.987871870515866,-9.000556012453613,389,eligible_regular_session
2020-07-01,2020-07-02,train,4.999923362271297e-05,0.0025191196407779,6.699425315847423e-05,0.00010443211792847974,0.00012459202135061393,-9.610903716006202,-9.166973286835036,-8.990465987765415,389,eligible_regular_session
2020-07-02,2020-07-06,train,3.527623280782786e-05,-0.0072926224306397,4.999923362271297e-05,8.544537945090233e-05,0.00012490384360424182,-9.903502880199337,-9.367633222996307,-8.987966367853538,389,eligible_regular_session
2020-07-06,2020-07-07,train,4.6248838775002174e-05,0.0019953867252048,3.527623280782786e-05,6.013769552220791e-05,0.00012520655940838148,-10.252301112350528,-9.71887369969131,-8.985545709229912,389,eligible_regular_session
2020-07-07,2020-07-08,train,5.8915349834364704e-05,-0.0049434490708831,4.6248838775002174e-05,5.331469844065335e-05,0.0001248190972243949,-9.981474201888561,-9.839298496692189,-8.988645091104345,389,eligible_regular_session
2020-07-08,2020-07-09,train,0.0001114214027841,0.0047775347968176,5.8915349834364704e-05,5.148678163967638e-05,0.00012441463822960485,-9.739408892865914,-9.874185450429994,-8.991890713925857,389,eligible_regular_session
2020-07-09,2020-07-10,train,5.898593078215268e-05,-0.0082870042353225,0.0001114214027841,6.0372211564801537e-05,0.0001278605969161687,-9.102191123394316,-9.714981632320196,-8.964569974122837,389,eligible_regular_session
2020-07-10,2020-07-13,train,9.40734813526312e-05,0.0097413097640185,5.898593078215268e-05,6.216955099668947e-05,0.0001282738118867929,-9.738211603814422,-9.685645211895219,-8.961343423414238,389,eligible_regular_session
2020-07-13,2020-07-14,train,0.0001897209738832,-0.0174332075685652,9.40734813526312e-05,7.392900070565014e-05,0.00012607757873392614,-9.271434364558136,-9.512405375250447,-8.978613136243375,389,eligible_regular_session
2020-07-14,2020-07-15,train,9.624012602968548e-05,0.0181677469088889,0.0001897209738832,0.00010262342772728969,0.00012355148371828525,-8.569956123702203,-9.184444310871385,-8.998852616550487,389,eligible_regular_session
2020-07-15,2020-07-16,train,5.385736569218276e-05,-0.0017432854654983,9.624012602968548e-05,0.00011008838296635385,0.00010851965680303456,-9.248664176763322,-9.11422703327802,-9.128579232701263,389,eligible_regular_session
2020-07-16,2020-07-17,train,2.8078131195337286e-05,0.0023227295341266,5.385736569218276e-05,9.85755755479704e-05,0.00010038657652825652,-9.829171382059501,-9.224687039536722,-9.20648205956304,389,eligible_regular_session
2020-07-17,2020-07-20,train,2.8189049141717185e-05,8.063415667260394e-05,2.8078131195337286e-05,9.239401563060733e-05,8.739745521486276e-05,-10.480519533894007,-9.289448347316556,-9.34504439226143,389,eligible_regular_session
2020-07-20,2020-07-21,train,5.07394760292237e-05,0.007690528832688,2.8189049141717185e-05,7.921712918842454e-05,8.374379556362717e-05,-10.476576983747071,-9.443318004896906,-9.387748472825729,389,eligible_regular_session
2020-07-21,2020-07-22,train,2.602666242596972e-05,-0.0041874581599595,5.07394760292237e-05,5.142082961762927e-05,8.298084018012645e-05,-9.888806330428569,-9.875467222113759,-9.396900818018903,389,eligible_regular_session
2020-07-22,2020-07-23,train,8.470894686880896e-05,0.0063487609942657,2.602666242596972e-05,3.737813689688612e-05,7.841123326963415e-05,-10.556389067464174,-10.194424599423911,-9.45354335937129,389,eligible_regular_session
2020-07-23,2020-07-24,train,6.476145687302263e-05,-0.0111031156848858,8.470894686880896e-05,4.3548453132211356e-05,8.005695156395027e-05,-9.376289331792535,-10.041636374648798,-9.432772282017742,389,eligible_regular_session
2020-07-24,2020-07-27,train,2.3630266740362144e-05,0.000699819475144,6.476145687302263e-05,5.088511826774843e-05,8.040068852134264e-05,-9.644799932912782,-9.885940049106742,-9.42848781811773,389,eligible_regular_session
2020-07-27,2020-07-28,train,3.4111442895807525e-05,0.0063604739207526,2.3630266740362144e-05,4.997336178747743e-05,7.377425065821366e-05,-10.652982178620869,-9.904020458755879,-9.514500794310356,389,eligible_regular_session
2020-07-28,2020-07-29,train,3.267978845655385e-05,-0.004958498316364,3.4111442895807525e-05,4.664775516079419e-05,6.873691051663217e-05,-10.285877661173409,-9.972885752712065,-9.585224232029894,389,eligible_regular_session
2020-07-29,2020-07-30,train,6.096047804895044e-05,0.008613052249085,3.267978845655385e-05,4.797838036691101e-05,6.286714397141643e-05,-10.32875376117109,-9.944760057543682,-9.674486884127546,389,eligible_regular_session
2020-07-30,2020-07-31,train,7.560427612307295e-05,0.0069726538943109,6.096047804895044e-05,4.322868660293931e-05,6.198517369260622e-05,-9.70528480460629,-10.049006241357661,-9.688615335506496,389,eligible_regular_session
2020-07-31,2020-08-03,train,2.694902106787277e-05,0.0027365744412631,7.560427612307295e-05,4.5397250452949374e-05,6.23283256145982e-05,-9.489997713903874,-10.000059017461332,-9.683094570738765,389,eligible_regular_session
2020-08-03,2020-08-04,train,2.159256985568953e-05,0.0014155143930134,2.694902106787277e-05,4.60610013184515e-05,6.0508087792298134e-05,-10.521563585281143,-9.985543924371397,-9.712733519344866,389,eligible_regular_session
2020-08-04,2020-08-05,train,1.6325611635313876e-05,0.005148352108093,2.159256985568953e-05,4.35572267104279e-05,5.921687580288798e-05,-10.743161290614175,-10.041434927894416,-9.73430399245943,389,eligible_regular_session
2020-08-05,2020-08-06,train,2.312011790393646e-05,0.0022201173326373,1.6325611635313876e-05,4.0286391346179895e-05,5.835548393141007e-05,-11.02277541732819,-10.119496829757242,-9.748957220247528,389,eligible_regular_session
2020-08-06,2020-08-07,train,4.323868849222306e-05,0.0075617729835588,2.312011790393646e-05,3.2718319317177105e-05,5.730417843727071e-05,-10.674807414521869,-10.327575413160933,-9.76713701478585,389,eligible_regular_session
2020-08-07,2020-08-10,train,2.791122498896587e-05,0.0039104708607623,4.323868849222306e-05,2.6245201791007125e-05,5.6591602921718825e-05,-10.048774896545416,-10.548027374548585,-9.779649942034833,389,eligible_regular_session
2020-08-10,2020-08-11,train,6.32612544576928e-05,0.0007144345852062,2.791122498896587e-05,2.6437642575225747e-05,5.2795685749212736e-05,-10.486481620696091,-10.54072170825598,-9.849081079885657,389,eligible_regular_session
2020-08-11,2020-08-12,train,2.6905131302786715e-05,-0.0130722373765952,6.32612544576928e-05,3.477137949562641e-05,5.299001864355547e-05,-9.668237510095388,-10.266715937850128,-9.845406989628085,389,eligible_regular_session
2020-08-12,2020-08-13,train,3.4358250579645485e-05,0.0047690176009386,2.6905131302786715e-05,3.688728342912097e-05,4.993691182310798e-05,-10.52319353479742,-10.207643688830826,-9.904750112767811,389,eligible_regular_session
2020-08-13,2020-08-14,train,2.5770359662172914e-05,0.0009520463039874,3.4358250579645485e-05,3.9134909964262776e-05,4.28749698547646e-05,-10.278668376590112,-10.148495651354995,-10.057222355574286,389,eligible_regular_session
2020-08-14,2020-08-17,train,5.548784742191258e-06,0.001753977689512,2.5770359662172914e-05,3.5641244198252744e-05,3.9671798656241307e-05,-10.566285576774463,-10.242007045806792,-10.134869984001016,389,eligible_regular_session
2020-08-17,2020-08-18,train,2.04760245684127e-05,-0.0002483120704249,5.548784742191258e-06,3.1168756148897826e-05,3.7475954067605324e-05,-12.101931619553293,-10.376094370374346,-10.191811055524356,389,eligible_regular_session
2020-08-18,2020-08-19,train,2.475809661574665e-05,0.000156372858121,2.04760245684127e-05,2.2611710171041803e-05,3.713040376638148e-05,-10.796255889505783,-10.697042636717816,-10.20107441543685,389,eligible_regular_session
2020-08-19,2020-08-20,train,1.9295240050756885e-05,-0.0053035004715405,2.475809661574665e-05,2.2182303233633792e-05,3.6974451378837365e-05,-10.606357986457121,-10.716215738618477,-10.2052833871019,389,eligible_regular_session
2020-08-20,2020-08-21,train,1.937835262831975e-05,0.0088537639903983,1.9295240050756885e-05,1.9169701127856072e-05,3.5545167925270687e-05,-10.855652121965951,-10.862179591646093,-10.244706334293223,389,eligible_regular_session
2020-08-21,2020-08-24,train,2.4294843092235424e-05,0.0040462363620142,1.937835262831975e-05,1.7891299721085436e-05,3.524297202537751e-05,-10.851353958813345,-10.931196012379091,-10.253244423750463,389,eligible_regular_session
2020-08-24,2020-08-25,train,2.1061880425369237e-05,0.0019394744418271,2.4294843092235424e-05,2.1640511391094272e-05,3.249687639916963e-05,-10.625246448565814,-10.740943472514097,-10.334366584042302,389,eligible_regular_session
2020-08-25,2020-08-26,train,2.0160325114815163e-05,0.0015868406026849,2.1061880425369237e-05,2.1757682562485582e-05,3.0510532015185376e-05,-10.76804576629056,-10.735543641533821,-10.397438621984076,389,eligible_regular_session
2020-08-26,2020-08-27,train,6.623342335012059e-05,0.0086085484945045,2.0160325114815163e-05,2.0838128262299286e-05,3.035280739584233e-05,-10.811793988164197,-10.778726159781627,-10.402621544049959,389,eligible_regular_session
2020-08-27,2020-08-28,train,2.2504098287460138e-05,-0.0004475890518697,6.623342335012059e-05,3.0225764922172023e-05,3.181289741649293e-05,-9.62232533798967,-10.406815854184906,-10.355638771268131,389,eligible_regular_session
2020-08-28,2020-08-31,train,3.388399084499186e-05,0.0029835129630231,2.2504098287460138e-05,3.08509140540001e-05,3.135036604517049e-05,-10.701813119231149,-10.386344179072873,-10.370284614871515,389,eligible_regular_session
2020-08-31,2020-09-01,train,2.57416704688981e-05,-0.0019778617292851,3.388399084499186e-05,3.276874360455139e-05,3.011961662680873e-05,-10.292567901581766,-10.326035435794722,-10.410333883307187,389,eligible_regular_session
2020-09-01,2020-09-02,train,4.316859644594158e-05,0.0074810584446299,2.57416704688981e-05,3.370470161325716e-05,2.7853134551618967e-05,-10.567399460120475,-10.297873216590592,-10.488565046699298,389,eligible_regular_session
2020-09-02,2020-09-03,train,0.0002848380067305,0.0106594292452288,4.316859644594158e-05,3.830635587948244e-05,2.859038797789482e-05,-10.050397261180656,-10.16989472568989,-10.462439981316576,389,eligible_regular_session
2020-09-03,2020-09-04,train,0.000416820936663,-0.0303494445870707,0.0002848380067305,8.202727255555832e-05,4.0556089654022564e-05,-8.163589936731526,-9.408458773855571,-10.112824612253478,389,eligible_regular_session
2020-09-04,2020-09-08,train,0.0002353616740816,-0.0106067757831934,0.000416820936663,0.0001608906402306663,5.876042260982649e-05,-7.782853836869711,-8.734785677002478,-9.742042014549906,389,eligible_regular_session
2020-09-08,2020-09-09,train,7.63837387668244e-05,-0.0067366307901114,0.0002353616740816,0.00020118617687798793,6.840776607244755e-05,-8.354387188281242,-8.511279825488598,-9.590024200709971,389,eligible_regular_session
2020-09-09,2020-09-10,train,0.0002189852677865,0.0065882535681521,7.63837387668244e-05,0.0002113145905375732,6.991435926674761e-05,-9.479740727812336,-8.462162584436212,-9.568239503973905,389,eligible_regular_session
2020-09-10,2020-09-11,train,0.0001708533968268,-0.0230039519390234,0.0002189852677865,0.0002464779248056848,7.85995430302719e-05,-8.426506100791805,-8.30823812303261,-9.451144672410239,389,eligible_regular_session
2020-09-11,2020-09-14,train,5.910078048955187e-05,-0.0058844060414689,0.0001708533968268,0.00022368100282494488,8.349009495614039e-05,-8.674704697676122,-8.405289615627087,-9.390782556423519,389,eligible_regular_session
2020-09-14,2020-09-15,train,3.360909204917568e-05,0.0021100082255695,5.910078048955187e-05,0.00015213697159025523,8.495353355553882e-05,-9.73626642738643,-8.79072931400762,-9.373406115001712,389,eligible_regular_session
2020-09-15,2020-09-16,train,7.991656913511176e-05,-0.0029478712422995,3.360909204917568e-05,0.00011178645518377037,8.491948089506291e-05,-10.300713930898143,-9.098920156785208,-9.3738070340181,389,eligible_regular_session
2020-09-16,2020-09-17,train,0.0001231299265337,-0.0079029698650938,7.991656913511176e-05,0.00011249302125742786,8.738067223474196e-05,-9.434527353285283,-9.09261937151125,-9.345236441237091,389,eligible_regular_session
2020-09-17,2020-09-18,train,0.0001141484590182,0.0076534570319503,0.0001231299265337,9.332195300686785e-05,9.272526958890143e-05,-9.002270446816052,-9.279455182966727,-9.285869527190297,389,eligible_regular_session
2020-09-18,2020-09-21,train,0.000167056292927,-0.0124754941236854,0.0001141484590182,8.198096544514784e-05,9.698310751843723e-05,-9.078010684701141,-9.40902346636377,-9.240973743921103,389,eligible_regular_session
2020-09-21,2020-09-22,train,7.54155616060026e-05,0.0049091210409616,0.000167056292927,0.00010357206793263747,0.00010345120735076692,-8.697179718952153,-9.17524287904126,-9.176410482977927,389,eligible_regular_session
2020-09-22,2020-09-23,train,0.0001233582349905,0.0052742483089676,7.54155616060026e-05,0.00011193336184400285,0.00010600213105782354,-9.492496916897787,-9.097606847277813,-9.152051359735205,389,eligible_regular_session
2020-09-23,2020-09-24,train,0.0001928822433265,-0.0251613227323193,0.0001233582349905,0.0001206216950150805,0.00011072848934701357,-9.000417956045872,-9.02285139751919,-9.10842939501856,389,eligible_regular_session
2020-09-24,2020-09-25,train,9.106955330724508e-05,0.0060307589903202,0.0001928822433265,0.0001345721583736405,0.0001183915529940256,-8.553430693474112,-8.913410009299243,-9.041513181015263,389,eligible_regular_session
2020-09-25,2020-09-28,train,4.9944106960304215e-05,0.0187315971035234,9.106955330724508e-05,0.00012995637723144953,0.00012157371994320176,-9.30388702133514,-8.948311723579545,-9.014989730677403,389,eligible_regular_session
2020-09-28,2020-09-29,train,4.942523573464557e-05,0.0020007651386328,4.9944106960304215e-05,0.00010653394003811037,0.0001229275282089058,-9.904606038602443,-9.147046937780475,-9.003915577792915,389,eligible_regular_session
2020-09-29,2020-09-30,train,0.0001134107386109,-0.0036480389998274,4.942523573464557e-05,0.00010133587486383896,0.00012216351968092967,-9.915049419376317,-9.197070064647535,-9.010150085411576,389,eligible_regular_session
2020-09-30,2020-10-01,train,9.04057281579778e-05,0.0042662803979061,0.0001134107386109,9.934637558791897e-05,0.0001262956396956315,-9.084494474408926,-9.216898070880834,-8.976885052595449,389,eligible_regular_session
2020-10-01,2020-10-02,train,0.000132440364506,-0.0020621366071907,9.04057281579778e-05,7.885107255421452e-05,0.00012886480957349447,-9.311202927994193,-9.447949642184652,-8.95674669092815,389,eligible_regular_session
2020-10-02,2020-10-05,train,2.3190401308104504e-05,0.0053422417684374,0.000132440364506,8.712523479396551e-05,0.00013371475021154458,-8.92937809305404,-9.348163993978,-8.919801756743743,389,eligible_regular_session
2020-10-05,2020-10-06,train,0.0001504987228862,0.0096088388702167,2.3190401308104504e-05,8.177449366352557e-05,0.00013280665043255196,-10.671772101624295,-9.411545176383813,-8.926616243617456,389,eligible_regular_session
2020-10-06,2020-10-07,train,3.602470104465799e-05,-0.015120347838925,0.0001504987228862,0.00010198919109383645,0.00012670031934872017,-8.801555959617328,-9.190643719963456,-8.973685950129543,389,eligible_regular_session
2020-10-07,2020-10-08,train,2.8726131074233734e-05,0.0070042646424063,3.602470104465799e-05,8.651198358058806e-05,0.00010939139954788643,-10.231305714665293,-9.355227615118105,-9.12057828580265,389,eligible_regular_session
2020-10-08,2020-10-09,train,2.2251753433498768e-05,0.0029168769446323,2.8726131074233734e-05,7.417606416383924e-05,9.999887486573342e-05,-10.45770335905223,-9.509069045225802,-9.210351623382145,389,eligible_regular_session
2020-10-09,2020-10-12,train,2.5742307848290396e-05,0.0036563744128392,2.2251753433498768e-05,5.2138341949339e-05,9.753833007785498e-05,-10.71308974645711,-9.861609949938867,-9.235265128211791,389,eligible_regular_session
2020-10-12,2020-10-13,train,5.7700610331738606e-05,0.0088586319484119,2.5742307848290396e-05,5.2648723257376164e-05,8.875455917157272e-05,-10.56737469981977,-9.851868569300802,-9.329635759980892,389,eligible_regular_session
2020-10-13,2020-10-14,train,6.433973985814833e-05,-0.0055962587900848,5.7700610331738606e-05,3.408910074648389e-05,8.361125069452448e-05,-9.76024280683305,-10.286532850968964,-9.389332469242683,389,eligible_regular_session
2020-10-14,2020-10-15,train,4.982246219333831e-05,-0.0074731314886368,6.433973985814833e-05,3.9752108509181954e-05,8.384938521127887e-05,-9.651333079398304,-10.132847674014581,-9.386488401728151,389,eligible_regular_session
2020-10-15,2020-10-16,train,3.4905380562092377e-05,0.011500702078628,4.982246219333831e-05,4.397137473300287e-05,8.458635658146808e-05,-9.907044627566263,-10.031971710011204,-9.377737574080056,389,eligible_regular_session
2020-10-16,2020-10-19,train,7.158255030466304e-05,-0.0048582395260735,3.4905380562092377e-05,4.65021001587216e-05,8.254039346451265e-05,-10.262869569805401,-9.976013081687167,-9.402222766695632,389,eligible_regular_session
2020-10-19,2020-10-20,train,9.474211234590178e-05,-0.0200753876055895,7.158255030466304e-05,5.5670148649996115e-05,8.019733090864733e-05,-9.544659224528713,-9.796066485573103,-9.431020324086418,389,eligible_regular_session
2020-10-20,2020-10-21,train,7.190071402982082e-05,-0.0001016500711699,9.474211234590178e-05,6.307844905282876e-05,7.931522424172469e-05,-9.264351964475916,-9.671131383159198,-9.442080464878138,389,eligible_regular_session
2020-10-21,2020-10-22,train,5.918927605613779e-05,-0.0018817088671785,7.190071402982082e-05,6.459064388716325e-05,7.498997065548928e-05,-9.540224362412859,-9.64744098913287,-9.49815617796337,389,eligible_regular_session
2020-10-22,2020-10-23,train,3.236332661202711e-05,0.0030536588582976,5.918927605613779e-05,6.646400665972315e-05,7.42524122214045e-05,-9.734770180183915,-9.61885001007012,-9.50804029297882,389,eligible_regular_session
2020-10-23,2020-10-26,train,9.058204936970244e-05,-0.0001529252732192,3.236332661202711e-05,6.595559586971009e-05,7.011628002238301e-05,-10.338484670933108,-9.626528832215381,-9.565355550910326,389,eligible_regular_session
2020-10-26,2020-10-27,train,5.340789589576506e-05,-0.0089165985693246,9.058204936970244e-05,6.975549568271799e-05,6.546627120616495e-05,-9.309254495123032,-9.57051434921658,-9.633975491369291,389,eligible_regular_session
2020-10-27,2020-10-28,train,0.0001372523279059,-0.0041292880109479,5.340789589576506e-05,6.148865239269063e-05,6.37543776874613e-05,-9.837551959712238,-9.696657914116583,-9.660472706676153,389,eligible_regular_session
2020-10-28,2020-10-29,train,0.000138000816178,-0.0168785236741867,0.0001372523279059,7.455897516790648e-05,6.772293318498838e-05,-8.893689516655447,-9.503920132747034,-9.600085688214593,389,eligible_regular_session
2020-10-29,2020-10-30,train,0.0002178568853474,0.0079405832391884,0.000138000816178,9.032128319227892e-05,7.174909593241358e-05,-8.888250958491225,-9.31213743104621,-9.542335303649034,389,eligible_regular_session
2020-10-30,2020-11-02,train,0.0001176334456417,-0.0059756247504513,0.0002178568853474,0.0001274199949393535,7.649664805679995e-05,-8.43167219999071,-8.968021880992199,-9.478263634342724,389,eligible_regular_session
2020-11-02,2020-11-03,train,7.6802543856826e-05,0.0010911603501328,0.0001176334456417,0.000132830274193753,7.773427157878732e-05,-9.047937161219114,-8.926438378576318,-9.462214322175878,389,eligible_regular_session
2020-11-03,2020-11-04,train,0.0001536638153158,0.0074166344880789,7.6802543856826e-05,0.0001375092037859652,7.52052797310976e-05,-9.47427279522345,-8.891819706472603,-9.495289120282902,389,eligible_regular_session
2020-11-04,2020-11-05,train,6.330797358897994e-05,0.005757611519485,0.0001536638153158,0.00014079150126794518,8.113588945872011e-05,-8.780743359236522,-8.868230476374979,-9.419385161332178,389,eligible_regular_session
2020-11-05,2020-11-06,train,6.813735245914743e-05,0.0035183924186304,6.330797358897994e-05,0.00012585293275014118,7.717267358157375e-05,-9.667499271676304,-8.980396533117394,-9.46946513274601,389,eligible_regular_session
2020-11-06,2020-11-09,train,0.0001826495451809,0.0011746460306458,6.813735245914743e-05,9.590902617249067e-05,7.863233955495963e-05,-9.593985000916195,-9.252110459831476,-9.450727498429693,389,eligible_regular_session
2020-11-09,2020-11-10,train,0.0001479247106354,-0.0256950700514231,0.0001826495451809,0.00010891224608033066,8.562885837798992e-05,-8.607941294838866,-9.124968081819382,-9.36548820104833,389,eligible_regular_session
2020-11-10,2020-11-11,train,3.412164088143484e-05,0.0008491491387525,0.0001479247106354,0.00012313667943604544,9.134126552353089e-05,-8.818807125560943,-9.00221560460697,-9.30090789521767,389,eligible_regular_session
2020-11-11,2020-11-12,train,6.853921504426523e-05,0.0018377156993549,3.412164088143484e-05,9.922824454917242e-05,9.172214429776472e-05,-10.285578745013131,-9.218087860921479,-9.296746721510772,389,eligible_regular_session
2020-11-12,2020-11-13,train,3.333933288997969e-05,-0.0066534182400983,6.853921504426523e-05,0.0001002744928402295,9.221480814833411e-05,-9.588104494103595,-9.207599204010007,-9.291389831313866,389,eligible_regular_session
2020-11-13,2020-11-16,train,3.874207995734106e-05,0.0061945169457179,3.333933288997969e-05,9.331488892639595e-05,9.080569874069009e-05,-10.308772690140565,-9.27953088163803,-9.3067885128651,389,eligible_regular_session
2020-11-16,2020-11-17,train,3.2184658698083574e-05,0.0043666804641622,3.874207995734106e-05,6.453339588168415e-05,9.03020450026902e-05,-10.158584211252682,-9.648327702549404,-9.312350451034865,389,eligible_regular_session
2020-11-17,2020-11-18,train,3.55373093867964e-05,0.0017272286716671,3.2184658698083574e-05,4.1385385494220866e-05,9.017837582705345e-05,-10.344020656894248,-10.09258274684075,-9.313720895478907,389,eligible_regular_session
2020-11-18,2020-11-19,train,4.0386611121799395e-05,-0.0117396474968375,3.55373093867964e-05,4.166851919529318e-05,8.853995578533223e-05,-10.244927444721656,-10.085764649631393,-9.332056630035463,389,eligible_regular_session
2020-11-19,2020-11-20,train,2.626164554630777e-05,0.0080391287234098,4.0386611121799395e-05,3.603799841080001e-05,8.606925118423666e-05,-10.117012235801148,-10.230936664757548,-9.360358339419315,389,eligible_regular_session
2020-11-20,2020-11-23,train,3.966861036338706e-05,-0.0057929422161745,2.626164554630777e-05,3.4622460942065626e-05,8.399474807134971e-05,-10.547401027446364,-10.271007926338612,-9.384756284035724,389,eligible_regular_session
2020-11-23,2020-11-24,train,3.10617217505894e-05,5.589574327434453e-05,3.966861036338706e-05,3.480776702327483e-05,8.310744508531558e-05,-10.134950353963696,-10.265670005763111,-9.39537626823493,389,eligible_regular_session
2020-11-24,2020-11-25,train,1.829494849929503e-05,0.0083607839064477,3.10617217505894e-05,3.4583179633776e-05,8.30482812279775e-05,-10.379534308728273,-10.272143131856001,-9.396088417748537,389,eligible_regular_session
2020-11-25,2020-11-30,train,4.401157457314461e-05,-0.000278194382543,1.829494849929503e-05,3.113470745627572e-05,7.976250391568626e-05,-10.90888557451237,-10.37718736566037,-9.43645703967799,389,eligible_regular_session
2020-11-30,2020-12-01,train,3.5624018346613165e-05,-0.0017918780363221,4.401157457314461e-05,3.1859700146544766e-05,7.93353984010217e-05,-10.031057900159269,-10.35416866512287,-9.441826143034712,389,eligible_regular_session
2020-12-01,2020-12-02,train,2.071425749179706e-05,0.0008851830775842,3.5624018346613165e-05,3.3732174706605846e-05,7.471592978469049e-05,-10.242490474937899,-10.297058437010998,-9.501817238430354,389,eligible_regular_session
2020-12-02,2020-12-03,train,2.9831659090739975e-05,0.0054440494659858,2.071425749179706e-05,2.994130413228784e-05,6.938472257168125e-05,-10.784688327064911,-10.416271621728775,-9.575843850539705,389,eligible_regular_session
2020-12-03,2020-12-04,train,1.2160988252372416e-05,-0.0011748144067985,2.9831659090739975e-05,2.9695291600317958e-05,6.083812137819671e-05,-10.419940342789817,-10.424522056698969,-9.707293969120322,389,eligible_regular_session
2020-12-04,2020-12-07,train,1.4492054300958166e-05,0.006439245636932,1.2160988252372416e-05,2.8468499550933435e-05,5.60439187695909e-05,-11.317277413974232,-10.466712360875484,-9.789374910860541,389,eligible_regular_session
2020-12-07,2020-12-08,train,1.195476334844403e-05,-5.417455584955751e-05,1.4492054300958166e-05,2.2564595496496145e-05,5.321162378977874e-05,-11.141910037977508,-10.699128450992843,-9.841233693193566,389,eligible_regular_session
2020-12-08,2020-12-09,train,5.6602764040895545e-05,0.0050997511906458,1.195476334844403e-05,1.783074449686232e-05,4.677030324580801e-05,-11.334380752444892,-10.934586371668619,-9.970262102479955,389,eligible_regular_session
2020-12-09,2020-12-10,train,4.781774624419619e-05,-0.0101443666119221,5.6602764040895545e-05,2.5008445806682018e-05,4.646552099362236e-05,-9.779452739302712,-10.596296957881265,-9.976800004414317,389,eligible_regular_session
2020-12-10,2020-12-11,train,3.047026819970074e-05,0.0034929023704889,4.781774624419619e-05,2.8605663237373257e-05,4.554190252930639e-05,-9.948113727028097,-10.461905844448136,-9.996877721097533,389,eligible_regular_session
2020-12-11,2020-12-14,train,4.224453374251545e-05,0.0028457454017039,3.047026819970074e-05,3.226751922683892e-05,3.862466266652461e-05,-10.39875916291479,-10.341449430379528,-10.161619556337262,389,eligible_regular_session
2020-12-14,2020-12-15,train,2.0271914537281797e-05,-0.0108797075883936,4.224453374251545e-05,3.781801511515038e-05,3.382101826230258e-05,-10.072035591406634,-10.182724978523947,-10.294428106659014,389,eligible_regular_session
2020-12-15,2020-12-16,train,1.7635779209950717e-05,0.0055424961454833,2.0271914537281797e-05,3.948144535291793e-05,3.319148524665927e-05,-10.806274150195394,-10.139679734319419,-10.313217183409613,389,eligible_regular_session
2020-12-16,2020-12-17,train,1.385272168835169e-05,0.0007406066284939,1.7635779209950717e-05,3.168804838672897e-05,3.0877692708735874e-05,-10.945580809828492,-10.359570970672555,-10.385476553580578,389,eligible_regular_session
2020-12-17,2020-12-18,train,3.832086711225052e-05,0.0002337355655423,1.385272168835169e-05,2.489504347556007e-05,2.999193765411642e-05,-11.187028832842493,-10.60084183151455,-10.414581957283277,389,eligible_regular_session
2020-12-18,2020-12-21,train,6.50821685020579e-05,-0.0039592081670394,3.832086711225052e-05,2.6465163258070025e-05,2.9972791615703215e-05,-10.169515976927375,-10.539681283843953,-10.415220533969837,389,eligible_regular_session
2020-12-21,2020-12-22,train,2.8156901632390025e-05,0.0082506745692854,6.50821685020579e-05,3.103269020997852e-05,3.1468132970429316e-05,-9.639859955608353,-10.380469386195298,-10.366535175930087,389,eligible_regular_session
2020-12-22,2020-12-23,train,1.773226860223377e-05,-0.0019536363211488,2.8156901632390025e-05,3.260968762900016e-05,3.113265989068357e-05,-10.477718059986753,-10.330901147203093,-10.377253132551767,389,eligible_regular_session
2020-12-23,2020-12-28,train,7.180915214707291e-06,-0.0031198065212764,1.773226860223377e-05,3.262898550745677e-05,3.010291704888514e-05,-10.94012449331475,-10.330309538634381,-10.410888478982006,389,eligible_regular_session
2020-12-28,2020-12-29,train,2.3187114495859452e-05,0.0013904314318232,7.180915214707291e-06,3.129462421272789e-05,2.923561112472148e-05,-11.844083715797971,-10.372064225561035,-10.440123032682317,389,eligible_regular_session
2020-12-29,2020-12-30,train,1.0956953448563224e-05,-0.0075343563565061,2.3187114495859452e-05,2.8267873689449678e-05,2.848645222165204e-05,-10.671913843250321,-10.473784603468498,-10.466081944353146,389,eligible_regular_session
2020-12-30,2020-12-31,train,1.239547720221648e-05,-0.0019404255485284,1.0956953448563224e-05,1.744283067875074e-05,2.757259911701449e-05,-11.421536285106836,-10.956581843092817,-10.49868806399464,389,eligible_regular_session
2020-12-31,2021-01-04,train,0.0001004149618587,0.006396351196164,1.239547720221648e-05,1.4290545792716032e-05,2.7304441330783647e-05,-11.298178893644472,-11.155912372719959,-10.508461182896019,389,eligible_regular_session
2021-01-04,2021-01-05,train,4.5129268553805687e-05,-0.0174749794035079,0.0001004149618587,3.082708444400928e-05,2.9868231661945255e-05,-9.206199339312382,-10.387116889334452,-10.418715128628811,389,eligible_regular_session
2021-01-05,2021-01-06,train,0.0001025400688381,0.0072455402767441,4.5129268553805687e-05,3.841675511182896e-05,3.0300288489544917e-05,-10.005979551794805,-10.167016862498086,-10.404353324387182,389,eligible_regular_session
2021-01-06,2021-01-07,train,2.552761909017458e-05,0.0090020077727529,0.0001025400688381,5.4287345980277065e-05,3.4019643550740503e-05,-9.185256920279707,-9.821219397219455,-10.288572448689882,389,eligible_regular_session
2021-01-07,2021-01-08,train,5.797402280861432e-05,0.0075845906807299,2.552761909017458e-05,5.720147910859934e-05,3.3824005368896625e-05,-10.575749590355743,-9.768930801370901,-10.294339789546072,389,eligible_regular_session
2021-01-08,2021-01-11,train,3.8479522629100155e-05,0.0009129327091196,5.797402280861432e-05,6.63171882298789e-05,3.5906416030543984e-05,-9.755515530357327,-9.621061445052314,-10.23459455892471,389,eligible_regular_session
2021-01-11,2021-01-12,train,4.074548259042829e-05,0.0025875349077281,3.8479522629100155e-05,5.393010038395894e-05,3.699675550000498e-05,-10.165384337932386,-9.827821787241774,-10.204680338354025,389,eligible_regular_session
2021-01-12,2021-01-13,train,2.0568402586951857e-05,-0.0004970760720775,4.074548259042829e-05,5.3053343191283465e-05,3.830542455645881e-05,-10.108165581099064,-9.844212675261595,-10.16991903847882,389,eligible_regular_session
2021-01-13,2021-01-14,train,1.9113696940922103e-05,0.0018283509746901,2.0568402586951857e-05,3.665900994105383e-05,3.6667499035825006e-05,-10.791754514730952,-10.213851322435296,-10.213619780120585,389,eligible_regular_session
2021-01-14,2021-01-15,train,4.900505103767269e-05,-0.0058020510598508,1.9113696940922103e-05,3.5376225511203334e-05,3.5362769522039824e-05,-10.865105362591693,-10.2494705591747,-10.249850999674864,389,eligible_regular_session
2021-01-15,2021-01-19,train,2.109615384709482e-05,-0.0032189082190406,4.900505103767269e-05,3.358243115701501e-05,3.620525965103855e-05,-9.92358718276479,-10.301507509977398,-10.226306155459149,389,eligible_regular_session
2021-01-19,2021-01-20,train,1.778593570895326e-05,-0.0006079083535129,2.109615384709482e-05,3.0105757400613937e-05,3.524396965579215e-05,-10.766419816225866,-10.410794128732416,-10.253216116935302,389,eligible_regular_session
2021-01-20,2021-01-21,train,1.6505221445128577e-05,0.0080629515681107,1.778593570895326e-05,2.551384802431893e-05,3.513097061814085e-05,-10.937102541692939,-10.576289193426279,-10.256427462744542,389,eligible_regular_session
2021-01-21,2021-01-22,train,1.7250963190090277e-05,-0.0009391231045165,1.6505221445128577e-05,2.4701211795954275e-05,3.507958162883076e-05,-11.011833775897951,-10.608658254968823,-10.257891316733497,389,eligible_regular_session
2021-01-22,2021-01-25,train,9.078662991570856e-05,0.0014589604890982,1.7250963190090277e-05,2.432866504578791e-05,3.523404715163706e-05,-10.967642578939056,-10.623855271322439,-10.253497694217698,389,eligible_regular_session
2021-01-25,2021-01-26,train,2.7290702960286187e-05,0.0004643856507868,9.078662991570856e-05,3.268498082139509e-05,3.761885455179424e-05,-9.306998530823376,-10.328594887670594,-10.188005182407295,389,eligible_regular_session
2021-01-26,2021-01-27,train,0.0001465883250838,-0.0050341002007084,2.7290702960286187e-05,3.392389064403336e-05,3.59010606635319e-05,-10.508964464679256,-10.291391053027576,-10.234743717961306,389,eligible_regular_session
2021-01-27,2021-01-28,train,8.365745704840488e-05,-0.01325024117904,0.0001465883250838,5.9684368519002714e-05,4.128430718405053e-05,-8.827882409583399,-9.726440405702736,-10.095028101535181,389,eligible_regular_session
2021-01-28,2021-01-29,train,0.0001829241359888,0.0028092506776642,8.365745704840488e-05,7.311481563965798e-05,4.4280906658876485e-05,-9.388779988677976,-9.523479535415504,-10.024956974749077,389,eligible_regular_session
2021-01-29,2021-02-01,train,5.684368499791501e-05,-0.0137076197076665,0.0001829241359888,0.00010624945019939991,5.22692348758807e-05,-8.606439048513796,-9.149720924767019,-9.859102603267361,389,eligible_regular_session
2021-02-01,2021-02-02,train,2.5382754638349255e-05,0.0050108105385518,5.684368499791501e-05,9.94608612158412e-05,5.37990789896105e-05,-9.775205425768643,-9.215746345798609,-9.83025421009529,389,eligible_regular_session
2021-02-02,2021-02-03,train,3.331165985416149e-05,0.0044710107520624,2.5382754638349255e-05,9.907927155145381e-05,5.445479722550987e-05,-10.581440565777653,-9.219590305495155,-9.818139609151025,389,eligible_regular_session
2021-02-03,2021-02-04,train,1.6187469087189014e-05,-0.0013854230168907,3.331165985416149e-05,7.642393850552611e-05,5.540553280059827e-05,-10.309603076493985,-9.479214579645612,-9.800831099150816,389,eligible_regular_session
2021-02-04,2021-02-05,train,1.4389079760672226e-05,0.0077057284651596,1.6187469087189014e-05,6.292994091328295e-05,5.157701040189323e-05,-11.031273128178062,-9.673488499353523,-9.872434519603926,389,eligible_regular_session
2021-02-05,2021-02-08,train,1.165412491885472e-05,-0.0010645712249491,1.4389079760672226e-05,2.922292966765739e-05,5.0179729093114436e-05,-11.14904098902842,-10.440556894256387,-9.899899415742954,389,eligible_regular_session
2021-02-08,2021-02-09,train,9.76859282750189e-06,0.0028158694406671,1.165412491885472e-05,2.0185017651845332e-05,4.6048549824057835e-05,-11.359850370332698,-10.810569929156639,-9.985814287093069,389,eligible_regular_session
2021-02-09,2021-02-10,train,5.036905238144935e-05,0.0013712755777163,9.76859282750189e-06,1.7062185289675855e-05,4.5332230448481795e-05,-11.536338132221285,-10.978645929750321,-10.001492289534584,389,eligible_regular_session
2021-02-10,2021-02-11,train,3.130762170319608e-05,-0.0053051334145273,5.036905238144935e-05,2.0473663795133428e-05,4.4986549974519755e-05,-9.89613361153736,-10.796371190665631,-10.009147002325426,389,eligible_regular_session
2021-02-11,2021-02-12,train,1.140724912116567e-05,-0.0009695881796235,3.130762170319608e-05,2.3497694318334843e-05,4.466055447788775e-05,-10.371648985166228,-10.658608255741076,-10.016419896092215,389,eligible_regular_session
2021-02-12,2021-02-16,train,3.278048523066778e-05,0.0068339022198729,1.140724912116567e-05,2.290132819043353e-05,4.3326998411103085e-05,-11.381261516833268,-10.684315649503741,-10.046734597376682,389,eligible_regular_session
2021-02-16,2021-02-17,train,4.300806327894642e-05,-0.0037662724965676,3.278048523066778e-05,2.7126600252796145e-05,4.3882093076726533e-05,-10.325677182114227,-10.514995752349028,-10.034004223678297,389,eligible_regular_session
2021-02-17,2021-02-18,train,3.6326780510884986e-05,0.0053812932717037,4.300806327894642e-05,3.3774494343085054e-05,4.4968200637545823e-05,-10.054122941735002,-10.295804645567314,-10.0095549704895,389,eligible_regular_session
2021-02-18,2021-02-19,train,2.7440544865804844e-05,0.003065563964047,3.6326780510884986e-05,3.096603996897218e-05,4.439191561360093e-05,-10.222955333580204,-10.382619438833132,-10.022453185879565,389,eligible_regular_session
2021-02-19,2021-02-22,train,3.575112624948849e-05,-0.0054753116612369,2.7440544865804844e-05,3.0192624601493927e-05,4.468029702354229e-05,-10.503488898678189,-10.407912881903222,-10.01597793598899,389,eligible_regular_session
2021-02-22,2021-02-23,train,0.0001254543390411,-0.0009202822332589,3.575112624948849e-05,3.506140002715849e-05,4.549689659356663e-05,-10.238928785838286,-10.25840974694791,-9.997866441068354,389,eligible_regular_session
2021-02-23,2021-02-24,train,6.093047955683804e-05,0.0082644670808525,0.0001254543390411,5.359617078924495e-05,5.044912921156533e-05,-8.983568697937313,-9.834032932938673,-9.894545071738488,389,eligible_regular_session
2021-02-24,2021-02-25,train,0.0001844991262917,0.0136415937399463,6.093047955683804e-05,5.718065404482327e-05,5.243456177369023e-05,-9.705777023115477,-9.769294932786046,-9.855944608228034,389,eligible_regular_session
2021-02-25,2021-02-26,train,0.0002180947956794,-0.0213406544654832,0.0001844991262917,8.681512320098627e-05,5.669422069987165e-05,-8.597865830041247,-9.351729721048219,-9.777838280117406,389,eligible_regular_session
2021-02-26,2021-03-01,train,3.934785161067361e-05,-0.0096623903170704,0.0002180947956794,0.00012494597336370531,6.536713400528591e-05,-8.43058074712576,-8.98762912718333,-9.63549096396121,389,eligible_regular_session
2021-03-01,2021-03-02,train,6.211398829706534e-05,0.0085308232631868,3.934785161067361e-05,0.00012566531843594234,6.049256702923471e-05,-10.143069181524655,-8.981888387868379,-9.71299005949618,389,eligible_regular_session
2021-03-02,2021-03-03,train,0.0001061590122362,-0.0091104968019329,6.211398829706534e-05,0.00011299724828713539,5.951331844962837e-05,-9.686539340009716,-9.088147090989715,-9.729310430971458,389,eligible_regular_session
2021-03-03,2021-03-04,train,0.0003287464433757,-0.0124681913772865,0.0001061590122362,0.00012204295482300778,5.6023994642692e-05,-9.150572472465523,-9.011137486486525,-9.789730483236294,389,eligible_regular_session
2021-03-04,2021-03-05,train,0.0002872955891153,-0.0137785683220096,0.0003287464433757,0.0001508924182398078,6.838321093259133e-05,-8.020223793159872,-8.798943437059034,-9.590383217666464,389,eligible_regular_session
2021-03-05,2021-03-08,train,0.0001477051422662,0.0099567865510972,0.0002872955891153,0.0001647325769269878,8.028833977245273e-05,-8.15499894498481,-8.71118714479023,-9.429886155868472,389,eligible_regular_session
2021-03-08,2021-03-09,train,4.994768634067842e-05,-0.007798718365932,0.0001477051422662,0.00018640403505809305,8.548804351845447e-05,-8.820292553418907,-8.587594008639718,-9.36713403368977,389,eligible_regular_session
2021-03-09,2021-03-10,train,8.052403180921423e-05,0.0020232434340909,4.994768634067842e-05,0.00018397077466681568,8.702259884815854e-05,-9.904534373448431,-8.600733646303162,-9.34934271616528,389,eligible_regular_session
2021-03-10,2021-03-11,train,2.793842540023788e-05,-0.000740981026074,8.052403180921423e-05,0.00017884377858141853,9.002873303218317e-05,-9.426954886300024,-8.62899787854268,-9.315381682672188,389,eligible_regular_session
2021-03-11,2021-03-12,train,3.435500075853427e-05,0.0028448798037922,2.793842540023788e-05,0.00011868217498632609,9.076892850860969e-05,-10.485507562193197,-9.039061436232279,-9.307193527961537,389,eligible_regular_session
2021-03-12,2021-03-15,train,1.9545642654262055e-05,0.0052074048416983,3.435500075853427e-05,6.809405731497296e-05,9.188649250547478e-05,-10.278762967401937,-9.594620612713854,-9.294956519759223,389,eligible_regular_session
2021-03-15,2021-03-16,train,2.516006334766888e-05,0.0055110897959898,1.9545642654262055e-05,4.246215739258537e-05,9.048542842696627e-05,-10.842758178509747,-10.066897292980293,-9.31032173207892,389,eligible_regular_session
2021-03-16,2021-03-17,train,6.377472134690073e-05,-0.0026210881426296,2.516006334766888e-05,3.7504632793983464e-05,9.020599395626049e-05,-10.590252608342324,-10.1910460914456,-9.31341468126028,389,eligible_regular_session
2021-03-17,2021-03-18,train,4.9662516041538345e-05,0.0072254083926381,6.377472134690073e-05,3.415477070152076e-05,9.258633360288482e-05,-9.660153663261495,-10.284608283270403,-9.287369012485941,389,eligible_regular_session
2021-03-18,2021-03-19,train,6.0748300452307106e-05,-0.0084897364560836,4.9662516041538345e-05,3.849958882978085e-05,9.335369863974256e-05,-9.910260113812518,-10.164862996473516,-9.279115067553702,389,eligible_regular_session
2021-03-19,2021-03-22,train,1.9149849403786344e-05,-0.0004268365217053,6.0748300452307106e-05,4.377824876853542e-05,9.41600730567135e-05,-9.708771452228664,-10.036373467388305,-9.270514319134119,389,eligible_regular_session
2021-03-22,2021-03-23,train,4.295106995689064e-05,0.0056571729954431,1.9149849403786344e-05,4.3699090118440274e-05,9.337930346093629e-05,-10.863215706400586,-10.038183277167814,-9.278840827638248,389,eligible_regular_session
2021-03-23,2021-03-24,train,4.686348688118382e-05,-0.005640167123711,4.295106995689064e-05,4.725729144028463e-05,9.408432732871292e-05,-10.055448998158838,-9.959903599733542,-9.271319078605671,389,eligible_regular_session
2021-03-24,2021-03-25,train,9.374622617608624e-05,-0.0094891988848251,4.686348688118382e-05,4.387504454714125e-05,9.458943463015362e-05,-9.968271717042974,-10.0341648608593,-9.26596477281432,389,eligible_regular_session
2021-03-25,2021-03-26,train,4.172436543120607e-05,0.0099458800863611,9.374622617608624e-05,5.269178657405083e-05,9.314815677265299e-05,-9.27491914804572,-9.851050967048023,-9.28131924884565,389,eligible_regular_session
2021-03-26,2021-03-29,train,5.955045760789958e-05,0.012721864293348,4.172436543120607e-05,4.888699956983062e-05,9.227515158512426e-05,-10.084425296891375,-9.925999054297487,-9.290735666295573,389,eligible_regular_session
2021-03-29,2021-03-30,train,3.925974942218251e-05,0.002586743005211,5.955045760789958e-05,5.6967121210653275e-05,8.659566664495153e-05,-9.728686577760927,-9.773036277420612,-9.354260782389764,389,eligible_regular_session
2021-03-30,2021-03-31,train,1.9618750926521e-05,-0.0007548227597896,3.925974942218251e-05,5.6228857103711644e-05,7.84668009059871e-05,-10.145310751658423,-9.786080461249767,-9.452834941026188,389,eligible_regular_session
2021-03-31,2021-04-01,train,9.818683578578772e-06,0.0008157120686744,1.9618750926521e-05,5.077990991277908e-05,7.757002360216198e-05,-10.839024769129846,-9.888009755758258,-9.464329499192338,389,eligible_regular_session
2021-04-01,2021-04-05,train,1.299416702005421e-05,0.005050307953582,9.818683578578772e-06,3.399440139327759e-05,7.519296429677623e-05,-11.531223499718637,-10.289314711810468,-9.495452891268775,389,eligible_regular_session
2021-04-05,2021-04-06,train,1.162633871798304e-05,0.0069029860857102,1.299416702005421e-05,2.8248361711047214e-05,7.095819860513324e-05,-11.25100999195962,-10.474475094582758,-9.553419606345875,389,eligible_regular_session
2021-04-06,2021-04-07,train,1.3495916965732724e-05,0.0007390212111338,1.162633871798304e-05,1.8663537933063908e-05,5.654364839341882e-05,-11.362237454584914,-10.888938780674202,-9.780497680129097,389,eligible_regular_session
2021-04-07,2021-04-08,train,8.820953430449828e-06,0.0014102869879632,1.3495916965732724e-05,1.3510771441773949e-05,4.4098208750256674e-05,-11.213123365248965,-11.212023306084726,-10.029091394244416,389,eligible_regular_session
2021-04-08,2021-04-09,train,8.135301581804547e-06,0.0013726033500208,8.820953430449828e-06,1.1351211942559716e-05,3.77852910759044e-05,-11.63838059509736,-11.386186040657192,-10.183590656043576,389,eligible_regular_session
2021-04-09,2021-04-12,train,1.047861831167501e-05,0.0075213830262997,8.135301581804547e-06,1.101453554320487e-05,3.588472813231921e-05,-11.71929774584711,-11.416294744445104,-10.23519875319233,389,eligible_regular_session
2021-04-12,2021-04-13,train,7.06841700147394e-06,0.0013065322401304,1.047861831167501e-05,1.051142580152903e-05,3.270084570061289e-05,-11.466173728252125,-11.463047720856133,-10.328109617991428,389,eligible_regular_session
2021-04-13,2021-04-14,train,2.3134458797928006e-05,0.0031539205835002,7.06841700147394e-06,9.59984145822721e-06,3.175220895521453e-05,-11.859874006736424,-11.553763974394853,-10.357548261653106,389,eligible_regular_session
2021-04-14,2021-04-15,train,1.0545346944809645e-05,-0.0033101956574114,2.3134458797928006e-05,1.1527549824666268e-05,3.1242184320641524e-05,-10.674187329095794,-11.370770750631017,-10.37374131480199,389,eligible_regular_session
2021-04-15,2021-04-16,train,1.0739500680941388e-05,0.0041817032378408,1.0545346944809645e-05,1.187242852753823e-05,3.0833079970211864e-05,-11.459825843217766,-11.341291776542246,-10.386922419330084,389,eligible_regular_session
2021-04-16,2021-04-19,train,2.8375873259932253e-05,-7.168698597529993e-05,1.0739500680941388e-05,1.2393268347365597e-05,3.0177599848996977e-05,-11.44158196149678,-11.298357107975836,-10.408410635653317,389,eligible_regular_session
2021-04-19,2021-04-20,train,2.7860931781165183e-05,-0.0031912408295711,2.8375873259932253e-05,1.5972719337017048e-05,2.8568561299589322e-05,-10.469971306955838,-11.044628332398473,-10.463203700021776,389,eligible_regular_session
2021-04-20,2021-04-21,train,1.3269329199797011e-05,-0.0046212977694089,2.7860931781165183e-05,2.0131222292955294e-05,2.7577580196845084e-05,-10.488285145047511,-10.813238600187983,-10.498507427053614,389,eligible_regular_session
2021-04-21,2021-04-22,train,6.352261584627506e-05,0.0102750775745523,1.3269329199797011e-05,1.8158196373329098e-05,2.5419445139912806e-05,-11.230055261026193,-10.91638850837283,-10.579996120139352,389,eligible_regular_session
2021-04-22,2021-04-23,train,1.1293532665535076e-05,-0.0082921071973114,6.352261584627506e-05,2.875365015362218e-05,2.743638906911684e-05,-9.664114560414337,-10.45674583691477,-10.503640357456876,389,eligible_regular_session
2021-04-23,2021-04-26,train,1.2472175024666976e-05,0.0091360176471685,1.1293532665535076e-05,2.8864456550540917e-05,2.599741010132795e-05,-11.39128032657321,-10.45289959690937,-10.557513636391732,389,eligible_regular_session
2021-04-26,2021-04-27,train,1.2348296308259514e-05,2.865315829622315e-05,1.2472175024666976e-05,2.568371690348786e-05,2.4434168653304454e-05,-11.292010392899074,-10.569653350383833,-10.619528050603655,389,eligible_regular_session
2021-04-27,2021-04-28,train,1.8811126925824655e-05,-0.0010100010051264,1.2348296308259514e-05,2.258118980890673e-05,2.0734262750221423e-05,-11.301992455154585,-10.698393307588175,-10.78372302071086,389,eligible_regular_session
2021-04-28,2021-04-29,train,2.722889736393985e-05,-0.0020653838388995,1.8811126925824655e-05,2.3689549354112256e-05,1.9692751909067724e-05,-10.881062005450465,-10.650476562595355,-10.835259913318328,389,eligible_regular_session
2021-04-29,2021-04-30,train,2.522056570080922e-05,-0.0016085794353253,2.722889736393985e-05,1.6430805657645212e-05,1.8223590079796825e-05,-10.511231745527065,-11.016352591350714,-10.912793644938853,389,eligible_regular_session
2021-04-30,2021-05-03,train,1.8118013267909793e-05,-0.0010468452198845,2.522056570080922e-05,1.9216212264700043e-05,1.758544536518895e-05,-10.587850797036351,-10.859756246439735,-10.948438965933734,389,eligible_regular_session
2021-05-03,2021-05-04,train,5.431858358762524e-05,-0.0028530893665456,1.8118013267909793e-05,2.0345379913348606e-05,1.751723001707026e-05,-10.918603906412015,-10.802656703136254,-10.952325589004293,389,eligible_regular_session
2021-05-04,2021-05-05,train,2.4126572581602594e-05,-0.0019712898423205,5.431858358762524e-05,2.8739437369221752e-05,1.953995274475419e-05,-9.82064415039207,-10.457240254080462,-10.84304932973771,389,eligible_regular_session
2021-05-05,2021-05-06,train,4.325085902791748e-05,-0.004029893189214,2.4126572581602594e-05,2.9802526500377344e-05,2.0045971179370026e-05,-10.632196728134016,-10.420917386154839,-10.817482363087365,389,eligible_regular_session
2021-05-06,2021-05-07,train,2.0045066487598347e-05,0.007709957842477,4.325085902791748e-05,3.3006918833172866e-05,2.1483449375276137e-05,-10.048493462866464,-10.318793356862418,-10.748227715774911,389,eligible_regular_session
2021-05-07,2021-05-10,train,2.8589486994617677e-05,0.0067650737644213,2.0045066487598347e-05,3.197181899053069e-05,2.1781137989906394e-05,-10.817527494958451,-10.350655699716256,-10.73446619251741,389,eligible_regular_session
2021-05-10,2021-05-11,train,0.0001054085689067,-0.0107327995224296,2.8589486994617677e-05,3.4066113735872265e-05,2.2679707697368563e-05,-10.46247149531613,-10.287207399839739,-10.694039967310854,389,eligible_regular_session
2021-05-11,2021-05-12,train,7.781070040749916e-05,0.0034792378851195,0.0001054085689067,4.428411079968722e-05,2.710121984850018e-05,-9.157666626236542,-10.02488461794491,-10.515931818231882,389,eligible_regular_session
2021-05-12,2021-05-13,train,7.627157849770467e-05,-0.0153202716579318,7.781070040749916e-05,5.502093636486653e-05,3.0161769034674003e-05,-9.46123159886587,-9.807796783985497,-10.408935361548833,389,eligible_regular_session
2021-05-13,2021-05-14,train,2.022118026926333e-05,0.0062727794476322,7.627157849770467e-05,6.162508025882397e-05,3.3307367284502675e-05,-9.481210185821555,-9.694441623227842,-10.309731945672931,389,eligible_regular_session
2021-05-14,2021-05-17,train,4.334531264845112e-05,0.0068459736941335,2.022118026926333e-05,6.166030301515697e-05,3.317494553319973e-05,-10.808779974697483,-9.693870221227767,-10.31371561954992,389,eligible_regular_session
2021-05-17,2021-05-18,train,2.3072841424167597e-05,-0.000302612557368,4.334531264845112e-05,6.461146814592365e-05,3.4665853065183435e-05,-10.046311988647394,-9.647118637452806,-10.269755417039974,389,eligible_regular_session
2021-05-18,2021-05-19,train,0.0001068867415202,-0.0096778448746858,2.3072841424167597e-05,4.814432264941717e-05,3.522645946260281e-05,-10.676854328032643,-9.941307336341456,-10.253713068458621,389,eligible_regular_session
2021-05-19,2021-05-20,train,2.4131782437677485e-05,0.0103970309936838,0.0001068867415202,5.3959530871957345e-05,3.879513529261498e-05,-9.143740774564447,-9.827276220658854,-10.157215698251973,389,eligible_regular_session
2021-05-20,2021-05-21,train,2.8384968334179183e-05,0.0071893534104337,2.4131782437677485e-05,4.3531571659951907e-05,3.8625628504274636e-05,-10.631980812937858,-10.042024097838157,-10.161594550923422,389,eligible_regular_session
2021-05-21,2021-05-24,train,9.018950010980958e-06,-0.0053535540782531,2.8384968334179183e-05,4.516432927293507e-05,3.9312703010382905e-05,-10.469650836925114,-10.005202958066448,-10.14396285950085,389,eligible_regular_session
2021-05-24,2021-05-25,train,2.019829216749983e-05,0.0044441174356043,9.018950010980958e-06,3.8299056745441036e-05,3.683526365423318e-05,-11.616182637430395,-10.170085290137319,-10.209054920145512,389,eligible_regular_session
2021-05-25,2021-05-26,train,9.766889861775174e-06,-0.0046853331674395,2.019829216749983e-05,3.7724146894107494e-05,3.7240025449777034e-05,-10.809912503294719,-10.185210167373679,-10.198126422156689,389,eligible_regular_session
2021-05-26,2021-05-27,train,1.4414899122326805e-05,0.0002502720231587,9.766889861775174e-06,1.8300176562422524e-05,3.7117057942372855e-05,-11.536512478128996,-10.908599849943633,-10.20143391120533,389,eligible_regular_session
2021-05-27,2021-05-28,train,8.240016647000495e-06,-0.0020905110575147,1.4414899122326805e-05,1.635679989935239e-05,3.721099443392137e-05,-11.147248225002675,-11.020866851096919,-10.198906291052303,389,eligible_regular_session
2021-05-28,2021-06-01,train,1.3636558728454753e-05,-0.0020931320386959,8.240016647000495e-06,1.2327809561916652e-05,3.6730489421247543e-05,-11.706508193777884,-11.303652907671498,-10.211903373384894,389,eligible_regular_session
2021-06-01,2021-06-02,train,1.038619899263168e-05,-0.0076324936055412,1.3636558728454753e-05,1.3251331305411412e-05,3.6112655846907316e-05,-11.202756230015382,-11.231412534699299,-10.228867176586707,389,eligible_regular_session
2021-06-02,2021-06-03,train,1.83864723705678e-05,8.554685834369289e-05,1.038619899263168e-05,1.1288912670437781e-05,3.543836645108106e-05,-11.475032653026897,-11.391689493525062,-10.247715526656513,389,eligible_regular_session
2021-06-03,2021-06-04,train,7.0875417893223115e-06,0.0019049352640021,1.83864723705678e-05,1.3012829172196307e-05,3.545056913756552e-05,-10.903895360991118,-11.249574827728631,-10.247371250458722,389,eligible_regular_session
2021-06-04,2021-06-07,train,6.944471854686447e-06,0.003744990040107,7.0875417893223115e-06,1.1547357705595409e-05,3.3303703601279015e-05,-11.857171992727107,-11.369053917246656,-10.309841947904651,389,eligible_regular_session
2021-06-07,2021-06-08,train,1.4135475185504644e-05,-0.0010357524673764,6.944471854686447e-06,1.12882487471326e-05,3.252269902278283e-05,-11.87756463149108,-11.391748307234465,-10.333572280948093,389,eligible_regular_session
2021-06-08,2021-06-09,train,8.449671942659002e-06,-0.0017017619702607,1.4135475185504644e-05,1.1388032038542578e-05,3.119927248449134e-05,-11.166822949732232,-11.382947575192537,-10.375115781225466,389,eligible_regular_session
2021-06-09,2021-06-10,train,1.5138634037237627e-05,-0.0038343088282057,8.449671942659002e-06,1.1000726628548041e-05,3.067220909608501e-05,-11.681382940702802,-11.41754923020685,-10.392153554519219,389,eligible_regular_session
2021-06-10,2021-06-11,train,6.761414979149092e-06,0.0007410589457374,1.5138634037237627e-05,1.0351158961882008e-05,3.006080668893137e-05,-11.098260536136351,-11.47841206752842,-10.412288338040396,389,eligible_regular_session
2021-06-11,2021-06-14,train,6.953490924775206e-06,0.00084322399187,6.761414979149092e-06,1.0285933599847362e-05,2.5576845146769965e-05,-11.904278373370857,-11.484733266023465,-10.573823102227749,389,eligible_regular_session
2021-06-14,2021-06-15,train,9.734759491888224e-06,0.0023387915772807,6.953490924775206e-06,1.0287737413865114e-05,2.2356062897555237e-05,-11.876266733159078,-11.484557914330404,-10.70841300310778,389,eligible_regular_session
2021-06-15,2021-06-16,train,7.082383885278271e-05,-0.0019877051145499,9.734759491888224e-06,9.40759427514183e-06,1.9331662033654492e-05,-11.539807624952413,-11.573993293254322,-10.853766286357795,389,eligible_regular_session
2021-06-16,2021-06-17,train,3.078502838111174e-05,-0.006666872289397,7.082383885278271e-05,2.188242765716657e-05,2.1631782878359915e-05,-9.55531490697746,-10.729826633312765,-10.741346895212159,389,eligible_regular_session
2021-06-17,2021-06-18,train,4.807766699669176e-05,-0.0004665841742086,3.078502838111174e-05,2.501170652594139e-05,2.1060860866208127e-05,-10.388482077687875,-10.596166581658405,-10.768094175255888,389,eligible_regular_session
2021-06-18,2021-06-21,train,2.119550395533878e-05,-0.0042161911253742,4.807766699669176e-05,3.3274956929449926e-05,2.2197443846777404e-05,-9.942692792277935,-10.310705488065606,-10.715533417752447,389,eligible_regular_session
2021-06-21,2021-06-22,train,1.0206774140926512e-05,0.0087611515455634,2.119550395533878e-05,3.6123359535562644e-05,1.830238759382917e-05,-10.761721476356296,-10.228570823343052,-10.908479037019166,389,eligible_regular_session
2021-06-22,2021-06-23,train,9.094567207409928e-06,0.0055733342831617,1.0206774140926512e-05,3.6217762465370296e-05,1.766943267124958e-05,-11.492458926648371,-10.225960883635615,-10.94367437903834,388,eligible_regular_session
2021-06-23,2021-06-24,train,8.120787185196434e-06,-0.0022161339315018,9.094567207409928e-06,2.3871908136295746e-05,1.679259625639643e-05,-11.607833332897739,-10.642808182128288,-10.994572467715438,389,eligible_regular_session
2021-06-24,2021-06-25,train,7.016404927380834e-06,0.0004125992875554,8.120787185196434e-06,1.9339059897112683e-05,1.6751770673406225e-05,-11.721083464499744,-10.853383678370196,-10.997006593435154,389,eligible_regular_session
2021-06-25,2021-06-28,train,8.20148514165143e-06,0.000806271668409,7.016404927380834e-06,1.1126807483250497e-05,1.6152593980673543e-05,-11.867259589710795,-11.406153272704318,-11.033429903194936,389,eligible_regular_session
2021-06-28,2021-06-29,train,5.856294728976624e-06,0.0006085171604254,8.20148514165143e-06,8.528003720513027e-06,1.6081439220667917e-05,-11.711195305257839,-11.67215525427059,-11.037844794445798,389,eligible_regular_session
2021-06-29,2021-06-30,train,5.678720812462534e-06,-0.0014807849933512,5.856294728976624e-06,7.65790783812305e-06,1.569241174824291e-05,-12.04799345317,-11.779771739700438,-11.0623332905881,389,eligible_regular_session
2021-06-30,2021-07-01,train,6.4864922509256276e-06,0.0017724409935132,5.678720812462534e-06,6.974738559133571e-06,1.5575989210309368e-05,-12.078784559668083,-11.873215713520828,-11.069779982607162,389,eligible_regular_session
2021-07-01,2021-07-02,train,4.349253819253935e-06,0.0029092059151619,6.4864922509256276e-06,6.64787957227941e-06,1.5250986188603499e-05,-11.945788658582535,-11.921212615454955,-11.090866388896599,389,eligible_regular_session
2021-07-02,2021-07-06,train,1.684319808312411e-05,0.0051229478630538,4.349253819253935e-06,6.1144493506540305e-06,1.49765795898136e-05,-12.345506263381322,-12.004855841832523,-11.109022937735016,389,eligible_regular_session
2021-07-06,2021-07-07,train,2.039825968686868e-05,-0.0027684606517654,1.684319808312411e-05,7.842791938948566e-06,1.490643075856616e-05,-10.991563657256465,-11.755915672333927,-11.11371784358835,389,eligible_regular_session
2021-07-07,2021-07-08,train,4.426738882738994e-05,0.0013889289689439,2.039825968686868e-05,1.0751184930526976e-05,1.5511463390272813e-05,-10.800060970220384,-11.440494583369519,-11.073931233822849,389,eligible_regular_session
2021-07-08,2021-07-09,train,7.385564032886134e-06,0.0045452093906892,4.426738882738994e-05,1.8468918533512455e-05,1.720795961630479e-05,-10.025262295851359,-10.89942131806553,-10.970138512799322,389,eligible_regular_session
2021-07-09,2021-07-12,train,7.506892547431397e-06,0.0068942824777408,7.385564032886134e-06,1.864873288990456e-05,1.6901145473003946e-05,-11.815983269421947,-10.889732355742659,-10.988129158864481,389,eligible_regular_session
2021-07-12,2021-07-13,train,1.9032809047758804e-05,0.0043623635961204,7.506892547431397e-06,1.9280260635540048e-05,1.6858291864129968e-05,-11.79968895312559,-10.856428750432373,-10.990667923445368,389,eligible_regular_session
2021-07-13,2021-07-14,train,1.8473245633310303e-05,-0.0018129842494695,1.9032809047758804e-05,1.971818282846699e-05,1.7035299819153654e-05,-10.869346276001709,-10.833969361693594,-10.980222906821098,389,eligible_regular_session
2021-07-14,2021-07-15,train,2.4070854495827444e-05,-0.0032562280974946,1.8473245633310303e-05,1.9333180017755317e-05,1.7567655757979167e-05,-10.899187054593684,-10.853687766233513,-10.949451087661833,389,eligible_regular_session
2021-07-15,2021-07-16,train,2.207767355097238e-05,-0.0011301650945789,2.4070854495827444e-05,1.5293873151442815e-05,1.834571773848154e-05,-10.634508806349588,-11.08805825738456,-10.906114376448043,389,eligible_regular_session
2021-07-16,2021-07-19,train,8.359586418492172e-05,-0.0107513457481218,2.207767355097238e-05,1.8232295055060063e-05,1.890675928662173e-05,-10.720943706645906,-10.912316082789616,-10.87599106562176,389,eligible_regular_session
2021-07-19,2021-07-20,train,2.8588144726095814e-05,-0.0030128520245879,8.359586418492172e-05,3.345008938255813e-05,1.948730589262805e-05,-9.3895165105696,-10.305456099269298,-10.845747284239195,389,eligible_regular_session
2021-07-20,2021-07-21,train,1.1726142053769508e-05,0.0125596048103053,2.8588144726095814e-05,3.5361156518225534e-05,1.938744754467278e-05,-10.462518446142239,-10.249896613766301,-10.850884735091439,389,eligible_regular_session
2021-07-21,2021-07-22,train,1.2835809866138773e-05,0.0047838947886566,1.1726142053769508e-05,3.4011735802317374e-05,1.7735105501812675e-05,-11.353689845068757,-10.288804922249406,-10.939964520965141,389,eligible_regular_session
2021-07-22,2021-07-23,train,9.147485448729223e-06,0.0011638484370349,1.2835809866138773e-05,3.176472687637964e-05,1.7355119406849038e-05,-11.263271647373989,-10.357154101539326,-10.961623028417838,389,eligible_regular_session
2021-07-23,2021-07-26,train,1.0087796242233992e-05,0.0054419985503022,9.147485448729223e-06,2.9178689255931007e-05,1.7306969920840072e-05,-11.60203153079176,-10.442071935140666,-10.96440125199946,389,eligible_regular_session
2021-07-26,2021-07-27,train,3.497413818595241e-05,0.0034156163869739,1.0087796242233992e-05,1.4477075667393462e-05,1.7352116695150256e-05,-11.504184157539541,-11.14294414807442,-10.96179605929229,389,eligible_regular_session
2021-07-27,2021-07-28,train,2.6046030259091315e-05,-0.0008266133623552,3.497413818595241e-05,1.575427435936478e-05,1.8572723558820983e-05,-10.260901678575436,-11.058398841615489,-10.893816528904674,389,eligible_regular_session
2021-07-28,2021-07-29,train,9.152242765951156e-06,-0.0018867094786287,2.6046030259091315e-05,1.8618252000429144e-05,1.9437706528444186e-05,-10.555645190663647,-10.891368168050096,-10.84829574282369,389,eligible_regular_session
2021-07-29,2021-07-30,train,1.6986644644977193e-05,0.000982583004299,9.152242765951156e-06,1.788153858039162e-05,1.9480922784094173e-05,-11.601511597678732,-10.931741741563552,-10.846074890025125,389,eligible_regular_session
2021-07-30,2021-08-02,train,1.586049242150367e-05,0.0007896710531683,1.6986644644977193e-05,1.944937041964121e-05,1.998684778027602e-05,-10.983083131779606,-10.847695857593829,-10.820436111717429,389,eligible_regular_session
2021-08-02,2021-08-03,train,2.215354816427385e-05,-0.00637564245864,1.586049242150367e-05,2.0603909655495148e-05,2.044965558068698e-05,-11.05167929422545,-10.790029711074705,-10.797544517637489,389,eligible_regular_session
2021-08-03,2021-08-04,train,1.266825609114312e-05,0.00602243447038,2.215354816427385e-05,1.8039791651159436e-05,2.116179448583917e-05,-10.717512886298524,-10.922930592667031,-10.763313149001005,389,eligible_regular_session
2021-08-04,2021-08-05,train,5.630492681293707e-06,-0.0014458790999558,1.266825609114312e-05,1.5364236817569797e-05,2.1539930952743224e-05,-11.276411213898346,-11.083468033802882,-10.745602091777696,389,eligible_regular_session
2021-08-05,2021-08-06,train,7.470167174125249e-06,0.0037255869829212,5.630492681293707e-06,1.4659886800638308e-05,2.1030262525387297e-05,-12.08731360964257,-11.130395583183718,-10.769548084952056,389,eligible_regular_session
2021-08-06,2021-08-09,train,6.3849254319202844e-06,0.0005028088631854,7.470167174125249e-06,1.2756591306467918e-05,2.044262195662623e-05,-11.804593179668993,-11.26946245472715,-10.79788852509091,389,eligible_regular_session
2021-08-09,2021-08-10,train,8.921352313871966e-06,-0.0015261895459616,6.3849254319202844e-06,1.0861477908551242e-05,1.87206918022867e-05,-11.961570747182222,-11.43028816537395,-10.885881132347299,389,eligible_regular_session
2021-08-10,2021-08-11,train,5.952318043503957e-06,-5.409121131822564e-05,8.921352313871966e-06,8.215038738470866e-06,1.8790500360513332e-05,-11.62706301816902,-11.709544090908453,-10.882159115808118,389,eligible_regular_session
2021-08-11,2021-08-12,train,4.317361896742079e-06,-0.0003012447726465,5.952318043503957e-06,6.871851128943032e-06,1.8719837883062084e-05,-12.03172982713258,-11.888077036942029,-10.885926747045165,389,eligible_regular_session
2021-08-12,2021-08-13,train,4.895967877718486e-06,0.0035081293334048,4.317361896742079e-06,6.609224972032708e-06,1.8050953921652232e-05,-12.352866014294822,-11.927044161802218,-10.922312025736836,389,eligible_regular_session
2021-08-13,2021-08-16,train,1.2734954001628263e-05,0.0004141440317798,4.895967877718486e-06,6.0943851127513545e-06,1.7433804932761694e-05,-12.227098573699283,-12.008142684000168,-10.957099424334945,389,eligible_regular_session
2021-08-16,2021-08-17,train,3.3618233247142726e-05,0.0057893307873995,1.2734954001628263e-05,7.36439082669295e-06,1.6918536728479915e-05,-11.271160061504178,-11.818854223392707,-10.987100689294287,389,eligible_regular_session
2021-08-17,2021-08-18,train,2.6179092731671633e-05,2.697762880295909e-05,3.3618233247142726e-05,1.23037670133471e-05,1.7443107623760387e-05,-10.300441982014766,-11.305605081226574,-10.95656596592149,389,eligible_regular_session
2021-08-18,2021-08-19,train,6.014648330272438e-05,-0.0080277178808185,2.6179092731671633e-05,1.6349121950980637e-05,1.483325437588538e-05,-10.550549453099382,-11.021336365367022,-11.118638980448376,389,eligible_regular_session
2021-08-19,2021-08-20,train,1.679055743913061e-05,0.0072713345391902,6.014648330272438e-05,2.7514946232177097e-05,1.6267724311186677e-05,-9.718727582710374,-10.500781201582134,-11.026327516756606,389,eligible_regular_session
2021-08-20,2021-08-23,train,6.482069254370652e-06,0.007619243770557,1.679055743913061e-05,2.9893864144459524e-05,1.6497925010521276e-05,-10.994693886763024,-10.417857311186493,-11.01227594190391,389,eligible_regular_session
2021-08-23,2021-08-24,train,5.620794060462747e-06,0.0036905858246052,6.482069254370652e-06,2.8643287195008e-05,1.6209118619077268e-05,-11.946470769196678,-10.460591446096121,-11.02993659636136,389,eligible_regular_session
2021-08-24,2021-08-25,train,4.793609726277466e-06,-0.0002317936155696,5.620794060462747e-06,2.3043799357672003e-05,1.6048814465065157e-05,-12.089037612142148,-10.6781138330548,-11.039875576221386,389,eligible_regular_session
2021-08-25,2021-08-26,train,2.0431826743397515e-05,0.0018655558888341,4.793609726277466e-06,1.8766702756593173e-05,1.580816962343077e-05,-12.248226834052467,-10.883426388401919,-11.054983686789182,389,eligible_regular_session
2021-08-26,2021-08-27,train,1.3361525409301976e-05,-0.0053862658055866,2.0431826743397515e-05,1.0823771444727797e-05,1.5147155466951e-05,-10.798416738379311,-11.43376578292037,-11.097697801594657,389,eligible_regular_session
2021-08-27,2021-08-30,train,5.335345053952137e-06,0.0063099131824826,1.3361525409301976e-05,1.013796503876207e-05,1.4570587064687849e-05,-11.223131219030549,-11.499223266454086,-11.136505645865537,389,eligible_regular_session
2021-08-30,2021-08-31,train,1.0535748367668255e-05,0.0023103506200392,5.335345053952137e-06,9.908620198678368e-06,1.4397091714142438e-05,-12.141156997897713,-11.522105452547468,-11.148484336075517,389,eligible_regular_session
2021-08-31,2021-09-01,train,7.950024067730061e-06,-0.0006101025205659,1.0535748367668255e-05,1.0891611060119467e-05,1.4103869156082943e-05,-11.460736476907565,-11.42751769255645,-11.169061389990372,389,eligible_regular_session
2021-09-01,2021-09-02,train,8.354270606991879e-06,-0.0010427598731214,7.950024067730061e-06,1.1522893928409988e-05,1.3744302412729597e-05,-11.742335601915187,-11.371174725180875,-11.19488618970996,389,eligible_regular_session
2021-09-02,2021-09-03,train,8.640782462220825e-06,-0.0008636321111722,8.354270606991879e-06,9.10738270112886e-06,1.3117062523762233e-05,-11.692737699908305,-11.606425187517605,-11.24159669252204,389,eligible_regular_session
2021-09-03,2021-09-07,train,1.0825761240286158e-05,0.0011075053363471,8.640782462220825e-06,8.16323411171263e-06,1.2933995540629402e-05,-11.659017416491828,-11.715870130289423,-11.255651399718856,389,eligible_regular_session
2021-09-07,2021-09-08,train,2.0997227305402517e-05,-0.0023135089794606,1.0825761240286158e-05,9.261317348979433e-06,1.3170144111492695e-05,-11.433581964119945,-11.589664257115714,-11.237558099862522,389,eligible_regular_session
2021-09-08,2021-09-09,train,2.0093490396882196e-05,0.0002858184230537,2.0997227305402517e-05,1.1353613136526286e-05,1.3785010481096208e-05,-10.771120162034055,-11.385974526675723,-11.191928753162637,389,eligible_regular_session
2021-09-09,2021-09-10,train,2.451779360272521e-05,-0.0045013361253109,2.0093490396882196e-05,1.3782306402356713e-05,1.4408127070412659e-05,-10.815114656205127,-11.19212493320871,-11.147718130694983,389,eligible_regular_session
2021-09-10,2021-09-13,train,4.4510373924671824e-05,-0.0132373777072954,2.451779360272521e-05,1.701501100150338e-05,1.5117056219905988e-05,-10.616111434520672,-10.981414603434866,-11.099686900618975,389,eligible_regular_session
2021-09-13,2021-09-14,train,2.7440118557530812e-05,-0.0051888693235701,4.4510373924671824e-05,2.4188929293993576e-05,1.6869695123595438e-05,-10.01978827405803,-10.62961549666202,-10.989991733674298,389,eligible_regular_session
2021-09-14,2021-09-15,train,2.1488319776755715e-05,-0.0092373202204414,2.7440118557530812e-05,2.7511800757442513e-05,1.7920729517267654e-05,-10.5035044345062,-10.500895526884285,-10.929552441577151,389,eligible_regular_session
2021-09-15,2021-09-16,train,2.8214711011377255e-05,0.0068698167369862,2.1488319776755715e-05,2.761001925171315e-05,1.8674927330860255e-05,-10.748001036650614,-10.49733183474925,-10.888328718205427,389,eligible_regular_session
2021-09-16,2021-09-17,train,3.5640371814331105e-05,-0.0002503168085161,2.8214711011377255e-05,2.9234263374612164e-05,1.9378552649485206e-05,-10.475667048971054,-10.440169133349407,-10.851343636979646,389,eligible_regular_session
2021-09-17,2021-09-20,train,9.026637055115888e-05,-0.0074521050432834,3.5640371814331105e-05,3.145877901693334e-05,1.947046803890286e-05,-10.24203152291521,-10.366832471737856,-10.846611699891035,389,eligible_regular_session
2021-09-20,2021-09-21,train,7.602397457537189e-05,0.0003511417306055,9.026637055115888e-05,4.060997834223075e-05,2.2383526121606824e-05,-9.312745586052094,-10.111496749577444,-10.707185310672374,389,eligible_regular_session
2021-09-21,2021-09-22,train,5.166223369647914e-05,-0.0054360970242132,7.602397457537189e-05,5.032674954579897e-05,2.310523027036353e-05,-9.484461812484287,-9.896973822098861,-10.6754515474349,389,eligible_regular_session
2021-09-22,2021-09-23,train,2.002403191482721e-05,0.0049009476928132,5.166223369647914e-05,5.636153232974365e-05,2.4690306463879372e-05,-9.870783532817102,-9.783723683053855,-10.60909984221442,389,eligible_regular_session
2021-09-23,2021-09-24,train,2.1417311289828985e-05,0.0067580627320436,2.002403191482721e-05,5.472339651043364e-05,2.5305850221172857e-05,-10.818577410007306,-9.81321921584468,-10.584474954922817,389,eligible_regular_session
2021-09-24,2021-09-27,train,2.0214030892339027e-05,0.0053897810400363,2.1417311289828985e-05,5.187878440553322e-05,2.6023873731598592e-05,-10.75131102417404,-9.866600629678487,-10.556496220803204,389,eligible_regular_session
2021-09-27,2021-09-28,train,9.572497651548126e-05,-0.0007378696150292,2.0214030892339027e-05,3.7868316473769246e-05,2.6724801966419573e-05,-10.80913359604845,-10.181395772444887,-10.529918511130402,389,eligible_regular_session
2021-09-28,2021-09-29,train,5.3174878757107306e-05,-0.0141532184713516,9.572497651548126e-05,4.180851686179112e-05,3.0147217865150648e-05,-9.254031305934127,-10.082410486513892,-10.409417915494894,389,eligible_regular_session
2021-09-29,2021-09-30,train,9.230999146173368e-05,-0.0019707194231161,5.3174878757107306e-05,4.211104587391676e-05,3.195691574459635e-05,-9.841924476953778,-10.07520047938747,-10.351121945333851,389,eligible_regular_session
2021-09-30,2021-10-01,train,7.829220263711777e-05,-0.0164686602142939,9.230999146173368e-05,5.656823778329805e-05,3.591030876313187e-05,-9.290358172457791,-9.780062900176295,-10.234486151513961,389,eligible_regular_session
2021-10-01,2021-10-04,train,0.000105300980122,0.0058887031166028,7.829220263711777e-05,6.79432160527558e-05,3.89901475935614e-05,-9.455062543104823,-9.59683825969107,-10.15220156955602,389,eligible_regular_session
2021-10-04,2021-10-05,train,3.900471933736579e-05,-0.0101043205858787,0.000105300980122,8.496060589868799e-05,4.341519105057367e-05,-9.158687830966429,-9.37332286892018,-10.04470115389533,389,eligible_regular_session
2021-10-05,2021-10-06,train,9.541045233862188e-05,0.0063906242391263,3.900471933736579e-05,7.36165544630649e-05,4.480839326559066e-05,-10.15182791050518,-9.516640632751324,-10.01311508641273,389,eligible_regular_session
2021-10-06,2021-10-07,train,2.420256138643661e-05,0.0127898300608147,9.541045233862188e-05,8.206366917936782e-05,4.8752469169063446e-05,-9.25732242221373,-9.408015158577097,-9.928754712181252,389,eligible_regular_session
2021-10-07,2021-10-08,train,3.860352595416637e-05,-0.0001000056822244,2.420256138643661e-05,6.844218316430841e-05,4.936050553934301e-05,-10.62905208798781,-9.589521210496553,-9.916359936536628,389,eligible_regular_session
2021-10-08,2021-10-11,train,2.737263690537739e-05,-0.0037007611967004,3.860352595416637e-05,6.0504447827718134e-05,5.016079184155954e-05,-10.162166939702418,-9.712793677816258,-9.90027687544923,389,eligible_regular_session
2021-10-11,2021-10-12,train,6.316626830016977e-05,-0.0058533451066349,2.737263690537739e-05,4.491877918439361e-05,5.0491662137400236e-05,-10.505966696644899,-10.010654606014693,-9.893702341504582,389,eligible_regular_session
2021-10-12,2021-10-13,train,4.6545653621805696e-05,-0.0040397329212036,6.316626830016977e-05,4.9751088976954404e-05,5.224841098728407e-05,-9.669740128723408,-9.908478205615225,-9.859501079308421,389,eligible_regular_session
2021-10-13,2021-10-14,train,1.4134832661189654e-05,0.0008780245700268,4.6545653621805696e-05,3.9978129233591164e-05,5.234092370079016e-05,-9.975076928701302,-10.127178022543324,-9.857732012932594,389,eligible_regular_session
2021-10-14,2021-10-15,train,1.2842376936554838e-05,0.0072686473692288,1.4134832661189654e-05,3.7964583488541776e-05,5.1736137978229205e-05,-11.1668684055029,-10.178856846291913,-9.869354026856065,389,eligible_regular_session
2021-10-15,2021-10-18,train,1.5567080349426882e-05,0.0025507732770699,1.2842376936554838e-05,3.281235368501947e-05,5.1343140576401885e-05,-11.26276015716561,-10.32470547674559,-9.87697921227687,389,eligible_regular_session
2021-10-18,2021-10-19,train,1.3820800871951584e-05,0.0076092783304988,1.5567080349426882e-05,3.045124237382937e-05,5.076824827358597e-05,-11.07035210740099,-10.399383764186517,-9.888239432779539,389,eligible_regular_session
2021-10-19,2021-10-20,train,9.715448397771905e-06,0.0041300066795869,1.3820800871951584e-05,2.058214888818573e-05,4.9776449594386886e-05,-11.189335791090226,-10.79108641667382,-9.907968585497107,389,eligible_regular_session
2021-10-20,2021-10-21,train,9.515490372799615e-06,0.0022729990851954,9.715448397771905e-06,1.3216107843378974e-05,4.6115044041960205e-05,-11.541793320999588,-11.234074181156977,-9.984371326230747,389,eligible_regular_session
2021-10-21,2021-10-22,train,2.5506792683890376e-05,0.0042045510229201,9.515490372799615e-06,1.2292239385700965e-05,4.309193112366147e-05,-11.562589521728624,-11.306542438966945,-10.052174791289183,389,eligible_regular_session
2021-10-22,2021-10-25,train,1.0475757466719324e-05,0.0002244436776815,2.5506792683890376e-05,1.4825122535168072e-05,4.1903047441271074e-05,-10.576565761512276,-11.11918734767329,-10.080152002385722,389,eligible_regular_session
2021-10-25,2021-10-26,train,2.026112047569792e-05,0.0024838741895699,1.0475757466719324e-05,1.380685795862656e-05,4.146903496635708e-05,-11.466446782911802,-11.190345135717958,-10.090563554621625,389,eligible_regular_session
2021-10-26,2021-10-27,train,2.075001885562306e-05,-0.0018869619623633,2.026112047569792e-05,1.5094921879375827e-05,4.141648083844203e-05,-10.806806755850785,-11.101152170083797,-10.091831668463891,389,eligible_regular_session
2021-10-27,2021-10-28,train,1.6748715623810894e-05,-0.0059140016196953,2.075001885562306e-05,1.730183597094606e-05,4.1440843927682216e-05,-10.782963402583254,-10.96469793660324,-10.091243595170164,389,eligible_regular_session
2021-10-28,2021-10-29,train,1.3310990034205312e-05,0.0051502484456103,1.6748715623810894e-05,1.8748481021148315e-05,3.7851013887151744e-05,-10.997188981808666,-10.884397821034943,-10.18185279146067,389,eligible_regular_session
2021-10-29,2021-11-01,train,1.580754342264318e-05,0.0070392131311024,1.3310990034205312e-05,1.6309320491211304e-05,3.6039018945201654e-05,-11.226920545588328,-11.023773804295422,-10.230908346870956,389,eligible_regular_session
2021-11-01,2021-11-02,train,1.1148649574636327e-05,-0.0006630595891436,1.580754342264318e-05,1.7375677682396076e-05,3.256163494342481e-05,-11.055023300052799,-10.960439163970657,-10.33237580484043,389,eligible_regular_session
2021-11-02,2021-11-03,train,1.9562727546020713e-05,0.0030819531304269,1.1148649574636327e-05,1.5553183502183756e-05,2.9509655258766563e-05,-11.404192181775478,-11.07124521346417,-10.430793051261107,389,eligible_regular_session
2021-11-03,2021-11-04,train,1.50820876055517e-05,0.007533957668911,1.9562727546020713e-05,1.5315725240263286e-05,2.5612461959858416e-05,-10.841884457986083,-11.086630463902717,-10.572431529618186,389,eligible_regular_session
2021-11-04,2021-11-05,train,1.937102324941595e-05,0.003188778212241,1.50820876055517e-05,1.4982399636611447e-05,2.452506960841232e-05,-11.102002769584345,-11.108634403344237,-10.615814714253377,389,eligible_regular_session
2021-11-05,2021-11-08,train,1.7854741007910138e-05,-0.0014149766442781,1.937102324941595e-05,1.6194406279653574e-05,2.1068731922539323e-05,-10.851732255434912,-11.03084466673214,-10.767720515986866,389,eligible_regular_session
2021-11-08,2021-11-09,train,3.3460601364171725e-05,-0.0016194060192739,1.7854741007910138e-05,1.6603845796706964e-05,2.07801946326063e-05,-10.933241482320733,-11.00587621493375,-10.781510205994117,389,eligible_regular_session
2021-11-09,2021-11-10,train,3.307031156990221e-05,-0.0045356863176012,3.3460601364171725e-05,2.1066236154614043e-05,2.054642533306109e-05,-10.305141889937941,-10.767838981387085,-10.792823581882427,389,eligible_regular_session
2021-11-10,2021-11-11,train,1.0967136381260625e-05,-0.0046356867070132,3.307031156990221e-05,2.3767752959390345e-05,2.0805410545084946e-05,-10.316874609487824,-10.647180813690433,-10.780297482723103,389,eligible_regular_session
2021-11-11,2021-11-12,train,1.319265449302869e-05,-0.0022902626624135,1.0967136381260625e-05,2.2944762714532126e-05,1.8432722730589072e-05,-11.420607358660293,-10.682420851660071,-10.901383063575572,389,eligible_regular_session
2021-11-12,2021-11-15,train,1.586411204627562e-05,0.0046360094419674,1.319265449302869e-05,2.1709088963254676e-05,1.6916677315644667e-05,-11.235850361064042,-10.737779538876524,-10.987210599214448,389,eligible_regular_session
2021-11-15,2021-11-16,train,1.0525490414165937e-05,-0.0017899454248266,1.586411204627562e-05,2.131096317092777e-05,1.6995280924057663e-05,-11.051451103844615,-10.75628891480252,-10.982574845146534,389,eligible_regular_session
2021-11-16,2021-11-17,train,1.3201223219547304e-05,0.0042107569610951,1.0525490414165937e-05,1.6723940980926617e-05,1.688996790031271e-05,-11.46171058431119,-10.99866927348081,-10.988790727660717,389,eligible_regular_session
2021-11-17,2021-11-18,train,1.989233322209043e-05,-0.0019579379949226,1.3201223219547304e-05,1.2750123310855635e-05,1.678242893986364e-05,-11.235201064517854,-11.26996961496695,-10.995178115323094,389,eligible_regular_session
2021-11-18,2021-11-19,train,1.710744695523523e-05,0.0011527011059417,1.989233322209043e-05,1.4535162679021598e-05,1.705840768305177e-05,-10.825176165689127,-11.13893983178892,-10.978867356537513,389,eligible_regular_session
2021-11-19,2021-11-22,train,3.2628139197501704e-05,-0.0007979020918762,1.710744695523523e-05,1.5318121171462903e-05,1.7394407617481923e-05,-10.975996694797649,-11.086474040111051,-10.959361804698398,389,eligible_regular_session
2021-11-22,2021-11-23,train,6.465264152142006e-05,-0.0078176002884757,3.2628139197501704e-05,1.8670926601708122e-05,1.8444982564059292e-05,-10.330335476337243,-10.888542971127567,-10.900718172209697,389,eligible_regular_session
2021-11-23,2021-11-24,train,3.455869855973843e-05,0.002001460154576,6.465264152142006e-05,2.9496356823158948e-05,2.0224339329401547e-05,-9.646481594781104,-10.431243799764982,-10.808623761590272,389,eligible_regular_session
2021-11-24,2021-11-29,train,3.5646178060940616e-05,0.0073928059169882,3.455869855973843e-05,3.376785189119717e-05,2.1319018469993327e-05,-10.272851272152453,-10.296001335563432,-10.75591099771922,389,eligible_regular_session
2021-11-29,2021-11-30,train,0.0001031691191199,6.661487899509317e-05,3.5646178060940616e-05,3.691862085896721e-05,2.2018339269322537e-05,-10.241868624117823,-10.20679450387654,-10.723634848709073,389,eligible_regular_session
2021-11-30,2021-12-01,train,0.0001123167388005,-0.0122487362847888,0.0001031691191199,5.413095529190016e-05,2.5764662008607854e-05,-9.179140983030342,-9.824104349206548,-10.566506694507746,389,eligible_regular_session
2021-12-01,2021-12-02,train,0.0001638094158207,-0.023771216120102,0.0001123167388005,7.006867521249982e-05,3.0108663062093723e-05,-9.094187653004127,-9.566034722389652,-10.410697618246731,389,eligible_regular_session
2021-12-02,2021-12-03,train,0.0001845950586575,0.0124911064213487,0.0001638094158207,8.990003007235581e-05,3.694950059784348e-05,-8.71680690455457,-9.316812281977793,-10.205958426281333,389,eligible_regular_session
2021-12-03,2021-12-06,train,7.632862148434743e-05,-0.0127983182376745,0.0001845950586575,0.00011990730209190813,4.4621660381246064e-05,-8.59734600408965,-9.028791596268062,-10.017291158059974,389,eligible_regular_session
2021-12-06,2021-12-07,train,2.6035960271799432e-05,0.0045568311657191,7.632862148434743e-05,0.00012804379077658947,4.758438637714202e-05,-9.480462572262642,-8.963138237110696,-9.95300586782327,389,eligible_regular_session
2021-12-07,2021-12-08,train,2.911854292502492e-05,0.0081090413509345,2.6035960271799432e-05,0.00011261715900696937,4.7878624228313785e-05,-10.556031888150233,-9.091516464819254,-9.946841411431814,389,eligible_regular_session
2021-12-08,2021-12-09,train,2.8550553765024405e-05,0.0022530781710587,2.911854292502492e-05,9.597751983187436e-05,4.851664492465347e-05,-10.44413537280303,-9.251396562336119,-9.933603624575786,389,eligible_regular_session
2021-12-09,2021-12-10,train,3.032953880449416e-05,-0.0036632388418518,2.8550553765024405e-05,6.892574742073923e-05,4.893389631172659e-05,-10.463834225727265,-9.582480757141656,-9.925040225510115,389,eligible_regular_session
2021-12-10,2021-12-13,train,3.441419859190528e-05,0.0027161108752286,3.032953880449416e-05,3.807264345013807e-05,4.950093257520768e-05,-10.403388442297821,-10.176014553412625,-9.913519048663913,389,eligible_regular_session
2021-12-13,2021-12-14,train,4.769541742092788e-05,-0.0080441312064783,3.441419859190528e-05,2.9689758871649642e-05,4.954427790374103e-05,-10.277041328977985,-10.424708390755784,-9.91264378511324,389,eligible_regular_session
2021-12-14,2021-12-15,train,9.277808794690585e-05,-0.0002416230174937,4.769541742092788e-05,3.4021650301475326e-05,5.0209055442424015e-05,-9.950675235525164,-10.288513462429576,-9.89931516023514,389,eligible_regular_session
2021-12-15,2021-12-16,train,8.804480137402671e-05,0.0150585371113512,9.277808794690585e-05,4.6753559305851515e-05,5.3927735059044245e-05,-9.285300067314925,-9.970620170243167,-9.827865647289686,389,eligible_regular_session
2021-12-16,2021-12-17,train,0.000119847899784,-0.0128734445283701,8.804480137402671e-05,5.865240882765197e-05,5.733010537181688e-05,-9.337664766513795,-9.743881912477978,-9.766684673058284,389,eligible_regular_session
2021-12-17,2021-12-20,train,8.900083212567996e-05,-0.0038193215726226,0.000119847899784,7.655608102355315e-05,6.205664117807708e-05,-9.029287120942053,-9.477487000432339,-9.687463022579546,389,eligible_regular_session
2021-12-20,2021-12-21,train,3.800676274327226e-05,0.0011193070665295,8.900083212567996e-05,8.747340773030807e-05,6.562370216496408e-05,-9.3268648385491,-9.344175722444833,-9.631573613781926,389,eligible_regular_session
2021-12-21,2021-12-22,train,2.1664016189858456e-05,0.0085284494422517,3.800676274327226e-05,8.553567679477695e-05,6.675122668876975e-05,-10.177746447143907,-9.366576996601967,-9.61453788349293,389,eligible_regular_session
2021-12-22,2021-12-23,train,1.3929537781571531e-05,0.0100322693092563,2.1664016189858456e-05,7.131286244336748e-05,6.683175773275921e-05,-10.739857913918476,-9.548433847888743,-9.613332175234591,389,eligible_regular_session
2021-12-23,2021-12-27,train,1.0183529644176218e-05,0.0039716544730119,1.3929537781571531e-05,5.6489809724876445e-05,6.66873073157745e-05,-11.18149895223266,-9.781450294930236,-9.615495918266934,389,eligible_regular_session
2021-12-27,2021-12-28,train,2.63251570337121e-05,0.0098964395898202,1.0183529644176218e-05,3.455693569691169e-05,6.566709779062336e-05,-11.494738883540078,-10.272902284136821,-9.630912552576506,389,eligible_regular_session
2021-12-28,2021-12-29,train,1.4881394467124054e-05,-0.0017281398834261,2.63251570337121e-05,2.2021800678518114e-05,6.392493940481844e-05,-10.544985534768784,-10.723477655330177,-9.657800984698017,389,eligible_regular_session
2021-12-29,2021-12-30,train,1.239224164704127e-05,0.0002524865240906,1.4881394467124054e-05,1.739672702328847e-05,6.303051649151778e-05,-11.115398818761784,-10.95922847154707,-9.671891560096853,389,eligible_regular_session
2021-12-30,2021-12-31,train,2.2056762514713395e-05,-0.0037696056065962,1.239224164704127e-05,1.5542372114725035e-05,6.197351938179508e-05,-11.298439954794413,-11.071940578938746,-9.688803370900489,389,eligible_regular_session
2021-12-31,2022-01-03,validation,3.693708159676498e-05,-0.0019012149812443,2.2056762514713395e-05,1.7167817061353407e-05,5.8286594081559334e-05,-10.721891313081509,-10.97247402792526,-9.75013843819279,389,eligible_regular_session
2022-01-03,2022-01-04,validation,2.9543044850394637e-05,0.0024927100133265,3.693708159676498e-05,2.251852745187116e-05,5.48602460268441e-05,-10.206294590191655,-10.701172145291132,-9.810721587834102,389,eligible_regular_session
2022-01-04,2022-01-05,validation,5.2695945292808266e-05,-0.0038853032185142,2.9543044850394637e-05,2.316210501520767e-05,4.87572291645575e-05,-10.429662210668736,-10.672993019268507,-9.928657080959349,389,eligible_regular_session
2022-01-05,2022-01-06,validation,8.61852082095744e-05,-0.0190035177793507,5.2695945292808266e-05,3.072501518034451e-05,4.276181492070787e-05,-9.85097204479235,-10.390433408440874,-10.059865028351107,389,eligible_regular_session
2022-01-06,2022-01-07,validation,4.627133704264515e-05,-9.581654333177849e-05,8.61852082095744e-05,4.5483608492851136e-05,4.320984159003637e-05,-9.35901199351615,-9.998158549818406,-10.049442274075837,389,eligible_regular_session
2022-01-07,2022-01-10,validation,9.733849419394526e-05,-0.0040312008077571,4.627133704264515e-05,5.0326523398437484e-05,4.412963144325663e-05,-9.980987858928495,-9.89697831569067,-10.028379086332091,389,eligible_regular_session
2022-01-10,2022-01-11,validation,7.955305400413453e-05,0.005645637812335,9.733849419394526e-05,6.240680591787355e-05,4.7230538319116646e-05,-9.237316023229214,-9.681836219339813,-9.96046987629955,389,eligible_regular_session
2022-01-11,2022-01-12,validation,5.686023281109805e-05,0.0097163182563668,7.955305400413453e-05,7.240880774862153e-05,4.9548833784530744e-05,-9.439086412916332,-9.533182611985364,-9.912551833599853,389,eligible_regular_session
2022-01-12,2022-01-13,validation,6.757205674433819e-05,-0.0009537293971432,5.686023281109805e-05,7.324166525227948e-05,5.075477442119456e-05,-9.774914357288,-9.521746101492912,-9.888504867202448,389,eligible_regular_session
2022-01-13,2022-01-14,validation,9.291275091046072e-05,-0.0164511697243905,6.757205674433819e-05,6.951903495923224e-05,5.2261949791759686e-05,-9.602316022143029,-9.573909958587487,-9.85924198911965,389,eligible_regular_session
2022-01-14,2022-01-18,validation,8.755012777131706e-05,0.0069957901763687,9.291275091046072e-05,7.884731773279535e-05,5.4317283132193006e-05,-9.28384966741377,-9.447997262473141,-9.820668091940503,389,eligible_regular_session
2022-01-18,2022-01-19,validation,7.744625246530409e-05,-0.0067148602274143,8.755012777131706e-05,7.68896444482697e-05,5.407964857875715e-05,-9.343299039823803,-9.47313935309176,-9.825052624424547,389,eligible_regular_session
2022-01-19,2022-01-20,validation,7.996426599710025e-05,-0.0139913279966818,7.744625246530409e-05,7.646828414050362e-05,5.359789635563338e-05,-9.465926378775558,-9.47863448949513,-9.834000737754097,389,eligible_regular_session
2022-01-20,2022-01-21,validation,0.0002574547726465,-0.0163746918117803,7.996426599710025e-05,8.108909077770407e-05,5.1785003910774306e-05,-9.43393069811565,-9.419962121578942,-9.868409950403993,389,eligible_regular_session
2022-01-21,2022-01-24,validation,0.0005115123223873,-0.0151578400496719,0.0002574547726465,0.00011906563395813643,5.944200120717522e-05,-8.264666493494797,-9.035835671031569,-9.730509490436871,389,eligible_regular_session
2022-01-24,2022-01-25,validation,0.0002976698534535,0.0200021090975272,0.0005115123223873,0.00020278554825350426,8.096498119099467e-05,-7.57813888217401,-8.503361549863833,-9.42149382774919,389,eligible_regular_session
2022-01-25,2022-01-26,validation,0.0004273698683727,0.0023731507519941,0.0002976698534535,0.0002448094933899409,9.351070106661473e-05,-8.119525559922375,-8.315030227890368,-9.277434678308206,389,eligible_regular_session
2022-01-26,2022-01-27,validation,0.0002932255343784,-0.0172204350475464,0.0004273698683727,0.00031479421657142005,0.00011230344336621147,-7.757860717394358,-8.063591413345126,-9.094306034479699,389,eligible_regular_session
2022-01-27,2022-01-28,validation,0.0002138104289127,-0.0164084703842792,0.0002932255343784,0.00035744647024768,0.00012516898903594894,-8.134568503140768,-7.9365249406143255,-8.985845821385018,389,eligible_regular_session
2022-01-28,2022-01-31,validation,8.418085965478548e-05,0.0203533001215403,0.0002138104289127,0.00034871760150092005,0.0001336910468486302,-8.450420781738375,-7.961248128066164,-8.919979040581543,389,eligible_regular_session
2022-01-31,2022-02-01,validation,0.0001014320312352,0.0198979492390263,8.418085965478548e-05,0.0002632513089544171,0.00013684102253897843,-9.382542982571527,-8.242401434676067,-8.8966907253676,389,eligible_regular_session
2022-02-01,2022-02-02,validation,8.352425132901706e-05,0.0057945976403341,0.0001014320312352,0.0002240037445107571,0.00014088828570207656,-9.196121626796408,-8.403847789683075,-8.867543281606896,389,eligible_regular_session
2022-02-02,2022-02-03,validation,9.417497038550444e-05,0.0041260049993555,8.352425132901706e-05,0.0001552346211020205,0.00014368226246636308,-9.390373533197518,-8.770572900981529,-8.847906206970029,389,eligible_regular_session
2022-02-03,2022-02-04,validation,0.0001217756925964,-0.0101954437638113,9.417497038550444e-05,0.0001154245083034414,0.00014628398468403308,-9.270356118848609,-9.066893849459511,-8.829960724939024,389,eligible_regular_session
2022-02-04,2022-02-07,validation,7.627571380699247e-05,0.0052294254186783,0.0001217756925964,9.701756104018139e-05,0.00015047637776339695,-9.013329790778911,-9.2406185541956,-8.801704444477345,389,eligible_regular_session
2022-02-07,2022-02-08,validation,6.000538826315369e-05,-0.0051027895730788,7.627571380699247e-05,9.543653187062278e-05,0.0001515481854231326,-9.481155969070457,-9.257049119156086,-8.794606927985575,389,eligible_regular_session
2022-02-08,2022-02-09,validation,3.3637653312477884e-05,0.0084053334417843,6.000538826315369e-05,8.715120327621354e-05,0.00015035819360738619,-9.72107619538845,-9.34786597913758,-8.802490153124806,389,eligible_regular_session
2022-02-09,2022-02-10,validation,0.0001389337319134,0.0048144311480421,3.3637653312477884e-05,7.71738836729057e-05,0.00014978393525601495,-10.299864484137084,-9.469449452560413,-8.80631673391352,389,eligible_regular_session
2022-02-10,2022-02-11,validation,0.0002139019775941,-0.006352924001299,0.0001389337319134,8.612563597848481e-05,0.00015167462787962654,-8.881513487338896,-9.359703444292144,-8.793772937545043,389,eligible_regular_session
2022-02-11,2022-02-14,validation,0.0001794233071242,-0.0210011459688794,0.0002139019775941,0.00010455089297802481,0.0001577813971337159,-8.44999269650444,-9.165836590968528,-8.754300045388407,389,eligible_regular_session
2022-02-14,2022-02-15,validation,5.785519569139723e-05,-0.0037918520711242,0.0001794233071242,0.00012518041164146632,0.0001633524459661296,-8.625762699697804,-8.985754568076686,-8.719600446254402,389,eligible_regular_session
2022-02-15,2022-02-16,validation,8.123130846279901e-05,0.0055559249889896,5.785519569139723e-05,0.000124750373127115,0.0001629107704637232,-9.757567295195972,-8.9891958323382,-8.722307927514755,389,eligible_regular_session
2022-02-16,2022-02-17,validation,5.710129263139024e-05,0.0052267171590365,8.123130846279901e-05,0.00013426910415717926,0.0001623797958070113,-9.418209812908543,-8.915664531852617,-8.725572548031618,389,eligible_regular_session
2022-02-17,2022-02-18,validation,0.0001224540546333,-0.0145689865978675,5.710129263139024e-05,0.0001179026163007773,0.00016099575784610554,-9.770683803530696,-9.045651559820875,-8.734132542108899,389,eligible_regular_session
2022-02-18,2022-02-22,validation,0.000190082840287,-0.0085749581785723,0.0001224540546333,9.961303170861728e-05,0.0001630415670355599,-9.007774662551627,-9.214217561484622,-8.721505377179572,389,eligible_regular_session
2022-02-22,2022-02-23,validation,0.0001235924442481,-0.0057396875907625,0.000190082840287,0.0001017449383411773,0.00016804695677600988,-8.568050579314301,-9.1930414809116,-8.691267112996048,389,eligible_regular_session
2022-02-23,2022-02-24,validation,0.0003654584715525,-0.0260024248619892,0.0001235924442481,0.00011489238805251784,0.0001619623054851735,-8.998521145488043,-9.071514623759112,-8.728146931996879,389,eligible_regular_session
2022-02-24,2022-02-25,validation,0.0001398210933938,0.0398957503563629,0.0003654584715525,0.00017173782067045804,0.00015532349408359168,-7.91435790615318,-8.669541542503152,-8.770000557322474,389,eligible_regular_session
2022-02-25,2022-02-28,validation,0.0001544036417483,0.0199242813730311,0.0001398210933938,0.00018828178082294,0.00014814855044451445,-8.875146856900999,-8.577570883100558,-8.81729506836979,389,eligible_regular_session
2022-02-28,2022-03-01,validation,0.0001552516714868,0.0077533290537344,0.0001544036417483,0.00019467169824593998,0.0001357409946888599,-8.775940334199035,-8.544196016984387,-8.904761938817618,389,eligible_regular_session
2022-03-01,2022-03-02,validation,0.000132158112253,-0.0136045222414279,0.0001552516714868,0.0001877054644859,0.00012946945546651442,-8.770463070788031,-8.580636501924511,-8.952065569768676,389,eligible_regular_session
2022-03-02,2022-03-03,validation,0.0001170123010629,0.011918556367875,0.000132158112253,0.00018941859808688,0.00012575798652743718,-8.93151153209356,-8.571551187276592,-8.981151239848591,389,eligible_regular_session
2022-03-03,2022-03-04,validation,0.0001323200994999,-0.0112184443402765,0.0001170123010629,0.00013972936398896002,0.00012725032477326056,-9.053231491403311,-8.875803120596583,-8.969354350291237,389,eligible_regular_session
2022-03-04,2022-03-07,validation,0.0001391734906507,0.000120117345551,0.0001323200994999,0.00013822916521018,0.00012865432787620147,-8.930286574724997,-8.88659763264261,-8.958381379101217,389,eligible_regular_session
2022-03-07,2022-03-08,validation,0.0003917009271952,-0.0280239634171216,0.0001391734906507,0.00013518313499066,0.0001311838387544598,-8.879789268927823,-8.908880143329583,-8.938910869266747,389,eligible_regular_session
2022-03-08,2022-03-09,validation,0.0001054616464789,-0.0083829352059988,0.0003917009271952,0.00018247298613234,0.00014470774588217321,-7.8450119501898525,-8.608908417090603,-8.840794395129464,389,eligible_regular_session
2022-03-09,2022-03-10,validation,0.0001094859919387,0.0061156103008585,0.0001054616464789,0.00017713369297752,0.00014396619833137775,-9.157163211629374,-8.638605782950131,-8.845932019752443,389,eligible_regular_session
2022-03-10,2022-03-11,validation,8.730352297754431e-05,0.0056696995644737,0.0001094859919387,0.00017562843115267998,0.00014547575642827353,-9.119713944391595,-8.647139981254693,-8.835501107721887,389,eligible_regular_session
2022-03-11,2022-03-14,validation,0.0001123637611374,-0.0199149813680522,8.730352297754431e-05,0.00016662511584820887,0.00014671658073347313,-9.346119741092812,-8.699764084202574,-8.827007854434104,389,eligible_regular_session
2022-03-14,2022-03-15,validation,0.0001034870184181,-0.010796509567761,0.0001123637611374,0.00016126316994554885,0.0001502950401800605,-9.09376908229951,-8.732472931542615,-8.802910261217168,389,eligible_regular_session
2022-03-15,2022-03-16,validation,0.0001746344384861,0.0134764080389426,0.0001034870184181,0.00010362038819012886,0.00014868382593027414,-9.176064379037415,-9.174776450298905,-8.813688480217161,389,eligible_regular_session
2022-03-16,2022-03-17,validation,6.364976786274755e-05,0.0123767756268454,0.0001746344384861,0.00011745494659156889,0.0001468989377890014,-8.652815691820024,-9.049455731172634,-8.825765705654687,389,eligible_regular_session
2022-03-17,2022-03-18,validation,5.4143378336488345e-05,0.0159206933510436,6.364976786274755e-05,0.00010828770177637838,0.0001416365041862081,-9.6621148800571,-9.13071896741023,-8.86224661200363,389,eligible_regular_session
2022-03-18,2022-03-21,validation,9.243814784807884e-05,0.0146399570335431,5.4143378336488345e-05,0.00010165567284816717,0.00014146778521553045,-9.823874875715898,-9.19391921179175,-8.863438533122233,389,eligible_regular_session
2022-03-21,2022-03-22,validation,3.7357903500851854e-05,-0.0007797096648826,9.243814784807884e-05,9.767055019030296e-05,0.00014197718700577043,-9.288970809019329,-9.233910475365201,-8.859844168158332,389,eligible_regular_session
2022-03-22,2022-03-23,validation,4.706397272477793e-05,0.0077796647162649,3.7357903500851854e-05,8.444472720685332e-05,0.0001410797602271096,-10.194966062322424,-9.379413353523512,-8.866185152150535,389,eligible_regular_session
2022-03-23,2022-03-24,validation,4.030989099399257e-05,-0.0067743042245738,4.706397272477793e-05,5.893063405458891e-05,0.00013765293832217676,-9.964002759937008,-9.739149499718934,-8.89077498027456,389,eligible_regular_session
2022-03-24,2022-03-25,validation,4.945368602275701e-05,0.0096704597548539,4.030989099399257e-05,5.42626586808379e-05,0.00013084507699067643,-10.118913685031549,-9.82167425302424,-8.941496552999856,389,eligible_regular_session
2022-03-25,2022-03-28,validation,3.684314640293906e-05,0.0032365413164993,4.945368602275701e-05,5.332472021809165e-05,0.00012747513343497904,-9.914473962274016,-9.839110540351207,-8.9675892442695,389,eligible_regular_session
2022-03-28,2022-03-29,validation,4.137416019252763e-05,0.0083398742996203,3.684314640293906e-05,4.2205719929063684e-05,0.00011253807320090806,-10.208840942978256,-10.072954802764736,-9.092218965121274,389,eligible_regular_session
2022-03-29,2022-03-30,validation,3.015253343235044e-05,0.0029601269667328,4.137416019252763e-05,4.3008971267398844e-05,0.00010806321260085024,-10.092854021934611,-10.05410182990623,-9.132794200202655,389,eligible_regular_session
2022-03-30,2022-03-31,validation,4.607869590460831e-05,-0.0042645097306223,3.015253343235044e-05,3.9626683408913346e-05,0.00010241543495012525,-10.409241610714222,-10.136007843163528,-9.186473124782966,389,eligible_regular_session
2022-03-31,2022-04-01,validation,5.2631625395123226e-05,-0.013467147064122,4.607869590460831e-05,4.0780444391036494e-05,9.745302696911655e-05,-9.985159842658353,-10.107307895598368,-9.236140070726908,389,eligible_regular_session
2022-04-01,2022-04-04,validation,2.461108358096383e-05,8.581622790134574e-05,5.2631625395123226e-05,4.1416032265509733e-05,9.383818665739487e-05,-9.852193375641626,-10.091842499305924,-9.273938677576062,389,eligible_regular_session
2022-04-04,2022-04-05,validation,4.571566994834915e-05,0.00810416444213,2.461108358096383e-05,3.896961970111469e-05,8.963813131730687e-05,-10.612313664422365,-10.152728197421482,-9.319729755775983,389,eligible_regular_session
2022-04-05,2022-04-06,validation,9.45363466957645e-05,-0.0099274726466142,4.571566994834915e-05,3.983792165227898e-05,8.570156633769091e-05,-9.99306943156411,-10.130691293971116,-9.36463945554167,389,eligible_regular_session
2022-04-06,2022-04-07,validation,7.384953083860172e-05,-0.0017014448542864,9.45363466957645e-05,5.27146843049618e-05,8.367260524883022e-05,-9.266526176293118,-9.850616501666908,-9.388598930949811,389,eligible_regular_session
2022-04-07,2022-04-08,validation,5.101845031124741e-05,0.0051203320425725,7.384953083860172e-05,5.826885129176048e-05,6.922481450534846e-05,-9.513480901903453,-9.75044289054813,-9.578151168501327,389,eligible_regular_session
2022-04-08,2022-04-11,validation,4.377787260747206e-05,-0.001064201737704,5.101845031124741e-05,5.794621627498532e-05,6.675012377045517e-05,-9.883323219854457,-9.755995283235379,-9.614554406446606,389,eligible_regular_session
2022-04-11,2022-04-12,validation,6.206842971460257e-05,-0.0106827787536655,4.377787260747206e-05,6.177957408028696e-05,6.376339107358117e-05,-10.036382059844376,-9.691937764633456,-9.660331339928248,389,eligible_regular_session
2022-04-12,2022-04-13,validation,3.7235735777445385e-05,-0.0093807089134809,6.206842971460257e-05,6.505012603353765e-05,6.261634137981108e-05,-9.687273076479599,-9.640352415520509,-9.678484269518457,389,eligible_regular_session
2022-04-13,2022-04-14,validation,4.789694464890398e-05,0.0117671569023567,3.7235735777445385e-05,5.359000384987382e-05,5.92014311361768e-05,-10.198241618625062,-9.834148002618111,-9.734564841768934,389,eligible_regular_session
2022-04-14,2022-04-18,validation,5.564888459500659e-05,-0.0137133558902731,4.789694464890398e-05,4.8399486611934275e-05,5.667460960121333e-05,-9.946458841617227,-9.936021351489385,-9.778184249971762,389,eligible_regular_session
2022-04-18,2022-04-19,validation,4.642013215589272e-05,0.000348418173646,5.564888459500659e-05,4.932557346868611e-05,5.126617533343636e-05,-9.796448523660002,-9.917067879794015,-9.87847937347992,389,eligible_regular_session
2022-04-19,2022-04-20,validation,5.125383241480571e-05,0.0150766096063346,4.642013215589272e-05,4.985402537837025e-05,5.0483010074033876e-05,-9.97777731016183,-9.906411314999662,-9.893873712467181,389,eligible_regular_session
2022-04-20,2022-04-21,validation,8.922335663009742e-05,-0.0054475695630726,5.125383241480571e-05,4.769110591841088e-05,5.035166707759375e-05,-9.878720163916077,-9.950765636189095,-9.896478829564428,389,eligible_regular_session
2022-04-21,2022-04-22,validation,0.000108818385788,-0.0243604757753697,8.922335663009742e-05,5.8088630088941285e-05,5.020554020404914e-05,-9.324367707024999,-9.75354060880046,-9.899385174725637,389,eligible_regular_session
2022-04-22,2022-04-25,validation,0.0002163720192768,-0.024583679842305,0.000108818385788,7.027291831676049e-05,5.345374394437406e-05,-9.12583025079707,-9.563124063570426,-9.836693877214334,389,eligible_regular_session
2022-04-25,2022-04-26,validation,0.0001428809070627,0.0141313806266564,0.0002163720192768,0.00010241754525311918,6.114956424219324e-05,-8.438511320291036,-9.186452519673459,-9.702187821904017,389,eligible_regular_session
2022-04-26,2022-04-27,validation,0.0002294745811799,-0.0225355446401894,0.0001428809070627,0.00012170970023448063,6.581188315440721e-05,-8.853499092433085,-9.013871855029814,-9.628710140886545,389,eligible_regular_session
2022-04-27,2022-04-28,validation,0.0001271876633397,-0.0019869280090362,0.0002294745811799,0.0001573538499874995,7.399465111609553e-05,-8.379718291983783,-8.75701346708557,-9.511517749587515,389,eligible_regular_session
2022-04-28,2022-04-29,validation,0.0001373923744599,0.0116197227388346,0.0001271876633397,0.00016494671132942,7.810122006776649e-05,-8.969846898084842,-8.709888097866914,-9.457504879374246,389,eligible_regular_session
2022-04-29,2022-05-02,validation,0.0003215417277771,-0.0272311927557091,0.0001373923744599,0.0001706615090638,8.246568435264704e-05,-8.892669678552387,-8.675828442378815,-9.40312829839433,389,eligible_regular_session
2022-05-02,2022-05-03,validation,0.0001641272040477,0.0040775882292229,0.0003215417277771,0.00019169545076385997,9.571064773195385e-05,-8.042383231800157,-8.559602639212205,-9.254181004127558,389,eligible_regular_session
2022-05-03,2022-05-04,validation,0.0002733468390818,0.0044077788349217,0.0001641272040477,0.00019594471016086,0.0001010764890111853,-8.714868796351817,-8.537678029544931,-9.199633010800362,389,eligible_regular_session
2022-05-04,2022-05-05,validation,0.0003503788759412,0.0283890519685678,0.0002733468390818,0.00020471916174124002,0.00011110899872421605,-8.204769096319904,-8.493871460780952,-9.104998867981132,389,eligible_regular_session
2022-05-05,2022-05-06,validation,0.0003947612994538,-0.0251638276464795,0.0003503788759412,0.00024935740426154,0.00012591662564968135,-7.956495486275221,-8.296623332161795,-8.979890571226658,389,eligible_regular_session
2022-05-06,2022-05-09,validation,0.0002671518814534,0.0008514241249046,0.0003947612994538,0.00030083118926032003,0.00014178233608174728,-7.8372292809093755,-8.108961283563255,-8.861217520865786,389,eligible_regular_session
2022-05-09,2022-05-10,validation,0.0003402667911903,-0.0172619898128055,0.0002671518814534,0.00028995321999558,0.00014962849675254888,-8.22769321689991,-8.14579095835574,-8.807355024250283,389,eligible_regular_session
2022-05-10,2022-05-11,validation,0.000404428927576,-0.0162137974730626,0.0003402667911903,0.0003251811374241,0.00016173837222308062,-7.985780568082972,-8.031128184973781,-8.729530514505269,389,eligible_regular_session
2022-05-11,2022-05-12,validation,0.0004710650911852,-0.013990794356268,0.000404428927576,0.00035139755512293995,0.00017780248482602394,-7.813034541289213,-7.953592339768378,-8.634837259582666,389,eligible_regular_session
2022-05-12,2022-05-13,validation,0.0001532112518969,0.0061230148055499,0.0004710650911852,0.00037553479817174003,0.00019722463112501157,-7.660514275650864,-7.887159419491272,-8.531167219310582,389,eligible_regular_session
2022-05-13,2022-05-16,validation,0.0001549721516911,0.0124518166231081,0.0001532112518969,0.00032722478866036004,0.00020136748667875235,-8.783692857552575,-8.024863196140897,-8.51037902726248,389,eligible_regular_session
2022-05-16,2022-05-17,validation,0.0001199893837765,-0.0004164500313922,0.0001549721516911,0.0003047888427079,0.00020671914194755485,-8.77226512369602,-8.095891340110814,-8.484149488174149,389,eligible_regular_session
2022-05-17,2022-05-18,validation,0.0001360820474594,0.0048414729761981,0.0001199893837765,0.00026073336122514,0.0002099960709988092,-9.028107287624966,-8.252012277336519,-8.46842173695131,389,eligible_regular_session
2022-05-18,2022-05-19,validation,0.0003117755657791,-0.0288661924158244,0.0001360820474594,0.00020706398520181998,0.00021365212385628167,-8.902252563991915,-8.482482705207541,-8.451161455103234,389,eligible_regular_session
2022-05-19,2022-05-20,validation,0.0002346727054048,0.0015216153095897,0.0003117755657791,0.0001752060801206,0.0002257137344755183,-8.07322696945588,-8.649547676179445,-8.396243023198627,389,eligible_regular_session
2022-05-20,2022-05-23,validation,0.0001836051755672,-0.0082701000995697,0.0002346727054048,0.00019149837082218,0.0002340509559750635,-8.357318757546345,-8.560631256835741,-8.359971705735772,389,eligible_regular_session
2022-05-23,2022-05-24,validation,0.0001903217777201,0.0102771043006229,0.0001836051755672,0.0001972249755974,0.0002383410386540227,-8.602722890811362,-8.531165472712878,-8.341807974444102,389,eligible_regular_session
2022-05-24,2022-05-25,validation,0.0001730495913679,0.0025363036137446,0.0001903217777201,0.00021129145438612,0.0002420457382873,-8.566794351323304,-8.462272077197872,-8.326383848478871,389,eligible_regular_session
2022-05-25,2022-05-26,validation,6.037651417898512e-05,0.0121814720138719,0.0001730495913679,0.00021868496316782,0.00024007653701871363,-8.661932349238498,-8.42787838816512,-8.334552781216793,389,eligible_regular_session
2022-05-26,2022-05-27,validation,4.1285962562361715e-05,0.016468998711339,6.037651417898512e-05,0.00016840515284779703,0.0002363263373421811,-9.714910366736913,-8.68913785776553,-8.350296922757673,389,eligible_regular_session
2022-05-27,2022-05-31,validation,0.0001440926124269,0.0174540164632499,4.1285962562361715e-05,0.00012972780427930938,0.0002277723092232021,-10.09498800530402,-8.950072115836317,-8.387164071744625,389,eligible_regular_session
2022-05-31,2022-06-01,validation,0.0001242795246371,-0.0018827276827537,0.0001440926124269,0.0001218252916512494,0.00022854071599989303,-8.845054323261891,-9.012922575219516,-8.383796175320304,389,eligible_regular_session
2022-06-01,2022-06-03,validation,0.0001069998698906,-0.0143419185068048,0.0001242795246371,0.00010861684103464937,0.00022794467737158395,-8.992977298381566,-9.127684088503287,-8.386407601559522,389,eligible_regular_session
2022-06-03,2022-06-06,validation,8.57350559411242e-05,-0.0047789468014995,0.0001069998698906,9.540689673918936e-05,0.00021819277474037944,-9.142682939478808,-9.257359689259417,-8.430131598127394,360,eligible_regular_session
2022-06-06,2022-06-07,validation,6.478937471389535e-05,-0.0076726533640732,8.57350559411242e-05,0.00010047860509161717,0.0002146294952809896,-9.364248761844909,-9.205565737788826,-8.446597294150648,389,eligible_regular_session
2022-06-07,2022-06-08,validation,6.583562123484056e-05,0.0177174787053493,6.478937471389535e-05,0.0001051792875219239,0.00020514961053699394,-9.64436893851525,-9.159844163719118,-8.491771037508327,389,eligible_regular_session
2022-06-08,2022-06-09,validation,0.0001047266535463,-0.0056741796050953,6.583562123484056e-05,8.952788928351202e-05,0.00019221582623215943,-9.62834950996079,-9.320960369118154,-8.556891722299001,389,eligible_regular_session
2022-06-09,2022-06-10,validation,0.000149398501428,-0.0201994218339357,0.0001047266535463,8.561731506535201e-05,0.00017903243323636394,-9.164156901842603,-9.365623016471334,-8.62794357727207,389,eligible_regular_session
2022-06-10,2022-06-13,validation,0.0002347999537355,-0.0132775798251031,0.000149398501428,9.409704137283202e-05,0.00017368000687157306,-8.808893315918274,-9.271183953176134,-8.658295992829677,389,eligible_regular_session
2022-06-13,2022-06-14,validation,0.0001962703580965,-0.0145591178650556,0.0002347999537355,0.00012391002093170718,0.00016888605971453668,-8.356776667048257,-8.995954893409188,-8.686286273290726,389,eligible_regular_session
2022-06-14,2022-06-15,validation,0.0004465588263318,-0.0089665908008454,0.0001962703580965,0.0001502062176082281,0.00015942430655637758,-8.536017471158347,-8.803501423963526,-8.743941315426609,389,eligible_regular_session
2022-06-15,2022-06-16,validation,0.0002085622325746,0.0050510436341453,0.0004465588263318,0.00022635085862762004,0.00015831038542667757,-7.713939416422729,-8.393424290726921,-8.750952987249011,389,eligible_regular_session
2022-06-16,2022-06-17,validation,0.0002382853775141,-0.0098189984823002,0.0002085622325746,0.00024711797443328,0.00016082633909384576,-8.47527308368497,-8.305644706080322,-8.735185414298357,389,eligible_regular_session
2022-06-17,2022-06-21,validation,5.941720299540467e-05,-0.0001769210569252,0.0002382853775141,0.0002648953496505,0.00016461330390398214,-8.342041537412026,-8.236175716953593,-8.71191144732542,389,eligible_regular_session
2022-06-21,2022-06-22,validation,0.0001347912449109,0.0078905077132446,5.941720299540467e-05,0.00022981879950248097,0.00016186002295938689,-9.730926760808092,-8.378219387790928,-8.728778652049535,389,eligible_regular_session
2022-06-22,2022-06-23,validation,0.0001332302751588,0.0101843569685592,0.0001347912449109,0.00021752297686536095,0.00016180135011627326,-8.911783310327523,-8.433206072254848,-8.729141209021957,389,eligible_regular_session
2022-06-23,2022-06-24,validation,6.910577652583613e-05,0.0035416016433826,0.0001332302751588,0.00015485726663076093,0.0001536856550880778,-8.923431534702685,-8.773006725744183,-8.780601242366851,389,eligible_regular_session
2022-06-24,2022-06-27,validation,9.360311870758104e-05,0.0211384167323084,6.910577652583613e-05,0.00012696597542100817,0.00014615988559357943,-9.57987223407342,-8.9715914174708,-8.830809428642644,389,eligible_regular_session
2022-06-27,2022-06-28,validation,0.0001039222925602,-0.0066741696179597,9.360311870758104e-05,9.802952365970438e-05,0.0001420688830090513,-9.276446855510372,-9.230241862830217,-8.859198526368877,389,eligible_regular_session
2022-06-28,2022-06-29,validation,0.0001493762277409,-0.0261835825516769,0.0001039222925602,0.00010693054157266346,0.00013814163368360132,-9.17186712502733,-9.143331078468393,-8.887231068084096,389,eligible_regular_session
2022-06-29,2022-06-30,validation,0.0001906365289306,-0.0016092507898319,0.0001493762277409,0.00010984753813866343,0.00013706557170055586,-8.809042416126335,-9.11641717050301,-8.89505112108932,389,eligible_regular_session
2022-06-30,2022-07-01,validation,0.0001489454162263,0.0021638024772734,0.0001906365289306,0.00012132878889302343,0.0001429864814619929,-8.565141932795482,-9.017006433875446,-8.852760467403922,389,eligible_regular_session
2022-07-01,2022-07-05,validation,0.0001390959195294,0.010560054399769,0.0001489454162263,0.00013729671683311622,0.0001478800929921719,-8.811930653187204,-8.893366157835203,-8.819108795060687,389,eligible_regular_session
2022-07-05,2022-07-06,validation,0.0001512109493009,0.0163025353792846,0.0001390959195294,0.00014639527699748,0.00014765297058774008,-8.880346794264575,-8.829200217903633,-8.82064583085895,389,eligible_regular_session
2022-07-06,2022-07-07,validation,3.818098576089378e-05,0.0032615831947594,0.0001512109493009,0.00015585300834562,0.00014887712625427646,-8.79683468082951,-8.766597249110019,-8.812389248246205,389,eligible_regular_session
2022-07-07,2022-07-08,validation,6.751655567023057e-05,0.007820068543236,3.818098576089378e-05,0.00013361395994961875,0.0001457489951574716,-10.173172921223287,-8.920555811679636,-8.833624627045797,389,eligible_regular_session
2022-07-08,2022-07-11,validation,5.960738966967485e-05,0.0033396046123415,6.751655567023057e-05,0.00010898996529754487,0.00014492088150879463,-9.603137720970759,-9.124254741463464,-8.839322609228912,389,eligible_regular_session
2022-07-11,2022-07-12,validation,8.03768814505422e-05,-0.0040904193786824,5.960738966967485e-05,9.112235998621984e-05,0.00014468533673405736,-9.727731003832593,-9.303307339399767,-8.840949265093585,389,eligible_regular_session
2022-07-12,2022-07-13,validation,0.0001972718007835,-0.0085547243988289,8.03768814505422e-05,7.937855237044829e-05,0.0001453463031074983,-9.428783967275583,-9.441282347479497,-8.836391365699786,389,eligible_regular_session
2022-07-13,2022-07-14,validation,0.0001185348054327,0.007722250033264,0.0001972718007835,8.859072266696828e-05,0.00014955290070918923,-8.530928080728339,-9.331483416140845,-8.80786037682641,389,eligible_regular_session
2022-07-14,2022-07-15,validation,7.98519530647058e-05,0.0094129880766966,0.0001185348054327,0.00010466148660132954,0.0001481500054366756,-9.040303923783757,-9.164779353018954,-8.817285247247598,389,eligible_regular_session
2022-07-15,2022-07-18,validation,5.967469551148201e-05,0.0051927128073879,7.98519530647058e-05,0.00010712856608022457,0.00014110691449709405,-9.435336224432607,-9.141480892636805,-8.865992696074466,389,eligible_regular_session
2022-07-18,2022-07-19,validation,3.9246876962379366e-05,-0.0168730014151578,5.967469551148201e-05,0.00010714202724858601,0.0001348980207432296,-9.726602488199285,-9.141355246199094,-8.910991466887632,389,eligible_regular_session
2022-07-19,2022-07-20,validation,6.954354523109494e-05,0.0167641709492776,3.9246876962379366e-05,9.891602635095343e-05,0.00011638384122643775,-10.145638684739014,-9.221239286447938,-9.058616853382189,389,eligible_regular_session
2022-07-20,2022-07-21,validation,9.845626083904624e-05,0.0070256653752824,6.954354523109494e-05,7.337037524047243e-05,0.00011006480998355116,-9.573557451506389,-9.519990310893096,-9.114441184002585,389,eligible_regular_session
2022-07-21,2022-07-22,validation,8.491542703250506e-05,0.0121722606074724,9.845626083904624e-05,6.935466632174167e-05,0.00010370894104377598,-9.225898160802162,-9.576277126924293,-9.173922226158412,389,eligible_regular_session
2022-07-22,2022-07-25,validation,6.199045672638168e-05,-0.0104568666394492,8.491542703250506e-05,7.036736111530153e-05,0.00010486795122728056,-9.37385477287942,-9.561781022826786,-9.162808606617745,389,eligible_regular_session
2022-07-25,2022-07-26,validation,5.118110613633323e-05,-0.0004360906683951,6.199045672638168e-05,7.083051335828146e-05,0.00010155882449162063,-9.6885301085347,-9.555220670472904,-9.194872375716043,389,eligible_regular_session
2022-07-26,2022-07-27,validation,0.0001072926970711,-0.0072308548916164,5.118110613633323e-05,7.321735919307222e-05,9.782931680878122e-05,-9.880140114798476,-9.522078017665677,-9.232286262972442,389,eligible_regular_session
2022-07-27,2022-07-28,validation,6.833574602400447e-05,0.0160547267076478,0.0001072926970711,8.076718956107323e-05,9.956508592447503e-05,-9.139949971491024,-9.423939744694584,-9.214698997755214,389,eligible_regular_session
2022-07-28,2022-07-29,validation,4.372451642769066e-05,0.0088172375498125,6.833574602400447e-05,7.474308659806489e-05,9.841656898431248e-05,-9.591077560448918,-9.501453836953072,-9.226301384094143,389,eligible_regular_session
2022-07-29,2022-08-01,validation,8.223916095749704e-05,0.0103524472899148,4.372451642769066e-05,6.650490447710202e-05,9.568030643283475e-05,-10.037601596521778,-9.618234861486608,-9.254498065082771,389,eligible_regular_session
2022-08-01,2022-08-02,validation,8.391147959175431e-05,0.0026939055773892,8.223916095749704e-05,7.055464532332508e-05,9.262862157904372e-05,-9.40587895867453,-9.559123037420271,-9.28691237574349,389,eligible_regular_session
2022-08-02,2022-08-03,validation,5.23694133886125e-05,-0.0023558689705882,8.391147959175431e-05,7.71007200144093e-05,8.777748297273255e-05,-9.38574812915762,-9.470397938730304,-9.340705548383555,389,eligible_regular_session
2022-08-03,2022-08-04,validation,5.418533999495142e-05,0.009887779709194,5.23694133886125e-05,6.611606327791179e-05,8.338766466192857e-05,-9.85718785102237,-9.624098825835516,-9.392010165270976,389,eligible_regular_session
2022-08-04,2022-08-05,validation,5.721685485160693e-05,-0.000573041082019,5.418533999495142e-05,6.328598207210119e-05,7.952809286490819e-05,-9.823100165902876,-9.667846705595801,-9.439400229354325,389,eligible_regular_session
2022-08-05,2022-08-08,validation,5.777211557806099e-05,0.0079914866707619,5.721685485160693e-05,6.598444975688443e-05,7.525563402630396e-05,-9.768662037745914,-9.62609145344236,-9.494619786356518,389,eligible_regular_session
2022-08-08,2022-08-09,validation,4.184293852221526e-05,-0.005756347257289,5.777211557806099e-05,6.109104068099723e-05,7.614613992708428e-05,-9.75900432813778,-9.703145336237396,-9.482856170294191,389,eligible_regular_session
2022-08-09,2022-08-10,validation,3.666496280339757e-05,-0.0028749467277283,4.184293852221526e-05,5.267733246708941e-05,7.497915732944723e-05,-10.081587508307262,-9.851325318910952,-9.498300385323994,389,eligible_regular_session
2022-08-10,2022-08-11,validation,4.3572076962461946e-05,0.0037272445863419,3.666496280339757e-05,4.953644235004644e-05,7.393631974461644e-05,-10.213688950917932,-9.91280195016676,-9.512306379232314,389,eligible_regular_session
2022-08-11,2022-08-12,validation,4.067072172773322e-05,-0.0071767413119331,4.3572076962461946e-05,4.741378974354854e-05,7.226337408606734e-05,-10.041094049417215,-9.956597448713419,-9.53519313964451,389,eligible_regular_session
2022-08-12,2022-08-15,validation,2.278761014829155e-05,0.0121359229137613,4.067072172773322e-05,4.4104563118773796e-05,6.514514321989612e-05,-10.110002092253909,-10.028947308783302,-9.638892804833077,389,eligible_regular_session
2022-08-15,2022-08-16,validation,3.224243375200238e-05,0.0084606630458781,2.278761014829155e-05,3.710766203281991e-05,6.079299797969574e-05,-10.689293584255692,-10.201687085878303,-9.708035940431765,389,eligible_regular_session
2022-08-16,2022-08-17,validation,6.63019341070037e-05,0.0034621513394293,3.224243375200238e-05,3.518756107877733e-05,5.86289289200274e-05,-10.342227154589285,-10.254817916256924,-9.744282315617797,389,eligible_regular_session
2022-08-17,2022-08-18,validation,3.4688141498907105e-05,0.0005312507804091,6.63019341070037e-05,4.111495533949856e-05,5.893016703800566e-05,-9.621291489146616,-10.099138625775774,-9.739157424602846,389,eligible_regular_session
2022-08-18,2022-08-19,validation,3.406439108982004e-05,0.0016982870542043,3.4688141498907105e-05,3.933816824678759e-05,5.872295178966601e-05,-10.26911267296644,-10.143315308192452,-9.74267990602387,389,eligible_regular_session
2022-08-19,2022-08-22,validation,3.1474692958023825e-05,-0.0070980613465771,3.406439108982004e-05,3.801690211920496e-05,5.711026296506261e-05,-10.287257968848643,-10.177479704518142,-9.7705267207619,389,eligible_regular_session
2022-08-22,2022-08-23,validation,5.3788941435546735e-05,-0.0088848424729776,3.1474692958023825e-05,3.975431868115141e-05,5.4065646243197944e-05,-10.366326733187915,-10.132792076698788,-9.825311578559548,389,eligible_regular_session
2022-08-23,2022-08-24,validation,3.2068070598513315e-05,-0.0022529154038707,5.3788941435546735e-05,4.406362021786029e-05,5.2650805988790756e-05,-9.830442661449888,-10.029876054330892,-9.851829011072388,389,eligible_regular_session
2022-08-24,2022-08-25,validation,3.459393667707044e-05,0.0033067317343604,3.2068070598513315e-05,3.721684751616221e-05,5.12906975284331e-05,-10.347649708260693,-10.198749008989582,-9.87800115695908,389,eligible_regular_session
2022-08-25,2022-08-26,validation,0.0001648231374983,0.0108522239606496,3.459393667707044e-05,3.719800655179487e-05,5.053673528028479e-05,-10.27183213180411,-10.199255385438367,-9.892810054840096,389,eligible_regular_session
2022-08-26,2022-08-29,validation,9.849498238137224e-05,-0.0340370675540378,0.0001648231374983,6.334975583349085e-05,5.315175529970297e-05,-8.710637552902561,-9.666839505450948,-9.84235942832742,389,eligible_regular_session
2022-08-29,2022-08-30,validation,0.0001186415893031,0.0012784313032982,9.849498238137224e-05,7.675381371816055e-05,5.452262967958332e-05,-9.225504951374369,-9.474907482592583,-9.816894718997895,389,eligible_regular_session
2022-08-30,2022-08-31,validation,0.0001078925244901,-0.0143664456777885,0.0001186415893031,8.972434329167121e-05,5.7927951173920114e-05,-9.03940346421033,-9.318768440080584,-9.7563105407534,389,eligible_regular_session
2022-08-31,2022-09-01,validation,0.0001127727762278,-0.0106932449019967,0.0001078925244901,0.00010488923406998855,5.909401315267479e-05,-9.134374969934388,-9.162605678238906,-9.736380938976593,389,eligible_regular_session
2022-09-01,2022-09-02,validation,0.0001443411221554,0.0080810003275041,0.0001127727762278,0.00012052500198013446,6.0405890272495056e-05,-9.090135593527053,-9.023653341243346,-9.714423936710576,389,eligible_regular_session
2022-09-02,2022-09-06,validation,0.0001634416732614,-0.0190391101541986,0.0001443411221554,0.00011642859891155444,6.458642248916721e-05,-8.843331155960731,-9.058232357728592,-9.647506347452515,389,eligible_regular_session
2022-09-06,2022-09-07,validation,6.885072077179875e-05,-0.0079323242509843,0.0001634416732614,0.00012941793708756,6.955261945582396e-05,-8.719054369735654,-8.952463568134885,-9.57342697738782,389,eligible_regular_session
2022-09-07,2022-09-08,validation,0.0001380073040465,0.0185707794610422,6.885072077179875e-05,0.00011945976338129977,7.008143154310542e-05,-9.583569864118209,-9.03253095139789,-9.565852684274432,389,eligible_regular_session
2022-09-08,2022-09-09,validation,4.1069306416317615e-05,0.014625158212246,0.0001380073040465,0.00012548271929257974,7.372848556439809e-05,-8.888203946334512,-8.98334250375309,-9.515121326463944,389,eligible_regular_session
2022-09-09,2022-09-12,validation,4.96298663999583e-05,0.0086368134955755,4.1069306416317615e-05,0.00011114202533028328,7.369332046867547e-05,-10.100249517980687,-9.104701667044031,-9.515598394237509,389,eligible_regular_session
2022-09-12,2022-09-13,validation,0.0001015601434012,0.0046178872490853,4.96298663999583e-05,9.219977417919493e-05,7.428263426851914e-05,-9.910917760289598,-9.291552876654238,-9.507633358073612,389,eligible_regular_session
2022-09-13,2022-09-14,validation,0.0001203158281002,-0.0232558976577137,0.0001015601434012,7.982346820715493e-05,7.691845547027997e-05,-9.19485938914376,-9.435693008934896,-9.472764717134844,389,eligible_regular_session
2022-09-14,2022-09-15,validation,0.0001096638997555,0.0006590303874091,0.0001203158281002,9.011648967283519e-05,8.053868757811935e-05,-9.025390371733227,-9.314407394858433,-9.426772897954102,389,eligible_regular_session
2022-09-15,2022-09-16,validation,0.000122504620566,-0.0071842526839979,0.0001096638997555,8.444780881463518e-05,8.448760983299247e-05,-9.118090326378308,-9.379376861587815,-9.378905663547613,389,eligible_regular_session
2022-09-16,2022-09-19,validation,8.43948683598849e-05,0.0035724902216368,0.000122504620566,0.00010073487164457165,8.859043650635601e-05,-9.00736180978471,-9.203018525786208,-9.33148664628804,389,eligible_regular_session
2022-09-19,2022-09-20,validation,9.222428838908991e-05,0.0153079438320219,8.43948683598849e-05,0.00010768787203655698,8.941284260875968e-05,-9.380003959634008,-9.136273588902691,-9.322246232760127,389,eligible_regular_session
2022-09-20,2022-09-21,validation,0.000405089961441,-0.0028584171828308,9.222428838908991e-05,0.00010582070103413497,9.202812201285892e-05,-9.291287030541774,-9.153764395731033,-9.293416353571214,389,eligible_regular_session
2022-09-21,2022-09-22,validation,0.000134034736643,-0.023477907302909,0.000405089961441,0.000162775527702295,0.00010889292066518528,-7.811401388509473,-8.723138436934178,-9.125145537804332,389,eligible_regular_session
2022-09-22,2022-09-23,validation,0.0001245237744676,-0.0083522346080173,0.000134034736643,0.00016764969507979496,0.00011355474083268418,-8.917411562928207,-8.693633903844058,-9.083225539225833,389,eligible_regular_session
2022-09-23,2022-09-26,validation,0.0001941333469726,-0.0053116530242011,0.0001245237744676,0.00016805352586011499,0.00011676996051595934,-8.991013900710856,-8.69122802299502,-9.055304708011851,389,eligible_regular_session
2022-09-26,2022-09-27,validation,0.0001825324940406,-0.0070644513483974,0.0001941333469726,0.00019000122158265798,0.00012413656398750875,-8.5469652794927,-8.568480056442047,-8.994128275890029,389,eligible_regular_session
2022-09-27,2022-09-28,validation,0.0001358319402151,-0.0119361867434742,0.0001825324940406,0.00020806286271296,0.00013086104386766917,-8.608582351253132,-8.477670299342067,-8.94137453157399,389,eligible_regular_session
2022-09-28,2022-09-29,validation,0.0001414639084496,0.017006414461057,0.0001358319402151,0.00015421125846778,0.00012954326217297826,-8.904092170089214,-8.777187087387588,-8.95149566178011,389,eligible_regular_session
2022-09-29,2022-09-30,validation,0.0001884028863564,-0.0111520954387414,0.0001414639084496,0.0001556970928291,0.0001314963951760795,-8.86346593737575,-8.767598150916493,-8.936531119831862,389,eligible_regular_session
2022-09-30,2022-10-03,validation,0.0001010337989559,-0.0129475472547867,0.0001884028863564,0.00016847291520686,0.0001346673632239568,-8.57692787557631,-8.68873556170412,-8.912702796229485,389,eligible_regular_session
2022-10-03,2022-10-04,validation,8.004936720336833e-05,0.0146231507798308,0.0001010337989559,0.00014985300560352,0.00013435560297240227,-9.200055453975814,-8.805855706988535,-8.915020519474627,389,eligible_regular_session
2022-10-04,2022-10-05,validation,0.0001037603836886,0.0141853510681168,8.004936720336833e-05,0.00012935638023607365,0.00013286817528947354,-9.432867023570056,-8.952939325182834,-8.926153084506659,389,eligible_regular_session
2022-10-05,2022-10-06,validation,0.000140612990468,0.0090752819983879,0.0001037603836886,0.00012294206893077368,0.00013102359626825536,-9.173426320115968,-9.003797297842453,-8.940133126798381,389,eligible_regular_session
2022-10-06,2022-10-07,validation,9.743678594487944e-05,-0.0068609899504214,0.000140612990468,0.00012277188533445365,0.00012998592886855536,-8.869499189768916,-9.005182515251386,-8.948084352839658,389,eligible_regular_session
2022-10-07,2022-10-10,validation,0.0001268419404396,-0.0160555407582544,9.743678594487944e-05,0.00010457866525214955,0.00013128529546733175,-9.236306739513047,-9.16557099222177,-8.938137774798127,389,eligible_regular_session
2022-10-10,2022-10-11,validation,0.0001584918632285,-0.0107174075075412,0.0001268419404396,0.00010974029354888954,0.00013077777893974539,-8.972568810085697,-9.117393951388147,-8.942011019155164,389,eligible_regular_session
2022-10-11,2022-10-12,validation,0.0001337642955597,-0.0012613379370563,0.0001584918632285,0.0001254287927539159,0.0001361151678857537,-8.749807302062473,-8.983772348833167,-8.902009207890897,389,eligible_regular_session
2022-10-12,2022-10-13,validation,0.0004560942314331,-0.0023065999620809,0.0001337642955597,0.0001314295751281359,0.0001399394601202874,-8.91943129521036,-8.937039400161149,-8.874300656591029,389,eligible_regular_session
2022-10-13,2022-10-14,validation,0.0003024169066513,0.0461619130144257,0.0004560942314331,0.00019452582332115588,0.0001560546459399192,-7.692811121919015,-8.544945636000602,-8.765304317566866,389,eligible_regular_session
2022-10-14,2022-10-17,validation,9.288720511894836e-05,-0.0299426939074355,0.0003024169066513,0.00023552184746244002,0.0001643319676922419,-8.103704006983278,-8.353706878269575,-8.713621982813422,389,eligible_regular_session
2022-10-17,2022-10-18,validation,0.0001655879491967,0.0059495906913588,9.288720511894836e-05,0.0002287309003983097,0.00016356939066330777,-9.284124649089968,-8.382964352821103,-8.718273249935798,389,eligible_regular_session
2022-10-18,2022-10-19,validation,0.0001175391159942,-0.0100093870866903,0.0001655879491967,0.0002301501175919497,0.00016552772378288503,-8.706008089212348,-8.376778776765027,-8.706371861871837,389,eligible_regular_session
2022-10-19,2022-10-20,validation,0.0001262624733398,-0.0023592533221595,0.0001175391159942,0.00022690508167884965,0.00016703428049353575,-9.048739377701365,-8.390978770312698,-8.697311494196637,389,eligible_regular_session
2022-10-20,2022-10-21,validation,0.0001826971770197,-0.0072040937044969,0.0001262624733398,0.00016093873006018967,0.000168581470718568,-8.977147695957989,-8.734486824042987,-8.68809141927492,389,eligible_regular_session
2022-10-21,2022-10-24,validation,0.0001977026482394,0.0269839573209875,0.0001826971770197,0.0001369947841338697,0.0001584727077903271,-8.607680546151796,-8.895567704876456,-8.749928170070747,389,eligible_regular_session
2022-10-24,2022-10-25,validation,5.57253892946093e-05,0.0081350806418603,0.0001977026482394,0.00015795787275796,0.00016136670377198164,-8.528746432635131,-8.75318218860308,-8.73183111974265,389,eligible_regular_session
2022-10-25,2022-10-26,validation,0.0001174107941946,0.0146448206497476,5.57253892946093e-05,0.00013598536077754188,0.00015823950444593662,-9.795074692721062,-8.902963319363572,-8.751400821755945,389,eligible_regular_session
2022-10-26,2022-10-27,validation,0.0001181571704104,0.001146685773139,0.0001174107941946,0.00013595969641762184,0.00015475211568330026,-9.049831711060898,-8.90315206601895,-8.773685974872345,389,eligible_regular_session
2022-10-27,2022-10-28,validation,8.984796589631921e-05,-0.0101066239300109,0.0001181571704104,0.00013433863583174184,0.00015182596460920023,-9.04349486713012,-8.91514681277186,-8.792775662772856,389,eligible_regular_session
2022-10-28,2022-10-31,validation,7.81902251838698e-05,0.0229976864561632,8.984796589631921e-05,0.00011576879360706569,0.00014973578395834658,-9.31739158387445,-9.063915514401556,-8.806638257305767,389,eligible_regular_session
2022-10-31,2022-11-01,validation,9.42386043633528e-05,-0.0011768897404975,7.81902251838698e-05,9.186630899595966e-05,0.00014685970744626793,-9.45636591587459,-9.295176200868097,-8.826032798001435,389,eligible_regular_session
2022-11-01,2022-11-02,validation,0.0004095681049368,-0.0138494560767528,9.42386043633528e-05,9.956895200970836e-05,0.00014257951281022033,-9.26968064755783,-9.21466016878078,-8.855610729237984,389,eligible_regular_session
2022-11-02,2022-11-03,validation,0.0001204976279871,-0.0233375211932177,0.0004095681049368,0.00015800041415814836,0.00015660379944571577,-7.8004073560775495,-8.752912903686639,-8.761791512596426,389,eligible_regular_session
2022-11-03,2022-11-04,validation,0.0002123064683762,0.0007099675434295,0.0001204976279871,0.00015846850567348837,0.00015844235675406724,-9.023880489981668,-8.749954686766339,-8.750119710579535,389,eligible_regular_session
2022-11-04,2022-11-07,validation,7.390402677702527e-05,-0.0023285919897701,0.0002123064683762,0.0001829602061694645,0.00016337626969441268,-8.457479721625942,-8.60624188139498,-8.719454614393392,389,eligible_regular_session
2022-11-07,2022-11-08,validation,9.71271506847051e-05,0.0050397705281598,7.390402677702527e-05,0.00018210296648809562,0.00016034404407209565,-9.512743241954357,-8.610938280929046,-8.738188775813377,389,eligible_regular_session
2022-11-08,2022-11-09,validation,0.0001101770739012,0.0035771285335492,9.71271506847051e-05,0.00018268067575236607,0.00016032996974208773,-9.239489606049759,-8.607770870550059,-8.738276555486257,389,eligible_regular_session
2022-11-09,2022-11-10,validation,0.0001151334241679,-0.0149076904768994,0.0001101770739012,0.00012280246954524606,0.0001595724758085241,-9.11342172371291,-9.004933432150136,-8.743012345161118,389,eligible_regular_session
2022-11-10,2022-11-11,validation,0.000107523842822,0.0174745332591526,0.0001151334241679,0.00012172962878140607,0.0001576016376694059,-9.069418891969045,-9.013708130071727,-8.755439989291148,389,eligible_regular_session
2022-11-11,2022-11-14,validation,7.027708825159076e-05,0.0076717362001969,0.000107523842822,0.00010077310367056609,0.00015640888981769226,-9.137797941296117,-9.202639066597127,-8.763036891201835,389,eligible_regular_session
2022-11-14,2022-11-15,validation,0.0001882173227457,-0.004591009348371,7.027708825159076e-05,0.00010004771596547918,0.0001388717469458055,-9.563064726186767,-9.20986332612586,-8.881959734611467,389,eligible_regular_session
2022-11-15,2022-11-16,validation,6.046364792532994e-05,-0.0066016893737332,0.0001882173227457,0.00011826575037767817,0.0001336808567682782,-8.57791329070397,-9.042576343879073,-8.920055264599243,389,eligible_regular_session
2022-11-16,2022-11-17,validation,6.399875927066959e-05,-0.0043040950244876,6.046364792532994e-05,0.00010832306518250413,0.00013220705871402284,-9.713468234254982,-9.130392451725564,-8.931141237766186,389,eligible_regular_session
2022-11-17,2022-11-18,validation,6.897172815934624e-05,0.0086526439727184,6.399875927066959e-05,9.809613220305806e-05,0.00012758936826283963,-9.656646861188309,-9.22956261925424,-8.966693511349098,389,eligible_regular_session
2022-11-18,2022-11-21,validation,4.2414152562934485e-05,-0.0027463312479284,6.897172815934624e-05,9.038570927052732e-05,0.00012538175972489173,-9.581813874153152,-9.31142438635325,-8.984147397084612,389,eligible_regular_session
2022-11-21,2022-11-22,validation,2.4867447188302343e-05,-0.0018033220907434,4.2414152562934485e-05,8.481312213279605e-05,0.00012157047241685239,-10.068028464559141,-9.375060285005716,-9.015016443438403,389,eligible_regular_session
2022-11-22,2022-11-23,validation,5.774042169221685e-05,0.0084201994152897,2.4867447188302343e-05,5.214314702131652e-05,0.0001143963937881525,-10.601950951645739,-9.86151779413963,-9.075841002346266,389,eligible_regular_session
2022-11-23,2022-11-28,validation,3.922382946930639e-05,0.0062585892265269,5.774042169221685e-05,5.159850177469391e-05,0.00010803447439964418,-9.759553080461785,-9.872017921272441,-9.133060174371787,389,eligible_regular_session
2022-11-28,2022-11-29,validation,4.987289571938146e-05,-0.0089969784342167,3.922382946930639e-05,4.664351581442127e-05,0.00010728440349849403,-10.146226101235786,-9.972976636807255,-9.140027273053848,389,eligible_regular_session
2022-11-29,2022-11-30,validation,0.0001252597175627,-0.001441844800766,4.987289571938146e-05,4.2823749326428306e-05,0.00010421449902234774,-9.90603287473441,-10.058417718467098,-9.169059292237137,389,eligible_regular_session
2022-11-30,2022-12-01,validation,7.530101900903794e-05,0.0290440001254792,0.0001252597175627,5.939286232638141e-05,0.00010453734207472501,-8.985121235677948,-9.731336501671342,-9.165966209962303,389,eligible_regular_session
2022-12-01,2022-12-02,validation,6.901492819582623e-05,-0.0021732773944162,7.530101900903794e-05,6.947957669052852e-05,0.00010387611721621222,-9.494016890593445,-9.57447770914694,-9.172311549455769,389,eligible_regular_session
2022-12-02,2022-12-05,validation,5.267244342701428e-05,0.0094239868529744,6.901492819582623e-05,7.17344779912504e-05,0.00010345905826221023,-9.581187726103296,-9.542539061344971,-9.176334595864024,389,eligible_regular_session
2022-12-05,2022-12-06,validation,6.20955053252927e-05,-0.0112563147936002,5.267244342701428e-05,7.442420078279197e-05,0.00010156968731055849,-9.851418134297356,-9.50572938967848,-9.19476542057861,389,eligible_regular_session
2022-12-06,2022-12-07,validation,9.419022877254452e-05,-0.0138751317386295,6.20955053252927e-05,7.686872270397423e-05,8.577547823730816e-05,-9.686836949658867,-9.473411491054877,-9.363777393749345,389,eligible_regular_session
2022-12-07,2022-12-08,validation,5.7255837354193985e-05,-0.0001957377476326,9.419022877254452e-05,7.065482494594313e-05,8.457968736391929e-05,-9.270194110291383,-9.55770415752172,-9.377816422262548,389,eligible_regular_session
2022-12-08,2022-12-09,validation,6.722750880334253e-05,0.0027694758985662,5.7255837354193985e-05,6.704578861497434e-05,7.753193140837355e-05,-9.767980958209078,-9.610134759829263,-9.46482068828859,389,eligible_regular_session
2022-12-09,2022-12-12,validation,3.194760732081894e-05,-0.0049339744980481,6.722750880334253e-05,6.66883047364776e-05,7.72284533186607e-05,-9.60742803700637,-9.615480961698971,-9.468742602533524,389,eligible_regular_session
2022-12-12,2022-12-13,validation,0.0001869688271729,0.0114428394524618,3.194760732081894e-05,6.254333751523852e-05,7.426574680212042e-05,-10.351413268182274,-9.679650841268979,-9.50786072462382,389,eligible_regular_session
2022-12-13,2022-12-14,validation,0.0003193826819158,-0.0185920605286293,0.0001869688271729,8.751800188475998e-05,7.775628104174315e-05,-8.584568654615772,-9.34366604993559,-9.461931225065065,389,eligible_regular_session
2022-12-14,2022-12-15,validation,8.6924716642779e-05,-0.0066486206146374,0.0003193826819158,0.00013255649251341109,8.704033821210224e-05,-8.04912054433025,-8.928501644811213,-9.349138889155295,389,eligible_regular_session
2022-12-15,2022-12-16,validation,8.311497691745293e-05,-0.0133348562384862,8.6924716642779e-05,0.0001384902683711281,8.610401429486491e-05,-9.350468139865377,-8.884710499273934,-9.359954523983697,388,eligible_regular_session
2022-12-16,2022-12-19,validation,5.3265609724479835e-05,-0.0050689019264721,8.311497691745293e-05,0.00014166776199395014,8.668755468876774e-05,-9.395285644695077,-8.862025946015855,-9.353200229016831,389,eligible_regular_session
2022-12-19,2022-12-20,validation,8.310569770285321e-05,-0.0083442173425158,5.3265609724479835e-05,0.00014593136247468235,8.055338591507591e-05,-9.840219655966163,-8.83237416683343,-9.426590414276554,389,eligible_regular_session
2022-12-20,2022-12-21,validation,4.6060717672338715e-05,0.0038089392174219,8.310569770285321e-05,0.000125158736580673,8.158256999587243e-05,-9.395397294038704,-8.985927733648282,-9.41389492180234,389,eligible_regular_session
2022-12-21,2022-12-22,validation,8.227675411475385e-05,0.0076437713867467,4.6060717672338715e-05,7.049434373198072e-05,8.076720446867556e-05,-9.98555008244391,-9.559978082116757,-9.423939560119623,389,eligible_regular_session
2022-12-22,2022-12-23,validation,0.0001107453962559,-0.0067312232923903,8.227675411475385e-05,6.956475122637569e-05,8.137197837573956e-05,-9.405421943219281,-9.573252566808852,-9.416479590220321,389,eligible_regular_session
2022-12-23,2022-12-27,validation,5.712180836157252e-05,0.0072941573584093,0.0001107453962559,7.509083509406511e-05,8.447794399814708e-05,-9.108276718698521,-9.496812042672278,-9.379020075445622,389,eligible_regular_session
2022-12-27,2022-12-28,validation,6.65157669023473e-05,-0.0035972387002882,5.712180836157252e-05,7.586207482148364e-05,8.59440513242048e-05,-9.770324581442965,-9.48659367141206,-9.361814039418269,389,eligible_regular_session
2022-12-28,2022-12-29,validation,3.395227551250425e-05,-0.0118116006160974,6.65157669023473e-05,7.254408866138246e-05,8.634293065193801e-05,-9.618071542129446,-9.531316061466015,-9.357183625258747,389,eligible_regular_session
2022-12-29,2022-12-30,validation,5.77582185342227e-05,0.0099199313609673,3.395227551250425e-05,7.012240022941557e-05,8.610331456299246e-05,-10.290554680800538,-9.565268268185966,-9.359962650604988,389,eligible_regular_session
2022-12-30,2023-01-03,validation,0.0001323394532096,0.0041415382867214,5.77582185342227e-05,6.521869311330935e-05,8.646173832730341e-05,-9.75924490640689,-9.637764425931598,-9.355808573360127,389,eligible_regular_session
2023-01-03,2023-01-04,validation,0.0001658802224394,-0.0084914092874967,0.0001323394532096,6.953750450404934e-05,8.67835444930716e-05,-8.93014032109813,-9.573644317791349,-9.352093533843357,389,eligible_regular_session
2023-01-04,2023-01-05,validation,8.033859606408266e-05,0.0028928910467496,0.0001658802224394,9.128918731961483e-05,9.090078101263353e-05,-8.704244581621234,-9.301478207610995,-9.305741964819584,389,eligible_regular_session
2023-01-05,2023-01-06,validation,9.636369843911824e-05,-0.0063789097874308,8.033859606408266e-05,9.405375315196191e-05,9.141549318846335e-05,-9.429260404116338,-9.271644097091478,-9.300095584148714,389,eligible_regular_session
2023-01-06,2023-01-09,validation,5.327581995810091e-05,0.015316224321634,9.636369843911824e-05,0.00010653603773728472,9.340145932537717e-05,-9.24738099947721,-9.147027247543528,-9.27860358838283,389,eligible_regular_session
2023-01-09,2023-01-10,validation,8.553950952377687e-05,-0.00640519725971,5.327581995810091e-05,0.00010563955802206035,9.300056453595937e-05,-9.840027989049682,-9.155477654356472,-9.282904994550309,389,eligible_regular_session
2023-01-10,2023-01-11,validation,2.977093047808017e-05,0.0075473989236151,8.553950952377687e-05,9.627956928489572e-05,9.260735002465174e-05,-9.366532189063445,-9.248254418627173,-9.287142045545757,389,eligible_regular_session
2023-01-11,2023-01-12,validation,0.0001132821889097,0.0077520650338715,2.977093047808017e-05,6.905771089263176e-05,9.135803607573748e-05,-10.421978127863053,-9.580568013197725,-9.300724308831658,389,eligible_regular_session
2023-01-12,2023-01-13,validation,4.2074100468394296e-05,0.0006152911337288,0.0001132821889097,7.564642946175522e-05,9.345143062602645e-05,-9.085628605203256,-9.489440316969945,-9.278068715180137,389,eligible_regular_session
2023-01-13,2023-01-17,validation,4.156139335520776e-05,0.0114896668401161,4.2074100468394296e-05,6.478850986761044e-05,9.391172576909808e-05,-10.076078197357909,-9.644382287186401,-9.273155304476033,389,eligible_regular_session
2023-01-17,2023-01-18,validation,5.878796359374292e-05,-0.0026701483694422,4.156139335520776e-05,6.244562454703181e-05,8.730229695920297e-05,-10.088338865942795,-9.681214387145365,-9.346133784362868,389,eligible_regular_session
2023-01-18,2023-01-19,validation,6.241703361977149e-05,-0.0193764309186272,5.878796359374292e-05,5.709531536102502e-05,7.545708249001854e-05,-9.741573424800443,-9.770788487382095,-9.491946507175562,389,eligible_regular_session
2023-01-19,2023-01-20,validation,4.270174666135361e-05,-0.0030480722144918,6.241703361977149e-05,6.362453598936328e-05,7.434309689806367e-05,-9.681672345163875,-9.662511376018204,-9.506819735393268,389,eligible_regular_session
2023-01-20,2023-01-23,validation,5.9323989778256616e-05,0.0152627464948215,4.270174666135361e-05,4.9508447539694005e-05,7.250613188642279e-05,-10.061270733148183,-9.913367245582386,-9.531839421936379,389,eligible_regular_session
2023-01-23,2023-01-24,validation,5.569417122260137e-05,0.0109365067984672,5.9323989778256616e-05,5.2958425401666465e-05,7.27815127979581e-05,-9.732496784388251,-9.846003378619166,-9.52804858009414,389,eligible_regular_session
2023-01-24,2023-01-25,validation,6.092432681961921e-05,0.0045787340156101,5.569417122260137e-05,5.578498097514519e-05,7.153553432158302e-05,-9.795635062420601,-9.794005882958086,-9.545316248201075,389,eligible_regular_session
2023-01-25,2023-01-26,validation,7.570077622055263e-05,0.0112239457998179,6.092432681961921e-05,5.621225362032044e-05,7.221115291918668e-05,-9.705878007843237,-9.78637578888225,-9.53591605143024,389,eligible_regular_session
2023-01-26,2023-01-27,validation,4.5724139768246115e-05,0.0034688932610575,7.570077622055263e-05,5.8869002140476674e-05,7.191224483308661e-05,-9.48872214366918,-9.740195885288983,-9.540064004078232,389,eligible_regular_session
2023-01-27,2023-01-30,validation,5.804737458189043e-05,0.0045113673141584,4.5724139768246115e-05,5.947348076185519e-05,6.89567331745569e-05,-9.992884177024596,-9.729980046248544,-9.582031305489707,389,eligible_regular_session
2023-01-30,2023-01-31,validation,4.3031761244184586e-05,-0.0071370066765882,5.804737458189043e-05,5.9218157722581944e-05,6.899880436638953e-05,-9.754251077683957,-9.734282344815895,-9.581421381540487,389,eligible_regular_session
2023-01-31,2023-02-01,validation,0.0001534084054456,0.0130141790950462,4.3031761244184586e-05,5.668567572689858e-05,6.793134956374577e-05,-10.053572081340556,-9.777989011830144,-9.597012927981437,389,eligible_regular_session
2023-02-01,2023-02-02,validation,9.594000744608016e-05,0.0128468135432054,0.0001534084054456,7.518249145209473e-05,7.336117365161375e-05,-8.782406876232402,-9.495592180551673,-9.520115731621496,389,eligible_regular_session
2023-02-02,2023-02-03,validation,0.0001126569676627,0.0037859624306635,9.594000744608016e-05,7.923033769720025e-05,7.509670951124365e-05,-9.251787484278516,-9.443151280757153,-9.496733814917812,389,eligible_regular_session
2023-02-03,2023-02-06,validation,5.711153258394487e-05,0.0005368270747795,0.0001126569676627,9.261690327609102e-05,7.420205107729363e-05,-9.091163040688986,-9.287038892192161,-9.508718765621861,389,eligible_regular_session
2023-02-06,2023-02-07,validation,0.0001687627730392,-0.0010988317510805,5.711153258394487e-05,9.242973487650191e-05,6.925801972022749e-05,-9.770504489998038,-9.28906182506234,-9.57767161136775,389,eligible_regular_session
2023-02-07,2023-02-08,validation,6.97328226003721e-05,0.0152986920740906,0.0001687627730392,0.00011757593723550497,7.327730049182374e-05,-8.687016538991989,-9.048426158780668,-9.521259676543542,389,eligible_regular_session
2023-02-08,2023-02-09,validation,6.327708550844521e-05,-0.0067734524787429,6.97328226003721e-05,0.0001008408206664594,7.206680613551709e-05,-9.570839438554879,-9.201967317374821,-9.537917006153704,389,eligible_regular_session
2023-02-09,2023-02-10,validation,7.551627561131521e-05,-0.0176060030630888,6.327708550844521e-05,9.430823627893242e-05,7.25214091150782e-05,-9.667987292638145,-9.268942030898883,-9.531628741556549,389,eligible_regular_session
2023-02-10,2023-02-13,validation,3.051649909012257e-05,0.0035388384246994,7.551627561131521e-05,8.688009786865546e-05,7.206580757360267e-05,-9.491162353930589,-9.350981575298443,-9.537930862308652,389,eligible_regular_session
2023-02-13,2023-02-14,validation,0.0001155443583527,0.0097599192950995,3.051649909012257e-05,8.1561091169891e-05,7.209969705596823e-05,-10.397243066839145,-9.414158233609273,-9.537460715402473,389,eligible_regular_session
2023-02-14,2023-02-15,validation,5.043895742351467e-05,0.0053357378970747,0.0001155443583527,7.091740823259101e-05,7.220252293974096e-05,-9.06585604673094,-9.553994622369775,-9.536035568912288,389,eligible_regular_session
2023-02-15,2023-02-16,validation,5.966821791725805e-05,0.0085184381987376,5.043895742351467e-05,6.705863519721951e-05,7.258274371042826e-05,-9.894746716718076,-9.60994316909841,-9.530783354325258,389,eligible_regular_session
2023-02-16,2023-02-17,validation,5.569584335196902e-05,-0.0025150058917464,5.966821791725805e-05,6.633686167898208e-05,7.340578119052144e-05,-9.726711042516323,-9.620764832182056,-9.519507862631787,389,eligible_regular_session
2023-02-17,2023-02-21,validation,4.494757629969197e-05,0.0026094453107508,5.569584335196902e-05,6.237277522711284e-05,7.326523027044081e-05,-9.795605039453566,-9.682381672230298,-9.521424409899073,389,eligible_regular_session
2023-02-21,2023-02-22,validation,7.691903499452738e-05,-0.0112938209437509,4.494757629969197e-05,6.525899066902673e-05,7.247116402861902e-05,-10.010013718418241,-9.637146733222309,-9.532321812758488,389,eligible_regular_session
2023-02-22,2023-02-23,validation,5.409259391438983e-05,-0.0026870908286964,7.691903499452738e-05,5.7533925997392195e-05,7.402649531649054e-05,-9.472757182895359,-9.763135766806817,-9.511087484025415,389,eligible_regular_session
2023-02-23,2023-02-24,validation,6.097779090485075e-05,-0.0022754951051525,5.409259391438983e-05,5.826465329556724e-05,7.37887045954057e-05,-9.824813277704981,-9.75051493843187,-9.514304892334641,389,eligible_regular_session
2023-02-24,2023-02-27,validation,3.9227196355715835e-05,0.0021431263040586,6.097779090485075e-05,5.8526567893085776e-05,7.402886912641703e-05,-9.705000843612499,-9.746029754803718,-9.511055417508464,389,eligible_regular_session
2023-02-27,2023-02-28,validation,3.7315551021391185e-05,-0.0051296678267689,3.9227196355715835e-05,5.5232838493835145e-05,7.304263592351234e-05,-10.146140267140538,-9.803952881313593,-9.524467233562147,389,eligible_regular_session
2023-02-28,2023-03-01,validation,5.0095826249174976e-05,-0.0019128742228755,3.7315551021391185e-05,5.370643343817498e-05,7.129785295991409e-05,-10.19610040073687,-9.83197776030733,-9.5486443437616,389,eligible_regular_session
2023-03-01,2023-03-02,validation,5.080134318181853e-05,-0.001939089943486,5.0095826249174976e-05,4.834179168910451e-05,7.149656598177448e-05,-9.901572861743494,-9.937214119058373,-9.545861137644636,389,eligible_regular_session
2023-03-02,2023-03-03,validation,3.070063072011044e-05,0.0119364577873077,5.080134318181853e-05,4.768354154259024e-05,7.116720091813485e-05,-9.887587763142404,-9.950924260646177,-9.550478506945492,389,eligible_regular_session
2023-03-03,2023-03-06,validation,2.9086913269483064e-05,0.012036592876159,3.070063072011044e-05,4.162810950564218e-05,7.060669498522239e-05,-10.391227358953156,-10.086734909615533,-9.558385588142126,389,eligible_regular_session
2023-03-06,2023-03-07,validation,8.022520102902494e-05,-0.0013107504379027,2.9086913269483064e-05,3.960005288839563e-05,6.495571806812618e-05,-10.445222200764642,-10.136680104139185,-9.64180478072238,389,eligible_regular_session
2023-03-07,2023-03-08,validation,6.060257049457228e-05,-0.0147327500228066,8.022520102902494e-05,4.818198288992238e-05,6.424140868553275e-05,-9.430672865156287,-9.940525405752233,-9.652862560086543,389,eligible_regular_session
2023-03-08,2023-03-09,validation,8.364332244771954e-05,0.0001302719428644,6.060257049457228e-05,5.028333173900184e-05,6.187529972334513e-05,-9.711173248386416,-9.897836912734272,-9.690389493073493,389,eligible_regular_session
2023-03-09,2023-03-10,validation,0.0001998303194377,-0.0203908826419627,8.364332244771954e-05,5.6851727592182035e-05,6.308129017169852e-05,-9.388948961001496,-9.775063949624668,-9.671086343134737,389,eligible_regular_session
2023-03-10,2023-03-13,validation,0.0003517980193375,-0.0120615807801534,0.0001998303194377,9.067766533569995e-05,6.449345137163035e-05,-8.518041954325088,-9.308199478844077,-9.648946868438987,389,eligible_regular_session
2023-03-13,2023-03-14,validation,9.266169501394149e-05,0.0079682941453642,0.0003517980193375,0.00015521988654930335,7.731459667786342e-05,-7.952453355757677,-8.770667823441118,-9.46762778865964,389,eligible_regular_session
2023-03-14,2023-03-15,validation,0.00018246652685,0.0029714742659557,9.266169501394149e-05,0.00015770718534628664,7.865026074629508e-05,-9.286555385309699,-8.754770501645266,-9.450499613191546,389,eligible_regular_session
2023-03-15,2023-03-16,validation,9.248806311151651e-05,0.0074951524327948,0.00018246652685,0.00018207997661737218,8.351163580259893e-05,-8.608943816284777,-8.611064535445845,-9.390524584886574,389,eligible_regular_session
2023-03-16,2023-03-17,validation,0.0001179156815446,0.0228723565360609,9.248806311151651e-05,0.00018384892475013158,8.632852507629865e-05,-9.288430969216297,-8.601396198751193,-9.357350480580747,389,eligible_regular_session
2023-03-17,2023-03-20,validation,8.292158967216688e-05,-0.0093068136783153,0.0001179156815446,0.0001674659971715116,8.643631249411229e-05,-9.04554075210192,-8.694730229267964,-9.356102686951965,389,eligible_regular_session
2023-03-20,2023-03-21,validation,3.645538025731517e-05,0.0063631730839449,8.292158967216688e-05,0.00011369071123844497,8.791279577814193e-05,-9.39761509942553,-9.082028855897319,-9.339165191875203,389,eligible_regular_session
2023-03-21,2023-03-22,validation,0.000187009040714,0.0028999561184681,3.645538025731517e-05,0.0001024494482871197,8.685766679359908e-05,-10.219421503891672,-9.186141068485474,-9.351239792908466,389,eligible_regular_session
2023-03-22,2023-03-23,validation,0.0001637073064848,-0.0165371310874744,0.000187009040714,0.00010335795105991972,9.282644849187322e-05,-8.58435359621415,-9.177312341463157,-9.284778953478057,389,eligible_regular_session
2023-03-23,2023-03-24,validation,0.0001020015060308,-0.0057663251231122,0.0001637073064848,0.0001176017997345764,9.822461804574176e-05,-8.717430441200207,-9.048206218751405,-9.228253681091916,389,eligible_regular_session
2023-03-24,2023-03-27,validation,4.729083890688091e-05,0.0096527433490427,0.0001020015060308,0.0001144189646318164,9.936473036557234e-05,-9.19052297978116,-9.075643718004052,-9.21671333256319,389,eligible_regular_session
2023-03-27,2023-03-28,validation,2.9838780303902e-05,-0.0046103143826406,4.729083890688091e-05,0.00010729281447875919,9.905555968341283e-05,-9.959193961840525,-9.139948877217153,-9.219829656325157,389,eligible_regular_session
2023-03-28,2023-03-29,validation,2.4866670441812448e-05,0.0001108002549539,2.9838780303902e-05,0.00010596949448807657,9.764015011064243e-05,-10.419701657998216,-9.15235929311941,-9.234221775051896,389,eligible_regular_session
2023-03-29,2023-03-30,validation,2.2764065737262185e-05,0.0044220387274496,2.4866670441812448e-05,7.354102043363907e-05,9.698739893273774e-05,-10.601982187607167,-9.517667206288056,-9.240929495809574,389,eligible_regular_session
2023-03-30,2023-03-31,validation,2.0515570288493705e-05,-0.0003998805348492,2.2764065737262185e-05,4.5352372284131496e-05,9.632596778345915e-05,-10.690327329454671,-10.001048072206085,-9.247772620438324,389,eligible_regular_session
2023-03-31,2023-04-03,validation,2.542302561834916e-05,0.011172206782368,2.0515570288493705e-05,2.9055185135670238e-05,9.498141069433727e-05,-10.794326433846033,-10.446313600553522,-9.26182936241267,389,eligible_regular_session
2023-04-03,2023-04-04,validation,3.900657348732619e-05,0.004987868843335,2.542302561834916e-05,2.4681622477963888e-05,9.382785080508868e-05,-10.57985527417381,-10.609451620489693,-9.274048829124593,389,eligible_regular_session
2023-04-04,2023-04-05,validation,2.6731308755838908e-05,-0.0068776563455642,3.900657348732619e-05,2.6515181114648726e-05,9.420539365814392e-05,-10.151780375080662,-10.537793116749869,-9.270033120503655,389,eligible_regular_session
2023-04-05,2023-04-06,validation,2.092688415974748e-05,-0.0011337703472745,2.6731308755838908e-05,2.6888108777454018e-05,9.409832072570556e-05,-10.529675066952981,-10.52382642197341,-9.27117035716761,389,eligible_regular_session
2023-04-06,2023-04-10,validation,2.224049526134197e-05,0.0057978117103924,2.092688415974748e-05,2.6520672461951077e-05,9.140294268619296e-05,-10.774475902165824,-10.537586036182605,-9.30023288433105,389,eligible_regular_session
2023-04-10,2023-04-11,validation,1.6272451909802256e-05,0.0071249606813033,2.224049526134197e-05,2.686565745652073e-05,8.96592119937734e-05,-10.71359581988461,-10.524661761478407,-9.319494608102579,389,eligible_regular_session
2023-04-11,2023-04-12,validation,5.926153835355238e-05,-0.0004379530146423,1.6272451909802256e-05,2.503554271481135e-05,8.659689969659532e-05,-11.026036946809059,-10.595214034174422,-9.354246543306992,389,eligible_regular_session
2023-04-12,2023-04-13,validation,2.4179495702731263e-05,-0.0088238764553281,5.926153835355238e-05,2.9086535688056585e-05,8.020740964731589e-05,-9.73355005676409,-10.445235181993475,-9.430894657742058,389,eligible_regular_session
2023-04-13,2023-04-14,validation,4.599887356879424e-05,0.0101090299579366,2.4179495702731263e-05,2.857617307743506e-05,6.531565857300823e-05,-10.630005568961565,-10.462937296547379,-9.636278756048053,389,eligible_regular_session
2023-04-14,2023-04-17,validation,2.2895110552773936e-05,-0.0012222223743711,4.599887356879424e-05,3.359057095924441e-05,6.319462123459243e-05,-9.986893649409915,-10.301265156590983,-9.669291367480861,389,eligible_regular_session
2023-04-17,2023-04-18,validation,2.861509988376635e-05,0.0037116539663046,2.2895110552773936e-05,3.37214940175308e-05,5.594137503926397e-05,-10.684587183180525,-10.29737511924241,-9.791206289883622,389,eligible_regular_session
2023-04-18,2023-04-19,validation,1.7087416290991046e-05,-0.0021686454230311,2.861509988376635e-05,3.619002361232362e-05,5.303805852891171e-05,-10.461576011500657,-10.226727067934467,-9.844500816660986,389,eligible_regular_session
2023-04-19,2023-04-20,validation,2.574602841273525e-05,0.004230671639046,1.7087416290991046e-05,2.7755199199811354e-05,4.845495556283857e-05,-10.977168254770914,-10.492087376769492,-9.934875942859215,389,eligible_regular_session
2023-04-20,2023-04-21,validation,2.979954508054184e-05,0.001393151011488,2.574602841273525e-05,2.8068505741812154e-05,4.585606641468259e-05,-10.567230179148817,-10.480862402288075,-9.990003057988208,389,eligible_regular_session
2023-04-21,2023-04-24,validation,1.6178661943286835e-05,0.0007236091713142,2.979954508054184e-05,2.4828640044161673e-05,4.555352845210198e-05,-10.421017430323067,-10.603512730618284,-9.996622473985061,389,eligible_regular_session
2023-04-24,2023-04-25,validation,3.162391429686435e-05,0.0006310437455014,1.6178661943286835e-05,2.3485350322264253e-05,3.7788511235251376e-05,-11.031817347943548,-10.659133721744782,-10.18350543711187,389,eligible_regular_session
2023-04-25,2023-04-26,validation,2.764622300871412e-05,-0.0116315584531965,3.162391429686435e-05,2.4087113204883854e-05,3.1784720681254304e-05,-10.36159694203983,-10.633833582271397,-10.356524865368037,389,eligible_regular_session
2023-04-26,2023-04-27,validation,2.1168940315469245e-05,-0.0062913846260991,2.764622300871412e-05,2.6198874548428466e-05,2.8404935089341314e-05,-10.496021439373072,-10.549794104286718,-10.468947657142047,389,eligible_regular_session
2023-04-27,2023-04-28,validation,3.7975344578947896e-05,0.0135946527663591,2.1168940315469245e-05,2.5283456928975266e-05,2.7217576062458962e-05,-10.762975530023613,-10.585360252426247,-10.511647614579054,389,eligible_regular_session
2023-04-28,2023-05-01,validation,2.2926605222674227e-05,0.009430940701851,3.7975344578947896e-05,2.691861682865648e-05,2.7587419893142868e-05,-10.178573435686925,-10.522692435315495,-10.498150690123094,389,eligible_regular_session
2023-05-01,2023-05-02,validation,4.7326633981844914e-05,-0.0001799551556609,2.2926605222674227e-05,2.8268205484533958e-05,2.7499235110454765e-05,-10.683212521654788,-10.47377286600495,-10.50135236784385,389,eligible_regular_session
2023-05-02,2023-05-03,validation,0.0001209115881899,-0.0087981714432098,4.7326633981844914e-05,3.140874942153007e-05,2.8615715485208528e-05,-9.958437334643056,-10.368424059866323,-10.461554498564375,389,eligible_regular_session
2023-05-03,2023-05-04,validation,7.377291693825148e-05,-0.0083803282501712,0.0001209115881899,5.006182245776725e-05,3.317917084436336e-05,-9.02045095555796,-9.902251867154526,-10.313588263135578,389,eligible_regular_session
2023-05-04,2023-05-05,validation,2.1063375736457177e-05,-0.0046361498157022,7.377291693825148e-05,6.05826177823237e-05,3.537689317708619e-05,-9.51451887286766,-9.711502541309297,-10.249451686059414,389,eligible_regular_session
2023-05-05,2023-05-08,validation,1.882409408899755e-05,0.0090744327590869,2.1063375736457177e-05,5.720022401382556e-05,3.456129327931942e-05,-10.767974772724003,-9.768952743260568,-10.272776193451975,389,eligible_regular_session
2023-05-08,2023-05-09,validation,1.411547480822237e-05,-0.0004687269799533,1.882409408899755e-05,5.637972178709021e-05,3.420187443082663e-05,-10.880372908198668,-9.783401006893353,-10.283230107478706,389,eligible_regular_session
2023-05-09,2023-05-10,validation,4.987080560654815e-05,-0.0003228221969507,1.411547480822237e-05,4.97374899523657e-05,3.3892264914848217e-05,-11.168238858268271,-9.908751584224502,-10.292323743216723,389,eligible_regular_session
2023-05-10,2023-05-11,validation,3.369164759803753e-05,-0.0028240765097386,4.987080560654815e-05,3.552933343569533e-05,3.514818811235759e-05,-9.906074784405014,-10.245151908712575,-10.255937488337556,389,eligible_regular_session
2023-05-11,2023-05-12,validation,2.847945054299565e-05,0.0003705277883741,3.369164759803753e-05,2.751307956765254e-05,3.5939969734550096e-05,-10.298260597080356,-10.500849045721484,-10.233660518719676,389,eligible_regular_session
2023-05-12,2023-05-15,validation,1.8466771680397936e-05,-0.0042056521213107,2.847945054299565e-05,2.899629452896024e-05,3.454078392497934e-05,-10.4663277643385,-10.448342511005144,-10.2733697893545,389,eligible_regular_session
2023-05-15,2023-05-16,validation,3.0289281826505977e-05,0.0020666764369048,1.8466771680397936e-05,2.892483004724032e-05,3.428111465123691e-05,-10.899537566231167,-10.450810160537394,-10.280915948682908,389,eligible_regular_session
2023-05-16,2023-05-17,validation,2.57599743328336e-05,-0.0039606224119946,3.0289281826505977e-05,3.2159591450897035e-05,3.356704229931472e-05,-10.40471664312678,-10.344799817375462,-10.301965856325555,389,eligible_regular_session
2023-05-17,2023-05-18,validation,3.8414024006142765e-05,0.0070461061518258,2.57599743328336e-05,2.733742519615413e-05,3.369726338022652e-05,-10.566688653124828,-10.50725390827408,-10.298093929237814,389,eligible_regular_session
2023-05-18,2023-05-19,validation,4.0883973043341005e-05,0.0099833483784017,3.8414024006142765e-05,2.828190047777518e-05,3.4142669022152727e-05,-10.16708795654968,-10.473288517009456,-10.284962664914682,389,eligible_regular_session
2023-05-19,2023-05-22,validation,3.0687839761425355e-05,-0.0035290960525904,4.0883973043341005e-05,3.0762804977844244e-05,3.5224330692714084e-05,-10.104772428842614,-10.389204228347628,-10.253773501276612,389,eligible_regular_session
2023-05-22,2023-05-23,validation,3.472334594265126e-05,-0.00020271277458,3.0687839761425355e-05,3.320701859404973e-05,3.544895848129091e-05,-10.391644080815416,-10.312749300949156,-10.247416685353112,389,eligible_regular_session
2023-05-23,2023-05-24,validation,4.4644512890796336e-05,-0.0065655192720735,3.472334594265126e-05,3.409383141727879e-05,3.567276761138679e-05,-10.268098303499356,-10.286394086892606,-10.241122972273772,389,eligible_regular_session
2023-05-24,2023-05-25,validation,4.7609729193968944e-05,-0.003013585241585,4.4644512890796336e-05,3.787073912887133e-05,3.6966669927182676e-05,-10.016779149777063,-10.181331798710765,-10.205493864074551,389,eligible_regular_session
2023-05-25,2023-05-26,validation,3.232296964375103e-05,0.0014415615714432,4.7609729193968944e-05,3.970988016643657e-05,3.769329787705106e-05,-9.952473422781397,-10.133910530543206,-10.186028254458718,389,eligible_regular_session
2023-05-26,2023-05-30,validation,3.990846810113803e-05,0.0106462193111042,3.232296964375103e-05,3.7997679486518574e-05,3.790587726955274e-05,-10.33973244599052,-10.17798546624675,-10.180404384823209,389,eligible_regular_session
2023-05-30,2023-05-31,validation,3.053278308633544e-05,-0.0051892603184863,3.990846810113803e-05,3.984180515446111e-05,3.8757673987083146e-05,-10.128922023475488,-10.130593816172413,-10.15818178339559,389,eligible_regular_session
2023-05-31,2023-06-01,validation,2.916558491602037e-05,-0.0014361621340743,3.053278308633544e-05,3.9003692583197944e-05,3.841937573741894e-05,-10.39670959630457,-10.15185423469619,-10.166948649131223,389,eligible_regular_session
2023-06-01,2023-06-02,validation,2.915014338446506e-05,0.0089840807708715,2.916558491602037e-05,3.590790698824275e-05,3.870296572348013e-05,-10.442521142550202,-10.234553036352713,-10.159594327183092,389,eligible_regular_session
2023-06-02,2023-06-05,validation,3.675296300296207e-05,0.0064316889336867,2.915014338446506e-05,3.221598982634197e-05,3.787676160541741e-05,-10.443050726330297,-10.343047650210366,-10.181172784182223,389,eligible_regular_session
2023-06-05,2023-06-06,validation,2.3967070698465057e-05,-0.0030183412706098,3.675296300296207e-05,3.310198849818418e-05,3.4051369551465685e-05,-10.211291709624584,-10.315917201911873,-10.287640304401835,389,eligible_regular_session
2023-06-06,2023-06-07,validation,3.415186615930272e-05,0.0038288817080805,2.3967070698465057e-05,2.9913709017649594e-05,3.1787467449657215e-05,-10.638829723975222,-10.417193687071046,-10.35643845121476,389,eligible_regular_session
2023-06-07,2023-06-08,validation,1.6795072455050946e-05,-0.0048971408161349,3.415186615930272e-05,3.0637525632243045e-05,3.2382398832513825e-05,-10.284693327487282,-10.393284972480673,-10.337895528687579,389,eligible_regular_session
2023-06-08,2023-06-09,validation,2.9556079561676935e-05,0.0059590379811234,1.6795072455050946e-05,2.816342314004916e-05,3.2290170576425344e-05,-10.994425020824718,-10.477486473691231,-10.340747690568671,389,eligible_regular_session
2023-06-09,2023-06-12,validation,1.4851407717930597e-05,-0.0008160523284315,2.9556079561676935e-05,2.8244610375491536e-05,3.299201624703692e-05,-10.429221097145538,-10.474607901741688,-10.31924495767601,389,eligible_regular_session
2023-06-12,2023-06-13,validation,3.4152565324529533e-05,0.0069048240236893,1.4851407717930597e-05,2.386429931848524e-05,3.1400225433917936e-05,-11.117415901388163,-10.643126968151755,-10.3686954856517,389,eligible_regular_session
2023-06-13,2023-06-14,validation,7.082477943512644e-05,0.0028535398075497,3.4152565324529533e-05,2.590139824369814e-05,3.142117623966757e-05,-10.284672855456066,-10.561213604472815,-10.368028489820082,389,eligible_regular_session
2023-06-14,2023-06-15,validation,3.539481863356832e-05,0.0011647531937336,7.082477943512644e-05,3.3235980898862877e-05,3.3345963916582614e-05,-9.555301626475961,-10.311877506873978,-10.308573814917919,389,eligible_regular_session
2023-06-15,2023-06-16,validation,3.1302449807805036e-05,0.0138080696154191,3.539481863356832e-05,3.6955930134566354e-05,3.4115420596272174e-05,-10.248945114820517,-10.205784432660693,-10.285761058994572,389,eligible_regular_session
2023-06-16,2023-06-20,validation,2.4376112252417737e-05,-0.0078065925425138,3.1302449807805036e-05,3.7305204183791974e-05,3.4161473686331215e-05,-10.371814194861026,-10.19637771869317,-10.284412049273875,389,eligible_regular_session
2023-06-20,2023-06-21,validation,2.9323925102029737e-05,-0.0002824813729153,2.4376112252417737e-05,3.92101450906894e-05,3.4098570864494135e-05,-10.621906911253,-10.14657504131775,-10.286255084685195,389,eligible_regular_session
2023-06-21,2023-06-22,validation,2.7895389590797577e-05,-0.0016959028909264,2.9323925102029737e-05,3.824441704618945e-05,3.3685384550670814e-05,-10.437106818758776,-10.171512967921611,-10.298446507536339,389,eligible_regular_session
2023-06-22,2023-06-23,validation,2.733884587923159e-05,0.0063994686711614,2.7895389590797577e-05,2.9658539077323667e-05,3.309499439373702e-05,-10.487049130433514,-10.42576047812087,-10.316128513792496,389,eligible_regular_session
2023-06-23,2023-06-26,validation,3.108074059515417e-05,0.0005659075375318,2.733884587923159e-05,2.8047344526456322e-05,3.2942767399091854e-05,-10.507201941194035,-10.481616599765534,-10.320738823413652,389,eligible_regular_session
2023-06-26,2023-06-27,validation,2.1073998901039537e-05,-0.0035575205913922,3.108074059515417e-05,2.800300268392615e-05,3.2777194428751075e-05,-10.378922204075812,-10.483198814827082,-10.325777576207994,389,eligible_regular_session
2023-06-27,2023-06-28,validation,3.0664455860645154e-05,0.0082106410043699,2.1073998901039537e-05,2.7342580013650512e-05,3.1705807429216676e-05,-10.767470556934631,-10.507065363394032,-10.359010694200215,389,eligible_regular_session
2023-06-28,2023-06-29,validation,2.741269781929146e-05,0.0024657596873291,3.0664455860645154e-05,2.7610686165373593e-05,3.093556773224742e-05,-10.392406363682761,-10.497307680271128,-10.383603976725372,389,eligible_regular_session
2023-06-29,2023-06-30,validation,1.6469481922527757e-05,0.0051235682838559,2.741269781929146e-05,2.7514147811072367e-05,3.071237355840835e-05,-10.504504227856284,-10.500810219726759,-10.390844937067792,389,eligible_regular_session
2023-06-30,2023-07-05,validation,1.2221000566786347e-05,0.0050150149715515,1.6469481922527757e-05,2.5340275019731606e-05,2.9646965095744237e-05,-11.014001470096565,-10.58311552994424,-10.42615079540719,389,eligible_regular_session
2023-07-05,2023-07-06,validation,1.7274218313023063e-05,0.0018885959438606,1.2221000566786347e-05,2.1568327014058035e-05,2.8814611344855648e-05,-11.312354728130346,-10.74428466134737,-10.454627961111926,389,eligible_regular_session
2023-07-06,2023-07-07,validation,2.0951028388053945e-05,0.0005691410092737,1.7274218313023063e-05,2.080837089645474e-05,2.8274094681083036e-05,-10.966295438942263,-10.780155205272113,-10.47356455482719,389,eligible_regular_session
2023-07-07,2023-07-10,validation,2.561325631424748e-05,-0.0001045694580845,2.0951028388053945e-05,1.88656854019365e-05,2.7901407635791627e-05,-10.77332282506562,-10.878165873273904,-10.486833417513902,389,eligible_regular_session
2023-07-10,2023-07-11,validation,1.8443864277261903e-05,0.0022247354250488,2.561325631424748e-05,1.8505797100927706e-05,2.7395057331759143e-05,-10.572400515728448,-10.897426518159081,-10.505147950194221,389,eligible_regular_session
2023-07-11,2023-07-12,validation,2.186855765800023e-05,0.0050224126385733,1.8443864277261903e-05,1.8900673571874535e-05,2.7144002494431727e-05,-10.900778802285911,-10.876312997810201,-10.514354438586102,389,eligible_regular_session
2023-07-12,2023-07-13,validation,1.1159287657043506e-05,-0.0008112684055877,2.186855765800023e-05,2.0830184990117312e-05,2.6585670289827068e-05,-10.730460676159165,-10.779107421784246,-10.535138198242233,389,eligible_regular_session
2023-07-13,2023-07-14,validation,2.122773226346333e-05,0.0044423331820153,1.1159287657043506e-05,1.96071988589214e-05,2.6329498253554007e-05,-11.403238433062354,-10.839613770441314,-10.544820640712294,389,eligible_regular_session
2023-07-14,2023-07-17,validation,1.2352800004927768e-05,-0.0029848618645512,2.122773226346333e-05,1.9662539634003277e-05,2.595093701272611e-05,-10.760202105502163,-10.83679527386655,-10.559302840614052,389,eligible_regular_session
2023-07-17,2023-07-18,validation,1.5194211112795311e-05,0.0027191319079738,1.2352800004927768e-05,1.7010448372139335e-05,2.5837363934862342e-05,-11.301627799540837,-10.981682792577665,-10.563688899158455,389,eligible_regular_session
2023-07-18,2023-07-19,validation,2.185603120553979e-05,0.008688450764556,1.5194211112795311e-05,1.6360517739246016e-05,2.4975620561601702e-05,-11.094596050495415,-11.020639580637239,-10.597610386426966,389,eligible_regular_session
2023-07-19,2023-07-20,validation,1.8794020793433344e-05,-0.0006437317393732,2.185603120553979e-05,1.635801244875393e-05,2.274976836934776e-05,-10.731033646797824,-11.020792722632468,-10.690955594186278,389,eligible_regular_session
2023-07-20,2023-07-21,validation,1.939147906037108e-05,-0.0045055427421236,1.8794020793433344e-05,1.7884959076031893e-05,2.1995186649341625e-05,-10.881971781617223,-10.931550473428576,-10.72468691720998,389,eligible_regular_session
2023-07-21,2023-07-24,validation,1.7071979193150195e-05,-0.0027471335283498,1.939147906037108e-05,1.7517708435413443e-05,2.1453778888094625e-05,-10.850676812074184,-10.952298278076153,-10.749609756167558,389,eligible_regular_session
2023-07-24,2023-07-25,validation,9.391105358492644e-06,0.000933463866408,1.7071979193150195e-05,1.846154427305793e-05,2.1121772839946106e-05,-10.978072082176109,-10.899820677293231,-10.765206161363759,389,eligible_regular_session
2023-07-25,2023-07-26,validation,3.5165739253460374e-05,0.0033152399706244,9.391105358492644e-06,1.7300923122197396e-05,2.0215735578876237e-05,-11.575747555112766,-10.964750698219527,-10.809049267758331,389,eligible_regular_session
2023-07-26,2023-07-27,validation,3.5575429074172186e-05,0.0010865113761546,3.5165739253460374e-05,1.9962864731781517e-05,2.054620601808818e-05,-10.255438266003523,-10.821636773743139,-10.792834256057612,389,eligible_regular_session
2023-07-27,2023-07-28,validation,2.175195948592044e-05,-0.0134921847795151,3.5575429074172186e-05,2.3319146387929283e-05,2.092059616331275e-05,-10.243855352945923,-10.666235801443133,-10.774776421883308,389,eligible_regular_session
2023-07-28,2023-07-31,validation,1.7954997849549023e-05,0.0022505898176345,2.175195948592044e-05,2.3791242473039154e-05,2.0496560658347583e-05,-10.735806713180873,-10.64619300831964,-10.795253458658868,389,eligible_regular_session
2023-07-31,2023-08-01,validation,1.4310381959977912e-05,0.0006168177847799,1.7954997849549023e-05,2.396784620431892e-05,2.0354787883279833e-05,-10.927642050055157,-10.638797367359043,-10.802194396929274,389,eligible_regular_session
2023-08-01,2023-08-02,validation,2.6881336775064225e-05,0.0004589602227622,1.4310381959977912e-05,2.4951701524615975e-05,1.961142088779496e-05,-11.15452527292978,-10.598568540712684,-10.839398463073683,389,eligible_regular_session
2023-08-02,2023-08-03,validation,2.7288513960302865e-05,-0.0070028235542358,2.6881336775064225e-05,2.3294821028936746e-05,1.9587268113057357e-05,-10.524078312330694,-10.667279495535212,-10.840630788868747,389,eligible_regular_session
2023-08-03,2023-08-04,validation,4.140318889559193e-05,0.0017076727108924,2.7288513960302865e-05,2.163743800616288e-05,2.0079042296592588e-05,-10.509044678361606,-10.741085502576952,-10.815833958670959,389,eligible_regular_session
2023-08-04,2023-08-07,validation,2.325660600445626e-05,-0.0083273129642409,4.140318889559193e-05,2.556768388809718e-05,2.1405505402447387e-05,-10.092152653635818,-10.574181352032513,-10.751862407226003,389,eligible_regular_session
2023-08-07,2023-08-08,validation,2.8463370256617577e-05,0.0033475543148009,2.325660600445626e-05,2.6628005519078623e-05,2.167743211569435e-05,-10.668921337064047,-10.533547056959854,-10.739238833256021,389,eligible_regular_session
2023-08-08,2023-08-09,validation,2.600834107595376e-05,0.0014857455703011,2.8463370256617577e-05,2.9458603178406563e-05,2.201890220062906e-05,-10.466892551490936,-10.432524562228807,-10.723609282561522,389,eligible_regular_session
2023-08-09,2023-08-10,validation,6.36689140787529e-05,-0.0070344293210545,2.600834107595376e-05,2.928400403858447e-05,2.2036860598888438e-05,-10.557093260777908,-10.438469128268931,-10.72279402489202,389,eligible_regular_session
2023-08-10,2023-08-11,validation,3.844237612346913e-05,-0.0051867359347213,6.36689140787529e-05,3.656008406227447e-05,2.4092544680774394e-05,-9.661814119542496,-10.216553512084621,-10.633608114671505,389,eligible_regular_session
2023-08-11,2023-08-14,validation,2.19619260882913e-05,0.0035634421746494,3.844237612346913e-05,3.5967921507849916e-05,2.4845900065568433e-05,-10.166350161946639,-10.232883085972734,-10.602817806334608,389,eligible_regular_session
2023-08-14,2023-08-15,validation,2.605031978063411e-05,0.0076034602956214,2.19619260882913e-05,3.570898552461692e-05,2.5336929085170603e-05,-10.726200236230564,-10.240108205481224,-10.583247578845713,389,eligible_regular_session
2023-08-15,2023-08-16,validation,3.89165633208719e-05,-0.0077457391442224,2.605031978063411e-05,3.522637542942023e-05,2.5556137608678373e-05,-10.555480514192102,-10.253715453974626,-10.574633050644906,389,eligible_regular_session
2023-08-16,2023-08-17,validation,4.047052824518532e-05,-0.0068967663200159,3.89165633208719e-05,3.7808019878403856e-05,2.6763581395766743e-05,-10.154090605653364,-10.182989311747434,-10.528468497736682,389,eligible_regular_session
2023-08-17,2023-08-18,validation,3.976544519176287e-05,-0.0114882201648636,4.047052824518532e-05,3.3168342711690344e-05,2.7912504901784464e-05,-10.11493654640198,-10.313914669723824,-10.486435765185494,389,eligible_regular_session
2023-08-18,2023-08-21,validation,2.428683275589074e-05,0.0068209032409762,3.976544519176287e-05,3.343295652534908e-05,2.8726569173885512e-05,-10.13251223404981,-10.305968422156248,-10.457688108258102,389,eligible_regular_session
2023-08-21,2023-08-22,validation,3.420725462488698e-05,0.0044232742341861,2.428683275589074e-05,3.389793785886897e-05,2.897624244490631e-05,-10.625576216375483,-10.292156375549956,-10.449034289764546,389,eligible_regular_session
2023-08-22,2023-08-23,validation,1.9110812329367853e-05,-0.0064153023641502,3.420725462488698e-05,3.552932482771955e-05,2.9649686788747936e-05,-10.283072812856023,-10.245152150990602,-10.426058996193605,389,eligible_regular_session
2023-08-23,2023-08-24,validation,4.500203047554498e-05,0.0079066821807453,1.9110812329367853e-05,3.156817462941874e-05,2.9742361022212373e-05,-10.865256292537678,-10.363361076850014,-10.422938231306912,389,eligible_regular_session
2023-08-24,2023-08-25,validation,0.0001003721774918,-0.0172071763084198,4.500203047554498e-05,3.2474475075490673e-05,3.136103943662385e-05,-10.008802947533129,-10.335056159495426,-10.369944217730856,389,eligible_regular_session
2023-08-25,2023-08-28,validation,3.756580079188251e-05,0.0024318359609636,0.0001003721774918,4.459582153549809e-05,3.432496844745747e-05,-9.206625505726088,-10.017870390872094,-10.279637525539869,389,eligible_regular_session
2023-08-28,2023-08-29,validation,2.8181060581521414e-05,0.0016435044651548,3.756580079188251e-05,4.725161514269645e-05,3.441543988917157e-05,-10.189416474870498,-9.960023721694535,-10.27700526029322,389,eligible_regular_session
2023-08-29,2023-08-30,validation,3.0797014930553244e-05,0.0141829198234476,2.8181060581521414e-05,4.604637633402334e-05,3.4707671757153435e-05,-10.476860416235972,-9.985861488174075,-10.26854980734543,389,eligible_regular_session
2023-08-30,2023-08-31,validation,2.20276934821111e-05,0.0028633645554309,3.0797014930553244e-05,4.8383616854260414e-05,3.5291399806289995e-05,-10.388092790520764,-9.936349296290652,-10.25187125525787,389,eligible_regular_session
2023-08-31,2023-09-01,validation,3.054141012585379e-05,-0.003193454587382,2.20276934821111e-05,4.3788749455573646e-05,3.564218669365968e-05,-10.723210101582266,-10.036133635321395,-10.241980602202853,389,eligible_regular_session
2023-09-01,2023-09-05,validation,1.703064276795869e-05,-0.0046205891411021,3.054141012585379e-05,2.9822595982384395e-05,3.580855366415012e-05,-10.39642708616004,-10.420244197340148,-10.237323763930442,389,eligible_regular_session
2023-09-05,2023-09-06,validation,2.3224404431936928e-05,-0.0031396084629466,1.703064276795869e-05,2.5715564377599634e-05,3.5342286791770834e-05,-10.980496320727791,-10.568414131570123,-10.250430384853516,389,eligible_regular_session
2023-09-06,2023-09-07,validation,2.5741355785604452e-05,-0.0040072241669245,2.3224404431936928e-05,2.472423314768274e-05,3.4515978407059246e-05,-10.670306916997392,-10.607726696197037,-10.27408819891062,389,eligible_regular_session
2023-09-07,2023-09-08,validation,2.2796566318166373e-05,0.0038442541153335,2.5741355785604452e-05,2.371310131869298e-05,3.462892157892962e-05,-10.567411684860026,-10.649482864302772,-10.270821341272796,389,eligible_regular_session
2023-09-08,2023-09-11,validation,1.537791689126274e-05,0.0005676814405068,2.2796566318166373e-05,2.3866875885904033e-05,3.437133958172729e-05,-10.688900633425632,-10.643019006535043,-10.278287492542663,389,eligible_regular_session
2023-09-11,2023-09-12,validation,1.810721785128428e-05,0.0003342730150238,1.537791689126274e-05,2.083417723898582e-05,3.388813848242315e-05,-11.0825780457607,-10.778915783239114,-10.292445502079858,389,eligible_regular_session
2023-09-12,2023-09-13,validation,2.7099216485721892e-05,-0.0020060816055941,1.810721785128428e-05,2.1049492255650942e-05,3.1817152290265485e-05,-10.919199922868588,-10.768634118998486,-10.355505033394328,389,eligible_regular_session
2023-09-13,2023-09-14,validation,1.6419955269485913e-05,0.0002350662953742,2.7099216485721892e-05,2.1824454666407933e-05,3.130155412491334e-05,-10.516005742462559,-10.732479443198756,-10.371842809097672,389,eligible_regular_session
2023-09-14,2023-09-15,validation,2.7185230745701454e-05,0.0036223021076375,1.6419955269485913e-05,1.9960174563184226e-05,3.104964636042218e-05,-11.017013178091942,-10.821771541468687,-10.37992313900803,389,eligible_regular_session
2023-09-15,2023-09-18,validation,1.749930772898195e-05,-0.0088588210640372,2.7185230745701454e-05,2.0837907448691243e-05,3.11012332224707e-05,-10.512836719423694,-10.778736756452076,-10.378263086109614,389,eligible_regular_session
2023-09-18,2023-09-19,validation,2.0243574138075535e-05,0.0013391454839073,1.749930772898195e-05,2.1262185616235084e-05,3.0127721604657522e-05,-10.953349236161147,-10.758580386184171,-10.410064826511132,389,eligible_regular_session
2023-09-19,2023-09-20,validation,4.524058744057026e-05,0.000112525430866,2.0243574138075535e-05,2.1689456873593338e-05,2.9208314599788896e-05,-10.807673141285226,-10.738684273845031,-10.441057142654534,389,eligible_regular_session
2023-09-20,2023-09-21,validation,3.124675997633663e-05,-0.0114990137458469,4.524058744057026e-05,2.5317731064563007e-05,2.9457184702007414e-05,-10.003515921819,-10.584005575107856,-10.432572714904023,389,eligible_regular_session
2023-09-21,2023-09-22,validation,3.756886214586772e-05,-0.010612379193663,3.124675997633663e-05,2.8283092005933152e-05,2.9773545030209493e-05,-10.373594867914314,-10.473246387483549,-10.421890309401014,389,eligible_regular_session
2023-09-22,2023-09-25,validation,3.7364219693070075e-05,-0.0045390836929044,3.756886214586772e-05,3.0359818285966407e-05,2.992634537207226e-05,-10.189334985079576,-10.402390590765481,-10.416771349399754,389,eligible_regular_session
2023-09-25,2023-09-26,validation,3.528791162590646e-05,0.0065322367087582,3.7364219693070075e-05,3.433280067878403e-05,3.0756045706786e-05,-10.194797004164993,-10.279409372733268,-10.389423974685872,389,eligible_regular_session
2023-09-26,2023-09-27,validation,4.694145383399021e-05,-0.0082862909902229,3.528791162590646e-05,3.7341668176350214e-05,3.0314494849984247e-05,-10.251970099531512,-10.19540074553125,-10.403884581947905,389,eligible_regular_session
2023-09-27,2023-09-28,validation,5.83081176472428e-05,-0.0032883703635179,4.694145383399021e-05,3.768184145503421e-05,2.7885825592811073e-05,-9.966609395843985,-10.186332238562935,-10.487392041503082,389,eligible_regular_session
2023-09-28,2023-09-29,validation,6.938582522524368e-05,0.0076467520332455,5.83081176472428e-05,4.309411298921544e-05,2.882865817714563e-05,-9.749769235068415,-10.052124159761146,-10.454140589986572,389,eligible_regular_session
2023-09-29,2023-10-02,validation,7.174788040024927e-05,-0.0092572732827963,6.938582522524368e-05,4.9457505605090636e-05,3.0701602024587554e-05,-9.575827958787746,-9.914396729712712,-10.391195721521298,389,eligible_regular_session
2023-10-02,2023-10-03,validation,6.236922466880914e-05,0.0024164949718303,7.174788040024927e-05,5.633423774652648e-05,3.256300500048283e-05,-9.542352245220842,-9.784208077166118,-10.332333729918883,389,eligible_regular_session
2023-10-03,2023-10-04,validation,6.061776096533182e-05,-0.0088747848116853,6.236922466880914e-05,6.1750500355107e-05,3.4396710963514556e-05,-9.682438598659369,-9.692408479572304,-10.277549609681735,389,eligible_regular_session
2023-10-04,2023-10-05,validation,4.723320072737354e-05,0.0058218404034527,6.061776096533182e-05,6.448576178137533e-05,3.576381781985446e-05,-9.710922622593595,-9.649066106106456,-10.238573851057469,389,eligible_regular_session
2023-10-05,2023-10-06,validation,6.74851271034985e-05,0.0001385641701107,4.723320072737354e-05,6.227077839740148e-05,3.713666136346423e-05,-9.960413507405317,-9.684018288798296,-10.200905899363496,389,eligible_regular_session
2023-10-06,2023-10-09,validation,3.754426124585837e-05,0.0169680893810686,6.74851271034985e-05,6.189063877305243e-05,3.914851239398976e-05,-9.60360332357147,-9.690141621163464,-10.148148133848629,389,eligible_regular_session
2023-10-09,2023-10-10,validation,3.896864096313029e-05,0.0105470239399306,3.754426124585837e-05,5.5049914942174264e-05,3.968500809672857e-05,-10.189990021104657,-9.807270239898063,-10.134537071396545,389,eligible_regular_session
2023-10-10,2023-10-11,validation,3.058012904319244e-05,0.0040806952647186,3.896864096313029e-05,5.036979820103849e-05,4.042010239877239e-05,-10.152753313147086,-9.896118804547111,-10.116183312623072,389,eligible_regular_session
2023-10-11,2023-10-12,validation,4.955204602499061e-05,0.0006696630336868,3.058012904319244e-05,4.4362271816610615e-05,4.111111204204192e-05,-10.395160137616394,-10.023121183614679,-10.099232107017961,389,eligible_regular_session
2023-10-12,2023-10-13,validation,7.40481375973657e-05,-0.0070404191091729,4.955204602499061e-05,4.482604087613403e-05,4.2540422413574025e-05,-9.912487005911801,-10.012721317858484,-10.065055818444256,389,eligible_regular_session
2023-10-13,2023-10-16,validation,4.240521734158702e-05,-0.0095217025489059,7.40481375973657e-05,4.613864297490747e-05,4.467446428228511e-05,-9.510795168176259,-9.983859716684828,-10.016108488433655,389,eligible_regular_session
2023-10-16,2023-10-17,validation,4.930016991417018e-05,0.0057370108665137,4.240521734158702e-05,4.7110834194053204e-05,4.585561255828971e-05,-10.068239152787328,-9.963007558042229,-9.990012955449425,389,eligible_regular_session
2023-10-17,2023-10-18,validation,6.87160869888926e-05,0.0070773847588067,4.930016991417018e-05,4.917713998426118e-05,4.6860837065947375e-05,-9.917583030386677,-9.92008167690829,-9.96832826192109,389,eligible_regular_session
2023-10-18,2023-10-19,validation,0.0001156372655298,-0.0096436322409165,6.87160869888926e-05,5.6804331573401216e-05,4.918887248685241e-05,-9.585527223281838,-9.77589797504973,-9.919843129012484,389,eligible_regular_session
2023-10-19,2023-10-20,validation,6.675906089672956e-05,-0.0108096592376076,0.0001156372655298,7.002137547436308e-05,5.352494936829442e-05,-9.065052287500068,-9.566709998609515,-9.835362669433964,389,eligible_regular_session
2023-10-20,2023-10-23,validation,5.7120415259211114e-05,-0.011017364898304,6.675906089672956e-05,6.856356013423586e-05,5.450306179811985e-05,-9.614420526125038,-9.587749357744105,-9.817253678091085,389,eligible_regular_session
2023-10-23,2023-10-24,validation,4.654365055345877e-05,0.0019413702958915,5.7120415259211114e-05,7.150659971776067e-05,5.5679137038250505e-05,-9.770348970015199,-9.545720808779135,-9.795905040652853,389,eligible_regular_session
2023-10-24,2023-10-25,validation,5.789171348955594e-05,0.00186631405411,4.654365055345877e-05,7.095529584561839e-05,5.608708196586828e-05,-9.975119964114768,-9.55346051520414,-9.788605039939455,389,eligible_regular_session
2023-10-25,2023-10-26,validation,7.756286812931492e-05,-0.009363758267296,5.789171348955594e-05,6.879042114575106e-05,5.702014986570855e-05,-9.756936301251878,-9.584446050250717,-9.772105846182455,389,eligible_regular_session
2023-10-26,2023-10-27,validation,7.192540600800074e-05,-0.0089533007857222,7.756286812931492e-05,6.117554166565404e-05,5.894173879768166e-05,-9.464421748782637,-9.70176309431178,-9.73896107994156,389,eligible_regular_session
2023-10-27,2023-10-30,validation,4.6379409305037425e-05,-0.0082773301921374,7.192540600800074e-05,6.220881068790828e-05,6.007737298740941e-05,-9.5398810036625,-9.685013917319685,-9.719877276707225,389,eligible_regular_session
2023-10-30,2023-10-31,validation,4.53889767937123e-05,0.0047562715592405,4.6379409305037425e-05,6.006060949707356e-05,5.953515897185462e-05,-9.978654962202523,-9.72015634732416,-9.728943512839546,389,eligible_regular_session
2023-10-31,2023-11-01,validation,7.095222235334074e-05,0.0058045491905182,4.53889767937123e-05,5.982967474512425e-05,5.8444393134057736e-05,-10.000241284298735,-9.724008786894606,-9.747434800497542,389,eligible_regular_session
2023-11-01,2023-11-02,validation,2.324120885928594e-05,0.0087006430240082,7.095222235334074e-05,6.244177651788121e-05,5.840822685919826e-05,-9.553503832039176,-9.681276011122147,-9.74805380717478,389,eligible_regular_session
2023-11-02,2023-11-03,validation,2.9120624068710553e-05,0.0095265630930425,2.324120885928594e-05,5.157744466387542e-05,5.662968068603812e-05,-10.669583611012973,-9.872426099958224,-9.778977316455233,389,eligible_regular_session
2023-11-03,2023-11-06,validation,1.9349639145420624e-05,0.004092703007247,2.9120624068710553e-05,4.301648827601738e-05,5.5197992645282595e-05,-10.444063903934433,-10.053927067488742,-9.804583970464144,389,eligible_regular_session
2023-11-06,2023-11-07,validation,2.037258912056893e-05,-0.0011558035779975,1.9349639145420624e-05,3.761053424409402e-05,5.3930558027921106e-05,-10.852836787477846,-10.188226380741279,-9.827813301405161,389,eligible_regular_session
2023-11-07,2023-11-08,validation,2.121629126460879e-05,0.0028037743515361,2.037258912056893e-05,3.2607256709465345e-05,5.178907902869703e-05,-10.801320231209196,-10.330975695913114,-9.868331260488347,389,eligible_regular_session
2023-11-08,2023-11-09,validation,4.816496714324905e-05,-0.0008210218533708,2.121629126460879e-05,2.2660070491718958e-05,5.104689857500387e-05,-10.760741215519575,-10.69490619152552,-9.882765767892481,389,eligible_regular_session
2023-11-09,2023-11-10,validation,2.541439197453728e-05,-0.0098901364292602,4.816496714324905e-05,2.7644822148511578e-05,5.14649134013729e-05,-9.940878623925602,-10.496072111600332,-9.874610275657469,389,eligible_regular_session
2023-11-10,2023-11-13,validation,1.8165326218055268e-05,0.0118317887176234,2.541439197453728e-05,2.690357572967692e-05,5.123010717097949e-05,-10.580194931233656,-10.52325135343667,-9.879183168057914,389,eligible_regular_session
2023-11-13,2023-11-14,validation,2.265853357847682e-05,0.0016063239969241,1.8165326218055268e-05,2.666671314420385e-05,4.9803438088846074e-05,-10.915995933847613,-10.532094469052376,-9.907426538388039,389,eligible_regular_session
2023-11-14,2023-11-15,validation,2.3084437671563723e-05,0.0053279815415718,2.265853357847682e-05,2.7123902035785433e-05,4.7467546997078395e-05,-10.69497401855922,-10.515095224866299,-9.955464301539724,389,eligible_regular_session
2023-11-15,2023-11-16,validation,2.648775073586984e-05,-0.0011805748018096,2.3084437671563723e-05,2.7497531317176417e-05,4.658932973935006e-05,-10.676351861341915,-10.501414327605836,-9.974139018602006,389,eligible_regular_session
2023-11-16,2023-11-17,validation,1.5947093274619085e-05,0.0019626960947621,2.648775073586984e-05,2.316208803570058e-05,4.5552401594881854e-05,-10.538828168218537,-10.672993752341485,-9.996647211281955,389,eligible_regular_session
2023-11-17,2023-11-20,validation,1.2455193201069552e-05,0.0005318312181745,1.5947093274619085e-05,2.1268628295716937e-05,4.315381097150579e-05,-11.046233985176912,-10.758277420924937,-10.050739825180496,389,eligible_regular_session
2023-11-20,2023-11-21,validation,1.2630496706360984e-05,0.0076985936613055,1.2455193201069552e-05,2.0126601692319795e-05,3.846371677474532e-05,-11.293372897441932,-10.813468150630525,-10.165795182464006,389,eligible_regular_session
2023-11-21,2023-11-22,validation,2.186408912840056e-05,0.0005840381443732,1.2630496706360984e-05,1.8120994317896627e-05,3.6003327493364927e-05,-11.279396294872331,-10.918439384798862,-10.23189919340834,389,eligible_regular_session
2023-11-22,2023-11-27,validation,1.1592605847776612e-05,-0.0003511058773887,2.186408912840056e-05,1.7876924609263993e-05,3.4400767214691716e-05,-10.730665032855756,-10.931999804731914,-10.277431691080958,389,eligible_regular_session
2023-11-27,2023-11-28,validation,1.7547973333482877e-05,-0.0015611228761509,1.1592605847776612e-05,1.4897895631645345e-05,3.2812083364433436e-05,-11.365143090010674,-11.114290587762628,-10.32471371515793,389,eligible_regular_session
2023-11-28,2023-11-29,validation,1.807049039531221e-05,0.0018571168606575,1.7547973333482877e-05,1.5218071643418105e-05,3.0978276993702844e-05,-10.950572094294303,-11.09302691241329,-10.382224341252275,389,eligible_regular_session
2023-11-29,2023-11-30,validation,2.742655981600403e-05,-0.0055070960960812,1.807049039531221e-05,1.634113108226664e-05,2.827407800579363e-05,-10.921230315083546,-11.021825249247183,-10.473565144600071,389,eligible_regular_session
2023-11-30,2023-12-01,validation,3.4168997928327994e-05,0.0026056890613446,2.742655981600403e-05,1.9300343704195247e-05,2.625140317888469e-05,-10.503998677722837,-10.855387653704478,-10.547791115921576,389,eligible_regular_session
2023-12-01,2023-12-04,validation,1.9380620125335265e-05,0.0074640257027937,3.4168997928327994e-05,2.1761325464180733e-05,2.5696384479943355e-05,-10.284191818332998,-10.735376224955694,-10.569160257673968,389,eligible_regular_session
2023-12-04,2023-12-05,validation,3.302545950148892e-05,0.002230334335291,1.9380620125335265e-05,2.3318928319692465e-05,2.4514186449562576e-05,-10.851236953802271,-10.66624515295424,-10.616258569234192,389,eligible_regular_session
2023-12-05,2023-12-06,validation,1.9568628487053395e-05,0.0023407665517052,3.302545950148892e-05,2.6414425553293672e-05,2.2790242683569316e-05,-10.318231793905854,-10.541600274573158,-10.689178066076703,389,eligible_regular_session
2023-12-06,2023-12-07,validation,1.663645182943459e-05,-0.0083032707298606,1.9568628487053395e-05,2.6714053171641906e-05,2.2623307212104195e-05,-10.841582861431522,-10.530320795007736,-10.696529890531902,389,eligible_regular_session
2023-12-07,2023-12-08,validation,2.689233759957597e-05,0.0027320899779856,1.663645182943459e-05,2.4556031574328018e-05,2.2055844837591654e-05,-11.00391437671243,-10.61455304859076,-10.721932919197172,389,eligible_regular_session
2023-12-08,2023-12-11,validation,1.467319083415829e-05,0.005144098039391,2.689233759957597e-05,2.3100699508577617e-05,2.2398694767325988e-05,-10.52366915953267,-10.675647659138402,-10.706507870116807,389,eligible_regular_session
2023-12-11,2023-12-12,validation,9.959989082159673e-06,0.005402974035631,1.467319083415829e-05,2.215921365034222e-05,2.2139631208852777e-05,-11.129488482019777,-10.717257181807662,-10.718141288055905,389,eligible_regular_session
2023-12-12,2023-12-13,validation,3.160413204347749e-05,0.0057859495632116,9.959989082159673e-06,1.7546119566476374e-05,2.1627981109650544e-05,-11.516934582537075,-10.950677739823512,-10.7415226598659,389,eligible_regular_session
2023-12-13,2023-12-14,validation,3.175459960728671e-05,0.0127252419857902,3.160413204347749e-05,1.995322027776119e-05,2.0875215877842748e-05,-10.362222685050325,-10.822120010223156,-10.776947945827283,389,eligible_regular_session
2023-12-14,2023-12-15,validation,2.4051661078057548e-05,-0.0021610692258525,3.175459960728671e-05,2.2976849833331614e-05,2.1163407133876814e-05,-10.357472973597307,-10.681023377911167,-10.763236946267092,389,eligible_regular_session
2023-12-15,2023-12-18,validation,7.315433945075419e-06,0.0009824486251361,2.4051661078057548e-05,2.240871452902793e-05,2.1430967809331458e-05,-10.635306496102867,-10.706060633285832,-10.750673588073829,389,eligible_regular_session
2023-12-18,2023-12-19,validation,8.81852759924856e-06,0.0019637286737188,7.315433945075419e-06,2.093716315121136e-05,2.0733554189631397e-05,-11.82552420261665,-10.77398483680876,-10.78375719471096,389,eligible_regular_session
2023-12-19,2023-12-20,validation,3.50497007459595e-05,0.0043252171712448,8.81852759924856e-06,2.0708870854629134e-05,2.008510373179889e-05,-11.638655640742124,-10.784948405789686,-10.815532125526142,389,eligible_regular_session
2023-12-20,2023-12-21,validation,3.6514228748104303e-05,-0.0127991596043097,3.50497007459595e-05,2.1397984595125535e-05,2.0474283277712056e-05,-10.25874348243854,-10.752213818169349,-10.79634093358937,389,eligible_regular_session
2023-12-21,2023-12-22,validation,2.1318351663972676e-05,0.0020980259901579,3.6514228748104303e-05,2.2349910423289054e-05,2.140915307196138e-05,-10.217808544624114,-10.708688244819259,-10.75169201373682,389,eligible_regular_session
2023-12-22,2023-12-26,validation,6.472738754499682e-06,-0.0009143775460592,2.1318351663972676e-05,2.1803248540472082e-05,2.181202391118425e-05,-10.755942275728094,-10.73345158365297,-10.73304918466118,389,eligible_regular_session
2023-12-26,2023-12-27,validation,1.4011114937898929e-05,0.0026464639457521,6.472738754499682e-06,2.163470950235693e-05,2.1532125822463285e-05,-11.947911238476955,-10.741211611585479,-10.745964513772359,389,eligible_regular_session
2023-12-27,2023-12-28,validation,9.047990263406196e-06,0.0017244342312503,1.4011114937898929e-05,2.2673226970087007e-05,2.1175172450167756e-05,-11.175659619204437,-10.694325758180758,-10.762681173413617,389,eligible_regular_session
2023-12-28,2023-12-29,validation,1.7545843406819782e-05,-0.0009234633454251,9.047990263406196e-06,1.7472884873576347e-05,2.1059508105423648e-05,-11.612967895255565,-10.954860314447465,-10.76815840834871,389,eligible_regular_session
2023-12-29,2024-01-02,final_oos,2.1385712696728357e-05,-0.0026493685058503,1.7545843406819782e-05,1.3679207805319441e-05,2.1059411290575327e-05,-10.950693479020364,-11.199633556414536,-10.768163005562965,389,eligible_regular_session
2024-01-02,2024-01-03,final_oos,3.275658917767541e-05,5.4818666191255626e-05,2.1385712696728357e-05,1.3692680011870578e-05,2.1210103213366966e-05,-10.752787489895287,-11.19864917362523,-10.761032923139883,389,eligible_regular_session
2024-01-03,2024-01-04,final_oos,2.0932256876275956e-05,-0.0037915763047624,3.275658917767541e-05,1.894945009650572e-05,2.1452377275261122e-05,-10.326406419855369,-10.873735645510939,-10.749675090047791,389,eligible_regular_session
2024-01-04,2024-01-05,final_oos,3.299575661294018e-05,-0.0023598378659856,2.0932256876275956e-05,2.033367848418113e-05,2.0850707227440573e-05,-10.77421919758828,-10.803232007971282,-10.778122690513404,389,eligible_regular_session
2024-01-05,2024-01-08,final_oos,1.8011507096033314e-05,0.0011248355475076,3.299575661294018e-05,2.512323175408793e-05,2.146957706778625e-05,-10.319131592252536,-10.591717572008427,-10.748873645019994,389,eligible_regular_session
2024-01-08,2024-01-09,final_oos,2.11214529517923e-05,0.0126161510342405,1.8011507096033314e-05,2.521636449193063e-05,2.0787124685720088e-05,-10.92449972120955,-10.588017389605417,-10.781176768414227,389,eligible_regular_session
2024-01-09,2024-01-10,final_oos,1.802225218141824e-05,0.0041614094623843,2.11214529517923e-05,2.516351254294342e-05,2.0857707615935492e-05,-10.765221306426563,-10.590115527651259,-10.77778700820148,389,eligible_regular_session
2024-01-10,2024-01-11,final_oos,4.5293829699880105e-05,0.0043610949416542,1.802225218141824e-05,2.221664514369199e-05,2.0920698541025658e-05,-10.923903331273065,-10.71466876878419,-10.77477152826261,389,eligible_regular_session
2024-01-11,2024-01-12,final_oos,2.9992474346896943e-05,-0.0032580870033078,4.5293829699880105e-05,2.708895970841282e-05,2.175713000013039e-05,-10.002339744468342,-10.516384303918285,-10.735569038051588,389,eligible_regular_session
2024-01-12,2024-01-16,final_oos,3.5897249842287814e-05,-0.002574487699208,2.9992474346896943e-05,2.6488303255204173e-05,2.2453461068891237e-05,-10.414564062874959,-10.538807309007904,-10.704065787779315,389,eligible_regular_session
2024-01-16,2024-01-17,final_oos,2.2922471431136253e-05,-0.0011640211844829,3.5897249842287814e-05,3.006545180445507e-05,2.363242746707888e-05,-10.23484987146884,-10.412133825996928,-10.652890743853787,389,eligible_regular_session
2024-01-17,2024-01-18,final_oos,2.692368810772991e-05,0.001288020533013,2.2922471431136253e-05,3.0425655500323862e-05,2.323780653015428e-05,-10.683392843347214,-10.400224374529873,-10.669730013819022,389,eligible_regular_session
2024-01-18,2024-01-19,final_oos,2.4336006736877463e-05,0.0052685017113901,2.692368810772991e-05,3.2205942685586195e-05,2.3018219643810788e-05,-10.522504060055764,-10.343359566989186,-10.679224497200456,389,eligible_regular_session
2024-01-19,2024-01-22,final_oos,1.781554794650919e-05,0.009674751753833,2.4336006736877463e-05,2.801437809298567e-05,2.3031144446484423e-05,-10.623553545619735,-10.482792676265866,-10.678663151641473,389,eligible_regular_session
2024-01-22,2024-01-23,final_oos,1.103960792480526e-05,-0.000939644405513,1.781554794650919e-05,2.5578992812908116e-05,2.3508422355640502e-05,-10.935439001787048,-10.573739136595474,-10.65815180291106,389,eligible_regular_session
2024-01-23,2024-01-24,final_oos,2.3070242432359985e-05,0.0012342963096074,1.103960792480526e-05,2.0607464429411603e-05,2.360938055225672e-05,-11.414021031803458,-10.789857196859677,-10.65386644387954,389,eligible_regular_session
2024-01-24,2024-01-25,final_oos,2.3129714691936236e-05,-0.0045633782150073,2.3070242432359985e-05,2.063701862965635e-05,2.3064859719820374e-05,-10.676966977278994,-10.788424074021854,-10.67720032292311,389,eligible_regular_session
2024-01-25,2024-01-26,final_oos,1.6758866997008106e-05,0.0020941002718004,2.3129714691936236e-05,1.9878223946497616e-05,2.245647271726728e-05,-10.67439241677598,-10.82588569943415,-10.703931668303882,389,eligible_regular_session
2024-01-26,2024-01-29,final_oos,1.6481739761102805e-05,-0.000584687740259,1.6758866997008106e-05,1.8362795998523746e-05,2.2249223414223438e-05,-10.996583066805924,-10.9051838968652,-10.713203452692671,389,eligible_regular_session
2024-01-29,2024-01-30,final_oos,1.2120273480000369e-05,0.0074892680871094,1.6481739761102805e-05,1.8096034361442468e-05,2.2704178005432668e-05,-11.013257471026778,-10.919817739750442,-10.69296159730985,389,eligible_regular_session
2024-01-30,2024-01-31,final_oos,5.624626982650488e-05,-5.482506237729754e-05,1.2120273480000369e-05,1.831216747248149e-05,2.261823066643728e-05,-11.320631013221211,-10.907944829851159,-10.696754310210201,389,eligible_regular_session
2024-01-31,2024-02-01,final_oos,3.2746566300051084e-05,-0.0117662536350096,5.624626982650488e-05,2.4947372951310466e-05,2.4763607010214496e-05,-9.785770833274096,-10.598742033843042,-10.606135441831752,389,eligible_regular_session
2024-02-01,2024-02-02,final_oos,3.9471419328984976e-05,0.0078436429091242,3.2746566300051084e-05,2.6870743272933437e-05,2.545454895990683e-05,-10.326712447179686,-10.52447247390578,-10.578616089882779,389,eligible_regular_session
2024-02-02,2024-02-05,final_oos,2.4285050450869653e-05,0.0086373675422082,3.9471419328984976e-05,3.1413253739328816e-05,2.6276626534100307e-05,-10.139933709245529,-10.368280660497316,-10.546830738869852,389,eligible_regular_session
2024-02-05,2024-02-06,final_oos,2.3114455844719623e-05,-0.0015487140280005,2.4285050450869653e-05,3.2973915877282175e-05,2.589155659197277e-05,-10.625649604718872,-10.319793737011832,-10.561593642718366,389,eligible_regular_session
2024-02-06,2024-02-07,final_oos,2.1977314035778965e-05,7.468629237500364e-05,2.3114455844719623e-05,3.517275235022603e-05,2.5990747454174757e-05,-10.675052342020322,-10.255238856075076,-10.557769950425657,389,eligible_regular_session
2024-02-07,2024-02-08,final_oos,1.117120640208177e-05,0.0034654989258446,2.1977314035778965e-05,2.831896119208085e-05,2.5489909155212888e-05,-10.725499816829895,-10.471978970882114,-10.577227903520894,389,eligible_regular_session
2024-02-08,2024-02-09,final_oos,8.058123862322566e-06,0.0014354543615014,1.117120640208177e-05,2.400388921248699e-05,2.5178986396396907e-05,-11.40217094694776,-10.637294690224804,-10.589500784471369,389,eligible_regular_session
2024-02-09,2024-02-12,final_oos,1.3077071567854392e-05,0.0049906553922355,8.058123862322566e-06,1.7721230119154504e-05,2.4585198710511918e-05,-11.72882979996521,-10.940747195379938,-10.613365974541539,389,eligible_regular_session
2024-02-12,2024-02-13,final_oos,2.8214387332071295e-05,-0.0006230027539981,1.3077071567854392e-05,1.5479634342551453e-05,2.4360417773531746e-05,-11.244650123251153,-11.075985311363885,-10.622550965288859,389,eligible_regular_session
2024-02-13,2024-02-14,final_oos,2.7771931763297973e-05,4.441223436667454e-05,2.8214387332071295e-05,1.6499620640021786e-05,2.3584079484085888e-05,-10.475678521041864,-11.01217316883588,-10.654938671708369,389,eligible_regular_session
2024-02-14,2024-02-15,final_oos,1.8714861378642192e-05,0.0037206754556311,2.7771931763297973e-05,1.7658544185525587e-05,2.3483145730285934e-05,-10.491484696108602,-10.944290801887172,-10.659227597093802,389,eligible_regular_session
2024-02-15,2024-02-16,final_oos,2.7491228418907207e-05,0.004763128509703,1.8714861378642192e-05,1.9167275180837672e-05,2.2702128072847497e-05,-10.886192623600731,-10.86230615076761,-10.693051890168425,389,eligible_regular_session
2024-02-16,2024-02-20,final_oos,2.9940651208483352e-05,-0.004397775907992,2.7491228418907207e-05,2.3053896092154598e-05,2.2909798845018903e-05,-10.501643570757603,-10.677675774946014,-10.683945841763567,389,eligible_regular_session
2024-02-20,2024-02-21,final_oos,2.6099197290880825e-05,-0.0025810764928279,2.9940651208483352e-05,2.642661202028039e-05,2.3046933531416787e-05,-10.416293428758983,-10.541139024462925,-10.677977832884997,389,eligible_regular_session
2024-02-21,2024-02-22,final_oos,2.139689113916782e-05,0.003659906635407,2.6099197290880825e-05,2.60035740120423e-05,2.312707855659876e-05,-10.55360599924724,-10.5572765673882,-10.674506395076472,389,eligible_regular_session
2024-02-22,2024-02-23,final_oos,2.263942957737262e-05,0.0081848897155542,2.139689113916782e-05,2.4728565887216268e-05,2.328986688353779e-05,-10.752264920360401,-10.607551468924601,-10.667492189690293,389,eligible_regular_session
2024-02-23,2024-02-26,final_oos,1.46909805921322e-05,-0.0028333021997081,2.263942957737262e-05,2.5513479526962356e-05,2.3817131504109027e-05,-10.695817500292433,-10.576303636563878,-10.645105425129584,389,eligible_regular_session
2024-02-26,2024-02-27,final_oos,1.1520144822987071e-05,-0.0048922467260606,1.46909805921322e-05,2.2953429961607352e-05,2.3436255965916862e-05,-11.128276817648793,-10.682043178959997,-10.661226334429921,389,eligible_regular_session
2024-02-27,2024-02-28,final_oos,1.1644046559610844e-05,0.0009572488691487,1.1520144822987071e-05,1.9269328684508096e-05,2.2908548244600988e-05,-11.371413331335699,-10.856995913482244,-10.684000431267451,389,eligible_regular_session
2024-02-28,2024-02-29,final_oos,2.10432517875874e-05,0.0011603745285524,1.1644046559610844e-05,1.63782985382541e-05,2.267605640653748e-05,-11.36071553349641,-11.019553359278126,-10.694200974005863,389,eligible_regular_session
2024-02-29,2024-03-01,final_oos,1.4841286052270311e-05,0.001268081617659,2.10432517875874e-05,1.6307570667938016e-05,2.2883397862286774e-05,-10.768930629394807,-11.023881099823154,-10.685098894511814,389,eligible_regular_session
2024-03-01,2024-03-04,final_oos,1.1338415164669496e-05,0.0067581814096867,1.4841286052270311e-05,1.4747941962917555e-05,2.300708025193541e-05,-11.118097662775707,-11.124407012851167,-10.679708552366554,389,eligible_regular_session
2024-03-04,2024-03-05,final_oos,2.710038215163041e-05,1.559150263141401e-05,1.1338415164669496e-05,1.4077428877425015e-05,2.096581413094289e-05,-11.38731402563346,-11.170937832046702,-10.77261734523395,389,eligible_regular_session
2024-03-05,2024-03-06,final_oos,5.443480539580539e-05,-0.0060499529875532,2.710038215163041e-05,1.7193476343153682e-05,2.0709169396923773e-05,-10.515962728641867,-10.970980528465406,-10.784933989738477,389,eligible_regular_session
2024-03-06,2024-03-07,final_oos,1.826450260229204e-05,-0.0014893725958875,5.443480539580539e-05,2.575162811039259e-05,2.138932330905197e-05,-9.81850680362043,-10.567012705265247,-10.752618671225832,389,eligible_regular_session
2024-03-07,2024-03-08,final_oos,4.935800932463512e-05,0.0044843995768022,1.826450260229204e-05,2.5195878273333517e-05,2.1115662043207535e-05,-10.910551130374062,-10.58883013740639,-10.765495515904256,389,eligible_regular_session
2024-03-08,2024-03-11,final_oos,2.7072223119746817e-05,-0.0076438495596491,4.935800932463512e-05,3.209922292780648e-05,2.230855083774915e-05,-9.916410508908221,-10.346678735977815,-10.710540507355718,389,eligible_regular_session
2024-03-11,2024-03-12,final_oos,3.553676106541113e-05,0.0010594732946271,2.7072223119746817e-05,3.524598451882194e-05,2.254013761429314e-05,-10.517002332858008,-10.253158949554392,-10.700212944034407,389,eligible_regular_session
2024-03-12,2024-03-13,final_oos,2.1512439344015988e-05,0.006440091040301,3.553676106541113e-05,3.693326030157808e-05,2.364766282626266e-05,-10.24494287429764,-10.20639804971525,-10.652246271323529,389,eligible_regular_session
2024-03-13,2024-03-14,final_oos,3.949429689608577e-05,-0.0018644489515423,2.1512439344015988e-05,3.0348787091220208e-05,2.4259222620885084e-05,-10.746879215999865,-10.402754005302814,-10.626713698618618,389,eligible_regular_session
2024-03-14,2024-03-15,final_oos,3.5372158662506533e-05,-0.004259632488555,3.949429689608577e-05,3.459474594997895e-05,2.5460005590350147e-05,-10.139354278858912,-10.271808738587827,-10.578401745261191,389,eligible_regular_session
2024-03-15,2024-03-18,final_oos,1.7161265844524377e-05,-0.0011483568823626,3.5372158662506533e-05,3.179757581755323e-05,2.578535883264266e-05,-10.249585525721251,-10.356120503236376,-10.565703714225329,389,eligible_regular_session
2024-03-18,2024-03-19,final_oos,1.9308279487910407e-05,-0.0021842667824382,1.7161265844524377e-05,2.9815384362508748e-05,2.5303055836334767e-05,-10.972855699461697,-10.42048604389059,-10.584585385479752,389,eligible_regular_session
2024-03-19,2024-03-20,final_oos,4.523077064380952e-05,0.0077393974973858,1.9308279487910407e-05,2.6569688047008605e-05,2.5330029386756053e-05,-10.854976565032011,-10.535739539059044,-10.583519933795182,389,eligible_regular_session
2024-03-20,2024-03-21,final_oos,1.4060261039252598e-05,0.0085772740153571,4.523077064380952e-05,3.131335430696731e-05,2.6136372215160707e-05,-10.003732936286498,-10.37146589623493,-10.552182642293058,389,eligible_regular_session
2024-03-21,2024-03-22,final_oos,1.1621486560009008e-05,-0.0020585473168092,1.4060261039252598e-05,2.6226547135600677e-05,2.5414536298377487e-05,-11.172158105662168,-10.548738410737544,-10.580189252426523,389,eligible_regular_session
2024-03-22,2024-03-25,final_oos,8.20028551810477e-06,-0.0012448617653727,1.1621486560009008e-05,2.1476412715101172e-05,2.4756458537883314e-05,-11.362654883569041,-10.74855530808529,-10.606424151965783,389,eligible_regular_session
2024-03-25,2024-03-26,final_oos,8.801776893815785e-06,-0.0001226199281909,8.20028551810477e-06,1.968421664981725e-05,2.415661282783499e-05,-11.711341585019174,-10.83569342862926,-10.630952392249638,389,eligible_regular_session
2024-03-26,2024-03-27,final_oos,1.5194651426301452e-05,-0.0048592590518946,8.801776893815785e-06,1.7582916130998325e-05,2.3527628614946043e-05,-11.640556937111368,-10.948582801704715,-10.657335141649044,389,eligible_regular_session
2024-03-27,2024-03-28,final_oos,1.1241806445006344e-05,0.0027528124955319,1.5194651426301452e-05,1.157569228749671e-05,2.3550522743771924e-05,-11.094567071884873,-11.366603150925448,-10.656362540560433,389,eligible_regular_session
2024-03-28,2024-04-01,final_oos,1.3968303571137336e-05,0.0013175583668885,1.1241806445006344e-05,1.1012001368647461e-05,2.3537870999318255e-05,-11.395871010664226,-11.41652484639701,-10.656899902052404,389,eligible_regular_session
2024-04-01,2024-04-02,final_oos,1.4690987945715972e-05,-0.0024172568394354,1.3968303571137336e-05,1.1481364770873126e-05,2.364351904529673e-05,-11.178719825774346,-11.374785291658577,-10.65242151672077,389,eligible_regular_session
2024-04-02,2024-04-03,final_oos,2.135991714408644e-05,0.0006514001008558,1.4690987945715972e-05,1.2779505256395368e-05,2.3354779779757116e-05,-11.128276317098003,-11.267667822096358,-10.664708893309331,389,eligible_regular_session
2024-04-03,2024-04-04,final_oos,4.892165659672274e-05,0.0030661670068072,2.135991714408644e-05,1.5291133306449497e-05,2.3651081193021488e-05,-10.753994422901973,-11.088237420008207,-10.652101727664467,389,eligible_regular_session
2024-04-04,2024-04-05,final_oos,4.371551037448464e-05,-0.020015632303974,4.892165659672274e-05,2.2036534340533755e-05,2.5359410349023904e-05,-9.925290384335115,-10.722808830121123,-10.582360679887017,389,eligible_regular_session
2024-04-05,2024-04-08,final_oos,1.8663020206469785e-05,0.008726095905097,4.371551037448464e-05,2.853127512642942e-05,2.6114643450062737e-05,-10.037807590357032,-10.464509699505957,-10.55301434923976,389,eligible_regular_session
2024-04-08,2024-04-09,final_oos,3.875694128911865e-05,-0.0009719275084899,1.8663020206469785e-05,2.9470218453495908e-05,2.4488653214183844e-05,-10.888966521061741,-10.432130348500513,-10.617300681808267,389,eligible_regular_session
2024-04-09,2024-04-10,final_oos,7.260964163143835e-05,-0.0020631056663628,3.875694128911865e-05,3.428340912217644e-05,2.5420127699948693e-05,-10.158200688165017,-10.280849019874418,-10.57996926861414,389,eligible_regular_session
2024-04-10,2024-04-11,final_oos,3.490848755173614e-05,0.0015341724831325,7.260964163143835e-05,4.4533354019646825e-05,2.6477020077530656e-05,-9.530412840110557,-10.019272121016918,-10.539233368064442,389,eligible_regular_session
2024-04-11,2024-04-12,final_oos,4.156027593305177e-05,0.004925377334814,3.490848755173614e-05,4.1730720210649496e-05,2.6833213915348355e-05,-10.262780561998508,-10.084273004687567,-10.525870112577458,389,eligible_regular_session
2024-04-12,2024-04-15,final_oos,6.598127835463215e-05,-0.0075558930982704,4.156027593305177e-05,4.1299673322362925e-05,2.7107010045695653e-05,-10.088365752365206,-10.094655967898717,-10.51571819025588,389,eligible_regular_session
2024-04-15,2024-04-16,final_oos,8.570454010600005e-05,-0.0194883330179094,6.598127835463215e-05,5.07633249519954e-05,2.9128320909814574e-05,-9.626139517470776,-9.888336413874937,-10.443799629923921,389,eligible_regular_session
2024-04-16,2024-04-17,final_oos,7.367875385763756e-05,-0.0023593148959906,8.570454010600005e-05,6.0152844715371675e-05,3.122878651026522e-05,-9.364604757030968,-9.718621822973258,-10.37417024396392,389,eligible_regular_session
2024-04-17,2024-04-18,final_oos,5.300859576782816e-05,-0.0101151162270982,7.367875385763756e-05,6.0366667160611523e-05,3.296999538277118e-05,-9.515796079058761,-9.715073473560606,-10.319912640923981,389,eligible_regular_session
2024-04-18,2024-04-19,final_oos,7.207399320617673e-05,-0.0050648039448693,5.300859576782816e-05,6.398668880382994e-05,3.459941947019407e-05,-9.84505647326396,-9.656835483677147,-10.271673654359443,389,eligible_regular_session
2024-04-19,2024-04-22,final_oos,3.5485199003301986e-05,-0.0074792084047755,7.207399320617673e-05,7.008943225845493e-05,3.699786100284255e-05,-9.53781728323419,-9.565738527663832,-10.20465045772514,389,eligible_regular_session
2024-04-22,2024-04-23,final_oos,3.153427601763308e-05,0.0038485769299949,3.5485199003301986e-05,6.399021638818889e-05,3.655488047372856e-05,-10.246394877906619,-9.656780355224797,-10.216695851989664,389,eligible_regular_session
2024-04-23,2024-04-24,final_oos,3.08523417372901e-05,0.0078024678415632,3.153427601763308e-05,5.3156163570515494e-05,3.734915388183677e-05,-10.364435476170451,-9.842276494320963,-10.195200300408132,389,eligible_regular_session
2024-04-24,2024-04-25,final_oos,3.969260138576368e-05,-0.0017255681813259,3.08523417372901e-05,4.4590881146446e-05,3.822328366262227e-05,-10.38629790328817,-10.01798117844263,-10.172065708069656,389,eligible_regular_session
2024-04-25,2024-04-26,final_oos,2.6297673801650633e-05,0.0084226222860644,3.969260138576368e-05,4.192768227003311e-05,3.9654752565697676e-05,-10.134345750717886,-10.079564274483173,-10.135299754123212,389,eligible_regular_session
2024-04-26,2024-04-29,final_oos,2.19945701515958e-05,0.0040307143096527,2.6297673801650633e-05,3.2772418389127885e-05,4.04500206069629e-05,-10.546030071298803,-10.325923299101733,-10.115443405017063,389,eligible_regular_session
2024-04-29,2024-04-30,final_oos,3.115349350670892e-05,0.0001114030828534,2.19945701515958e-05,3.0074292618786647e-05,4.075910782174901e-05,-10.724714946359978,-10.411839816952492,-10.107831238422689,389,eligible_regular_session
2024-04-30,2024-05-01,final_oos,0.0001089429327549,-0.0125336831506974,3.115349350670892e-05,2.9998136116601815e-05,4.1664184506371844e-05,-10.376584167921077,-10.414375307678839,-10.08586868295163,389,eligible_regular_session
2024-05-01,2024-05-02,final_oos,4.6166344426662136e-05,-0.0027843224315071,0.0001089429327549,4.5616254320123797e-05,4.5981213105633786e-05,-9.124686365544044,-9.995246450570027,-9.987277655644654,389,eligible_regular_session
2024-05-02,2024-05-03,final_oos,3.865885284471803e-05,0.0019563638435563,4.6166344426662136e-05,4.6911002928303486e-05,4.741191112749498e-05,-9.983259500957246,-9.96725830601226,-9.95663707122159,389,eligible_regular_session
2024-05-03,2024-05-06,final_oos,9.084251734139749e-06,0.0002711097474709,3.865885284471803e-05,4.9383238736916966e-05,4.8198226386614595e-05,-10.160734757549378,-9.915899488168131,-9.940188334542947,389,eligible_regular_session
2024-05-06,2024-05-07,final_oos,1.3766025324500269e-05,0.0061007615243909,9.084251734139749e-06,4.680117505342575e-05,4.638743525649718e-05,-11.608968222288574,-9.96960224737669,-9.978481927288644,389,eligible_regular_session
2024-05-07,2024-05-08,final_oos,1.1180646659843725e-05,-0.0002178067638572,1.3766025324500269e-05,4.332368141698403e-05,4.502609502695244e-05,-11.19330693434863,-10.046811157517405,-10.00826834677706,389,eligible_regular_session
2024-05-08,2024-05-09,final_oos,1.083044131137938e-05,0.0036015824080184,1.1180646659843725e-05,2.377122419797277e-05,4.468598713846944e-05,-11.401326251136892,-10.647034776110488,-10.015850592327157,389,eligible_regular_session
2024-05-09,2024-05-10,final_oos,1.4219023516485604e-05,0.0043280127213268,1.083044131137938e-05,1.670404357491622e-05,4.3416600775844924e-05,-11.433149748808427,-10.999859737615855,-10.044668683638948,389,eligible_regular_session
2024-05-10,2024-05-13,final_oos,7.98487676157669e-06,-0.0009780663204243,1.4219023516485604e-05,1.1816077709269734e-05,4.0762481770619804e-05,-11.160929805673804,-11.34604943614293,-10.10774846405851,389,eligible_regular_session
2024-05-13,2024-05-14,final_oos,1.3622324480073167e-05,-0.0027691842870273,7.98487676157669e-06,1.1596202714757122e-05,3.953868128015801e-05,-11.737961210157579,-11.364832865619485,-10.138231092316724,389,eligible_regular_session
2024-05-14,2024-05-15,final_oos,1.1333206062132852e-05,0.0042295881613666,1.3622324480073167e-05,1.1567462545871704e-05,3.826877439593171e-05,-11.203800605132768,-11.367314354046297,-10.170876284230708,389,eligible_regular_session
2024-05-15,2024-05-16,final_oos,1.380521149947312e-05,0.0071326183019914,1.1333206062132852e-05,1.1597974426329528e-05,3.5784771109909014e-05,-11.387773551891085,-11.364680093519395,-10.237988143052126,389,eligible_regular_session
2024-05-16,2024-05-17,final_oos,8.449808398295604e-06,-0.0027501518229412,1.380521149947312e-05,1.2192928463948275e-05,3.251661980961234e-05,-11.190464392201642,-11.314654408380452,-10.333759220580836,389,eligible_regular_session
2024-05-17,2024-05-20,final_oos,8.654879649669707e-06,6.0334896402757864e-05,8.449808398295604e-06,1.1039085440310275e-05,2.9551667743278608e-05,-11.681366791610184,-11.414068361098398,-10.429370377691919,389,eligible_regular_session
2024-05-20,2024-05-21,final_oos,6.339995002435379e-06,0.0007537044930878,8.654879649669707e-06,1.1173086017928879e-05,2.7535589737907773e-05,-11.65738727472802,-11.402002705697045,-10.50003121772332,389,eligible_regular_session
2024-05-21,2024-05-22,final_oos,1.8985998664445084e-05,0.0043084278579701,6.339995002435379e-06,9.716620122401322e-06,2.4547680728646802e-05,-11.968632577774855,-11.541672723994733,-10.614893179524659,389,eligible_regular_session
2024-05-22,2024-05-23,final_oos,3.769115274646738e-05,-0.002147848413244,1.8985998664445084e-05,1.1247178642863768e-05,2.379771707688058e-05,-10.871808762848866,-11.395393248067236,-10.645920903027044,389,eligible_regular_session
2024-05-23,2024-05-24,final_oos,1.924469386226863e-05,-0.0130008620032862,3.769115274646738e-05,1.602436689226262e-05,2.4077575110009413e-05,-10.18608516621085,-11.041400063441095,-10.63422964400595,389,eligible_regular_session
2024-05-24,2024-05-28,final_oos,1.7127727614702817e-05,0.0035938348673488,1.924469386226863e-05,1.8183343985057224e-05,2.354995475205389e-05,-10.85827517874565,-10.915004548557478,-10.656386658860216,389,eligible_regular_session
2024-05-28,2024-05-29,final_oos,1.768382215091719e-05,-0.001062160994636,1.7127727614702817e-05,1.9877913578063846e-05,2.252427867155112e-05,-10.974811909728215,-10.825901313045184,-10.700916778443185,389,eligible_regular_session
2024-05-29,2024-05-30,final_oos,1.711720342919931e-05,-0.000191786050906,1.768382215091719e-05,2.214667900776021e-05,2.2132739960154146e-05,-10.942860339112759,-10.717823004643606,-10.718452599538544,389,eligible_regular_session
2024-05-30,2024-05-31,final_oos,3.230609782543211e-05,-0.0033023025989096,1.711720342919931e-05,2.1772919960711055e-05,2.1911041472772486e-05,-10.975426551692093,-10.734843563980808,-10.728519871357332,312,eligible_regular_session
2024-05-31,2024-06-03,final_oos,4.059960734318653e-05,0.0066050865010975,3.230609782543211e-05,2.0695908976503998e-05,2.1963432578168997e-05,-10.340254558388636,-10.785574511210434,-10.72613164305687,389,eligible_regular_session
2024-06-03,2024-06-04,final_oos,3.3926719566881625e-05,-0.0025786268173364,4.059960734318653e-05,2.496689167268758e-05,1.8856917786727477e-05,-10.11175216275344,-10.59795994389264,-10.878630720056776,389,eligible_regular_session
2024-06-04,2024-06-05,final_oos,1.30025117405985e-05,0.0032448813724819,3.3926719566881625e-05,2.832669006312334e-05,1.8300571202192e-05,-10.291307666221146,-10.471706085994423,-10.908578285369487,389,eligible_regular_session
2024-06-05,2024-06-06,final_oos,1.411619144981608e-05,0.0077442872404144,1.30025117405985e-05,2.7390427981059602e-05,1.7134373879277475e-05,-11.250368008350273,-10.505316949361944,-10.974423943761844,389,eligible_regular_session
2024-06-06,2024-06-07,final_oos,2.829232263803837e-05,-0.0008179119426673,1.411619144981608e-05,2.6790225585182955e-05,1.7363098411808216e-05,-11.168188089632277,-10.527473453943658,-10.961163384714851,389,eligible_regular_session
2024-06-07,2024-06-10,final_oos,1.3369913294886092e-05,0.0020052637854941,2.829232263803837e-05,2.5987470547704212e-05,1.8023384653332677e-05,-10.47292007499445,-10.55789603810626,-10.92384049582255,389,eligible_regular_session
2024-06-10,2024-06-11,final_oos,1.7141375850070953e-05,0.004327849741372,1.3369913294886092e-05,2.054153173804412e-05,1.8122896773107328e-05,-11.222503651921107,-10.793061782824452,-10.918334404061133,389,eligible_regular_session
2024-06-11,2024-06-12,final_oos,4.014158860994347e-05,0.005637338413182,1.7141375850070953e-05,1.7184462994681992e-05,1.8409757433956944e-05,-10.974015376716853,-10.971504896641731,-10.902629738582464,389,eligible_regular_session
2024-06-12,2024-06-13,final_oos,2.1374974421586245e-05,-3.873648950129273e-05,4.014158860994347e-05,2.261227836855098e-05,1.9588055847295937e-05,-10.123097638649188,-10.697017508571115,-10.840590573030864,389,eligible_regular_session
2024-06-13,2024-06-14,final_oos,1.8866016938317304e-05,-0.0006569026999026,2.1374974421586245e-05,2.4064034962905016e-05,2.0196696650023646e-05,-10.753289739793102,-10.634792157284627,-10.809991499107007,389,eligible_regular_session
2024-06-14,2024-06-17,final_oos,1.637520261658265e-05,0.0034519736509096,1.8866016938317304e-05,2.21787738229608e-05,2.0435046307216562e-05,-10.87814829991462,-10.716374860574687,-10.798259174876877,389,eligible_regular_session
2024-06-17,2024-06-18,final_oos,1.2438256751897892e-05,0.0090641520931337,1.637520261658265e-05,2.2779831687300114e-05,2.066422796878246e-05,-11.019742402987745,-10.689634988589738,-10.787106470060545,389,eligible_regular_session
2024-06-18,2024-06-20,final_oos,3.11698241096875e-05,0.0017639632627664,1.2438256751897892e-05,2.1839207867665503e-05,2.0602093662074495e-05,-11.294733612956806,-10.73180367754087,-10.790117853251846,389,eligible_regular_session
2024-06-20,2024-06-21,final_oos,2.3512665751866797e-05,-0.0044342251330121,3.11698241096875e-05,2.0044854967614307e-05,2.163482164895595e-05,-10.376060107136865,-10.817538047235749,-10.741206427956444,389,eligible_regular_session
2024-06-21,2024-06-24,final_oos,2.482201797945024e-05,0.0005104043006719,2.3512665751866797e-05,2.0472393233670418e-05,2.231017556269218e-05,-10.657971313840791,-10.796433250925183,-10.710467680313135,389,eligible_regular_session
2024-06-24,2024-06-25,final_oos,1.4878501549614134e-05,-0.0023866097290148,2.482201797945024e-05,2.1663593441897005e-05,2.3150267516192853e-05,-10.60377947692193,-10.739877427940367,-10.673504221723729,389,eligible_regular_session
2024-06-25,2024-06-26,final_oos,1.9341466300900125e-05,0.0018644757013384,1.4878501549614134e-05,2.1364253228503302e-05,2.2963563101882353e-05,-11.115593235941024,-10.75379144250966,-10.681601811189008,389,eligible_regular_session
2024-06-26,2024-06-27,final_oos,1.929963434477531e-05,0.0038404541625713,1.9341466300900125e-05,2.274489513830375e-05,2.212948644526566e-05,-10.853259253806879,-10.691169827271521,-10.718599610439647,389,eligible_regular_session
2024-06-27,2024-06-28,final_oos,3.1005969348345006e-05,0.0008485750380319,1.929963434477531e-05,2.037085718532131e-05,2.2131983739925056e-05,-10.855424408099474,-10.801405247839144,-10.718486767614879,389,eligible_regular_session
2024-06-28,2024-07-01,final_oos,3.0497403533750065e-05,-0.0051851359011385,3.1005969348345006e-05,2.186951790461695e-05,2.2762812909636066e-05,-10.38133081239232,-10.730416767203202,-10.690382366288457,389,eligible_regular_session
2024-07-01,2024-07-02,final_oos,1.8833251831646344e-05,-5.662457270518171e-05,3.0497403533750065e-05,2.3004595015476918e-05,2.3345248427037562e-05,-10.397869008015657,-10.679816578707541,-10.665117088045733,389,eligible_regular_session
2024-07-02,2024-07-05,final_oos,1.2027445514660123e-05,0.0090620793990468,1.8833251831646344e-05,2.379554507188336e-05,2.3423250627148784e-05,-10.879886536012556,-10.646012176661195,-10.66178141236597,389,eligible_regular_session
2024-07-05,2024-07-08,final_oos,9.450092806382616e-06,0.0050931664069152,1.2027445514660123e-05,2.2332740914635358e-05,2.250149370393188e-05,-11.328319393446657,-10.7094567538036,-10.701928864115992,389,eligible_regular_session
2024-07-08,2024-07-09,final_oos,1.030577044090877e-05,-0.0004288283989586,9.450092806382616e-06,2.0362832606956822e-05,2.10856066795317e-05,-11.569485995725618,-10.801799249880657,-10.766919898140479,389,eligible_regular_session
2024-07-09,2024-07-10,final_oos,8.288858246140307e-06,-0.0009032193931652,1.030577044090877e-05,1.6222792825469574e-05,2.0011927173805663e-05,-11.4828065826214,-11.029093340037972,-10.819182103471178,389,eligible_regular_session
2024-07-10,2024-07-11,final_oos,3.4350879377476024e-05,0.0074750816038039,8.288858246140307e-06,1.178108376794762e-05,1.9797670196784835e-05,-11.700598324943956,-11.349015383297965,-10.829946294016118,389,eligible_regular_session
2024-07-11,2024-07-12,final_oos,2.3918964026049804e-05,-0.0089349725304413,3.4350879377476024e-05,1.4884609277113555e-05,2.0717428738951197e-05,-10.27888293911484,-11.115182813279178,-10.784535243883953,389,eligible_regular_session
2024-07-12,2024-07-15,final_oos,2.9494332560043264e-05,0.0039251209641118,2.3918964026049804e-05,1.726291297939149e-05,2.0518639711133535e-05,-10.640838939767496,-10.966950116016605,-10.794176830739476,389,eligible_regular_session
2024-07-15,2024-07-16,final_oos,2.1685838266452935e-05,-0.0012118579014062,2.9494332560043264e-05,2.1271760930123622e-05,2.125156785954977e-05,-10.431312429683963,-10.758130142798462,-10.759079883689706,389,eligible_regular_session
2024-07-16,2024-07-17,final_oos,2.884808848985701e-05,0.0036395719006894,2.1685838266452935e-05,2.3547774495232453e-05,2.1458134333021676e-05,-10.73885112491254,-10.656479243231388,-10.749406761492418,389,eligible_regular_session
2024-07-17,2024-07-18,final_oos,5.592551810449664e-05,-0.0038881471360893,2.884808848985701e-05,2.7659620543975797e-05,2.0944793418472295e-05,-10.453466824055958,-10.495536950405429,-10.773620466661312,389,eligible_regular_session
2024-07-18,2024-07-19,final_oos,4.259895342643771e-05,-0.0100712905052374,5.592551810449664e-05,3.1974548289379924e-05,2.2515272676786404e-05,-9.791489786357474,-10.350570337592746,-10.701316693389721,389,eligible_regular_session
2024-07-19,2024-07-22,final_oos,3.711431882005182e-05,-0.0069629681686769,4.259895342643771e-05,3.5710546169457495e-05,2.359404251715551e-05,-10.063680872445248,-10.240064501894718,-10.654516313513717,389,eligible_regular_session
2024-07-22,2024-07-23,final_oos,2.5545472896863263e-05,0.0041008058260367,3.711431882005182e-05,3.7234543421459215e-05,2.45367296173132e-05,-10.201507710788249,-10.19827364095663,-10.615339394990551,389,eligible_regular_session
2024-07-23,2024-07-24,final_oos,2.9037597636950897e-05,-0.0015142580512662,2.5545472896863263e-05,3.800647034754128e-05,2.5132512169357082e-05,-10.57505044304661,-10.177754140428855,-10.591348244458972,389,eligible_regular_session
2024-07-24,2024-07-25,final_oos,8.854997813635801e-05,-0.0142430638109346,2.9037597636950897e-05,3.804437217696006e-05,2.503559278423269e-05,-10.446919097429976,-10.176757390588914,-10.595212034242891,389,eligible_regular_session
2024-07-25,2024-07-26,final_oos,6.429119828922542e-05,-0.005638489539926,8.854997813635801e-05,4.456926418333233e-05,2.7991834256255017e-05,-9.33194344064277,-10.018466080378518,-10.483597724027627,389,eligible_regular_session
2024-07-26,2024-07-29,final_oos,4.070276470772174e-05,0.004705614559532,6.429119828922542e-05,4.8907713155889876e-05,2.9785887906699347e-05,-9.65208782117235,-9.925575440672747,-10.421475836795823,389,eligible_regular_session
2024-07-29,2024-07-30,final_oos,5.051592060676367e-05,-0.0014777643095141,4.070276470772174e-05,4.9625402333423854e-05,3.095971805024969e-05,-10.109214538886139,-9.911007711515248,-10.382823616188295,389,eligible_regular_session
2024-07-30,2024-07-31,final_oos,7.70696335985395e-05,-0.0072208171183504,5.051592060676367e-05,5.461949187540394e-05,3.237673870051621e-05,-9.893222011826932,-9.815119744865614,-10.338070334351386,389,eligible_regular_session
2024-07-31,2024-08-01,final_oos,9.638929297765885e-05,0.0028513974288304,7.70696335985395e-05,6.422589906772165e-05,3.50026477575055e-05,-9.470801212324256,-9.653104016347402,-10.26008684912175,389,eligible_regular_session
2024-08-01,2024-08-02,final_oos,0.0001399836853044,-0.0177349748865467,9.638929297765885e-05,6.579376203598183e-05,3.79746170133834e-05,-9.247115431212844,-9.62898552601176,-10.178592594763487,389,eligible_regular_session
2024-08-02,2024-08-05,final_oos,0.0003414970739243,-0.0046528769633227,0.0001399836853044,8.093225943901674e-05,4.2951266184776575e-05,-8.87398467568553,-9.421898056410484,-10.055444429531377,389,eligible_regular_session
2024-08-05,2024-08-06,final_oos,0.0001274460595737,0.0130619375517486,0.0003414970739243,0.0001410911212823324,5.761780355262448e-05,-7.982171447293798,-8.866104626086555,-9.761678948565446,389,eligible_regular_session
2024-08-06,2024-08-07,final_oos,0.0001235285286011,0.005608262595923,0.0001274460595737,0.00015647714907571965,6.286410419167173e-05,-8.967817345048898,-8.76260057094062,-9.674535237735576,389,eligible_regular_session
2024-08-07,2024-08-08,final_oos,8.036555432151349e-05,-0.0191890448718526,0.0001235285286011,0.00016576892807623175,6.804948763688618e-05,-8.999038427754199,-8.70491573887988,-9.59527535811063,389,eligible_regular_session
2024-08-08,2024-08-09,final_oos,6.424308503513696e-05,0.0119958766825168,8.036555432151349e-05,0.00016256418034500268,7.123402326782274e-05,-9.428924902418105,-8.724437678199813,-9.54953999879748,389,eligible_regular_session
2024-08-09,2024-08-12,final_oos,5.4040966697356215e-05,0.0056108024440472,6.424308503513696e-05,0.0001474160602911501,7.377739721277714e-05,-9.652836465893294,-8.822251626945324,-9.514458144097915,389,eligible_regular_session
2024-08-12,2024-08-13,final_oos,3.0902780572645166e-05,-0.0027501801587107,5.4040966697356215e-05,8.992483884576133e-05,7.467240118186261e-05,-9.82576815648016,-9.316536360480258,-9.502399996183629,389,eligible_regular_session
2024-08-13,2024-08-14,final_oos,3.483111506524845e-05,0.0096300382537224,3.0902780572645166e-05,7.061618304555036e-05,7.498984738852603e-05,-10.38466439193934,-9.558251218123974,-9.498157821744046,389,eligible_regular_session
2024-08-14,2024-08-15,final_oos,2.0519941773335e-05,0.0011504324564165,3.483111506524845e-05,5.287670033838005e-05,7.52324284114899e-05,-10.264999459592689,-9.84754776341502,-9.494928191084735,389,eligible_regular_session
2024-08-15,2024-08-16,final_oos,2.0569191947746928e-05,0.0057463519801647,2.0519941773335e-05,4.0907577828744345e-05,7.517943311634817e-05,-10.794113375222505,-10.104195235090765,-9.495632860208516,389,eligible_regular_session
2024-08-16,2024-08-19,final_oos,1.761882300671354e-05,0.0050919630644105,2.0569191947746928e-05,3.217279921126634e-05,7.480311963716137e-05,-10.791716138116854,-10.344389207403752,-9.500650967474368,389,eligible_regular_session
2024-08-19,2024-08-20,final_oos,1.94384789432502e-05,0.0085428204199524,1.761882300671354e-05,2.4888370473137807e-05,7.306190622362576e-05,-10.946542738398296,-10.601109912866669,-9.524203445729928,389,eligible_regular_session
2024-08-20,2024-08-21,final_oos,3.7312002383611007e-05,-0.0016996453047804,1.94384789432502e-05,2.2595510147258814e-05,7.200915738348086e-05,-10.848256005653145,-10.697759337473244,-9.538717261153979,389,eligible_regular_session
2024-08-21,2024-08-22,final_oos,5.4746257784749934e-05,0.0017825935662245,3.7312002383611007e-05,2.3091687610931325e-05,7.201814300000629e-05,-10.196195503353021,-10.676037848878426,-9.538592484580189,389,eligible_regular_session
2024-08-22,2024-08-23,final_oos,7.815424313334012e-05,-0.0121731546427262,5.4746257784749934e-05,2.9936950813214308e-05,7.334545140400113e-05,-9.812801542567168,-10.416417027405183,-9.52033006751351,389,eligible_regular_session
2024-08-23,2024-08-26,final_oos,2.714469994891241e-05,0.0052147783276513,7.815424313334012e-05,4.145396105033295e-05,7.557802619929156e-05,-9.456826207838255,-10.090927118817667,-9.490344975767755,389,eligible_regular_session
2024-08-26,2024-08-27,final_oos,1.8414719944863173e-05,-0.0046756150105054,2.714469994891241e-05,4.3359136438772724e-05,7.27868771907713e-05,-10.514328744309049,-10.045993117111175,-9.527974877378652,389,eligible_regular_session
2024-08-27,2024-08-28,final_oos,3.3425094583242835e-05,0.0042104800411126,1.8414719944863173e-05,4.3154384639095314e-05,7.0701582720573e-05,-10.90236021617294,-10.050726531713162,-9.557042598882715,389,eligible_regular_session
2024-08-28,2024-08-29,final_oos,5.807668096992196e-05,-0.0058090872589078,3.3425094583242835e-05,4.237700307902168e-05,7.03707795330967e-05,-10.306203605264704,-10.068904723079468,-9.561732444413286,389,eligible_regular_session
2024-08-29,2024-08-30,final_oos,3.9473893336376525e-05,-0.0027266924563961,5.807668096992196e-05,4.304308771605609e-05,7.07144504586948e-05,-9.753746334915295,-10.053308904069294,-9.556860614734694,389,eligible_regular_session
2024-08-30,2024-09-03,final_oos,4.2646319535018695e-05,0.005029485312169,3.9473893336376525e-05,3.530701775666337e-05,6.900555317405103e-05,-10.13987103275952,-10.25142881047887,-9.58132357582207,389,eligible_regular_session
2024-09-03,2024-09-04,final_oos,7.6000509905472e-05,-0.0150834154912506,4.2646319535018695e-05,3.8407341673884627e-05,6.656269074484011e-05,-10.06256958235701,-10.167261927220883,-9.617366336414456,389,eligible_regular_session
2024-09-04,2024-09-05,final_oos,5.5548767145629584e-05,0.0016429238303501,7.6000509905472e-05,4.99244996660064e-05,6.36543645903434e-05,-9.484770508417924,-9.904998700425054,-9.662042663586051,389,eligible_regular_session
2024-09-05,2024-09-06,final_oos,9.437140134528888e-05,-0.003495533471246,5.5548767145629584e-05,5.4349234178483745e-05,5.0656714282222004e-05,-9.798249235722944,-9.820080035048605,-9.890438773721094,389,eligible_regular_session
2024-09-06,2024-09-09,final_oos,3.137448507209466e-05,-0.0192056579717921,9.437140134528888e-05,6.160817825355712e-05,4.915332072638514e-05,-9.268272482562756,-9.694715932380694,-9.920566150552972,389,eligible_regular_session
2024-09-09,2024-09-10,final_oos,3.94686680726581e-05,0.0040586359300977,3.137448507209466e-05,5.998829660070075e-05,4.496450056597581e-05,-10.369515572691796,-9.721361071423184,-10.009637255832263,389,eligible_regular_session
2024-09-10,2024-09-11,final_oos,8.426393229752377e-05,0.0006298364271857,3.94686680726581e-05,5.935276630822863e-05,4.310555119102784e-05,-10.140003414167793,-9.732011827915139,-10.051858771212633,389,eligible_regular_session
2024-09-11,2024-09-12,final_oos,5.646440607820019e-05,0.0118261806723263,8.426393229752377e-05,6.1005450786638984e-05,4.40155897029545e-05,-9.381556633887067,-9.70454734062506,-10.0309666753687,389,eligible_regular_session
2024-09-12,2024-09-13,final_oos,2.82607996433711e-05,0.0080869405377211,5.646440607820019e-05,6.118857857315312e-05,4.412574603844742e-05,-9.781900099250048,-9.701550010484217,-10.028467135466832,389,eligible_regular_session
2024-09-13,2024-09-16,final_oos,2.6239467750884396e-05,0.0038880720228412,2.82607996433711e-05,4.7966458232769554e-05,4.400565599620768e-05,-10.47403488516444,-9.945008578138992,-10.031192386938905,389,eligible_regular_session
2024-09-16,2024-09-17,final_oos,3.5640545175980184e-05,0.0022336450826786,2.6239467750884396e-05,4.69394547685275e-05,4.36151265728275e-05,-10.548245877978085,-9.96665198310678,-10.040106528035212,389,eligible_regular_session
2024-09-17,2024-09-18,final_oos,0.0001555562129071,-0.0035849315563239,3.5640545175980184e-05,4.617383018919192e-05,4.430242672749319e-05,-10.242026658733986,-9.983097366489181,-10.02447110301187,389,eligible_regular_session
2024-09-18,2024-09-19,final_oos,3.363871197543406e-05,-0.0033367240834287,0.0001555562129071,6.0432286311107154e-05,5.0438200407463784e-05,-8.768503393874715,-9.713987054265338,-9.89476172538936,389,eligible_regular_session
2024-09-19,2024-09-20,final_oos,2.697533579766496e-05,0.0004026568402774,3.363871197543406e-05,5.5867147490553935e-05,5.116637717876926e-05,-10.299833012075485,-9.79253405198861,-9.88042793736506,389,eligible_regular_session
2024-09-20,2024-09-23,final_oos,1.913792033406945e-05,-0.0001280056113795,2.697533579766496e-05,5.56100547214127e-05,5.1508961581242666e-05,-10.520587598420637,-9.797146532744197,-9.873754754146526,389,eligible_regular_session
2024-09-23,2024-09-24,final_oos,1.8307239052864847e-05,0.0008065144406994,1.913792033406945e-05,5.4189745238049716e-05,5.068286694262714e-05,-10.863838833325165,-9.823018869669683,-9.889922634604085,389,eligible_regular_session
2024-09-24,2024-09-25,final_oos,1.2651849591588494e-05,0.0015270122658756,1.8307239052864847e-05,5.072308401342665e-05,4.902654790935963e-05,-10.908213999677438,-9.889129445002709,-9.923148612502498,389,eligible_regular_session
2024-09-25,2024-09-26,final_oos,2.1347464951451283e-05,-0.002664650997274,1.2651849591588494e-05,2.2142211350324353e-05,4.6049166384734555e-05,-11.277707140704997,-10.718024755349704,-9.985800897821282,389,eligible_regular_session
2024-09-26,2024-09-27,final_oos,1.688098504733414e-05,-0.0028976936954458,2.1347464951451283e-05,1.9683961945527795e-05,4.5785655703031784e-05,-10.754577562976454,-10.835706368231676,-9.991539710156648,389,eligible_regular_session
2024-09-27,2024-09-30,final_oos,2.3431007081796304e-05,-0.0028909274489311,1.688098504733414e-05,1.7665091795461634e-05,4.571594048041682e-05,-10.989322714614378,-10.943920080706908,-9.99306351387183,389,eligible_regular_session
2024-09-30,2024-10-01,final_oos,6.053702440602958e-05,0.0058896358534963,2.3431007081796304e-05,1.8523709145007004e-05,4.5261663775805614e-05,-10.661450323790561,-10.89645907099101,-10.003050158032284,389,eligible_regular_session
2024-10-01,2024-10-02,final_oos,2.8299046906668045e-05,-0.0076539533227455,6.053702440602958e-05,2.6969666215639952e-05,4.5373497568355964e-05,-9.712255406453611,-10.520797797024187,-10.000582377368646,389,eligible_regular_session
2024-10-02,2024-10-03,final_oos,5.496855539683193e-05,0.0029487136759207,2.8299046906668045e-05,3.009910567865586e-05,4.486555000336921e-05,-10.472682432091815,-10.411015098323407,-10.011840318215079,389,eligible_regular_session
2024-10-03,2024-10-04,final_oos,4.321486573886555e-05,0.0006231180501258,5.496855539683193e-05,3.6823323767731995e-05,4.542565163345163e-05,-9.808749256283635,-10.209379115518344,-9.999433598524575,389,eligible_regular_session
2024-10-04,2024-10-07,final_oos,2.6020621680739567e-05,0.0013261816619404,4.321486573886555e-05,4.209009990603827e-05,4.393539508042407e-05,-10.049326007582373,-10.075698001555763,-10.032790296672147,389,eligible_regular_session
2024-10-07,2024-10-08,final_oos,1.866812221016382e-05,-0.0066331375707927,2.6020621680739567e-05,4.2608022825826925e-05,4.259320665020179e-05,-10.556621192746443,-10.063467993175912,-10.063815785710494,389,eligible_regular_session
2024-10-08,2024-10-09,final_oos,1.3541483234163152e-05,0.005197207897388,1.866812221016382e-05,3.423424238665377e-05,3.915214850769611e-05,-10.888693183392679,-10.282284175425694,-10.148055258164897,389,eligible_regular_session
2024-10-09,2024-10-10,final_oos,2.0351127479565084e-05,0.0074952282006929,1.3541483234163152e-05,3.1282729652152794e-05,3.834155751506286e-05,-11.209752751859103,-10.372444381000141,-10.168976197409174,389,eligible_regular_session
2024-10-10,2024-10-11,final_oos,1.3648860325935498e-05,0.0009865996348466,2.0351127479565084e-05,2.4359244068699423e-05,3.747257839719499e-05,-10.802374243209204,-10.622599147266655,-10.191901135217757,389,eligible_regular_session
2024-10-11,2024-10-14,final_oos,8.500434269802637e-06,0.0061237072871564,1.3648860325935498e-05,1.8446042986113413e-05,3.426280239848644e-05,-11.201854532424464,-10.900660682777586,-10.281450270442573,389,eligible_regular_session
2024-10-14,2024-10-15,final_oos,2.3058105351531245e-05,0.0049793428932877,8.500434269802637e-06,1.494200550392603e-05,3.208262186174109e-05,-11.675393305208067,-11.111334150058033,-10.347196049448316,389,eligible_regular_session
2024-10-15,2024-10-16,final_oos,1.2011917846310427e-05,-0.0076009793929918,2.3058105351531245e-05,1.582000213219951e-05,3.184613575756656e-05,-10.677493208184366,-11.054235460846046,-10.354594509599776,389,eligible_regular_session
2024-10-16,2024-10-17,final_oos,2.3283184379138904e-05,0.0046046426215932,1.2011917846310427e-05,1.5514089054628967e-05,3.119942894372228e-05,-11.329611247168074,-11.0737619756369,-10.375110766402166,389,eligible_regular_session
2024-10-17,2024-10-18,final_oos,9.97046469051742e-06,-0.0056044169332299,2.3283184379138904e-05,1.610050043454373e-05,3.063773072568404e-05,-10.66777915840991,-11.036660203566004,-10.39327827831232,389,eligible_regular_session
2024-10-18,2024-10-21,final_oos,1.3851605915871356e-05,0.001380434399036,9.97046469051742e-06,1.5364821307460115e-05,2.4020196715839382e-05,-11.51588336619831,-11.083429992292595,-10.636615551677387,389,eligible_regular_session
2024-10-21,2024-10-22,final_oos,1.2412700768712516e-05,-0.0006385903421064,1.3851605915871356e-05,1.643505563667386e-05,2.3120782804041077e-05,-11.187109381448249,-11.016093965598339,-10.674778656427002,389,eligible_regular_session
2024-10-22,2024-10-23,final_oos,2.253517051728812e-05,0.0044844199851578,1.2412700768712516e-05,1.4305974720110114e-05,2.2458844848179602e-05,-11.29679035400375,-11.154833295362678,-10.703826041491332,389,eligible_regular_session
2024-10-23,2024-10-24,final_oos,1.9902034610124384e-05,-0.0060942769495274,2.253517051728812e-05,1.6410625254305654e-05,2.261326531105318e-05,-10.700433335074692,-11.017581551558543,-10.696973863213998,389,eligible_regular_session
2024-10-24,2024-10-25,final_oos,2.557561629873008e-05,-0.0003579849615705,1.9902034610124384e-05,1.573439530050275e-05,2.268575601820134e-05,-10.824688589745362,-11.059661458405445,-10.693773318614985,389,eligible_regular_session
2024-10-25,2024-10-28,final_oos,1.5287628166460483e-05,-0.0055236284830059,2.557561629873008e-05,1.885542562214528e-05,2.3273199959435046e-05,-10.573871148714874,-10.878709854072225,-10.668208075732368,389,eligible_regular_session
2024-10-28,2024-10-29,final_oos,1.843361636956861e-05,-0.0020718286833413,1.5287628166460483e-05,1.9142630072263102e-05,2.2997752832844556e-05,-11.088466673243822,-10.863592769035732,-10.680114049728168,389,eligible_regular_session
2024-10-29,2024-10-30,final_oos,2.0479455575010488e-05,0.0038154680735996,1.843361636956861e-05,2.0346813192434324e-05,2.306832698385521e-05,-10.901334583634167,-10.802586258219089,-10.677050007530262,389,eligible_regular_session
2024-10-30,2024-10-31,final_oos,4.1730528393936375e-05,-0.0015374351229013,2.0479455575010488e-05,1.99356702039788e-05,2.2934165551728584e-05,-10.796088341397748,-10.822999958233884,-10.682882813758685,389,eligible_regular_session
2024-10-31,2024-11-01,final_oos,3.54343830862466e-05,-0.0112180691555033,4.1730528393936375e-05,2.4301368960741195e-05,2.207932482390617e-05,-10.084277601233062,-10.624977873371604,-10.720868915650353,389,eligible_regular_session
2024-11-01,2024-11-04,final_oos,2.971360361109346e-05,-0.0005846315373656,3.54343830862466e-05,2.62731223182445e-05,2.2403658286614284e-05,-10.247827935582784,-10.54696410642869,-10.706286296071237,389,eligible_regular_session
2024-11-04,2024-11-05,final_oos,2.357550455779731e-05,-0.002604391179691,2.971360361109346e-05,2.9158317407171097e-05,2.125570593271708e-05,-10.423905582977643,-10.442770354574685,-10.758885184156606,389,eligible_regular_session
2024-11-05,2024-11-06,final_oos,3.208280355471143e-05,0.0096852300037206,2.357550455779731e-05,3.018669504481684e-05,2.0363007697213978e-05,-10.655302327434232,-10.408109292089057,-10.801790651395969,389,eligible_regular_session
2024-11-06,2024-11-07,final_oos,1.5715226895992965e-05,0.0062053193762562,3.208280355471143e-05,3.250736464075702e-05,2.0638561418758153e-05,-10.347190386181248,-10.33404388996848,-10.788349318483558,389,eligible_regular_session
2024-11-07,2024-11-08,final_oos,1.0762765505500524e-05,0.0039336481206095,1.5715226895992965e-05,2.7304304341168344e-05,2.050433890447766e-05,-11.060880449639338,-10.508466200027016,-10.794874040338474,389,eligible_regular_session
2024-11-08,2024-11-11,final_oos,1.4002671431094548e-05,0.0025664009437566,1.0762765505500524e-05,2.2369980825019126e-05,2.0378033553174816e-05,-11.439418019014083,-10.707790639636537,-10.801053023874385,389,eligible_regular_session
2024-11-11,2024-11-12,final_oos,1.888389959976269e-05,-0.0018106118755369,1.4002671431094548e-05,1.9227794389019345e-05,2.0089467369153426e-05,-11.176262430045416,-10.859153701300565,-10.815314891726148,389,eligible_regular_session
2024-11-12,2024-11-13,final_oos,2.8019702388182817e-05,-0.0033015966561654,1.888389959976269e-05,1.828947339741242e-05,2.0327423699781932e-05,-10.87720087197713,-10.909184887806916,-10.803539662418041,389,eligible_regular_session
2024-11-13,2024-11-14,final_oos,3.409137476170845e-05,-0.000564400064409,2.8019702388182817e-05,1.7476853164106698e-05,2.1214663159708307e-05,-10.482602638518573,-10.954633228880006,-10.760817956894988,389,eligible_regular_session
2024-11-14,2024-11-15,final_oos,3.3628767205354744e-05,-0.0069976033531961,3.409137476170845e-05,2.1152082737249794e-05,2.1716175405625453e-05,-10.286466145208745,-10.763772182745832,-10.737453164700723,389,eligible_regular_session
2024-11-15,2024-11-18,final_oos,1.7375168250214514e-05,-0.0069843688014895,3.3628767205354744e-05,2.5725283077220635e-05,2.269875946740019e-05,-10.300128690470837,-10.568036272331113,-10.693200283983437,389,eligible_regular_session
2024-11-18,2024-11-19,final_oos,2.606998615926474e-05,0.0040698560838023,1.7375168250214514e-05,2.639978244104463e-05,2.2430213279721812e-05,-10.960468483094719,-10.54215478871548,-10.705101700796053,389,eligible_regular_session
2024-11-19,2024-11-20,final_oos,3.9190696932130166e-05,0.0090385869114721,2.606998615926474e-05,2.783699975294504e-05,2.3162009710119417e-05,-10.554725860925613,-10.48914449580018,-10.672997133975882,389,eligible_regular_session
2024-11-20,2024-11-21,final_oos,5.810787813399913e-05,0.0004226128354629,3.9190696932130166e-05,3.007119866173451e-05,2.431378657449482e-05,-10.147071162493399,-10.411942699379386,-10.62446701975458,389,eligible_regular_session
2024-11-21,2024-11-22,final_oos,3.176477608891647e-05,0.001150535193005,5.810787813399913e-05,3.4874499336192645e-05,2.6390840091098754e-05,-9.753209307188591,-10.263754673877257,-10.542493574264977,389,eligible_regular_session
2024-11-22,2024-11-25,final_oos,2.4824683556855655e-05,0.002823900820259,3.176477608891647e-05,3.450170111290499e-05,2.6810367617081865e-05,-10.357152552257983,-10.274501927522106,-10.526721893871516,389,eligible_regular_session
2024-11-25,2024-11-26,final_oos,1.4604913563745231e-05,-0.0024722427581507,2.4824683556855655e-05,3.599160417423322e-05,2.7034124387387826e-05,-10.603672095068736,-10.232224864089977,-10.51841062376697,389,eligible_regular_session
2024-11-26,2024-11-27,final_oos,1.429311006425234e-05,0.0034090403275941,1.4604913563745231e-05,3.369858965512932e-05,2.6535456081252154e-05,-11.134152540406703,-10.298054571477856,-10.537028753919854,389,eligible_regular_session
2024-11-27,2024-12-02,final_oos,8.452831399671452e-06,-0.0021048993290467,1.429311006425234e-05,2.8719072281553756e-05,2.6490250712969966e-05,-11.155732950496573,-10.45794911648029,-10.538733790286805,389,eligible_regular_session
2024-12-02,2024-12-03,final_oos,7.820453715890352e-06,0.0002563633956884,8.452831399671452e-06,1.878806293468822e-05,2.6036578668883728e-05,-11.681009095836718,-10.882288840077212,-10.556008136779669,389,eligible_regular_session
2024-12-03,2024-12-04,final_oos,7.812141115444524e-06,0.0006762985727273,7.820453715890352e-06,1.3999198460082994e-05,2.546116949346918e-05,-11.758767985155318,-11.176510482839237,-10.5783560313468,389,eligible_regular_session
2024-12-04,2024-12-05,final_oos,8.626464942340411e-06,0.0027740318555773,7.812141115444524e-06,1.059668997180077e-05,2.3919424617174096e-05,-11.75983148118,-11.454968872422933,-10.640819683637122,389,eligible_regular_session
2024-12-05,2024-12-06,final_oos,9.141292171216888e-06,-0.0018399934814343,8.626464942340411e-06,9.401000247519804e-06,2.2700882883360177e-05,-11.66067576108216,-11.574694465038768,-10.693106740693155,389,eligible_regular_session
2024-12-06,2024-12-09,final_oos,1.3971807218944534e-05,0.0004369660172396,9.141292171216888e-06,8.370636668912716e-06,2.1765777817911244e-05,-11.602708807084115,-11.69078061077476,-10.735171646501795,389,eligible_regular_session
2024-12-09,2024-12-10,final_oos,1.2768662995609256e-05,-0.004311388660865,1.3971807218944534e-05,9.474431832767332e-06,2.1329246120690663e-05,-11.17846902878561,-11.566913773673187,-10.75543136972068,389,eligible_regular_session
2024-12-10,2024-12-11,final_oos,7.082022784769816e-06,-0.0033441251852156,1.2768662995609256e-05,1.0464073688711112e-05,2.0451330640731473e-05,-11.268516592257104,-11.46756272115734,-10.797462609585866,389,eligible_regular_session
2024-12-11,2024-12-12,final_oos,1.3657605727587752e-05,0.0033602298329766,7.082022784769816e-06,1.0318050022576171e-05,2.005891227203951e-05,-11.857950987000747,-11.481615767065161,-10.816837000627489,389,eligible_regular_session
2024-12-12,2024-12-13,final_oos,1.6579483622635904e-05,-0.0037867962747041,1.3657605727587752e-05,1.132427817962564e-05,2.019049591849802e-05,-11.201213995349171,-11.388561625524858,-10.810298563360796,389,eligible_regular_session
2024-12-13,2024-12-16,final_oos,1.0207276268529728e-05,-0.0033196475232125,1.6579483622635904e-05,1.2811916469909443e-05,2.0307623745386264e-05,-11.00734455333586,-11.265134845914744,-10.804514188459356,389,eligible_regular_session
2024-12-16,2024-12-17,final_oos,1.3438844770772871e-05,0.0012832372940961,1.0207276268529728e-05,1.205901027982648e-05,1.991323177578477e-05,-11.492409732334332,-11.325698436382241,-10.824126133834755,389,eligible_regular_session
2024-12-17,2024-12-18,final_oos,0.0001011391923839,0.0009706691681751,1.3438844770772871e-05,1.2193046634859203e-05,1.9250465520447952e-05,-11.217361181119164,-11.314644716669504,-10.857975314642468,389,eligible_regular_session
2024-12-18,2024-12-19,final_oos,9.938281259699186e-05,-0.0300373077628895,0.0001011391923839,3.100448055468524e-05,2.2298093594183933e-05,-9.199012847474831,-10.381378829901058,-10.711009372202646,389,eligible_regular_session
2024-12-19,2024-12-20,final_oos,8.578305619183656e-05,-0.0092089760208839,9.938281259699186e-05,4.814952192856606e-05,2.5286913839258346e-05,-9.216531370751738,-9.941199348563488,-10.58522353560033,389,eligible_regular_session
2024-12-20,2024-12-23,final_oos,4.631089760806995e-05,0.0163204285851815,8.578305619183656e-05,6.19902364424062e-05,2.8396363291150256e-05,-9.36368905125378,-9.68853366205533,-10.469249474125128,389,eligible_regular_session
2024-12-23,2024-12-26,final_oos,1.7795341807658046e-05,0.0048440794309236,4.631089760806995e-05,6.921096071031424e-05,2.93164047206414e-05,-9.980133255062391,-9.578351316115755,-10.437363310543605,389,eligible_regular_session
2024-12-26,2024-12-27,final_oos,5.9416070528725135e-05,0.0021789174397417,1.7795341807658046e-05,7.008226011769127e-05,2.834388857861994e-05,-10.936573831113646,-9.565840861318343,-10.471099121448205,389,eligible_regular_session
2024-12-27,2024-12-30,final_oos,5.8700823298004455e-05,-0.0048806983969293,5.9416070528725135e-05,6.173763574665631e-05,2.8403351869289306e-05,-9.730945820565447,-9.692616833328435,-10.469003396194822,389,eligible_regular_session
2024-12-30,2024-12-31,final_oos,6.206358537535595e-05,0.0014195596667671,5.8700823298004455e-05,5.3601237886858816e-05,2.9627717651520576e-05,-9.743056805708912,-9.833938395250119,-10.426800227643959,389,eligible_regular_session
2024-12-31,2025-01-02,final_oos,0.0001060914397433,-0.0068307861496566,6.206358537535595e-05,4.88573437235627e-05,3.1320395006906956e-05,-9.687351127887135,-9.926605858664443,-10.371241074950992,389,eligible_regular_session
2025-01-02,2025-01-03,final_oos,3.787917340153728e-05,-0.007952834303505,0.0001060914397433,6.081345215060871e-05,3.547887346961399e-05,-9.15120919662373,-9.707699540987756,-10.246573152165249,389,eligible_regular_session
2025-01-03,2025-01-06,final_oos,3.3750452800395784e-05,0.0071257744576317,3.787917340153728e-05,6.483021846938455e-05,3.6550967257672396e-05,-10.181109111385616,-9.643738728902058,-10.216802908160446,389,eligible_regular_session
2025-01-06,2025-01-07,final_oos,6.813753036914543e-05,-0.0023264141948228,3.3750452800395784e-05,5.969709492371869e-05,3.770085913952351e-05,-10.29651672442771,-9.726227199993957,-10.185827674923193,389,eligible_regular_session
2025-01-07,2025-01-08,final_oos,6.823070827370229e-05,-0.0148497499706215,6.813753036914543e-05,6.158443633794688e-05,4.044254444194419e-05,-9.593982389870133,-9.695101376199432,-10.115628246851054,389,eligible_regular_session
2025-01-08,2025-01-10,final_oos,7.952934490802059e-05,0.0023419412595499,6.823070827370229e-05,6.281786091761615e-05,4.3188842949137725e-05,-9.5926158265122,-9.67527111541066,-10.049928361136631,389,eligible_regular_session
2025-01-10,2025-01-13,final_oos,5.256199055091491e-05,-0.00824192228882,7.952934490802059e-05,5.750544195056027e-05,4.641170112939591e-05,-9.439384486071521,-9.76363097202086,-9.97795895101113,389,eligible_regular_session
2025-01-13,2025-01-14,final_oos,5.2979919108963886e-05,0.0099861087489298,5.256199055091491e-05,6.044200538043579e-05,4.838536923756401e-05,-9.853517312531777,-9.713826241420628,-9.936313078420143,389,eligible_regular_session
2025-01-14,2025-01-15,final_oos,3.413096014746906e-05,-0.003026232772966,5.2979919108963886e-05,6.428789864214941e-05,5.0158465232564885e-05,-9.84559760094364,-9.652139145954612,-9.900323259544624,389,eligible_regular_session
2025-01-15,2025-01-16,final_oos,3.7823292960199306e-05,0.0042265625076805,3.413096014746906e-05,5.748658459781414e-05,5.11294787394676e-05,-10.285305663373704,-9.763958948724657,-9.881149343732321,389,eligible_regular_session
2025-01-16,2025-01-17,final_oos,2.123823888697414e-05,-0.0033678642384666,3.7823292960199306e-05,5.1405101535113535e-05,5.252680920198713e-05,-10.182585429243487,-9.875773138772368,-9.854186867238365,389,eligible_regular_session
2025-01-17,2025-01-21,final_oos,2.79451487004203e-05,0.001156232479792,2.123823888697414e-05,3.974688033090425e-05,5.2871383436504684e-05,-10.759707279954057,-10.132979202185227,-9.847648321301085,389,eligible_regular_session
2025-01-21,2025-01-22,final_oos,9.694043023731498e-06,0.0037496462395494,2.79451487004203e-05,3.482351196080532e-05,5.338800457640398e-05,-10.485266944075153,-10.265217768262133,-9.837924470632661,389,eligible_regular_session
2025-01-22,2025-01-23,final_oos,1.0146641367071514e-05,0.0011772289787212,9.694043023731498e-06,2.6166336743758847e-05,5.3364675792549504e-05,-11.543998982369434,-10.55103683044228,-9.838361532899299,389,eligible_regular_session
2025-01-23,2025-01-24,final_oos,1.4107245408900194e-05,0.0069065159606123,1.0146641367071514e-05,2.1369472987679342e-05,5.321503018329036e-05,-11.498367807031805,-10.753547150253207,-9.841169679276268,389,eligible_regular_session
2025-01-24,2025-01-27,final_oos,6.201793383051147e-05,-0.0032385763854276,1.4107245408900194e-05,1.6626263477419522e-05,4.9259032593517644e-05,-11.16882203377312,-11.00452697566833,-9.91841780424837,389,eligible_regular_session
2025-01-27,2025-01-28,final_oos,3.267831736784709e-05,0.0057001972130653,6.201793383051147e-05,2.4782202466126985e-05,4.7560629013223085e-05,-9.68808695941461,-10.605384804916858,-9.953505260551626,389,eligible_regular_session
2025-01-28,2025-01-29,final_oos,7.595669604782478e-05,0.0066613772112343,3.267831736784709e-05,2.5728836199612345e-05,4.514677724849628e-05,-10.328798777430006,-10.567898163956222,-10.005591659419713,389,eligible_regular_session
2025-01-29,2025-01-30,final_oos,4.744462530158241e-05,-0.002913612358351,7.595669604782478e-05,3.8981366804431e-05,4.6494313541212415e-05,-9.485347168913707,-10.152426800250469,-9.976180542285219,389,eligible_regular_session
2025-01-30,2025-01-31,final_oos,5.167194348725417e-05,0.0018205389468602,4.744462530158241e-05,4.644096359133318e-05,4.7842008245481704e-05,-9.955947310101987,-9.977328652182463,-9.94760647082751,389,eligible_regular_session
2025-01-31,2025-02-03,final_oos,0.000117722035833,-0.00962887776375,5.167194348725417e-05,5.3953903207003977e-05,4.749000247086939e-05,-9.870595602916884,-9.827380520276535,-9.954991343373988,389,eligible_regular_session
2025-02-03,2025-02-04,final_oos,2.4706456263385923e-05,0.0085786964619419,0.000117722035833,6.509472360750167e-05,5.0172784858823725e-05,-9.047184340890231,-9.639667062610537,-9.900037812560898,389,eligible_regular_session
2025-02-04,2025-02-05,final_oos,2.293274753365715e-05,0.0070980877264806,2.4706456263385923e-05,6.350035138660945e-05,4.847473353555236e-05,-10.608445961304405,-9.664465118433545,-9.934467853796466,389,eligible_regular_session
2025-02-05,2025-02-06,final_oos,2.266765491427905e-05,0.0060361057905462,2.293274753365715e-05,5.2895561683775914e-05,4.46947929805686e-05,-10.68294464560986,-9.84719112273749,-10.015653551260476,389,eligible_regular_session
2025-02-06,2025-02-07,final_oos,9.041065275649416e-05,0.0014526744180135,2.266765491427905e-05,4.7940167606315245e-05,4.4003360322056865e-05,-10.694571543247323,-9.945556832795702,-10.031244556006287,389,eligible_regular_session
2025-02-07,2025-02-10,final_oos,1.340380864400358e-05,-0.0101787888887652,9.041065275649416e-05,5.568790946016324e-05,4.657882395642497e-05,-9.311148457282052,-9.795747499940287,-9.974364541649376,389,eligible_regular_session
2025-02-10,2025-02-11,final_oos,1.1054853447931717e-05,0.0018544677516141,1.340380864400358e-05,3.4824264022363966e-05,4.4090927514373065e-05,-11.21997166422785,-10.265196172122183,-10.029256521973489,389,eligible_regular_session
2025-02-11,2025-02-12,final_oos,2.8490435927234618e-05,0.0032546331291041,1.1054853447931717e-05,3.209394345927312e-05,4.149202502229258e-05,-11.412641000374872,-10.346843222911312,-10.090009317331813,389,eligible_regular_session
2025-02-12,2025-02-13,final_oos,2.3962472874305893e-05,0.0073230508046219,2.8490435927234618e-05,3.320548113798861e-05,3.917207461407504e-05,-10.465942108510282,-10.312795601150702,-10.1475464473267,389,eligible_regular_session
2025-02-13,2025-02-14,final_oos,1.0382219564957036e-05,0.0082729647919498,2.3962472874305893e-05,3.3464444729993985e-05,3.787209653786554e-05,-10.639021581599165,-10.305027034108896,-10.181295956139454,389,eligible_regular_session
2025-02-14,2025-02-18,final_oos,1.5214358803869356e-05,-0.0011034614658896,1.0382219564957036e-05,1.7458758091686558e-05,3.593583746768341e-05,-11.475415872164389,-10.955669138851972,-10.233775502245622,389,eligible_regular_session
2025-02-18,2025-02-19,final_oos,1.1770711122780342e-05,0.0010348959988133,1.5214358803869356e-05,1.7820868123659712e-05,3.5075991952065246e-05,-11.093270917871454,-10.935140420853456,-10.257993651489965,389,eligible_regular_session
2025-02-19,2025-02-20,final_oos,2.1849582261135845e-05,0.0045105192598449,1.1770711122780342e-05,1.7964039658629434e-05,3.389178368672802e-05,-11.34989622026908,-10.927138595068683,-10.29233794207708,389,eligible_regular_session
2025-02-20,2025-02-21,final_oos,3.618213772876287e-05,-0.0020883668941543,2.1849582261135845e-05,1.6635868925409685e-05,3.3919572021917184e-05,-10.73132875508892,-11.003949415087376,-10.291518364398556,389,eligible_regular_session
2025-02-21,2025-02-24,final_oos,4.750049018737649e-05,-0.0160410428599966,3.618213772876287e-05,1.907980189630108e-05,3.429398061411457e-05,-10.22694499381773,-10.86688027479148,-10.280540711492822,389,eligible_regular_session
2025-02-24,2025-02-25,final_oos,7.554225144732989e-05,-0.0084199112985613,4.750049018737649e-05,2.650345602078497e-05,3.601245548518935e-05,-9.954770527242685,-10.53823541759683,-10.23164569364771,389,eligible_regular_session
2025-02-25,2025-02-26,final_oos,5.68813946120101e-05,-0.0048422513642222,7.554225144732989e-05,3.856903454947708e-05,3.8984983216110184e-05,-9.49081843642025,-10.163060817183244,-10.152334031724537,389,eligible_regular_session
2025-02-26,2025-02-27,final_oos,9.077257709205908e-05,-0.0016537079691686,5.68813946120101e-05,4.759117124732303e-05,4.092926272534245e-05,-9.774542254274607,-9.952863291927486,-10.103665280684929,389,eligible_regular_session
2025-02-27,2025-02-28,final_oos,0.000131323786167,-0.0209080611196697,9.077257709205908e-05,6.137577021350768e-05,4.223629196450371e-05,-9.307153332377197,-9.698495422624744,-10.072230707350847,389,eligible_regular_session
2025-02-28,2025-03-03,final_oos,0.0001237568813199,0.0157268395459255,0.000131323786167,8.04040999011551e-05,4.672017690991975e-05,-8.937844634136697,-9.42844538928403,-9.971334432852162,389,eligible_regular_session
2025-03-03,2025-03-04,final_oos,0.0001819299153056,-0.0198551361847956,0.0001237568813199,9.56553781276598e-05,4.889291260410499e-05,-8.99719155143601,-9.25475863650073,-9.925878108509131,389,eligible_regular_session
2025-03-04,2025-03-05,final_oos,0.0001955193015627,-0.0044298563097698,0.0001819299153056,0.0001169329108993138,5.500588033156033e-05,-8.611889025788567,-9.053910198746522,-9.808070463327539,389,eligible_regular_session
2025-03-05,2025-03-06,final_oos,0.0001470853710514,0.0095697802566407,0.0001955193015627,0.00014466049228945178,6.154439660771696e-05,-8.539851454191291,-8.841120993469628,-9.695751747532992,389,eligible_regular_session
2025-03-06,2025-03-07,final_oos,0.0001811756377755,-0.0050616737508775,0.0001470853710514,0.00015592305108131998,6.287909366309878e-05,-8.824497384307021,-8.766147934707835,-9.674296823701992,389,eligible_regular_session
2025-03-07,2025-03-10,final_oos,0.0001461117630693,0.007381814977309,0.0001811756377755,0.00016589342140301997,6.999132918637669e-05,-8.616043622757104,-8.704165015544351,-9.567139192353332,389,eligible_regular_session
2025-03-10,2025-03-11,final_oos,0.000250641380285,-0.0132897493563813,0.0001461117630693,0.0001703643977529,7.559037534708773e-05,-8.831138728627328,-8.677570898773677,-9.490181593107128,389,eligible_regular_session
2025-03-11,2025-03-12,final_oos,0.0001320738590508,-0.0059159275810945,0.000250641380285,0.00018410669074878,8.595281740939323e-05,-8.291487404293528,-8.599995127372162,-9.36171204704039,389,eligible_regular_session
2025-03-12,2025-03-13,final_oos,0.0001167855944345,-0.0054421975737688,0.0001320738590508,0.00017141760224639998,8.784659951367986e-05,-8.932149253597432,-8.671407860186745,-9.33991845194966,389,eligible_regular_session
2025-03-13,2025-03-14,final_oos,7.398094603930399e-05,-0.0115081539059606,0.0001167855944345,0.00016535764692302,9.254577159506605e-05,-9.055170830497635,-8.707399872717287,-9.287807207778156,389,eligible_regular_session
2025-03-14,2025-03-17,final_oos,5.4542798212635584e-05,0.0115479916553413,7.398094603930399e-05,0.00014391870857578077,9.540604853103753e-05,-9.511702983870656,-8.846261941571116,-9.257368579726995,389,eligible_regular_session
2025-03-17,2025-03-18,final_oos,6.48884424737726e-05,0.0078440652746736,5.4542798212635584e-05,0.0001256049156044479,9.659024681673758e-05,-9.81652487616737,-8.98236916771792,-9.24503278647312,389,eligible_regular_session
2025-03-18,2025-03-19,final_oos,7.22118542534502e-05,-0.0059675169434792,6.48884424737726e-05,8.845432804220241e-05,9.845051816216787e-05,-9.642841032180943,-9.333024206478708,-9.225956489691692,389,eligible_regular_session
2025-03-19,2025-03-20,final_oos,6.0931792648905954e-05,0.0070411245443389,7.22118542534502e-05,7.648192708273244e-05,0.00010126095610255392,-9.53590633920672,-9.478456092327113,-9.197809649411449,389,eligible_regular_session
2025-03-20,2025-03-21,final_oos,6.45845868745242e-05,0.0049184084079373,6.0931792648905954e-05,6.531116672561363e-05,0.00010333902127732832,-9.705755472687372,-9.636347529784016,-9.177495506048786,389,eligible_regular_session
2025-03-21,2025-03-24,final_oos,2.091522646982682e-05,0.0077505279646475,6.45845868745242e-05,6.343189489265768e-05,0.00010573965199331667,-9.647534768917241,-9.66554374900372,-9.154530598316947,389,eligible_regular_session
2025-03-24,2025-03-25,final_oos,2.1961240404026227e-05,0.0066637849587906,2.091522646982682e-05,5.670638054409593e-05,0.00010569718127552991,-10.775033125023223,-9.777623821919875,-9.154932332657188,389,eligible_regular_session
2025-03-25,2025-03-26,final_oos,4.043256098186602e-05,-0.0003150020622335,2.1961240404026227e-05,4.812094013014666e-05,0.00010505077685167823,-10.726231458217496,-9.941793129846927,-9.161066735634657,389,eligible_regular_session
2025-03-26,2025-03-27,final_oos,6.150450138021062e-05,-0.0107714029674244,4.043256098186602e-05,4.1765081475829824e-05,0.00010472950734233684,-10.115875132714796,-10.083449938942318,-9.164129652264219,389,eligible_regular_session
2025-03-27,2025-03-28,final_oos,5.765553887401834e-05,-0.0004706956898819,6.150450138021062e-05,4.187962322209076e-05,0.00010409142779383142,-9.696400192656135,-10.0807111686096,-9.170240931614542,389,eligible_regular_session
2025-03-28,2025-03-31,final_oos,0.0001129632339768,-0.0170906063160212,5.765553887401834e-05,4.0493813621989586e-05,0.00010412661616937725,-9.761024238257802,-10.114361345593593,-9.169902936163128,389,eligible_regular_session
2025-03-31,2025-04-01,final_oos,8.680219856978862e-05,0.0161400166838655,0.0001129632339768,5.890341512338422e-05,0.00010513528239141094,-9.088448155231138,-9.739611487266314,-9.160262633358888,389,eligible_regular_session
2025-04-01,2025-04-02,final_oos,8.731757384670607e-05,0.0074680071562265,8.680219856978862e-05,7.187160675653669e-05,0.00010311157386426497,-9.351878607473717,-9.54062927030504,-9.17969891461662,389,eligible_regular_session
2025-04-02,2025-04-03,final_oos,0.0001549307142148,0.0170371994265935,8.731757384670607e-05,8.12486093295047e-05,0.00010145524170639251,-9.345958811291686,-9.417996852845464,-9.195892825147519,389,eligible_regular_session
2025-04-03,2025-04-04,final_oos,0.0006037249944139,-0.0170715929035737,0.0001549307142148,9.993385189642258e-05,0.00010022800529317435,-8.772532546047382,-9.211002071887064,-9.20806291442081,389,eligible_regular_session
2025-04-04,2025-04-07,final_oos,0.0029338910429936,-0.0372864606539482,0.0006037249944139,0.00020914774300439891,0.00011878280951368344,-7.412391770975039,-8.472469651411371,-9.03821386256921,389,eligible_regular_session
2025-04-07,2025-04-08,final_oos,0.0006522328889428,0.0321627952407297,0.0029338910429936,0.0007733333048077589,0.0002454557946019653,-5.831425735944906,-7.1648004188585475,-8.312393689664056,389,eligible_regular_session
2025-04-08,2025-04-09,final_oos,0.0023392540665933,-0.0485048296227725,0.0006522328889428,0.000886419442882361,0.00026686748783684254,-7.335108868185303,-7.028320307552113,-8.228758322998296,389,eligible_regular_session
2025-04-09,2025-04-10,final_oos,0.0009384687242216,0.0943903244044551,0.0023392540665933,0.00133680674143168,0.0003665557743606608,-6.057923175392193,-6.617471537733747,-7.911359867150009,389,eligible_regular_session
2025-04-10,2025-04-11,final_oos,0.0004537211384163,-0.014265157728926,0.0009384687242216,0.00149351434343304,0.0003978206536305061,-6.971261027776334,-6.506623316448609,-7.829509273257926,389,eligible_regular_session
2025-04-11,2025-04-14,final_oos,0.0002070670389013,0.0190111775370572,0.0004537211384163,0.0014635135722335202,0.00041244098451075615,-7.698027781204245,-6.526915178056735,-7.793417430277432,389,eligible_regular_session
2025-04-14,2025-04-15,final_oos,0.0001224849976742,-0.0090330691922099,0.0002070670389013,0.00091814877141506,0.0004165446865319743,-8.482467957703479,-6.9931511201091565,-7.783516811519625,389,eligible_regular_session
2025-04-15,2025-04-16,final_oos,0.0001438490307775,-0.0033298216015622,0.0001224849976742,0.0008121991931613401,0.0004187494161517423,-9.00752200344502,-7.11576493611156,-7.778237869090466,389,eligible_regular_session
2025-04-16,2025-04-17,final_oos,0.0001682543512755,-0.0124612204378118,0.0001438490307775,0.00037311818599818005,0.0004228087903592362,-8.84674620571969,-7.8936153359655865,-7.76859051336304,389,eligible_regular_session
2025-04-17,2025-04-21,final_oos,7.581572164093629e-05,-0.0024215947658699,0.0001682543512755,0.00021907531140895998,0.00042750724075931465,-8.690033727809514,-8.426094999551454,-7.757539332282207,389,eligible_regular_session
2025-04-21,2025-04-22,final_oos,0.0001146152606262,-0.0139775980878924,7.581572164093629e-05,0.00014349422805388728,0.0004276710529132913,-9.487204877311294,-8.849215746194544,-7.7571562258418485,389,eligible_regular_session
2025-04-22,2025-04-23,final_oos,0.0002559491372505,0.0148290603961524,0.0001146152606262,0.00012500387239886725,0.00043011121054862297,-9.073929598271723,-8.98716584195088,-7.751466753532584,389,eligible_regular_session
2025-04-23,2025-04-24,final_oos,6.816540155030865e-05,-0.0087933711472026,0.0002559491372505,0.00015169670031412726,0.0004388095992020764,-8.270531815839952,-8.793627423236417,-7.73144495377222,389,eligible_regular_session
2025-04-24,2025-04-25,final_oos,9.27133014070697e-05,0.0193802195820083,6.816540155030865e-05,0.000136559974468689,0.00044095733443300734,-9.593573430485927,-8.898746666438498,-7.726562434515196,389,eligible_regular_session
2025-04-25,2025-04-28,final_oos,6.86108270925799e-05,0.0064733139208781,9.27133014070697e-05,0.00012145176449500293,0.0004441733372058729,-9.285998606936587,-9.01599337405018,-7.719295672605629,389,eligible_regular_session
2025-04-28,2025-04-29,final_oos,6.193630270577682e-05,-0.0016644847872028,6.86108270925799e-05,0.00012001078558533166,0.00044545416748363267,-9.587060206348275,-9.027928939343418,-7.716416195170417,389,eligible_regular_session
2025-04-29,2025-04-30,final_oos,0.0001256239070695,0.0093034347635567,6.193630270577682e-05,0.00010947499400124701,0.00044547379481661297,-9.689404076744632,-9.119814400072457,-7.7163721347439544,389,eligible_regular_session
2025-04-30,2025-05-01,final_oos,7.189109010535115e-05,0.014870384767154,0.0001256239070695,8.340994796504702e-05,0.0004485632660982258,-8.982217979133058,-9.391742975556447,-7.7094608248791605,389,eligible_regular_session
2025-05-01,2025-05-02,final_oos,5.256266209746186e-05,-0.0036880950322168,7.189109010535115e-05,8.415508567605551e-05,0.0004466963504677053,-9.540358221564873,-9.38284920331221,-7.713631499624565,389,eligible_regular_session
2025-05-02,2025-05-05,final_oos,3.341290642744679e-05,0.0042194304161892,5.256266209746186e-05,7.612495781413393e-05,0.0004451400079007815,-9.85350453633647,-9.483134386100096,-7.717121700785803,389,eligible_regular_session
2025-05-05,2025-05-06,final_oos,5.506150545117243e-05,0.0010286290840483,3.341290642744679e-05,6.908537368110733e-05,0.0004426897957453605,-10.306568312639156,-9.580167518465315,-7.722641268536198,389,eligible_regular_session
2025-05-06,2025-05-07,final_oos,0.0001404389763964,0.0014085326545581,5.506150545117243e-05,6.771041423018645e-05,0.0004381502862561047,-9.80705971661175,-9.600270560774808,-7.73294858713362,389,eligible_regular_session
2025-05-07,2025-05-08,final_oos,5.868472466378579e-05,0.0025522127831832,0.0001404389763964,7.067342809556645e-05,0.00041709183089167287,-8.870737495238027,-9.557440895939829,-7.782204142444247,389,eligible_regular_session
2025-05-08,2025-05-09,final_oos,3.995065611428143e-05,-0.0014273353864383,5.868472466378579e-05,6.803215500725337e-05,0.0002864006346039541,-9.74333109218794,-9.595530096801165,-8.15811890708431,389,eligible_regular_session
2025-05-09,2025-05-12,final_oos,3.815790584330329e-05,-0.0049285062383696,3.995065611428143e-05,6.550975381061729e-05,0.00025856962402083956,-10.127865462500584,-9.633311513270334,-8.260345561708998,389,eligible_regular_session
2025-05-12,2025-05-13,final_oos,2.6541830532026164e-05,0.0041852651160729,3.815790584330329e-05,6.645875369378859e-05,0.00015397434398674886,-10.173777591210204,-9.618929047940284,-8.778724566918191,389,eligible_regular_session
2025-05-13,2025-05-14,final_oos,3.775423489519279e-05,0.0064901473757772,2.6541830532026164e-05,6.075481870995934e-05,0.00011252312154631366,-10.53678855886802,-9.708664158560758,-9.092351832581018,389,eligible_regular_session
2025-05-14,2025-05-15,final_oos,3.446015549420843e-05,-0.0014773068216596,3.775423489519279e-05,4.021787040971789e-05,9.361553502262697e-05,-10.18441290590713,-10.121199123561674,-9.27631421578867,389,eligible_regular_session
2025-05-15,2025-05-16,final_oos,2.120481295988134e-05,0.0082605550242677,3.446015549420843e-05,3.537295657580242e-05,8.576976759503191e-05,-10.275706814564503,-10.249562968310942,-9.36384397259565,389,eligible_regular_session
2025-05-16,2025-05-19,final_oos,2.6360593780129644e-05,0.0058390468631191,2.120481295988134e-05,3.16237879449224e-05,8.116612283529015e-05,-10.761282375643406,-10.361600937503301,-9.419012604313416,389,eligible_regular_session
2025-05-19,2025-05-20,final_oos,2.493627650545519e-05,0.0107429945632097,2.6360593780129644e-05,2.9264325532287676e-05,7.582573933540968e-05,-10.54364032278209,-10.439141342392956,-9.487072753887746,389,eligible_regular_session
2025-05-20,2025-05-21,final_oos,7.68261026918796e-05,-0.0012095368141693,2.493627650545519e-05,2.8943214726973477e-05,6.931128139131673e-05,-10.59918692695568,-10.450174760450059,-9.576902874377884,389,eligible_regular_session
2025-05-21,2025-05-22,final_oos,5.319314879353892e-05,-0.010100812235057,7.68261026918796e-05,3.675758828631084e-05,6.935720780272325e-05,-9.473966096755847,-10.211165869639064,-9.576240482895107,389,eligible_regular_session
2025-05-22,2025-05-23,final_oos,5.8430266679955775e-05,0.0004383771894882,5.319314879353892e-05,4.050418694617694e-05,6.656529362851137e-05,-9.841580951986135,-10.114105207808183,-9.617327232935441,389,eligible_regular_session
2025-05-23,2025-05-27,final_oos,1.6579353145760673e-05,0.005575318626041,5.8430266679955775e-05,4.794927769019183e-05,5.7587163148032094e-05,-9.747676537315312,-9.945366820560762,-9.762210877113189,389,eligible_regular_session
2025-05-27,2025-05-28,final_oos,2.167591406597507e-05,0.0082093537737231,1.6579353145760673e-05,4.599302956331803e-05,5.5242342766007184e-05,-11.00735242314602,-9.987020704189414,-9.803780819641695,389,eligible_regular_session
2025-05-28,2025-05-29,final_oos,6.04463060977996e-05,-0.0068733444758747,2.167591406597507e-05,4.534095707542201e-05,5.201337061413924e-05,-10.739308864746256,-10.001299804254085,-9.864009745239393,389,eligible_regular_session
2025-05-29,2025-05-30,final_oos,6.522645494140012e-05,-0.0041489142889136,6.04463060977996e-05,4.2064997756606e-05,5.1642256023467425e-05,-9.713755089506718,-10.076294570293104,-9.87117030542137,389,eligible_regular_session
2025-05-30,2025-06-02,final_oos,4.125456124312833e-05,0.0023491018627747,6.522645494140012e-05,4.447165898617825e-05,5.179180839781393e-05,-9.637645420691225,-10.020658448399299,-9.868278560242475,389,eligible_regular_session
2025-06-02,2025-06-03,final_oos,2.046395709898756e-05,0.0070175252152986,4.125456124312833e-05,4.103651789881276e-05,4.795683813297886e-05,-10.095748875705624,-10.101048207221586,-9.945209157147167,389,eligible_regular_session
2025-06-03,2025-06-04,final_oos,2.0554907909733166e-05,0.0050457624929126,2.046395709898756e-05,4.181343868945813e-05,4.5619241178144145e-05,-10.796845409543806,-10.08229277035573,-9.995180974781134,389,eligible_regular_session
2025-06-04,2025-06-05,final_oos,6.985454655452466e-05,-0.0017034097404774,2.0554907909733166e-05,4.158923745820976e-05,4.416434326052012e-05,-10.79241081781259,-10.087669139116423,-10.027592808012006,389,eligible_regular_session
2025-06-05,2025-06-06,final_oos,2.504927326400315e-05,-0.0080470949487867,6.985454655452466e-05,4.347088554955476e-05,4.582078144811456e-05,-9.569095384121534,-10.043419141660724,-9.990772826345932,389,eligible_regular_session
2025-06-06,2025-06-09,final_oos,1.2879566766280942e-05,0.0008704280153701,2.504927326400315e-05,3.543544921407537e-05,4.4456589075970514e-05,-10.59466574227128,-10.247797848653148,-10.020997371310306,389,eligible_regular_session
2025-06-09,2025-06-10,final_oos,1.951807554634928e-05,-0.0004778845292161,1.2879566766280942e-05,2.9760450318705895e-05,3.865843409278327e-05,-11.259868474012087,-10.42233021643692,-10.160745589588403,389,eligible_regular_session
2025-06-10,2025-06-11,final_oos,3.846656051263883e-05,0.0039798753060769,1.951807554634928e-05,2.9571274008178237e-05,3.687813186017252e-05,-10.844169570653598,-10.428707140544459,-10.207891815109503,389,eligible_regular_session
2025-06-11,2025-06-12,final_oos,2.218928759544096e-05,-0.0041714286563651,3.846656051263883e-05,3.3153604528759374e-05,3.681067296918877e-05,-10.165721252198965,-10.314359113344278,-10.209722728502244,389,eligible_regular_session
2025-06-12,2025-06-13,final_oos,4.9445203235010566e-05,0.0056118927331617,2.218928759544096e-05,2.3620552736942633e-05,3.608482668519503e-05,-10.715900926292194,-10.653393346243519,-10.229638094411388,389,eligible_regular_session
2025-06-13,2025-06-16,final_oos,1.9934904858445776e-05,-0.0037470613414716,4.9445203235010566e-05,2.8499738731144117e-05,3.7125889080785225e-05,-9.91464550692595,-10.465615638059965,-10.201196012824187,389,eligible_regular_session
2025-06-16,2025-06-17,final_oos,2.3844580913763e-05,0.0029978360363299,1.9934904858445776e-05,2.9910806349577085e-05,3.631591953366036e-05,-10.823038349730968,-10.417290726488984,-10.22325435818416,389,eligible_regular_session
2025-06-17,2025-06-18,final_oos,4.433737965347175e-05,-0.0051837474490011,2.3844580913763e-05,3.0776107423059825e-05,3.583339341636739e-05,-10.643953581803093,-10.388771902038833,-10.236630322330237,389,eligible_regular_session
2025-06-18,2025-06-20,final_oos,3.6161670951320106e-05,-0.0012082331772011,4.433737965347175e-05,3.195027125122641e-05,3.68848737206215e-05,-10.023682452196455,-10.351329887310527,-10.207709017230954,389,eligible_regular_session
2025-06-20,2025-06-23,final_oos,3.6882310725267026e-05,-0.006519881609687,3.6161670951320106e-05,3.474474792240224e-05,3.733037722840288e-05,-10.227510813570994,-10.267482136299787,-10.195703159854366,389,eligible_regular_session
2025-06-23,2025-06-24,final_oos,1.2064374131208952e-05,0.0098344987304806,3.6882310725267026e-05,3.223216942045353e-05,3.787337878384888e-05,-10.20777850599821,-10.342545553807907,-10.181262099437703,389,eligible_regular_session
2025-06-24,2025-06-25,final_oos,1.2883576535146472e-05,0.0047360747594759,1.2064374131208952e-05,3.065806327500616e-05,3.492966384927294e-05,-11.325253734977208,-10.392614854323794,-10.262174122745435,389,eligible_regular_session
2025-06-25,2025-06-26,final_oos,9.65336964637453e-06,-0.0019377785881536,1.2883576535146472e-05,2.8465862399282862e-05,3.309741056480055e-05,-11.25955719453419,-10.466804999189575,-10.316055509312113,389,eligible_regular_session
2025-06-26,2025-06-27,final_oos,2.060386695148e-05,0.0045049567811327,9.65336964637453e-06,2.1529060397863414e-05,3.0880278881455956e-05,-11.548203517411874,-10.746106889070122,-10.385392801713248,389,eligible_regular_session
2025-06-27,2025-06-30,final_oos,1.5328850212103885e-05,0.0024446697070169,2.060386695148e-05,1.84174995978954e-05,3.106321132717046e-05,-10.790031783693937,-10.90220928022219,-10.379486354500958,389,eligible_regular_session
2025-06-30,2025-07-01,final_oos,2.1395508026814987e-05,0.0016227589812466,1.5328850212103885e-05,1.4106807495262767e-05,3.077470842472178e-05,-11.0857738703654,-11.168853076008629,-10.388817360358727,389,eligible_regular_session
2025-07-01,2025-07-02,final_oos,9.947690543375345e-06,0.0016843326363684,2.1395508026814987e-05,1.5973034274383974e-05,2.899967214876793e-05,-10.752329563258685,-11.044608615388771,-10.448226033256603,389,eligible_regular_session
2025-07-02,2025-07-07,final_oos,2.855063732065092e-05,0.0050744613849214,9.947690543375345e-06,1.538585707602975e-05,2.6487001039766803e-05,-11.518170139928017,-11.082061842192713,-10.53885647212098,389,eligible_regular_session
2025-07-07,2025-07-08,final_oos,1.9004577973845856e-05,-0.00498533770951,2.855063732065092e-05,1.9165310610885025e-05,2.5909549952381468e-05,-10.463831299146403,-10.862408652068464,-10.56089893319061,389,eligible_regular_session
2025-07-08,2025-07-09,final_oos,1.4663909136745289e-05,-0.0011735178060695,1.9004577973845856e-05,1.88454528153582e-05,2.58432145376023e-05,-10.87083066182877,-10.879238903125351,-10.563462485177116,389,eligible_regular_session
2025-07-09,2025-07-10,final_oos,9.0592079597078e-06,0.0018300840472981,1.4663909136745289e-05,1.871246460028648e-05,2.5575441866102852e-05,-11.130121243794589,-10.886320699988575,-10.57387796900886,389,eligible_regular_session
2025-07-10,2025-07-11,final_oos,1.3597602409699224e-05,0.0024807262305876,9.0592079597078e-06,1.6245204586865042e-05,2.2812017384520264e-05,-11.611728863396689,-11.02771279508656,-10.688223082592406,389,eligible_regular_session
2025-07-11,2025-07-14,final_oos,1.2001117362877576e-05,0.0007001100002088,1.3597602409699224e-05,1.6975186960129818e-05,2.2291486891142818e-05,-11.205617074168245,-10.983757870728631,-10.71130570614513,389,eligible_regular_session
2025-07-14,2025-07-15,final_oos,1.8737662729736067e-05,0.0025078843736108,1.2001117362877576e-05,1.3665282968575148e-05,2.2251557372806296e-05,-11.330510798937942,-11.200652031255638,-10.713098557518082,389,eligible_regular_session
2025-07-15,2025-07-16,final_oos,5.6339818235784565e-05,-0.0089076865138953,1.8737662729736067e-05,1.361189991975319e-05,2.2216084062960242e-05,-10.884975009864206,-11.20456615370695,-10.714694024074234,389,eligible_regular_session
2025-07-16,2025-07-17,final_oos,9.476128079329429e-06,0.0007937909041419,5.6339818235784565e-05,2.1947081739561044e-05,2.3028504868557778e-05,-9.78410902172316,-10.72687637764346,-10.67877776727441,389,eligible_regular_session
2025-07-17,2025-07-18,final_oos,1.0774670544653944e-05,0.0053101357757031,9.476128079329429e-06,2.203046576348537e-05,2.24506339814618e-05,-11.56673475557826,-10.723084255136323,-10.704191704465977,389,eligible_regular_session
2025-07-18,2025-07-21,final_oos,7.460723424649756e-06,-0.0023825435313818,1.0774670544653944e-05,2.1465879390476317e-05,2.0692882495536497e-05,-11.438312498344102,-10.74904588855129,-10.785720757615088,389,eligible_regular_session
2025-07-21,2025-07-22,final_oos,1.6634737079652413e-05,-0.0006529815495302,7.460723424649756e-06,2.055780060283075e-05,2.0125874248545768e-05,-11.80585817463662,-10.792270097669986,-10.813504294681648,389,eligible_regular_session
2025-07-22,2025-07-23,final_oos,1.3521564453993376e-05,0.0009593878414724,1.6634737079652413e-05,2.0137215472814024e-05,1.9798154074268012e-05,-11.00401745386957,-10.812940938781905,-10.82992185318216,389,eligible_regular_session
2025-07-23,2025-07-24,final_oos,1.2801271199620412e-05,0.0049083218298098,1.3521564453993376e-05,1.1573564716455783e-05,1.8397435201564453e-05,-11.211224779991046,-11.36678696425877,-10.903299294284515,389,eligible_regular_session
2025-07-24,2025-07-25,final_oos,5.416363078124178e-06,-0.0010804937399445,1.2801271199620412e-05,1.223859334051398e-05,1.7335598849214465e-05,-11.265966079499515,-11.310916210644889,-10.962748433752532,389,eligible_regular_session
2025-07-25,2025-07-28,final_oos,7.51240179978283e-06,0.0027865299269309,5.416363078124178e-06,1.1166931847208029e-05,1.5905328501617063e-05,-12.126085986542872,-11.402553660572163,-11.04885637899236,389,eligible_regular_session
2025-07-28,2025-07-29,final_oos,1.2528297271363429e-05,-0.0015497611606556,7.51240179978283e-06,1.1177267522234642e-05,1.5698420668370422e-05,-11.798955329764711,-11.401628527781064,-11.061950445041276,389,eligible_regular_session
2025-07-29,2025-07-30,final_oos,3.0449761427252625e-05,-0.0058884958297933,1.2528297271363429e-05,1.0355979560576846e-05,1.568227161092574e-05,-11.287520690440239,-11.477946469756262,-11.062979680389338,389,eligible_regular_session
2025-07-30,2025-07-31,final_oos,4.549203737852877e-05,-0.0014334173910195,3.0449761427252625e-05,1.3741618955228694e-05,1.6627562146420198e-05,-10.399432398740453,-11.195081450219769,-11.004448869226321,389,eligible_regular_session
2025-07-31,2025-08-01,final_oos,7.179703380283266e-05,-0.0100353551529799,4.549203737852877e-05,2.0279772191010367e-05,1.7758842620376958e-05,-9.997973249991821,-10.805886612489278,-10.93862699029533,389,eligible_regular_session
2025-08-01,2025-08-04,final_oos,1.51455139323382e-05,-0.0057439770796764,7.179703380283266e-05,3.355590633595206e-05,2.0325578238137357e-05,-9.54166739470172,-10.302297664259838,-10.803630453334229,389,eligible_regular_session
2025-08-04,2025-08-05,final_oos,3.016502191984908e-05,0.0078766916719937,1.51455139323382e-05,3.5082528762463136e-05,2.0041487597479323e-05,-11.097806179934828,-10.257807307469305,-10.81770605309148,389,eligible_regular_session
2025-08-05,2025-08-06,final_oos,2.352745184122924e-05,-0.0052977362375319,3.016502191984908e-05,3.860987369216027e-05,2.0960457205500855e-05,-10.408827519406834,-10.1620025190698,-10.772872885509793,389,eligible_regular_session
2025-08-06,2025-08-07,final_oos,4.4028380202695545e-05,0.0061673403368075,2.352745184122924e-05,3.722541177495559e-05,2.073213059279987e-05,-10.657342655129632,-10.198518917670143,-10.78382585856347,389,eligible_regular_session
2025-08-07,2025-08-08,final_oos,1.328636341484115e-05,-0.0057380461165153,4.4028380202695545e-05,3.6932680339788946e-05,2.1869576148656673e-05,-10.030676127365364,-10.206413752806123,-10.730414103954638,389,eligible_regular_session
2025-08-08,2025-08-11,final_oos,1.4130219836437464e-05,0.0043834853051208,1.328636341484115e-05,2.523054626219064e-05,2.1806960434024666e-05,-11.228772355878311,-10.587455144249988,-10.733281353165713,389,eligible_regular_session
2025-08-11,2025-08-12,final_oos,2.31144239245756e-05,-0.0024536544480138,1.4130219836437464e-05,2.5027487443010498e-05,2.2037460973876017e-05,-11.167194803254578,-10.595535839380577,-10.722766781138008,389,eligible_regular_session
2025-08-12,2025-08-13,final_oos,1.5006800359767409e-05,0.0066314066178552,2.31144239245756e-05,2.3617367843955797e-05,2.247004377000676e-05,-10.675053722981495,-10.653528191001818,-10.703327523838059,389,eligible_regular_session
2025-08-13,2025-08-14,final_oos,1.854041731225204e-05,0.0004268870871165,1.5006800359767409e-05,2.1913237547663436e-05,2.2606665724410846e-05,-11.107007102279617,-10.728419649519488,-10.697265751615332,389,eligible_regular_session
2025-08-14,2025-08-15,final_oos,1.88677095807316e-05,0.0034941459103387,1.854041731225204e-05,1.6815644969574734e-05,2.2597700023616114e-05,-10.895557489328425,-10.993200856708672,-10.69766242573138,389,eligible_regular_session
2025-08-15,2025-08-18,final_oos,1.2491452050594997e-05,-0.003516225912465,1.88677095807316e-05,1.7931914202752825e-05,2.0894422357477344e-05,-10.878058584820376,-10.928928516271373,-10.776028307458379,389,eligible_regular_session
2025-08-18,2025-08-19,final_oos,2.1470674932816287e-05,0.0004404589529351,1.2491452050594997e-05,1.760416064558433e-05,2.1031482537989416e-05,-11.290465983530874,-10.947375283541028,-10.769490074396355,389,eligible_regular_session
2025-08-19,2025-08-20,final_oos,4.089205847484626e-05,-0.0054174709020315,2.1470674932816287e-05,1.7275410847232466e-05,2.151766455563316e-05,-10.748822510479366,-10.96622640583025,-10.746636352926375,389,eligible_regular_session
2025-08-20,2025-08-21,final_oos,3.832511835684217e-05,-0.0012517807471055,4.089205847484626e-05,2.245246247024824e-05,2.3037270694278455e-05,-10.104574683087984,-10.70411026292043,-10.678397188603178,389,eligible_regular_session
2025-08-21,2025-08-22,final_oos,7.504725033560948e-05,0.0005040374130727,3.832511835684217e-05,2.640940267916626e-05,2.4023197115968896e-05,-10.169405044970013,-10.541790449133034,-10.636490647922923,389,eligible_regular_session
2025-08-22,2025-08-25,final_oos,9.406247784951783e-06,0.012583578225108,7.504725033560948e-05,3.764531083014184e-05,2.68198192014969e-05,-9.497392638322678,-10.187302157819087,-10.526369421315533,389,eligible_regular_session
2025-08-25,2025-08-26,final_oos,1.317738568942313e-05,-0.0023483728851327,9.406247784951783e-06,3.70282699770132e-05,2.66654999553756e-05,-11.574136431502007,-10.20382888362749,-10.53213996458905,389,eligible_regular_session
2025-08-26,2025-08-27,final_oos,9.667921733735452e-06,0.0050345367535971,1.317738568942313e-05,3.5369612128334565e-05,2.701827371043465e-05,-11.237008402933245,-10.249657520927043,-10.518997116798374,389,eligible_regular_session
2025-08-27,2025-08-28,final_oos,1.815701624520181e-05,0.0034561302596898,9.667921733735452e-06,2.9124784780112407e-05,2.711625188925067e-05,-11.546697190549326,-10.44392103562975,-10.515377309116873,389,eligible_regular_session
2025-08-28,2025-08-29,final_oos,2.198403639629809e-05,0.0013897024226347,1.815701624520181e-05,2.5091164357784334e-05,2.737210275169787e-05,-10.91645350196877,-10.592994791417436,-10.505986210983002,389,eligible_regular_session
2025-08-29,2025-09-02,final_oos,3.454170013111723e-05,-0.0039338661647514,2.198403639629809e-05,1.4478521569922054e-05,2.6987297068472663e-05,-10.725193986344461,-11.142844277744139,-10.520144281615346,389,eligible_regular_session
2025-09-02,2025-09-03,final_oos,2.6134151093281493e-05,0.0064322279324386,3.454170013111723e-05,1.9505612039155143e-05,2.64895544663176e-05,-10.273343264363385,-10.8448083369204,-10.538760073760294,389,eligible_regular_session
2025-09-03,2025-09-04,final_oos,1.384682497799841e-05,0.001224420590085,2.6134151093281493e-05,2.2096965119926817e-05,2.4413968888610724e-05,-10.55226762793085,-10.720070283760682,-10.620355094043244,389,eligible_regular_session
2025-09-04,2025-09-05,final_oos,5.913747021587514e-05,0.0070539679557715,1.384682497799841e-05,2.293274576877941e-05,2.435493757250437e-05,-11.187454595077044,-10.682944722568708,-10.622775953940243,389,eligible_regular_session
2025-09-05,2025-09-08,final_oos,1.4828583853942143e-05,-0.0068047658987451,5.913747021587514e-05,3.112883656291407e-05,2.5671867040505556e-05,-9.735645820649069,-10.377375947710158,-10.570114833333983,389,eligible_regular_session
2025-09-08,2025-09-09,final_oos,1.207451357799038e-05,0.0005466344776058,1.4828583853942143e-05,2.9697746054442878e-05,2.527646395017432e-05,-11.118953898353709,-10.424439405458243,-10.585636873857766,389,eligible_regular_session
2025-09-09,2025-09-10,final_oos,1.707707077990823e-05,0.002133593207152,1.207451357799038e-05,2.520430874381751e-05,2.382401546723318e-05,-11.324413642633278,-10.588495596165115,-10.64481643279377,389,eligible_regular_session
2025-09-10,2025-09-11,final_oos,1.017935184533988e-05,-0.0009196767854479,1.707707077990823e-05,2.339289268114286e-05,2.39963203474635e-05,-10.977773884317031,-10.663078313311487,-10.637610058226553,389,eligible_regular_session
2025-09-11,2025-09-12,final_oos,7.935222558506292e-06,0.0053126433132065,1.017935184533988e-05,2.2659398054611155e-05,2.3816735438777247e-05,-11.495149218285395,-10.694935866944471,-10.6451220546983,389,eligible_regular_session
2025-09-12,2025-09-15,final_oos,7.496106935761472e-06,-8.353273614816632e-05,7.935222558506292e-06,1.2418948523137386e-05,2.312677174031955e-05,-11.744199156678375,-11.296287145015635,-10.674519661703023,389,eligible_regular_session
2025-09-15,2025-09-16,final_oos,8.180796896818326e-06,0.0011630150468713,7.496106935761472e-06,1.0952453139501251e-05,2.2785376584682918e-05,-11.80112674742,-11.421947095788282,-10.689391605639436,389,eligible_regular_session
2025-09-16,2025-09-17,final_oos,6.675496655971766e-05,-0.0026619540180141,8.180796896818326e-06,1.0173709803266838e-05,2.231448474761775e-05,-11.713720991945713,-11.495703635337234,-10.71027455010625,389,eligible_regular_session
2025-09-17,2025-09-18,final_oos,1.8795544169726216e-05,-0.0016196811407349,6.675496655971766e-05,2.0109288959228724e-05,2.449117824666257e-05,-9.614481858062831,-10.814328712376726,-10.617197576819716,389,eligible_regular_session
2025-09-18,2025-09-19,final_oos,1.1118963653903372e-05,0.0011527987575871,1.8795544169726216e-05,2.1832527424105994e-05,2.4777727888441263e-05,-10.881890728468818,-10.732109616545445,-10.605565377313383,389,eligible_regular_session
2025-09-19,2025-09-22,final_oos,7.674067220653117e-06,0.0022673685335897,1.1118963653903372e-05,2.246927564318541e-05,2.4307195557581582e-05,-11.406858470076333,-10.703361708905009,-10.624738137969992,389,eligible_regular_session
2025-09-22,2025-09-23,final_oos,1.5213043176748636e-05,0.0062191025876914,7.674067220653117e-06,2.2504867700163738e-05,2.2797286864209167e-05,-11.777663806645284,-10.701778929923005,-10.688869026268414,389,eligible_regular_session
2025-09-23,2025-09-24,final_oos,1.6005811270951256e-05,-0.0052818395578429,1.5213043176748636e-05,2.39113169561498e-05,2.1746737992386736e-05,-11.093357394339105,-10.641158698289008,-10.73604678903884,389,eligible_regular_session
2025-09-24,2025-09-25,final_oos,3.2506644792656805e-05,-0.004669133480112,1.6005811270951256e-05,1.376148589839652e-05,1.9063036216720453e-05,-11.042558697232803,-11.19363674448716,-10.86775937459054,389,eligible_regular_session
2025-09-25,2025-09-26,final_oos,2.8528516738010388e-05,0.0011999565092074,3.2506644792656805e-05,1.650370602298264e-05,2.0113054262525227e-05,-10.33406603436802,-11.011925594824724,-10.814141487913608,389,eligible_regular_session
2025-09-26,2025-09-29,final_oos,1.1648938905575894e-05,0.0039046319212017,2.8528516738010388e-05,1.998561663980404e-05,2.081083294655192e-05,-10.46460638364486,-10.820497711145446,-10.780036892095852,389,eligible_regular_session
2025-09-29,2025-09-30,final_oos,1.9611798972159516e-05,-0.0009662517837477,1.1648938905575894e-05,2.0780590976788594e-05,2.0900879181635578e-05,-11.360295463167144,-10.78149113300613,-10.775719333771297,389,eligible_regular_session
2025-09-30,2025-10-01,final_oos,1.4067330152332428e-05,0.0047818220333579,1.9611798972159516e-05,2.166034213587077e-05,2.096700566922456e-05,-10.839379184474634,-10.740027520769608,-10.77256051441324,389,eligible_regular_session
2025-10-01,2025-10-02,final_oos,1.4866759087737312e-05,0.0077952604692032,1.4067330152332428e-05,2.127264591214701e-05,2.060715538540794e-05,-11.171655459475332,-10.758088540054919,-10.789872193674158,389,eligible_regular_session
2025-10-02,2025-10-03,final_oos,2.0074108774074876e-05,-0.0013659923646454,1.4866759087737312e-05,1.7744668771163107e-05,1.9712839883436128e-05,-11.116382770961744,-10.93942543807761,-10.83424036379783,389,eligible_regular_session
2025-10-03,2025-10-06,final_oos,9.981049641822137e-06,-0.0014314051489734,2.0074108774074876e-05,1.6053787178376004e-05,1.9437383414381282e-05,-10.816079693932625,-11.039565774953198,-10.848312366016762,389,eligible_regular_session
2025-10-06,2025-10-07,final_oos,2.1488956540438713e-05,0.0005253379201091,9.981049641822137e-06,1.5720209325625252e-05,1.9261666353645996e-05,-11.514822298640079,-11.0605634551724,-10.857393636455944,389,eligible_regular_session
2025-10-07,2025-10-08,final_oos,8.657275054363605e-06,-0.0049339822879894,2.1488956540438713e-05,1.609564083928109e-05,1.7550370277489794e-05,-10.74797140407556,-11.036962077958853,-10.950435509842501,389,eligible_regular_session
2025-10-08,2025-10-09,final_oos,1.804948330872088e-05,0.0040192723730496,8.657275054363605e-06,1.5013629819687326e-05,1.7269856241145315e-05,-11.657110543754882,-11.106552114792967,-10.96654799003574,389,eligible_regular_session
2025-10-09,2025-10-10,final_oos,0.0001677802669755,-0.0038781938635951,1.804948330872088e-05,1.565017466388404e-05,1.7541445774360337e-05,-10.922393499150733,-11.065028480408824,-10.95094414714464,389,eligible_regular_session
2025-10-10,2025-10-13,final_oos,4.226457732385058e-05,-0.02864215048188,0.0001677802669755,4.519140630416907e-05,2.439159105597815e-05,-8.692855369323766,-10.00460361521629,-10.621272113916643,389,eligible_regular_session
2025-10-13,2025-10-14,final_oos,6.185771867214457e-05,0.0037220270175145,4.226457732385058e-05,5.164811184057475e-05,2.5850010395910452e-05,-10.071561238252091,-9.871056919880498,-10.563199554847037,389,eligible_regular_session
2025-10-14,2025-10-15,final_oos,5.761922561573786e-05,0.0082975359911927,6.185771867214457e-05,5.972186426691593e-05,2.8301032946530374e-05,-9.690673670272867,-9.725812368986883,-10.472612254103788,389,eligible_regular_session
2025-10-15,2025-10-16,final_oos,0.0001096859807475,-0.002212943472885,5.761922561573786e-05,6.951425437919078e-05,3.0579356522892934e-05,-9.761654267902925,-9.573978727442286,-10.395185400101596,389,eligible_regular_session
2025-10-16,2025-10-17,final_oos,8.76727768441896e-05,-0.009615711322905,0.0001096859807475,8.78415538669466e-05,3.519322851610574e-05,-9.117888995135054,-9.33997589061741,-10.254656865567574,389,eligible_regular_session
2025-10-17,2025-10-20,final_oos,1.1194667783325176e-05,0.0082056796734558,8.76727768441896e-05,7.182005584068452e-05,3.6144038074490824e-05,-9.341899119040933,-9.541346791657805,-10.22799854482808,389,eligible_regular_session
2025-10-20,2025-10-21,final_oos,1.823111149471954e-05,0.004615096300033,1.1194667783325176e-05,6.560607393257944e-05,3.579854369329078e-05,-11.400072983804959,-9.631842275864798,-10.23760334434339,389,eligible_regular_session
2025-10-21,2025-10-22,final_oos,6.956842765463178e-05,-0.0002345762420655,1.823111149471954e-05,5.6880752497094426e-05,3.612182314060061e-05,-10.91238100049495,-9.774553543001693,-10.228613356143311,389,eligible_regular_session
2025-10-22,2025-10-23,final_oos,2.078532998592216e-05,-0.0049282967029124,6.956842765463178e-05,5.9270592904873215e-05,3.893520316032691e-05,-9.573199719194983,-9.733397278757952,-10.153611751013226,389,eligible_regular_session
2025-10-23,2025-10-24,final_oos,1.4364781696958433e-05,0.0050109235037646,2.078532998592216e-05,4.149046275255765e-05,3.9188488924380255e-05,-10.78126310922875,-10.090046970330102,-10.147127504179688,389,eligible_regular_session
2025-10-24,2025-10-27,final_oos,8.179070300408574e-06,0.0014470481715987,1.4364781696958433e-05,2.6828863723111416e-05,3.911389667101694e-05,-11.150731062518775,-10.526032245407118,-10.149032740536404,389,eligible_regular_session
2025-10-27,2025-10-28,final_oos,1.4582071070522657e-05,0.0030652793968235,8.179070300408574e-06,2.62257442265281e-05,3.8008097830460203e-05,-11.713932069015637,-10.548769025570635,-10.177711320139055,389,eligible_regular_session
2025-10-28,2025-10-29,final_oos,6.748460067949945e-05,-0.0002045970497276,1.4582071070522657e-05,2.5495936141688723e-05,3.7374168481938035e-05,-11.135717792739035,-10.576991485492762,-10.194530774475815,389,eligible_regular_session
2025-10-29,2025-10-30,final_oos,4.24880141316846e-05,-0.0021407185884465,6.748460067949945e-05,2.5079170746662253e-05,3.991215310802547e-05,-9.60361112419473,-10.593472907073853,-10.12882969127275,389,eligible_regular_session
2025-10-30,2025-10-31,final_oos,3.614926192137999e-05,-0.0045481346260117,4.24880141316846e-05,2.9419707575814744e-05,4.095198106982206e-05,-10.066288542240093,-10.433845782479581,-10.10311037106193,389,eligible_regular_session
2025-10-31,2025-11-03,final_oos,2.5106085846923296e-05,-0.0043587609507846,3.614926192137999e-05,3.3776603620699055e-05,4.195570524114241e-05,-10.22785402668052,-10.295742195727762,-10.078896133317604,389,eligible_regular_session
2025-11-03,2025-11-04,final_oos,4.1935968689657375e-05,-0.0030484585334138,2.5106085846923296e-05,3.7162006730002e-05,4.242112918474177e-05,-10.592400277195338,-10.200223643054702,-10.067863990022621,389,eligible_regular_session
2025-11-04,2025-11-05,final_oos,2.5599746373594517e-05,-0.0009784945985763,4.1935968689657375e-05,4.2632786253828945e-05,4.341485008999552e-05,-10.07936665800556,-10.062886970330961,-10.044709007411779,389,eligible_regular_session
2025-11-05,2025-11-06,final_oos,7.16500974413458e-05,0.0035643461981365,2.5599746373594517e-05,3.425581539264796e-05,4.412479085053063e-05,-10.572928113809299,-10.28165421518308,-10.028488782653364,389,eligible_regular_session
2025-11-06,2025-11-07,final_oos,8.222800782477902e-05,-0.009395274076142,7.16500974413458e-05,4.00882320545802e-05,4.640484270966277e-05,-9.543716043728063,-10.124427731694084,-9.97810673543537,389,eligible_regular_session
2025-11-07,2025-11-10,final_oos,2.4794141242158835e-05,0.0065887362483601,8.222800782477902e-05,4.930398123526e-05,4.974896692649983e-05,-9.406014586141307,-9.917505724897055,-9.90852085987176,389,eligible_regular_session
2025-11-10,2025-11-11,final_oos,2.3140333008373615e-05,0.0049935501768597,2.4794141242158835e-05,4.9241592314307104e-05,5.0055542287110644e-05,-10.604903172937988,-9.918771919349856,-9.902377323326506,389,eligible_regular_session
2025-11-11,2025-11-12,final_oos,3.202512767569344e-05,0.0035254365043173,2.3140333008373615e-05,4.548246517805036e-05,4.348099983405945e-05,-10.673933445274912,-9.998183686987787,-10.043186500712096,389,eligible_regular_session
2025-11-12,2025-11-13,final_oos,7.043765895087935e-05,-0.0016142830337652,3.202512767569344e-05,4.676754143847014e-05,4.301557030459776e-05,-10.348989723438653,-9.970321154671034,-10.053948407706208,389,eligible_regular_session
2025-11-13,2025-11-14,final_oos,8.397520642622061e-05,-0.0116965229276201,7.043765895087935e-05,4.6525053740376846e-05,4.3405567589994795e-05,-9.560782509543872,-9.975519600350612,-10.044922839602043,389,eligible_regular_session
2025-11-14,2025-11-17,final_oos,7.460168493508265e-05,0.0106337613215471,8.397520642622061e-05,4.6874493460665164e-05,4.460356671774401e-05,-9.384988964282329,-9.968036879904563,-10.01769673088592,389,eligible_regular_session
2025-11-17,2025-11-18,final_oos,0.0001730282279521,-0.0048765124548089,7.460168493508265e-05,5.683600219924993e-05,4.300882599899777e-05,-9.503347464748463,-9.775340591493782,-10.054105207542154,389,eligible_regular_session
2025-11-18,2025-11-19,final_oos,7.321429984788996e-05,-0.0029712770953147,0.0001730282279521,8.68135811879952e-05,4.688861923117552e-05,-8.662055809423661,-9.351747483237904,-9.967735572274906,389,eligible_regular_session
2025-11-19,2025-11-20,final_oos,0.0002108251306037,0.002980533772302,7.321429984788996e-05,9.505141562243452e-05,4.970769341592846e-05,-9.522119802962692,-9.261092595690616,-9.90935083974035,389,eligible_regular_session
2025-11-20,2025-11-21,final_oos,0.0001592360833282,-0.0307584051332848,0.0002108251306037,0.00012312890995299866,5.8461967011791214e-05,-8.464481533015086,-9.00227870301279,-9.747134151707453,389,eligible_regular_session
2025-11-21,2025-11-24,final_oos,4.532358772735978e-05,0.0047874797536256,0.0001592360833282,0.0001381810853333945,6.253776954240795e-05,-8.745122656164536,-8.886945520444716,-9.679739871066767,389,eligible_regular_session
2025-11-24,2025-11-25,final_oos,5.221341092116281e-05,0.009237619153694,4.532358772735978e-05,0.00013232546589184995,6.365314489429147e-05,-10.001682960609472,-8.930246019411383,-9.662061825001697,389,eligible_regular_session
2025-11-25,2025-11-26,final_oos,2.5503658484271622e-05,0.0102233762110803,5.221341092116281e-05,0.00010816250248566251,6.53735371317553e-05,-9.86017118187396,-9.131875809050602,-9.635393012399255,389,eligible_regular_session
2025-11-26,2025-12-01,final_oos,2.65159720284918e-05,0.0023825440396414,2.5503658484271622e-05,9.862037421293885e-05,6.616101841283998e-05,-10.57668864611929,-9.224232682682096,-9.623419114186538,389,eligible_regular_session
2025-12-01,2025-12-02,final_oos,3.025746274103566e-05,0.0009116874996982,2.65159720284918e-05,6.175854249789719e-05,6.670346845638404e-05,-10.53776328847738,-9.69227825197737,-9.615253605549356,389,eligible_regular_session
2025-12-02,2025-12-03,final_oos,2.124718101736089e-05,-0.0004993019394209,3.025746274103566e-05,3.596281838046433e-05,6.501132582281752e-05,-10.405767701730406,-10.233024976002005,-9.640949059819299,389,eligible_regular_session
2025-12-03,2025-12-04,final_oos,3.0857746829813086e-05,0.0052909518103576,2.124718101736089e-05,3.114753703846455e-05,6.404583340853005e-05,-10.759286329400247,-10.376775383642883,-9.655911583907224,389,eligible_regular_session
2025-12-04,2025-12-05,final_oos,2.037255283136509e-05,-0.0006617854161879,3.0857746829813086e-05,2.6876404220194614e-05,6.380530999527702e-05,-10.386122726338588,-10.52426182282768,-9.659674142310754,389,eligible_regular_session
2025-12-05,2025-12-08,final_oos,1.8916822901565045e-05,-0.0006025201240617,2.037255283136509e-05,2.5850183089613306e-05,6.359014940366074e-05,-10.801322012486773,-10.563192874264578,-9.66305198320414,389,eligible_regular_session
2025-12-08,2025-12-09,final_oos,1.1930167414814677e-05,-0.0039714602955348,1.8916822901565045e-05,2.4330353264227952e-05,6.254382459511108e-05,-10.875458931191407,-10.623785881577255,-9.67964305342146,389,eligible_regular_session
2025-12-09,2025-12-10,final_oos,4.778615253188654e-05,-0.0003917178044903,1.1930167414814677e-05,2.0664894198983756e-05,6.192248009698473e-05,-11.33644028885864,-10.787074229830585,-9.689627276239035,389,eligible_regular_session
2025-12-10,2025-12-11,final_oos,3.1186710494486e-05,0.0071681238617354,4.778615253188654e-05,2.5972688501888885e-05,6.0837755328372955e-05,-9.948774656422488,-10.558465014278948,-9.707299985922234,389,eligible_regular_session
2025-12-11,2025-12-12,final_oos,5.631186147422416e-05,0.0066884047277133,3.1186710494486e-05,2.603848123482347e-05,5.851769635881418e-05,-10.375518499579021,-10.55593506664037,-9.746181347610854,389,eligible_regular_session
2025-12-12,2025-12-15,final_oos,4.889195524883822e-05,-0.0090321680272877,5.631186147422416e-05,3.322634296339528e-05,5.9950320005726236e-05,-9.784605361630495,-10.312167533914113,-9.721994338627995,389,eligible_regular_session
2025-12-15,2025-12-16,final_oos,5.77077236890651e-05,-0.0059750659169192,4.889195524883822e-05,3.922136943284992e-05,6.112084828938372e-05,-9.925897689356102,-10.146288821108811,-9.70265753412209,389,eligible_regular_session
2025-12-16,2025-12-17,final_oos,5.3775863348741543e-05,-0.0011334294506977,5.77077236890651e-05,4.8376880687700005e-05,6.228823901726424e-05,-9.76011953397939,-9.936488530104914,-9.683737929811214,389,eligible_regular_session
2025-12-17,2025-12-18,final_oos,4.5434988036870424e-05,-0.0117908786567946,5.3775863348741543e-05,4.957482285107101e-05,6.153088467171253e-05,-9.830685828104555,-9.91202745691687,-9.695971319422947,389,eligible_regular_session
2025-12-18,2025-12-19,final_oos,2.1003686421512585e-05,-0.0023075203668779,4.5434988036870424e-05,5.242447835954789e-05,5.977905656310571e-05,-9.99922808811907,-9.85613693144901,-9.724855183047909,389,eligible_regular_session
2025-12-19,2025-12-22,final_oos,9.573642317794728e-06,0.0050502602027626,2.1003686421512585e-05,4.536284334900557e-05,5.734278390339797e-05,-10.770812591765324,-10.000817216448372,-9.76646354787843,389,eligible_regular_session
2025-12-22,2025-12-23,final_oos,7.802925863122798e-06,0.001596564451667,9.573642317794728e-06,3.7499180762796876e-05,4.991303001092955e-05,-11.556496827437543,-10.19119147155196,-9.90522846682982,389,eligible_regular_session
2025-12-23,2025-12-26,final_oos,8.34625878465446e-06,0.0041117733527035,7.802925863122798e-06,2.7518221197608417e-05,4.693978573889468e-05,-11.761011783948373,-10.500662183702984,-9.966644932125853,389,eligible_regular_session
2025-12-26,2025-12-29,final_oos,1.2267639531116505e-05,-0.0004890211956145,8.34625878465446e-06,1.8432300284791e-05,3.773620065621079e-05,-11.693697169247768,-10.901405982090932,-10.184890694628134,389,eligible_regular_session
2025-12-29,2025-12-30,final_oos,7.231218694063812e-06,0.0006908463141777,1.2267639531116505e-05,1.1798830583640216e-05,3.105581684725245e-05,-11.30854569500045,-11.347510134485027,-10.379724429054608,389,eligible_regular_session
2025-12-30,2025-12-31,final_oos,1.2498973140159427e-05,-0.0011868629161029,7.231218694063812e-06,9.044337038150461e-06,2.932434552755718e-05,-11.837102975270312,-11.613371737751281,-10.437092481574647,389,eligible_regular_session
2025-12-31,2026-01-02,final_oos,5.320843947862522e-05,-0.0078571344312759,1.2498973140159427e-05,9.629403202623401e-06,2.751914381023885e-05,-11.28986406581766,-11.550689306803248,-10.500628656929658,389,eligible_regular_session
2026-01-02,2026-01-05,final_oos,1.1925725986353782e-05,-0.0043413429141704,5.320843947862522e-05,1.8710505925723884e-05,2.877845203725492e-05,-9.841293537381901,-10.886425377652419,-10.455883644009429,389,eligible_regular_session
2026-01-05,2026-01-06,final_oos,9.10539123495234e-06,0.0003926748087262,1.1925725986353782e-05,1.9426399366063748e-05,2.8115259035339552e-05,-11.336812643684134,-10.848877624868278,-10.479198102841263,389,eligible_regular_session
2026-01-06,2026-01-07,final_oos,1.514509695017335e-05,0.0047618278423278,9.10539123495234e-06,1.879394970683092e-05,2.7153801239608494e-05,-11.606643876465423,-10.881975564029599,-10.513993512559292,389,eligible_regular_session
2026-01-07,2026-01-08,final_oos,2.186286613326018e-05,-0.0033419352721783,1.514509695017335e-05,2.0376725358052823e-05,2.687643378200906e-05,-11.097833712041492,-10.801117222272678,-10.524260722911265,389,eligible_regular_session
2026-01-08,2026-01-09,final_oos,2.2216467110122892e-05,0.0011883783216957,2.186286613326018e-05,2.2249503956672972e-05,2.6467575568529387e-05,-10.730720970669553,-10.713190843682655,-10.539590137588743,389,eligible_regular_session
2026-01-09,2026-01-12,final_oos,9.335046837359393e-06,0.0046245219051959,2.2216467110122892e-05,1.605110948297251e-05,2.6551389853927465e-05,-10.71467678233805,-11.039732584112434,-10.53642846309929,389,eligible_regular_session
2026-01-12,2026-01-13,final_oos,2.5308274122113913e-05,0.0055249871050299,9.335046837359393e-06,1.5532973653173633e-05,2.6115854578281752e-05,-11.581734763590632,-11.072545461143962,-10.552967972955216,389,eligible_regular_session
2026-01-13,2026-01-14,final_oos,4.586899330333269e-05,-0.0027307295563411,2.5308274122113913e-05,1.8773550230605946e-05,2.6723950337704443e-05,-10.584379175297094,-10.88306158137246,-10.52995037824342,389,eligible_regular_session
2026-01-14,2026-01-15,final_oos,1.9418886481726807e-05,-0.0013601372330328,4.586899330333269e-05,2.4918329501237812e-05,2.6636806736406543e-05,-9.989721196329564,-10.599906900752693,-10.533216586728745,389,eligible_regular_session
2026-01-15,2026-01-16,final_oos,1.894263787097616e-05,-0.0031742361697903,1.9418886481726807e-05,2.4429533570931137e-05,2.610190564491749e-05,-10.849264435482057,-10.619717765347984,-10.553502233085732,389,eligible_regular_session
2026-01-16,2026-01-20,final_oos,4.664832410229499e-05,-0.0034381547834617,1.894263787097616e-05,2.3774767723101793e-05,2.4403304572042584e-05,-10.874095204773486,-10.646885719376474,-10.620792001554943,389,eligible_regular_session
2026-01-20,2026-01-21,final_oos,7.229687628392758e-05,-0.0072710961311402,4.664832410229499e-05,3.123742317608891e-05,2.4301321338108798e-05,-9.972873556240245,-10.373893721155122,-10.624979833042236,389,eligible_regular_session
2026-01-21,2026-01-22,final_oos,2.1993483961012823e-05,0.0073266282864732,7.229687628392758e-05,4.063514360845165e-05,2.4964464637875274e-05,-9.534729634657845,-10.110877259658015,-10.598057158748938,389,eligible_regular_session
2026-01-22,2026-01-23,final_oos,2.1020667987591404e-05,-0.0013199165439165,2.1993483961012823e-05,3.586004173998767e-05,2.3519811029342148e-05,-10.724764332067307,-10.23588692581731,-10.65766746943287,389,eligible_regular_session
2026-01-23,2026-01-26,final_oos,1.1851472362585918e-05,0.0008390888566548,2.1020667987591404e-05,3.618039804116059e-05,2.2410069208920374e-05,-10.770004414352874,-10.22699307636719,-10.70600018185097,389,eligible_regular_session
2026-01-26,2026-01-27,final_oos,7.916931251754245e-06,0.0037436085677553,1.1851472362585918e-05,3.476216493948255e-05,2.1994059478969164e-05,-11.343058448094276,-10.266980977012812,-10.724738164752138,389,eligible_regular_session
2026-01-27,2026-01-28,final_oos,2.7195424076921955e-05,0.0017784462792187,7.916931251754245e-06,2.7015886369374397e-05,2.1918754430512778e-05,-11.746506895435992,-10.519085480939069,-10.728167920924482,389,eligible_regular_session
2026-01-28,2026-01-29,final_oos,5.893655064064717e-05,-0.0031657280844467,2.7195424076921955e-05,1.7995595927973268e-05,2.28002316220491e-05,-10.512461831281096,-10.925383500673012,-10.688739863193677,389,eligible_regular_session
2026-01-29,2026-01-30,final_oos,7.518354157027e-05,-0.0031516673370198,5.893655064064717e-05,2.538420926390014e-05,2.5099790342776045e-05,-9.739049105600273,-10.581383259788108,-10.59265106473887,389,eligible_regular_session
2026-01-30,2026-02-02,final_oos,2.4961477710690935e-05,-0.0020548243386473,7.518354157027e-05,3.621678398043586e-05,2.795960407182848e-05,-9.495578213059757,-10.225987900714689,-10.484749801220081,389,eligible_regular_session
2026-02-02,2026-02-03,final_oos,6.840560588140679e-05,0.0072955167396821,2.4961477710690935e-05,3.8838785050056866e-05,2.8765524936220617e-05,-10.598176813062803,-10.156091195924926,-10.456332938685664,389,eligible_regular_session
2026-02-03,2026-02-04,final_oos,0.0001151037951673,-0.0104234122315576,6.840560588140679e-05,5.093651997598737e-05,3.1306735515368224e-05,-9.59005577936358,-9.884930406883496,-10.371677291384396,389,eligible_regular_session
2026-02-04,2026-02-05,final_oos,9.245498913625632e-05,-0.0056286672365461,0.0001151037951673,6.851819419406298e-05,3.4120160773944354e-05,-9.06967626999723,-9.58841123929138,-10.285622123337115,389,eligible_regular_session
2026-02-05,2026-02-06,final_oos,5.4019030569343266e-05,-0.0027388968873767,9.245498913625632e-05,7.522188189318481e-05,3.778058182621265e-05,-9.288788635808373,-9.495068386713575,-10.1837152956333,389,eligible_regular_session
2026-02-06,2026-02-09,final_oos,2.553687650884161e-05,0.0138057275300307,5.4019030569343266e-05,7.098897969299946e-05,3.9822110886866786e-05,-9.826174155533819,-9.552985908561702,-10.131088250013333,389,eligible_regular_session
2026-02-09,2026-02-10,final_oos,3.0074494789589292e-05,0.0075233792582572,2.553687650884161e-05,7.110405945262959e-05,4.029446450316989e-05,-10.575387012848227,-9.551366127811242,-10.119296455687449,389,eligible_regular_session
2026-02-10,2026-02-11,final_oos,4.752694728059104e-05,-0.0048498847377358,3.0074494789589292e-05,6.34378372342661e-05,4.066772035118484e-05,-10.41183309459577,-9.665450072734162,-10.110075891959756,389,eligible_regular_session
2026-02-11,2026-02-12,final_oos,8.158688054757286e-05,-0.0073064340399278,4.752694728059104e-05,4.992246765692431e-05,4.181819672256976e-05,-9.954213696613488,-9.90503940289478,-10.082178984870291,389,eligible_regular_session
2026-02-12,2026-02-13,final_oos,0.0001245362457131,-0.0189456433430807,8.158688054757286e-05,4.7748845939187614e-05,4.510237098212492e-05,-9.41384208652359,-9.94955566014243,-10.006575741171742,389,eligible_regular_session
2026-02-13,2026-02-17,final_oos,9.35325297268254e-05,4.389131632185789e-06,0.0001245362457131,6.185228896793896e-05,4.961273332716974e-05,-8.990913754203989,-9.690761451436456,-9.911263036874569,389,eligible_regular_session
2026-02-17,2026-02-18,final_oos,3.358995691679289e-05,0.0035411579118589,9.35325297268254e-05,7.545141961153572e-05,5.177925771005577e-05,-9.277201270659962,-9.492021557665185,-9.868520919200265,389,eligible_regular_session
2026-02-18,2026-02-19,final_oos,5.6593430035149856e-05,0.0039367119262063,3.358995691679289e-05,7.615451203697643e-05,5.242339727528605e-05,-10.301283436960935,-9.482746228415511,-9.856157553407353,389,eligible_regular_session
2026-02-19,2026-02-20,final_oos,0.0001461787644249,0.0003265053895106,5.6593430035149856e-05,7.796780858788821e-05,5.413479691911212e-05,-9.779617656610101,-9.459214526874753,-9.824033382587185,389,eligible_regular_session
2026-02-20,2026-02-23,final_oos,4.184734333261469e-05,0.0103307094589396,0.0001461787644249,9.088618536335362e-05,5.8658907842866895e-05,-8.830680271370106,-9.305902544531124,-9.743771113018793,389,eligible_regular_session
2026-02-23,2026-02-24,final_oos,3.507544763099365e-05,-0.009628057657269,4.184734333261469e-05,7.434840488725656e-05,5.727483816326177e-05,-10.081482243745933,-9.506748339393747,-9.767649155237406,384,eligible_regular_session
2026-02-24,2026-02-25,final_oos,9.06257756911141e-06,0.0082518709905497,3.507544763099365e-05,6.265698846809021e-05,5.786947287553363e-05,-10.2580091699476,-9.677835335068403,-9.757320551189087,389,eligible_regular_session
2026-02-25,2026-02-26,final_oos,5.1026727271963866e-05,0.0028773638076757,9.06257756911141e-06,5.775151259855392e-05,5.732592331105725e-05,-11.611356978469887,-9.759361016722629,-9.766757622746313,389,eligible_regular_session
2026-02-26,2026-02-27,final_oos,4.850222789665667e-05,-0.0043010508396181,5.1026727271963866e-05,5.663817204591672e-05,5.9106616716028986e-05,-9.883160998357456,-9.778827382300223,-9.736167681849015,389,eligible_regular_session
2026-02-27,2026-03-02,final_oos,5.488852973075641e-05,0.00439315201093,4.850222789665667e-05,3.710286474026806e-05,6.095140292716091e-05,-9.933900825062324,-10.201816374613127,-9.705433684629035,389,eligible_regular_session
2026-03-02,2026-03-03,final_oos,0.0001019659723116,0.0109212601160036,5.488852973075641e-05,3.97111020198964e-05,6.221018045688066e-05,-9.810206161500766,-10.13387976150897,-9.68499189867189,389,eligible_regular_session
2026-03-03,2026-03-04,final_oos,4.2649296156948626e-05,0.0061126000013556,0.0001019659723116,5.3089206956017664e-05,6.41660632601058e-05,-9.190871405126694,-9.843536909208316,-9.65403609668737,389,eligible_regular_session
2026-03-04,2026-03-05,final_oos,8.887799962608087e-05,0.0036652008503599,4.2649296156948626e-05,5.980655067358512e-05,6.268723392313663e-05,-10.062499786930669,-9.724395359970547,-9.677352736747453,389,eligible_regular_session
2026-03-05,2026-03-06,final_oos,9.851217359954996e-05,-0.0014060573971622,8.887799962608087e-05,6.737680514440851e-05,6.559253037383618e-05,-9.32824591934341,-9.605209736598166,-9.632048734749983,389,eligible_regular_session
2026-03-06,2026-03-09,final_oos,0.0001168074863665,-0.0007017268256351,9.851217359954996e-05,7.737879428498718e-05,6.696101072466088e-05,-9.22533042757968,-9.466797790552937,-9.61140003744266,389,eligible_regular_session
2026-03-09,2026-03-10,final_oos,8.23851767120042e-05,0.0163462517944047,0.0001168074863665,8.976258561213589e-05,6.703845123371541e-05,-9.054983394020587,-9.318342310765464,-9.610244204179688,389,eligible_regular_session
2026-03-10,2026-03-11,final_oos,6.086666413697734e-05,-0.0021006306667949,8.23851767120042e-05,8.584642649221672e-05,6.65807324871585e-05,-9.404105031503557,-9.362950596504994,-9.617095324268442,389,eligible_regular_session
2026-03-11,2026-03-12,final_oos,8.601583040964534e-05,-0.0025694809208761,6.086666413697734e-05,8.948990008822247e-05,6.689198855841459e-05,-9.706824920032677,-9.321384787227585,-9.61243135049106,389,eligible_regular_session
2026-03-12,2026-03-13,final_oos,7.484152573987092e-05,-0.0072505370959952,8.601583040964534e-05,8.891746624493536e-05,6.964103191754203e-05,-9.360979204119644,-9.32780196404557,-9.57215662528863,389,eligible_regular_session
2026-03-13,2026-03-16,final_oos,5.418097102146537e-05,-0.0121039926482581,7.484152573987092e-05,8.418333667299955e-05,7.167589696073665e-05,-9.500137670076308,-9.382513558046977,-9.543356031997083,389,eligible_regular_session
2026-03-16,2026-03-17,final_oos,3.2009552575528884e-05,0.0015504898052292,5.418097102146537e-05,7.165803360399263e-05,7.197835258532185e-05,-9.823180799329398,-9.543605287100409,-9.539145142692254,389,eligible_regular_session
2026-03-17,2026-03-18,final_oos,4.965611050311152e-05,-0.002566231250941,3.2009552575528884e-05,6.158290877669758e-05,6.972483767750168e-05,-10.349476181726898,-9.695126180846279,-9.57095395249213,389,eligible_regular_session
2026-03-18,2026-03-19,final_oos,0.0001012873359775,-0.0101291023871363,4.965611050311152e-05,5.934079804992441e-05,6.632119516795674e-05,-9.910389103482604,-9.732213494423505,-9.62100102606987,389,eligible_regular_session
2026-03-19,2026-03-20,final_oos,7.921931537472921e-05,0.0066400217233682,0.0001012873359775,6.239509916349534e-05,6.667368636116922e-05,-9.197549169554282,-9.682023824719794,-9.615700190209981,389,eligible_regular_session
2026-03-20,2026-03-23,final_oos,8.690968024001176e-05,-0.011851160110085,7.921931537472921e-05,6.3270657090467e-05,6.874774810925724e-05,-9.443290407883973,-9.668088889361275,-9.585066576728483,389,eligible_regular_session
2026-03-23,2026-03-24,final_oos,0.000100892723883,-0.002615935626061,8.690968024001176e-05,6.981639893417627e-05,7.01257594822055e-05,-9.350641136729914,-9.569641634040062,-9.56522036377428,389,eligible_regular_session
2026-03-24,2026-03-25,final_oos,6.518207688780836e-05,0.0028298239058928,0.000100892723883,8.35930331956705e-05,6.806730309393733e-05,-9.201452745365472,-9.389550376326188,-9.595013590887685,389,eligible_regular_session
2026-03-25,2026-03-26,final_oos,4.572213892642662e-05,-0.0043077744174926,6.518207688780836e-05,8.669822647260986e-05,6.912797280099158e-05,-9.638326021180815,-9.353077130296924,-9.579551092883888,389,eligible_regular_session
2026-03-26,2026-03-27,final_oos,6.254402309407059e-05,-0.0095816992020684,4.572213892642662e-05,7.55851870623952e-05,6.961191331442034e-05,-9.992927936964277,-9.490250232305314,-9.572574836960888,389,eligible_regular_session
2026-03-27,2026-03-30,final_oos,5.906407387520977e-05,-0.0120258259400222,6.254402309407059e-05,7.225012860626346e-05,7.20428881110094e-05,-9.679639879668562,-9.535376450955829,-9.538248948079643,389,eligible_regular_session
2026-03-30,2026-03-31,final_oos,0.0001158971424894,-0.0118452324368247,5.906407387520977e-05,6.668100733330307e-05,7.240822204752059e-05,-9.736887705442754,-9.615590393217639,-9.533190700828255,389,eligible_regular_session
2026-03-31,2026-04-01,final_oos,4.5489605266839e-05,0.0171294784471066,0.0001158971424894,6.968189105458306e-05,7.547162725628165e-05,-9.062807462888857,-9.57157008665822,-9.491753770269078,389,eligible_regular_session
2026-04-01,2026-04-02,final_oos,0.0001189920827397,0.0011809107776066,4.5489605266839e-05,6.574339673038919e-05,7.504440341701268e-05,-9.99802671378121,-9.629751321905884,-9.497430574057624,389,eligible_regular_session
2026-04-02,2026-04-06,final_oos,4.579061117880545e-05,0.0134747427518675,0.0001189920827397,8.039738549304387e-05,7.581831752738085e-05,-9.03645359866523,-9.428528901051335,-9.487170638476016,389,eligible_regular_session
2026-04-06,2026-04-07,final_oos,8.425856214778484e-05,0.003078253947483,4.579061117880545e-05,7.704670310999084e-05,7.59611045738289e-05,-9.991431483954658,-9.471098786081944,-9.485289130606315,389,eligible_regular_session
2026-04-07,2026-04-08,final_oos,3.9279738192156465e-05,0.0040153521349981,8.425856214778484e-05,8.208560076450585e-05,7.575113014299725e-05,-9.381620366028683,-9.407747943434734,-9.488057194306586,389,eligible_regular_session
2026-04-08,2026-04-09,final_oos,3.1677392492511936e-05,-0.0006012803916167,3.9279738192156465e-05,6.676211990505715e-05,7.305874671538846e-05,-10.144801739669354,-9.614374705554702,-9.524246690927294,389,eligible_regular_session
2026-04-09,2026-04-10,final_oos,1.8675449581743575e-05,0.0078177693208494,3.1677392492511936e-05,6.399967735019173e-05,6.918919699384355e-05,-10.359907302091374,-9.656632516020565,-9.578665820333251,389,eligible_regular_session
2026-04-10,2026-04-13,final_oos,3.01236265697628e-05,-0.0033444063667952,1.8675449581743575e-05,4.393635071860045e-05,6.629330030610443e-05,-10.88830075324622,-10.032768545922398,-9.62142171706845,389,eligible_regular_session
2026-04-13,2026-04-14,final_oos,1.1972051400491715e-05,0.0125135070289017,3.01236265697628e-05,4.080295379679193e-05,6.489588950759468e-05,-10.410200758237977,-10.106756082194499,-9.64272627204439,389,eligible_regular_session
2026-04-14,2026-04-15,final_oos,1.9809393615755806e-05,0.0085670760598702,1.1972051400491715e-05,2.63456516473333e-05,6.153026318899679e-05,-11.332935674590813,-10.544207319466276,-9.695981419811682,389,eligible_regular_session
2026-04-15,2026-04-16,final_oos,2.618414721916337e-05,0.006173873155107,1.9809393615755806e-05,2.2451582732053166e-05,5.902880263790064e-05,-10.82935430772959,-10.70414944594687,-9.73748505287639,389,eligible_regular_session
2026-04-16,2026-04-17,final_oos,2.9809760689435845e-05,0.0009863699828984,2.618414721916337e-05,2.1352933677383453e-05,5.775621973779601e-05,-10.550356398295586,-10.75432141895262,-9.75927951327434,389,eligible_regular_session
2026-04-17,2026-04-20,final_oos,1.8703013452126444e-05,0.0056424606866592,2.9809760689435845e-05,2.3579795898921908e-05,5.765622919751904e-05,-10.420674678168448,-10.655120318578604,-9.761012265091276,389,eligible_regular_session
2026-04-20,2026-04-21,final_oos,4.1855859768278326e-05,-0.0003121708696811,1.8703013452126444e-05,2.1295673275394636e-05,5.6249270240656096e-05,-10.886825899914006,-10.757006638493698,-9.785717490463348,389,eligible_regular_session
2026-04-21,2026-04-22,final_oos,1.8570775928553695e-05,-0.0080335419646176,4.1855859768278326e-05,2.727243494895196e-05,5.354783950387329e-05,-10.08127875247254,-10.509634074702316,-9.834935107283606,389,eligible_regular_session
2026-04-22,2026-04-23,final_oos,5.655230059132257e-05,0.0030816146438766,1.8570775928553695e-05,2.7024711411511536e-05,5.079108771086531e-05,-10.893921399490157,-10.518758873070984,-9.887789657533512,389,eligible_regular_session
2026-04-23,2026-04-24,final_oos,2.3587793782342316e-05,-0.0017064682646188,5.655230059132257e-05,3.3098342085943374e-05,4.941120681774308e-05,-9.780344673801313,-10.31602736487367,-9.915333300840166,389,eligible_regular_session
2026-04-24,2026-04-27,final_oos,1.3012684075653362e-05,0.0048903000361013,2.3587793782342316e-05,3.1853948704524676e-05,4.589734635862227e-05,-10.654781192345904,-10.354349205466718,-9.989103256106683,389,eligible_regular_session
2026-04-27,2026-04-28,final_oos,2.031506857967736e-05,0.00275958509186,1.3012684075653362e-05,3.0715882829230055e-05,4.352601032170613e-05,-11.249585978059583,-10.39073068115262,-10.042151860133565,389,eligible_regular_session
2026-04-28,2026-04-29,final_oos,2.3422373479894987e-05,0.0011296094798971,2.031506857967736e-05,2.640772459150986e-05,4.237114348776298e-05,-10.804147652715496,-10.541853992447246,-10.069043005543579,389,eligible_regular_session
2026-04-29,2026-04-30,final_oos,3.074458856436532e-05,0.0013276649001005,2.3422373479894987e-05,2.7378044101778115e-05,4.059288668711864e-05,-10.661818860783859,-10.505769175944923,-10.111917711457505,389,eligible_regular_session
2026-04-30,2026-05-01,final_oos,2.181439605625768e-05,0.0066856090072142,3.074458856436532e-05,2.221650169638667e-05,3.9305637354807526e-05,-10.38979656084499,-10.714675225554215,-10.144142605233501,389,eligible_regular_session
2026-05-01,2026-05-04,final_oos,2.9023402764484548e-05,-0.0009000944255009,2.181439605625768e-05,2.186182215116974e-05,3.502914888057378e-05,-10.732940436564155,-10.730768723192515,-10.259330017922053,389,eligible_regular_session
2026-05-04,2026-05-05,final_oos,1.1934990231073544e-05,-0.0025767098124404,2.9023402764484548e-05,2.506396588893598e-05,3.428068513046677e-05,-10.447408061541894,-10.594079365273817,-10.28092847813142,389,eligible_regular_session
2026-05-05,2026-05-06,final_oos,1.7042186403222566e-05,0.0023320883578291,1.1934990231073544e-05,2.3387950219215217e-05,2.9414453652801925e-05,-11.336036116684621,-10.663289616128607,-10.43402438358197,389,eligible_regular_session
2026-05-06,2026-05-07,final_oos,3.3157318011653694e-05,0.0081527248441389,1.7042186403222566e-05,2.2111912803880732e-05,2.8107707072093615e-05,-10.979818734745862,-10.719394053771344,-10.479466746202302,389,eligible_regular_session
2026-05-07,2026-05-08,final_oos,1.50759765830568e-05,-0.0048253934120592,3.3157318011653694e-05,2.2594458693338406e-05,2.5784923247724015e-05,-10.314247111195735,-10.6978058723104,-10.565720607090796,389,eligible_regular_session
2026-05-08,2026-05-11,final_oos,1.3553764693978695e-05,0.0035100727083341,1.50759765830568e-05,2.124677479869823e-05,2.4684752265492215e-05,-11.10240803582029,-10.759305448291622,-10.6093248221356,389,eligible_regular_session
2026-05-11,2026-05-12,final_oos,2.6302343802375512e-05,0.0029370144104807,1.3553764693978695e-05,1.815284718459706e-05,2.386095100192252e-05,-11.208846212034171,-10.916683139881407,-10.643267284506125,389,eligible_regular_session
2026-05-12,2026-05-13,final_oos,1.7625191876051192e-05,0.0018716087635665,2.6302343802375512e-05,2.1026317898857454e-05,2.4207628011951247e-05,-10.545852504790279,-10.769735671603259,-10.628842767363533,389,eligible_regular_session
2026-05-13,2026-05-14,final_oos,1.9711226153352787e-05,0.0057371360090572,1.7625191876051192e-05,2.1142918993423178e-05,2.3639517344055262e-05,-10.946181322740735,-10.764205507895142,-10.652590782552942,389,eligible_regular_session
2026-05-14,2026-05-15,final_oos,4.538482158946013e-05,0.0052362647957901,1.9711226153352787e-05,1.8453700621763e-05,2.399129801463986e-05,-10.834322229026178,-10.900245631885044,-10.637819376088677,389,eligible_regular_session
2026-05-15,2026-05-18,final_oos,8.050670337850834e-05,-0.0028437711641393,4.538482158946013e-05,2.451546962304366e-05,2.515381746799005e-05,-10.000332835039789,-10.616206226485572,-10.590500884945506,389,eligible_regular_session
2026-05-18,2026-05-19,final_oos,5.0597206375077126e-05,-0.001626373243279,8.050670337850834e-05,3.7906057359949594e-05,2.7623024566142096e-05,-9.427170105223947,-10.180399633845735,-10.496860909601175,389,eligible_regular_session
2026-05-19,2026-05-20,final_oos,5.170265183539102e-05,-0.0015827119569331,5.0597206375077126e-05,4.2765029874489914e-05,2.8567908460943976e-05,-9.891614193173695,-10.05978984835841,-10.46322655192873,389,eligible_regular_session
2026-05-20,2026-05-21,final_oos,5.456364826513023e-05,0.0077823611706907,5.170265183539102e-05,4.958052186635789e-05,3.006789202381964e-05,-9.87000148501114,-9.911912505669223,-10.412052665721761,389,eligible_regular_session
2026-05-21,2026-05-22,final_oos,2.240851488650397e-05,0.0060955879677807,5.456364826513023e-05,5.655100628871337e-05,3.064551877367654e-05,-9.816142679635055,-9.78036756088826,-10.393024112676585,389,eligible_regular_session
2026-05-22,2026-05-26,final_oos,1.4641109944623248e-05,-0.0015027363587524,2.240851488650397e-05,5.195574494812214e-05,3.081996145358337e-05,-10.706069542472168,-9.865118260428858,-10.38734797876798,389,eligible_regular_session
2026-05-26,2026-05-27,final_oos,2.3707999251530365e-05,0.0005999562517875,1.4641109944623248e-05,3.878262626134512e-05,2.8914907333278854e-05,-11.131677236415422,-10.157538188386457,-10.451153271156777,389,eligible_regular_session
2026-05-27,2026-05-28,final_oos,2.280397827473835e-05,-0.000507762665099,2.3707999251530365e-05,3.340478483663577e-05,2.892037121824195e-05,-10.649698045609023,-10.306811409660241,-10.450964324717296,389,eligible_regular_session
2026-05-28,2026-05-29,final_oos,2.0116632382081337e-05,0.00597676193139,2.280397827473835e-05,2.762505012450523e-05,2.9365430045473086e-05,-10.688575551490606,-10.496787583666276,-10.435692424265659,389,eligible_regular_session
2026-05-29,2026-06-01,final_oos,1.8330647640716395e-05,0.0006980176714297,2.0116632382081337e-05,2.0735646947895453e-05,2.9356410218309626e-05,-10.813963603377884,-10.783656263986064,-10.435999629462017,389,eligible_regular_session
2026-06-01,2026-06-02,final_oos,7.303653748875473e-06,0.0046725883180427,1.8330647640716395e-05,1.9920073498737938e-05,2.9124968134710604e-05,-10.906936164455521,-10.82378261611895,-10.443914740166198,389,eligible_regular_session
2026-06-02,2026-06-03,final_oos,2.104078153692481e-05,0.0031308362685477,7.303653748875473e-06,1.8452582259588382e-05,2.8059471097642887e-05,-11.827135821480468,-10.900306237401917,-10.48118433244683,389,eligible_regular_session
2026-06-03,2026-06-04,final_oos,1.6727804337581597e-05,-0.0059306481342358,2.104078153692481e-05,1.7919138716667272e-05,2.8024306801309572e-05,-10.76904802549353,-10.929641214258515,-10.48243832432322,389,eligible_regular_session
2026-06-04,2026-06-05,final_oos,6.412683858077519e-05,0.0073149305024175,1.6727804337581597e-05,1.6703903929235922e-05,2.746541596372307e-05,-10.998438292607592,-10.999868097643377,-10.502582946055066,389,eligible_regular_session
2026-06-05,2026-06-08,final_oos,6.399780417268133e-05,-0.0198433308236,6.412683858077519e-05,2.5505945168974693e-05,2.983777270689133e-05,-9.654647583059415,-10.576598989092345,-10.419735426604475,389,eligible_regular_session
2026-06-08,2026-06-09,final_oos,0.0001975906835243,-0.0066657268640168,6.399780417268133e-05,3.463937647536768e-05,3.1972118969139456e-05,-9.656661784995052,-10.270519474565772,-10.350646317165905,389,eligible_regular_session
2026-06-09,2026-06-10,final_oos,0.000158155137499,-0.0085642688041277,0.0001975906835243,7.269678243045259e-05,3.944636285607792e-05,-8.529312921918393,-9.529213432582317,-10.140568711219869,389,eligible_regular_session
2026-06-10,2026-06-11,final_oos,0.0001801792072789,-0.0110958768849828,0.000158155137499,0.00010011965362286763,4.594996107952989e-05,-8.751934123763954,-9.209144551026466,-9.987957556180785,389,eligible_regular_session
2026-06-11,2026-06-12,final_oos,0.0001052727012599,0.0129961953519334,0.0001801792072789,0.00013280993421113131,5.352384483338995e-05,-8.621558606357164,-8.926591517913044,-9.835383305535712,389,eligible_regular_session
2026-06-12,2026-06-15,final_oos,1.5373812552452657e-05,0.0030176587474997,0.0001052727012599,0.00014103910674695627,5.711340653600469e-05,-9.15895641972913,-8.866473353225995,-9.770471678388342,389,eligible_regular_session
2026-06-15,2026-06-16,final_oos,2.3075596374827335e-05,0.0026705789156662,1.5373812552452657e-05,0.00013131430842291053,5.701107111220477e-05,-11.082844979615068,-8.937916807551664,-9.772265078951255,389,eligible_regular_session
2026-06-16,2026-06-17,final_oos,0.0001241443859792,-0.0056938692062,2.3075596374827335e-05,9.6411290993016e-05,5.7163997031362705e-05,-10.676734932846397,-9.246887236722976,-9.769586280276664,389,eligible_regular_session
2026-06-17,2026-06-18,final_oos,3.978831584202902e-05,-0.0129397836852488,0.0001241443859792,8.9609140689056e-05,6.0743977230896326e-05,-8.994065266692626,-9.320053226567802,-9.708842620890493,389,eligible_regular_session
2026-06-18,2026-06-22,final_oos,3.521496710874352e-05,-0.0010304297590177,3.978831584202902e-05,6.15309624016818e-05,5.889314143378364e-05,-10.131937260582838,-9.695970056156206,-9.739785918335047,389,eligible_regular_session
2026-06-22,2026-06-23,final_oos,5.05943511267684e-05,-0.0053671795124634,3.521496710874352e-05,4.7519415571450506e-05,5.819394873985938e-05,-10.254039363780015,-9.9543721815661,-9.75172918217444,389,eligible_regular_session
2026-06-23,2026-06-24,final_oos,7.55667474495936e-05,0.0019282975742632,5.05943511267684e-05,5.456352328631366e-05,5.8143571434921987e-05,-9.89167062571372,-9.816144970151978,-9.752595236530945,389,eligible_regular_session
2026-06-24,2026-06-25,final_oos,0.0001038936167525,-0.0020915895488295,7.55667474495936e-05,6.50617535012669e-05,5.90982577614885e-05,-9.490494220090884,-9.64017368521853,-9.736309113487792,389,eligible_regular_session
2026-06-25,2026-06-26,final_oos,7.86153215524175e-05,-0.0081613325878284,0.0001038936167525,6.1011599655926906e-05,6.280212602812468e-05,-9.17214309819971,-9.704446553574876,-9.675521631112124,389,eligible_regular_session
2026-06-26,2026-06-29,final_oos,4.070472372269406e-05,0.0041145830570201,7.86153215524175e-05,6.87770007980046e-05,6.571004473756987e-05,-9.450943946833297,-9.584641159639254,-9.63025875622122,389,eligible_regular_session
2026-06-29,2026-06-30,final_oos,1.9293779277639017e-05,0.0062770020222524,4.070472372269406e-05,6.987495212079471e-05,6.648262312262277e-05,-10.10916641026774,-9.568803311701487,-9.618569950875663,389,eligible_regular_session
2026-06-30,2026-07-01,final_oos,2.074669399397396e-05,0.0070495795283176,1.9293779277639017e-05,6.361483775096883e-05,6.632306862275462e-05,-10.85572783122957,-9.66266381685673,-9.620972778262622,389,eligible_regular_session
2026-07-01,2026-07-02,final_oos,5.848962290838838e-05,0.0018815234519463,2.074669399397396e-05,5.265082705984491e-05,6.635170778693156e-05,-10.783123649572854,-9.851828610868639,-9.62054105845277,389,eligible_regular_session
2026-07-02,2026-07-06,final_oos,1.6461899945213132e-05,-0.0040319110345208,5.848962290838838e-05,4.357002829102258e-05,6.817711575364392e-05,-9.746661205642647,-10.041141068511687,-9.593401595557312,389,eligible_regular_session
2026-07-06,2026-07-07,final_oos,2.1746985229898507e-05,0.0027138248287119,1.6461899945213132e-05,3.1139343969581714e-05,6.859339967165926e-05,-11.014461941356412,-10.377038458910018,-9.58731424256021,389,eligible_regular_session
2026-07-07,2026-07-08,final_oos,3.7279203394687655e-05,-0.0034644371419538,2.1746985229898507e-05,2.73477962710226e-05,6.862549983952172e-05,-10.73603542015646,-10.506874607442354,-9.586846374525088,389,eligible_regular_session
2026-07-08,2026-07-09,final_oos,2.0626621489170093e-05,0.0030562088675679,3.7279203394687655e-05,3.0944881094432326e-05,6.955965434211744e-05,-10.197074936543435,-10.383302965261109,-9.57332583769529,389,eligible_regular_session
2026-07-09,2026-07-10,final_oos,3.228694588452551e-05,0.0069036579784898,2.0626621489170093e-05,3.092086659347155e-05,6.758237174704447e-05,-10.788928011177005,-10.38407930768206,-9.602163381895254,389,eligible_regular_session
2026-07-10,2026-07-13,final_oos,3.197996560330406e-05,0.0032102671410792,3.228694588452551e-05,2.5680331188698975e-05,6.614096909758285e-05,-10.34084756160904,-10.569785182469486,-9.623722198301719,389,eligible_regular_session
2026-07-13,2026-07-14,final_oos,2.7215700124847823e-05,-0.0056453662023522,3.197996560330406e-05,2.8783944320317165e-05,5.861320919208304e-05,-10.350400926128023,-10.455692815154954,-9.744550473948781,389,eligible_regular_session
2026-07-14,2026-07-15,final_oos,2.9200680115648124e-05,0.0015215120421292,2.7215700124847823e-05,2.987768729930703e-05,5.2661416584167034e-05,-10.511716540711864,-10.418398600316747,-9.85162750368506,389,eligible_regular_session
2026-07-15,2026-07-16,final_oos,3.075869504067432e-05,-2.7732638874579875e-05,2.9200680115648124e-05,2.826198264349912e-05,4.579875625856467e-05,-10.441318557329499,-10.473993025932451,-9.9912536231394,389,eligible_regular_session
2026-07-16,2026-07-17,final_oos,4.3623467413318024e-05,-0.0026945780828639,3.075869504067432e-05,3.0288397353799968e-05,4.24117559758726e-05,-10.389337838132006,-10.40474584440085,-10.068084970574905,389,eligible_regular_session
2026-07-17,2026-07-20,final_oos,3.188530418139223e-05,0.0013766917298496,4.3623467413318024e-05,3.255570165955847e-05,4.369583119682102e-05,-10.039915308985595,-10.332558038457229,-10.038257856366965,389,eligible_regular_session
2026-07-20,2026-07-21,final_oos,1.496937041034827e-05,-0.007692577214863,3.188530418139223e-05,3.2536769375176105e-05,4.4096272460755786e-05,-10.353365338289832,-10.333139742750069,-10.029135303783303,389,eligible_regular_session
2026-07-21,2026-07-22,final_oos,1.2640263159750143e-05,0.0029908868350376,1.496937041034827e-05,3.008750343227619e-05,3.913377175308071e-05,-11.10950441717411,-10.411400640778607,-10.1485247360708,389,eligible_regular_session
2026-07-22,2026-07-23,final_oos,4.563074490555475e-05,0.0009071457017728,1.2640263159750143e-05,2.6775420041096598e-05,3.789976935843167e-05,-11.278623349861801,-10.528026253944118,-10.180565531423918,389,eligible_regular_session
2026-07-23,2026-07-24,final_oos,4.33193768753293e-05,-0.0008298190188985,4.563074490555475e-05,2.9749830014072683e-05,3.837321380374127e-05,-9.994928838250154,-10.422687139801642,-10.16815089897105,389,eligible_regular_session
2026-07-24,2026-07-27,final_oos,4.7777626078920193e-05,-9.847239644571214e-05,4.33193768753293e-05,2.9689011906474938e-05,3.804253315594858e-05,-10.046910520160948,-10.42473355009017,-10.176805730602318,389,eligible_regular_session
2026-07-27,2026-07-28,final_oos,4.319007282549815e-05,-0.0077182380289547,4.7777626078920193e-05,3.286747628598053e-05,3.677939127546343e-05,-9.948953101710295,-10.323026951879509,-10.210572889347478,389,eligible_regular_session
2026-07-28,2026-07-29,final_oos,8.499849139088905e-05,0.0023454697376284,4.319007282549815e-05,3.851161676901051e-05,3.402013927878153e-05,-10.049899884827349,-10.16455062792315,-10.28855787697844,389,eligible_regular_session
2026-07-29,2026-07-30,final_oos,3.66773381731514e-05,-0.0128699704108697,8.499849139088905e-05,5.298326241523829e-05,3.431028336234842e-05,-9.372877049973942,-9.845534497774644,-10.280065442242902,389,eligible_regular_session
2026-07-30,2026-07-31,final_oos,4.9423437501291e-05,0.0068617800026489,3.66773381731514e-05,5.119258106875762e-05,3.412722038282375e-05,-10.213351482098261,-9.879915937418804,-10.285415240412528,389,eligible_regular_session
2026-07-31,2026-08-03,final_oos,1.266985803950287e-05,0.0021546604855881,4.9423437501291e-05,5.241339319394996e-05,3.549675030208066e-05,-9.915085802937083,-9.856348403991804,-10.246069406459478,389,eligible_regular_session
2026-08-03,2026-08-04,final_oos,1.805837533217209e-05,0.0107563693216763,1.266985803950287e-05,4.5391839586066495e-05,3.512962139505925e-05,-11.276284768153124,-10.000178213873301,-10.256465868998834,389,eligible_regular_session
2026-08-04,2026-08-05,final_oos,3.650540210018567e-05,0.0124760240670324,1.805837533217209e-05,4.036550008740128e-05,3.329183741432214e-05,-10.92190097348094,-10.117535096059857,-10.310198313718383,389,eligible_regular_session
2026-08-05,2026-08-06,final_oos,2.4329186220583655e-05,-0.0083256438823779,3.650540210018567e-05,3.06668822292606e-05,3.420290569409362e-05,-10.218050305582342,-10.392327240393028,-10.283199955689163,389,eligible_regular_session
2026-08-06,2026-08-07,final_oos,2.2932134303203768e-05,-0.0017633683990024,2.4329186220583655e-05,2.8197251838747055e-05,3.4320278466397493e-05,-10.623833849299798,-10.476286037295713,-10.279774169554658,389,eligible_regular_session
2026-08-07,2026-08-10,final_oos,1.1421226687867802e-05,0.0025446209743716,2.2932134303203768e-05,2.2898991199129613e-05,3.366813896223913e-05,-10.682971386350438,-10.684417700814173,-10.298958599195663,389,eligible_regular_session
2026-08-10,2026-08-11,final_oos,1.228311124913133e-05,-0.0003804181421508,1.1421226687867802e-05,2.2649264928802596e-05,3.32497119258163e-05,-11.380036943754822,-10.695383160036355,-10.311464454785167,389,eligible_regular_session
2026-08-11,2026-08-12,final_oos,1.3064245077679344e-05,-0.0046672436421678,1.228311124913133e-05,2.1494212112194445e-05,3.234044671511657e-05,-11.30728530828548,-10.74772686315656,-10.339191890827331,389,eligible_regular_session
2026-08-12,2026-08-13,final_oos,1.148503020424604e-05,-0.0018630899020927,1.3064245077679344e-05,1.6805980707693178e-05,3.148064123667908e-05,-11.2456314426987,-10.993775740400524,-10.366137764969446,389,eligible_regular_session
2026-08-13,2026-08-14,final_oos,7.786460023224854e-06,0.0043472490846715,1.148503020424604e-05,1.4237149504425656e-05,3.076561078574263e-05,-11.374466091940207,-11.15965584726919,-10.389113024702434,389,eligible_regular_session
2026-08-14,2026-08-17,final_oos,8.332502707011485e-06,-0.0022796981480732,7.786460023224854e-06,1.1208014648429874e-05,2.979223714517794e-05,-11.763124227137746,-11.398881441968442,-10.421262696872502,389,eligible_regular_session
2026-08-17,2026-08-18,final_oos,1.511586603136525e-05,-0.0053984208827184,8.332502707011485e-06,1.059026985225861e-05,2.8772864766375087e-05,-11.695346701890704,-11.455574916875936,-10.45607781057964,389,eligible_regular_session
2026-08-18,2026-08-19,final_oos,2.09433090291371e-05,-0.0014158218481797,1.511586603136525e-05,1.1156820808705395e-05,2.747706470355905e-05,-11.099765635220377,-11.403459515367269,-10.502158912051902,389,eligible_regular_session
2026-08-19,2026-08-20,final_oos,2.189484543799861e-05,-0.0019570796776935,2.09433090291371e-05,1.2732633598996944e-05,2.6979701287547453e-05,-10.773691340692316,-11.271342285488178,-10.520425778871328,389,eligible_regular_session
2026-08-20,2026-08-21,final_oos,1.1769117543387528e-05,-0.0048168266631812,2.189484543799861e-05,1.4814596645747459e-05,2.7294495606986108e-05,-10.729259316973161,-11.119897603381103,-10.508825502220363,389,eligible_regular_session
2026-08-21,2026-08-24,final_oos,1.476492632079449e-05,9.382647842235004e-05,1.1769117543387528e-05,1.5611128149779996e-05,2.7254898078969624e-05,-11.350031614576137,-11.067526555082306,-10.510277306990167,389,eligible_regular_session
2026-08-24,2026-08-25,final_oos,1.03454636882909e-05,-0.0001280491710566,1.476492632079449e-05,1.6897612872536596e-05,2.585190632511688e-05,-11.123256032906509,-10.988338196157752,-10.563126214076423,389,eligible_regular_session
2026-08-25,2026-08-26,final_oos,1.1809887862229252e-05,-0.0008282425973964,1.03454636882909e-05,1.5943532403921727e-05,2.435309208934241e-05,-11.478962425316851,-11.046457302884631,-10.622851731309012,389,eligible_regular_session
2026-08-26,2026-08-27,final_oos,2.258796625797357e-05,0.0011848674667187,1.1809887862229252e-05,1.4116848170540156e-05,2.271819489767464e-05,-11.346573422954252,-11.168141568199728,-10.692344417193928,389,eligible_regular_session
2026-08-27,2026-08-28,final_oos,3.261719843909167e-05,0.0031043814035576,2.258796625797357e-05,1.4255472334535147e-05,2.1781735508241704e-05,-10.698093259957988,-11.158369701491607,-10.734438760060028,389,eligible_regular_session
2026-08-28,2026-08-31,final_oos,1.5194529738049285e-05,-0.003658715919604,3.261719843909167e-05,1.8425088513675976e-05,1.940076764679637e-05,-10.330670849220851,-10.901797315901717,-10.850197923255347,389,eligible_regular_session
2026-08-31,2026-09-01,final_oos,1.6281261918829597e-05,-0.000879321054349,1.5194529738049285e-05,1.8511009197126936e-05,1.8424276354291727e-05,-11.094575080541079,-10.897144911140275,-10.901841395868212,389,eligible_regular_session
2026-09-01,2026-09-02,final_oos,1.4354371857793356e-05,0.0004704615130666,1.6281261918829597e-05,1.9698168843234675e-05,1.691781382781621e-05,-11.02549568695227,-10.834984878660714,-10.987143418527904,389,eligible_regular_session
2026-09-02,2026-09-03,final_oos,1.557788944296797e-05,0.0038103398176641,1.4354371857793356e-05,2.0207065642347496e-05,1.6994382637738504e-05,-11.15145600307812,-10.809478230442744,-10.982627701587301,389,eligible_regular_session
2026-09-03,2026-09-04,final_oos,9.530429455542964e-06,0.0059211065517823,1.557788944296797e-05,1.8805050279346374e-05,1.688163327913832e-05,-11.069657992489521,-10.881385092323328,-10.989284315234448,389,eligible_regular_session
2026-09-04,2026-09-08,final_oos,1.8738797576123506e-05,-0.002443302519314,9.530429455542964e-06,1.4187696482636634e-05,1.5655498158927285e-05,-11.561020777772784,-11.163135413822134,-11.064688382617302,389,eligible_regular_session
2026-09-08,2026-09-09,final_oos,1.4559499663164404e-05,-0.0046489882887556,1.8738797576123506e-05,1.4896550050251479e-05,1.5401389584179096e-05,-10.884914446706507,-11.114380912074022,-11.081052819876517,389,eligible_regular_session
2026-09-09,2026-09-10,final_oos,2.1637166013496783e-05,-0.0020887606285533,1.4559499663164404e-05,1.455219759911844e-05,1.5020815282359124e-05,-11.137266879579837,-11.137768538011725,-11.10607363331715,389,eligible_regular_session
2026-09-10,2026-09-11,final_oos,1.5539950611384648e-05,-0.0002001827991712,2.1637166013496783e-05,1.6008756430259125e-05,1.5485176160796808e-05,-10.741098073121375,-11.042374708534679,-11.075627368381872,389,eligible_regular_session
2026-09-11,2026-09-14,final_oos,1.7471975960060966e-05,-0.0003147568072553,1.5539950611384648e-05,1.6001168663942464e-05,1.56332143136265e-05,-11.0720963911904,-11.04284879689549,-11.066112784409993,389,eligible_regular_session
2026-09-14,2026-09-16,final_oos,4.386111339390941e-05,0.0029477670308733,1.7471975960060966e-05,1.758947796484606e-05,1.583356571737112e-05,-10.954912334314988,-10.94820967760597,-11.053378458812896,389,eligible_regular_session
2026-09-16,2026-09-17,final_oos,1.271822591950358e-05,-0.0069659755042742,4.386111339390941e-05,2.261394112840324e-05,1.730520586235582e-05,-10.034482430118677,-10.69694397777984,-10.96450318482777,389,eligible_regular_session
2026-09-17,2026-09-18,final_oos,1.144911119388194e-05,-0.0005354037484417,1.271822591950358e-05,2.2245686379671075e-05,1.7529377039459398e-05,-11.272474481516525,-10.713362438723935,-10.951632396487485,389,eligible_regular_session
